schedule_id,day_id
1,1
2,2
3,3
4,2
5,4
6,5
7,4
8,3
9,4
10,3
11,1
12,4
13,5
14,4
15,3
16,4
17,5
18,1
19,4
20,4
21,4
22,1
23,3
24,5
25,5
26,2
27,4
28,3
29,1
30,5
31,2
32,3
33,3
34,6
35,3
36,4
37,2
38,1
39,3
40,3
41,7
42,4
43,7
44,4
45,4
46,1
47,4
48,3
49,1
50,1
51,7
52,5
53,5
54,6
55,2
56,5
57,2
58,6
59,5
60,3
61,2
62,2
63,1
64,1
65,7
66,1
67,7
68,2
69,4
70,4
71,6
72,2
73,2
74,2
75,5
76,5
77,5
78,1
79,4
80,4
81,4
82,5
83,5
84,3
85,3
86,1
87,1
88,1
89,1
90,3
91,4
92,2
93,2
94,1
95,5
96,3
97,4
98,4
99,1
100,1
101,2
102,2
103,4
104,4
105,4
106,1
107,3
108,5
109,5
110,7
111,4
112,7
113,7
114,3
115,2
116,7
117,2
118,1
119,4
120,5
121,2
122,1
123,2
124,6
125,1
126,7
127,6
128,3
129,4
130,4
131,4
132,4
133,4
134,4
135,4
136,4
137,4
138,4
139,5
140,4
141,4
142,4
143,4
144,3
145,3
146,1
147,4
148,5
149,3
150,7
151,4
152,4
153,4
154,5
155,3
156,5
157,3
158,7
159,3
160,4
161,7
162,5
163,2
164,4
165,2
166,3
167,4
168,3
169,5
170,4
171,5
172,5
173,6
174,7
175,4
176,7
177,4
178,6
179,4
180,2
181,1
182,7
183,7
184,6
185,2
186,7
187,7
188,7
189,7
190,3
191,3
192,1
193,3
194,7
195,6
196,4
197,4
198,6
199,7
200,4
201,5
202,4
203,4
204,7
205,7
206,7
207,3
208,5
209,2
210,2
211,2
212,1
213,5
214,1
215,3
216,1
217,3
218,2
219,1
220,1
221,2
222,4
223,5
224,7
225,7
226,3
227,2
228,1
229,7
229,2
229,5
229,1
230,7
231,2
232,5
233,7
233,2
233,5
233,1
234,4
235,7
235,2
235,5
235,1
236,7
236,2
236,5
236,1
236,3
237,4
238,3
239,1
240,7
240,2
240,4
241,4
242,4
243,5
244,7
245,5
246,2
247,5
248,2
249,4
250,7
250,2
250,5
250,1
250,3
251,2
252,3
253,4
254,5
255,1
257,6
258,5
259,2
260,2
261,2
262,3
263,5
264,3
265,2
266,2
267,4
268,6
269,4
270,2
271,7
272,2
273,7
273,2
273,5
273,1
273,3
274,2
275,7
276,2
277,1
278,7
279,2
280,3
281,7
282,4
283,4
284,3
285,4
286,7
287,7
288,2
289,5
290,1
291,3
292,5
293,7
294,4
295,5
296,5
297,3
298,2
299,2
300,1
301,2
302,1
303,5
304,2
305,3
306,1
307,7
308,5
309,3
310,3
311,5
312,2
313,4
314,2
315,2
316,4
317,4
318,5
319,6
320,1
321,6
322,7
323,1
324,5
325,7
326,5
327,2
328,5
329,7
330,5
331,4
332,2
333,7
334,5
335,2
336,3
337,7
338,5
339,6
340,2
341,7
341,2
341,5
341,1
342,5
343,1
344,2
345,4
346,1
347,7
348,5
349,1
350,1
351,7
352,5
353,1
354,1
355,3
356,5
357,1
358,4
359,5
360,2
361,4
362,4
363,5
364,7
364,2
364,5
364,1
364,3
365,7
365,2
365,5
365,1
366,2
367,1
368,7
369,4
370,7
371,2
372,5
373,4
374,4
375,6
376,1
377,3
378,3
379,5
380,5
381,1
382,2
383,4
384,5
385,7
386,3
387,5
388,6
389,7
389,2
389,5
389,1
389,3
389,6
389,4
390,5
391,7
392,7
393,5
394,1
395,7
396,3
397,1
398,4
399,7
399,2
399,5
399,1
399,3
400,7
400,2
400,5
400,1
400,3
401,2
402,5
403,3
404,5
405,1
406,3
407,2
408,7
409,3
410,4
411,6
412,3
413,7
414,6
415,5
416,7
417,4
418,1
419,6
420,3
421,5
422,5
423,2
424,3
425,4
426,5
427,3
428,7
429,1
430,6
431,7
432,6
433,7
434,6
435,4
436,4
438,3
439,6
440,4
441,4
442,7
442,2
442,4
443,6
444,5
445,5
446,7
446,2
446,5
446,1
446,3
447,2
448,3
449,7
450,5
451,6
452,3
453,4
454,3
455,3
456,3
457,1
458,6
459,3
460,7
461,5
462,5
463,2
464,1
465,6
466,5
467,4
468,7
469,7
470,5
471,7
473,6
474,6
475,4
476,4
477,7
478,5
479,5
480,7
481,1
482,2
483,3
484,4
485,7
486,5
487,2
488,5
489,7
490,4
491,4
492,4
493,2
494,2
495,1
496,4
498,3
499,1
500,1
501,5
502,6
503,5
504,4
505,3
506,1
507,7
508,3
509,1
510,2
511,7
512,3
513,3
514,2
515,1
516,1
517,7
518,1
519,4
520,4
521,7
522,1
523,3
524,6
525,5
526,7
527,6
528,4
529,5
530,4
531,1
532,3
533,5
534,4
535,3
536,7
537,2
539,7
540,4
541,7
541,3
542,3
543,1
545,7
546,7
547,4
548,3
549,3
550,7
551,3
552,1
553,4
554,1
556,1
557,3
558,4
559,6
560,7
561,6
562,6
563,4
564,7
565,7
565,2
568,7
569,7
570,7
571,7
572,4
573,1
574,4
575,3
576,5
577,7
578,3
579,7
579,2
579,4
580,2
581,1
582,7
583,2
584,4
585,1
586,2
587,1
588,5
589,2
590,4
591,1
592,5
593,5
594,1
595,7
596,3
597,1
598,5
599,7
599,2
599,5
600,2
601,1
602,2
603,4
604,7
604,4
605,6
606,1
607,7
608,2
609,1
610,2
611,2
612,7
612,4
613,2
614,2
615,5
616,5
617,7
618,2
619,7
620,3
621,3
622,1
623,1
624,2
625,2
626,7
627,7
628,4
629,1
630,4
631,4
632,2
632,5
632,1
632,3
633,4
634,7
635,2
636,5
637,1
638,4
639,4
640,1
641,5
642,3
643,6
644,3
645,3
646,5
647,2
648,7
649,1
650,2
651,1
652,2
653,7
653,2
653,5
653,1
653,3
654,3
655,4
656,1
657,6
658,6
658,4
659,7
659,2
659,5
659,1
659,3
660,2
661,7
662,3
663,2
664,7
665,6
666,3
667,5
668,3
669,3
670,6
671,4
672,3
673,3
674,3
675,7
675,2
675,5
675,1
675,4
676,3
677,7
678,1
679,6
680,6
681,7
681,2
681,5
681,1
681,3
681,6
681,4
682,6
683,2
684,6
685,5
686,4
687,3
688,7
689,4
690,4
691,6
692,2
693,7
694,1
695,2
696,7
697,4
699,1
700,2
701,4
702,4
703,3
704,2
705,3
706,4
707,3
708,3
709,6
710,6
711,7
712,4
714,4
715,4
716,1
717,7
718,6
720,7
721,4
722,2
723,5
724,4
725,4
726,7
727,1
728,3
729,4
730,4
731,1
732,5
733,7
734,2
735,4
736,3
737,7
738,6
739,2
740,5
741,7
741,2
741,5
741,1
742,7
742,2
742,5
742,1
743,6
744,2
745,5
746,5
747,3
748,7
749,7
750,1
751,7
752,3
753,3
754,2
755,7
755,2
755,5
755,1
755,3
757,6
758,4
759,3
760,5
761,7
761,2
761,5
761,1
761,3
762,2
763,2
764,2
765,7
766,4
767,5
768,3
769,4
770,7
771,1
772,4
773,5
774,6
775,2
776,1
777,7
778,3
779,7
780,1
781,3
782,1
783,3
784,7
784,2
784,5
784,1
785,7
786,4
787,2
788,4
790,7
790,4
791,5
792,5
793,1
794,7
795,6
796,7
796,2
796,5
796,1
796,3
796,6
796,4
797,2
798,4
799,4
800,5
801,4
802,4
804,7
805,6
806,5
807,7
808,3
810,2
811,3
813,7
814,1
815,3
816,2
817,1
818,2
819,3
820,2
821,6
822,2
823,2
824,4
825,4
826,7
827,3
828,6
829,2
830,1
831,5
832,5
833,7
834,2
835,3
836,6
837,3
838,7
838,2
838,5
838,1
838,3
839,4
840,2
841,3
842,2
843,4
844,7
844,2
844,5
844,1
844,3
845,4
846,6
847,7
848,7
848,2
848,6
848,4
849,4
850,4
851,1
852,7
853,7
854,2
855,7
857,7
857,5
857,1
858,2
860,6
861,6
862,2
863,2
864,4
865,5
866,4
867,4
868,5
868,1
869,2
870,7
871,4
872,2
873,1
874,7
874,2
874,5
874,1
874,3
875,1
876,5
877,7
878,1
879,4
880,6
881,4
882,7
883,3
884,5
885,7
885,2
886,3
887,5
888,4
889,4
890,6
891,2
892,7
893,2
894,3
895,5
896,4
897,3
898,5
899,7
900,2
901,6
902,4
903,7
904,2
905,1
906,7
907,4
908,2
909,7
909,2
910,6
911,4
912,2
913,4
914,1
915,3
916,6
917,1
918,1
919,7
920,6
921,7
921,2
921,5
921,1
921,3
922,3
923,5
924,1
925,2
927,7
928,5
929,1
930,2
931,2
932,4
933,6
934,5
935,2
936,2
938,4
939,4
940,3
941,4
942,5
943,1
945,6
946,6
947,2
948,5
949,7
950,3
951,5
952,1
953,3
954,7
954,2
955,5
956,5
957,3
958,2
958,1
958,6
959,2
960,7
960,4
961,2
962,2
963,5
964,4
966,1
967,7
969,7
970,7
971,5
972,6
973,3
974,4
975,3
976,2
977,7
978,4
979,5
980,4
981,4
982,4
983,2
984,1
985,4
986,6
987,2
988,3
989,4
990,7
991,4
992,3
993,4
994,4
995,5
996,2
997,1
998,1
999,3
1000,4
1001,3
1002,1
1003,1
1004,7
1005,4
1006,1
1007,7
1008,2
1009,7
1010,7
1010,2
1010,4
1011,2
1012,6
1013,2
1014,4
1016,2
1017,7
1018,1
1020,5
1021,5
1022,1
1023,2
1024,1
1024,3
1024,6
1025,5
1026,4
1027,4
1029,6
1030,4
1031,5
1032,7
1032,2
1032,5
1033,5
1034,7
1035,5
1036,6
1037,2
1040,7
1041,3
1042,5
1043,7
1044,4
1045,3
1046,5
1047,6
1048,3
1049,3
1050,4
1051,3
1052,7
1053,7
1054,6
1055,7
1056,7
1056,4
1057,1
1058,3
1059,6
1060,3
1061,7
1062,3
1063,7
1064,1
1065,2
1066,4
1067,5
1068,7
1068,2
1068,5
1068,1
1068,3
1068,6
1070,1
1071,3
1072,1
1073,1
1074,6
1075,2
1076,6
1077,7
1078,5
1079,1
1080,4
1081,7
1081,2
1081,4
1082,7
1083,7
1084,7
1085,3
1086,4
1087,4
1088,5
1089,3
1090,5
1091,7
1092,7
1093,1
1094,7
1095,5
1096,1
1097,2
1098,5
1099,1
1100,4
1101,4
1102,5
1103,6
1104,6
1105,6
1106,6
1107,2
1108,6
1109,4
1110,3
1111,3
1112,3
1114,3
1115,7
1116,4
1117,4
1118,4
1119,3
1120,4
1121,4
1122,2
1123,7
1124,2
1125,2
1127,1
1128,4
1129,4
1130,2
1131,4
1132,5
1133,7
1134,1
1135,4
1136,3
1137,4
1138,4
1139,5
1140,4
1141,7
1141,5
1141,4
1142,4
1143,4
1144,4
1145,4
1146,2
1147,1
1148,4
1149,3
1150,7
1151,4
1152,7
1153,4
1154,7
1154,2
1154,5
1154,1
1154,3
1155,1
1156,4
1157,2
1158,2
1159,2
1160,5
1161,5
1162,2
1163,3
1164,7
1165,3
1166,3
1167,2
1168,6
1169,7
1169,2
1169,5
1169,1
1169,3
1170,1
1171,6
1171,4
1172,1
1173,1
1174,7
1175,2
1177,6
1178,7
1178,2
1178,5
1178,1
1178,3
1179,5
1180,5
1181,4
1182,4
1183,4
1184,1
1185,4
1186,4
1187,1
1188,5
1189,4
1190,4
1191,5
1192,4
1193,7
1194,5
1195,4
1196,7
1197,2
1198,5
1199,1
1200,7
1201,1
1202,5
1203,1
1204,7
1205,7
1206,5
1207,4
1208,4
1209,7
1209,2
1209,5
1209,1
1209,3
1210,1
1211,3
1212,7
1213,3
1214,3
1215,3
1216,5
1217,4
1218,7
1219,2
1220,1
1221,3
1222,1
1223,2
1224,5
1225,7
1226,6
1227,2
1228,3
1230,5
1231,2
1232,4
1233,5
1234,2
1235,6
1236,3
1237,3
1238,7
1239,2
1240,5
1241,2
1241,5
1242,5
1243,3
1244,2
1245,3
1246,2
1247,1
1248,4
1249,5
1253,7
1254,1
1255,2
1256,2
1257,4
1258,2
1259,2
1260,1
1261,5
1262,5
1263,2
1264,5
1265,5
1266,2
1267,5
1269,5
1270,1
1271,2
1272,5
1273,1
1274,4
1275,6
1276,4
1277,4
1278,1
1280,6
1281,1
1283,1
1284,7
1285,3
1287,4
1288,7
1288,2
1288,5
1288,1
1289,7
1289,2
1289,5
1289,1
1290,4
1291,2
1292,5
1293,1
1294,1
1295,1
1296,3
1297,3
1298,3
1299,2
1300,3
1301,4
1302,3
1303,5
1304,1
1305,7
1305,2
1305,5
1305,1
1305,3
1305,6
1305,4
1306,3
1307,7
1308,2
1309,4
1310,1
1311,7
1312,1
1313,3
1314,6
1315,5
1316,3
1317,2
1318,2
1319,7
1319,2
1319,5
1319,1
1319,3
1320,5
1322,7
1322,2
1323,5
1323,1
1324,3
1325,7
1326,5
1327,4
1328,1
1329,7
1329,2
1329,5
1329,1
1329,3
1329,6
1329,4
1330,5
1331,3
1332,1
1333,1
1333,3
1334,1
1335,6
1336,7
1337,1
1338,4
1339,3
1340,3
1341,7
1342,2
1343,2
1344,4
1345,7
1346,5
1346,1
1346,4
1347,5
1348,5
1349,1
1350,5
1351,1
1352,2
1353,2
1354,3
1355,5
1356,3
1357,2
1358,6
1359,5
1360,6
1361,3
1362,7
1362,2
1362,5
1362,3
1362,6
1363,3
1364,2
1365,4
1366,5
1367,6
1368,5
1369,7
1369,1
1369,3
1370,3
1371,5
1372,6
1373,2
1374,2
1375,5
1376,7
1376,2
1376,5
1376,4
1377,6
1378,2
1379,2
1380,5
1381,1
1382,3
1383,5
1384,1
1385,2
1386,3
1387,5
1388,4
1389,4
1390,3
1391,7
1392,5
1393,5
1394,1
1395,7
1395,2
1395,5
1395,1
1395,3
1395,6
1395,4
1396,2
1396,5
1396,4
1397,7
1397,2
1397,5
1397,1
1397,3
1397,6
1397,4
1398,5
1399,5
1400,7
1401,3
1402,7
1403,2
1404,6
1405,3
1406,1
1407,1
1408,6
1409,1
1410,1
1411,5
1412,3
1413,5
1414,3
1415,5
1417,3
1418,3
1419,7
1419,2
1419,5
1419,1
1420,6
1421,4
1422,1
1423,7
1424,4
1425,2
1426,7
1427,7
1428,4
1429,7
1430,7
1431,7
1432,1
1434,2
1435,5
1436,2
1437,1
1438,5
1439,6
1440,7
1441,5
1442,5
1445,5
1446,5
1447,1
1448,7
1449,3
1450,4
1451,2
1452,7
1453,7
1455,3
1456,6
1457,4
1458,2
1459,4
1460,1
1461,4
1462,2
1463,7
1464,3
1465,1
1466,6
1467,4
1468,4
1469,3
1470,6
1471,5
1472,6
1473,4
1474,2
1475,1
1476,5
1477,4
1478,6
1479,6
1480,5
1481,7
1482,7
1483,7
1483,2
1483,5
1483,1
1483,3
1484,1
1485,4
1486,2
1488,5
1489,7
1490,2
1491,6
1492,2
1493,7
1494,2
1495,6
1496,7
1496,2
1496,5
1496,1
1497,7
1497,4
1498,5
1499,5
1500,2
1501,1
1502,7
1503,1
1503,3
1503,6
1504,4
1505,1
1506,1
1507,4
1508,4
1510,6
1511,6
1512,3
1513,5
1514,7
1515,2
1516,2
1518,1
1519,1
1520,3
1521,2
1522,6
1523,3
1524,1
1525,3
1526,6
1527,3
1528,1
1529,5
1530,6
1531,1
1532,6
1533,3
1534,3
1535,2
1536,6
1537,4
1538,4
1539,7
1539,2
1539,5
1539,1
1539,3
1539,6
1539,4
1540,2
1541,2
1542,5
1543,3
1544,6
1545,6
1546,7
1547,7
1547,3
1548,4
1549,2
1550,6
1551,7
1552,7
1553,7
1554,5
1555,1
1556,7
1556,5
1556,1
1557,4
1558,4
1559,2
1559,5
1560,1
1561,2
1562,7
1563,2
1564,2
1564,5
1565,2
1566,2
1567,7
1567,2
1567,5
1567,1
1567,3
1568,5
1569,1
1570,4
1571,3
1573,7
1573,2
1573,5
1574,4
1575,5
1576,4
1577,5
1578,4
1579,5
1580,5
1581,5
1582,5
1584,1
1585,1
1586,3
1587,4
1588,4
1589,1
1590,4
1591,2
1592,3
1593,2
1594,7
1594,2
1594,5
1594,1
1594,3
1595,5
1596,1
1597,7
1598,6
1599,6
1600,6
1601,3
1602,1
1603,7
1603,2
1603,5
1604,1
1605,5
1606,5
1607,7
1607,2
1607,5
1607,1
1607,3
1608,4
1609,4
1610,5
1611,6
1612,7
1613,1
1614,4
1615,2
1616,1
1617,4
1618,1
1619,7
1620,2
1621,3
1622,6
1623,4
1625,2
1627,7
1627,2
1627,5
1627,1
1627,3
1628,5
1629,4
1630,7
1630,5
1630,1
1630,4
1631,7
1631,1
1631,4
1632,7
1633,3
1634,3
1635,5
1636,7
1636,2
1636,5
1637,7
1638,1
1639,2
1640,4
1641,4
1642,2
1643,3
1644,3
1645,1
1646,4
1647,1
1648,5
1649,4
1650,4
1651,4
1652,5
1653,2
1654,5
1655,4
1656,5
1657,3
1658,3
1659,2
1660,3
1661,2
1662,4
1663,4
1664,4
1665,3
1666,4
1667,2
1669,2
1670,5
1671,2
1672,1
1673,4
1674,7
1674,2
1674,5
1674,1
1674,3
1675,7
1675,2
1675,5
1675,4
1676,2
1677,2
1678,5
1678,6
1679,1
1680,1
1681,7
1682,4
1683,7
1684,5
1685,1
1686,5
1686,1
1686,3
1687,7
1687,2
1687,5
1687,1
1687,3
1687,6
1687,4
1688,2
1689,5
1690,5
1691,7
1692,4
1693,1
1694,7
1695,6
1696,7
1697,2
1698,2
1699,5
1700,1
1701,3
1702,7
1703,3
1704,3
1705,5
1706,2
1707,4
1708,3
1709,7
1710,5
1711,2
1712,7
1713,7
1714,6
1715,3
1716,1
1717,4
1718,5
1719,1
1720,4
1721,6
1722,7
1723,4
1724,4
1725,7
1726,1
1727,2
1728,3
1729,4
1730,6
1731,7
1732,1
1733,6
1734,6
1735,3
1736,2
1737,4
1738,6
1739,6
1740,1
1741,2
1742,4
1743,4
1744,1
1745,6
1746,3
1747,5
1748,6
1749,3
1750,5
1751,4
1752,1
1753,5
1754,1
1755,1
1756,3
1757,5
1758,7
1758,2
1758,5
1758,1
1758,3
1758,6
1758,4
1759,6
1761,5
1762,6
1763,6
1764,7
1765,1
1766,6
1767,6
1768,1
1769,3
1770,6
1771,1
1772,1
1773,7
1774,1
1775,7
1776,6
1777,3
1778,3
1779,6
1780,4
1781,7
1782,2
1783,4
1784,2
1785,1
1786,3
1787,1
1788,7
1789,5
1790,7
1791,1
1792,5
1793,4
1794,5
1795,2
1796,2
1797,4
1798,2
1799,1
1800,5
1801,1
1802,1
1803,1
1804,5
1805,5
1806,1
1807,1
1808,1
1809,1
1810,1
1811,1
1812,3
1813,7
1814,5
1815,5
1816,2
1817,2
1818,3
1819,1
1820,5
1821,7
1822,1
1823,6
1824,7
1825,4
1826,1
1828,7
1829,4
1830,1
1831,3
1832,2
1833,4
1834,2
1835,3
1836,4
1837,4
1839,7
1840,5
1842,1
1843,2
1844,7
1845,3
1846,6
1847,7
1848,6
1849,4
1850,4
1851,2
1852,6
1853,2
1854,5
1855,6
1856,6
1857,3
1858,7
1859,5
1860,4
1861,5
1862,3
1863,5
1864,2
1865,4
1866,2
1867,5
1867,1
1868,6
1868,4
1869,6
1870,6
1871,6
1872,4
1873,4
1874,7
1875,4
1876,6
1877,5
1878,3
1879,4
1880,4
1881,1
1882,5
1883,3
1884,7
1885,4
1886,5
1887,3
1888,2
1889,4
1890,2
1891,7
1892,4
1893,1
1894,3
1895,7
1896,7
1897,2
1898,4
1899,2
1900,4
1901,5
1902,4
1903,5
1904,4
1905,3
1906,7
1906,4
1907,5
1908,5
1909,6
1910,5
1911,5
1912,6
1913,7
1913,4
1914,3
1915,5
1916,4
1917,2
1918,7
1919,3
1920,4
1921,7
1922,3
1923,4
1924,2
1925,7
1926,4
1927,4
1928,7
1928,2
1928,5
1928,1
1928,3
1929,2
1930,7
1931,7
1932,1
1933,5
1934,2
1935,3
1936,7
1937,6
1938,4
1939,4
1940,7
1941,7
1941,2
1941,5
1941,1
1941,3
1942,1
1943,7
1943,2
1943,5
1943,1
1943,3
1944,3
1945,2
1946,7
1946,2
1946,5
1946,1
1946,3
1947,1
1948,6
1949,7
1950,4
1951,5
1952,5
1953,7
1954,1
1955,4
1956,3
1957,7
1958,4
1959,1
1960,2
1961,5
1962,2
1963,1
1964,5
1965,1
1966,5
1967,6
1968,3
1969,2
1970,7
1971,7
1972,1
1973,7
1974,7
1975,6
1976,7
1976,2
1976,5
1976,1
1976,3
1977,7
1977,2
1977,5
1977,1
1977,3
1978,4
1979,3
1980,2
1981,1
1982,7
1982,2
1982,5
1982,1
1982,3
1983,7
1983,2
1983,5
1983,1
1983,3
1984,4
1985,7
1986,1
1987,4
1988,7
1989,4
1990,4
1991,3
1992,2
1994,1
1995,3
1996,2
1997,3
1998,2
1999,2
2000,4
2001,4
2002,4
2003,5
2004,4
2005,4
2006,3
2007,5
2008,7
2009,1
2010,7
2011,4
2012,7
2013,2
2014,4
2015,2
2016,5
2017,5
2018,2
2019,1
2020,3
2021,5
2022,2
2023,1
2024,7
2025,5
2026,5
2027,5
2028,5
2029,5
2030,6
2031,1
2032,5
2033,5
2034,1
2035,3
2036,7
2037,1
2038,1
2039,2
2040,2
2041,4
2042,3
2043,7
2044,5
2045,6
2046,6
2047,4
2048,6
2049,5
2050,2
2051,4
2052,4
2053,7
2053,4
2054,4
2055,7
2055,2
2055,5
2055,1
2055,3
2056,3
2057,4
2058,6
2059,4
2060,3
2061,4
2062,5
2063,7
2064,6
2065,7
2066,7
2067,1
2068,7
2069,7
2069,2
2070,2
2070,4
2071,7
2072,6
2073,3
2074,7
2074,1
2074,4
2075,2
2076,2
2077,7
2077,2
2077,5
2077,1
2077,3
2078,1
2079,1
2080,4
2081,1
2082,6
2083,2
2084,1
2085,2
2086,1
2087,3
2088,4
2089,6
2090,3
2091,7
2092,7
2092,2
2092,5
2092,1
2093,1
2094,4
2095,3
2096,3
2097,3
2098,1
2099,5
2100,5
2101,3
2102,3
2103,3
2104,4
2106,6
2107,6
2108,6
2109,7
2110,7
2111,7
2112,4
2113,4
2114,6
2115,6
2116,6
2117,6
2118,6
2119,4
2120,5
2121,5
2122,1
2122,3
2123,4
2124,4
2125,7
2126,2
2127,7
2127,2
2127,5
2127,3
2128,2
2129,2
2131,4
2132,4
2133,7
2133,2
2133,5
2133,1
2133,3
2134,3
2135,7
2135,2
2135,5
2135,1
2135,3
2136,5
2137,1
2138,6
2139,7
2140,4
2141,1
2142,2
2143,2
2144,2
2145,5
2146,3
2147,3
2148,7
2149,5
2150,7
2151,5
2152,7
2153,5
2155,7
2155,2
2155,5
2155,1
2155,3
2156,2
2157,1
2158,1
2159,4
2160,5
2161,4
2162,4
2163,3
2164,7
2165,3
2166,1
2167,6
2168,2
2169,1
2170,3
2171,1
2172,4
2173,1
2174,3
2175,2
2176,5
2177,7
2177,2
2177,5
2177,1
2178,3
2179,3
2180,5
2181,6
2182,6
2183,6
2184,6
2185,4
2186,7
2187,7
2188,6
2189,6
2190,6
2191,4
2192,4
2193,3
2194,4
2195,4
2196,1
2197,4
2198,2
2199,6
2199,4
2200,7
2201,6
2202,4
2203,4
2204,2
2205,1
2206,6
2207,7
2208,6
2209,2
2210,3
2211,6
2212,7
2214,3
2215,7
2216,5
2217,5
2218,4
2219,4
2220,4
2221,5
2222,2
2222,5
2223,2
2224,1
2225,2
2226,4
2227,4
2228,1
2229,5
2230,2
2231,4
2232,7
2233,1
2234,5
2235,5
2236,2
2237,5
2238,3
2239,6
2240,4
2241,4
2242,4
2244,5
2245,5
2246,5
2247,2
2248,2
2249,1
2250,5
2251,3
2252,7
2253,7
2253,2
2253,5
2253,1
2254,5
2255,1
2256,3
2257,1
2258,1
2259,1
2260,1
2261,3
2262,2
2263,3
2264,1
2265,3
2266,3
2267,5
2268,3
2269,6
2270,6
2271,3
2272,4
2273,4
2274,4
2275,6
2277,6
2278,4
2280,3
2281,2
2282,7
2283,7
2284,7
2285,3
2286,4
2287,4
2288,7
2288,2
2288,5
2288,1
2289,4
2290,2
2291,4
2292,6
2292,4
2293,7
2294,7
2294,2
2294,5
2294,1
2294,3
2295,2
2296,7
2297,5
2298,2
2299,1
2300,7
2301,4
2302,6
2303,1
2304,6
2305,7
2305,2
2305,5
2305,1
2305,3
2306,3
2307,5
2308,4
2309,6
2310,5
2311,4
2312,7
2313,4
2314,2
2315,1
2316,1
2317,1
2318,1
2319,1
2320,7
2321,5
2322,4
2323,5
2324,4
2325,4
2326,3
2328,3
2329,6
2330,3
2331,2
2332,1
2334,4
2335,4
2336,7
2337,7
2338,5
2339,1
2340,2
2341,6
2342,5
2343,1
2344,7
2345,1
2346,7
2347,3
2348,1
2349,4
2350,4
2351,4
2352,7
2352,2
2352,5
2352,1
2353,7
2354,4
2355,7
2356,2
2357,3
2358,5
2359,5
2360,4
2361,5
2362,5
2363,1
2364,7
2365,5
2366,5
2367,1
2368,1
2369,1
2370,4
2371,4
2372,1
2373,2
2374,1
2375,5
2376,2
2377,2
2378,3
2379,6
2380,6
2381,6
2382,5
2383,5
2384,4
2385,4
2386,1
2387,4
2388,1
2389,2
2390,4
2391,7
2391,2
2391,5
2391,1
2392,7
2393,1
2394,6
2395,2
2396,2
2397,4
2398,6
2399,4
2400,1
2401,2
2402,2
2403,2
2404,2
2405,4
2406,2
2407,7
2408,5
2409,5
2410,1
2411,1
2412,2
2413,1
2414,3
2415,6
2415,4
2416,4
2417,6
2417,4
2418,6
2418,4
2419,3
2420,6
2421,4
2422,4
2423,4
2424,4
2425,4
2426,2
2427,7
2428,7
2429,5
2429,6
2429,4
2430,2
2431,4
2432,2
2433,1
2434,3
2435,7
2435,2
2435,5
2435,1
2435,3
2436,5
2437,5
2438,5
2439,5
2440,1
2441,1
2442,5
2443,4
2444,7
2445,7
2446,1
2447,5
2448,1
2449,2
2450,5
2452,5
2453,2
2454,4
2455,2
2456,7
2457,5
2457,1
2458,3
2459,4
2460,6
2461,4
2462,4
2463,5
2464,7
2465,1
2466,5
2467,4
2468,7
2469,5
2470,1
2471,3
2472,2
2473,5
2474,7
2474,2
2474,5
2474,1
2475,5
2476,4
2477,4
2478,7
2478,2
2479,3
2480,3
2481,3
2482,6
2482,4
2483,5
2483,1
2484,6
2485,6
2486,5
2487,4
2488,7
2489,4
2490,2
2491,1
2492,4
2493,5
2494,3
2494,6
2495,1
2496,7
2497,7
2498,1
2499,4
2500,1
2501,4
2502,4
2503,7
2504,5
2506,2
2507,6
2508,2
2509,2
2510,2
2511,4
2512,5
2513,4
2514,4
2515,7
2515,2
2515,5
2515,1
2515,3
2516,5
2517,2
2517,5
2517,1
2517,3
2518,7
2519,6
2519,4
2520,7
2521,7
2522,6
2523,7
2523,2
2523,5
2523,1
2523,3
2524,2
2525,2
2526,2
2527,5
2527,1
2528,7
2528,2
2529,7
2529,2
2530,5
2530,1
2531,5
2532,7
2533,1
2534,7
2534,2
2534,5
2534,1
2535,7
2535,2
2535,5
2535,1
2535,3
2536,7
2536,2
2536,5
2536,1
2536,3
2537,4
2538,5
2538,1
2539,7
2539,2
2539,5
2539,1
2540,7
2540,2
2540,5
2540,1
2540,4
2541,5
2542,5
2543,5
2544,3
2545,4
2546,1
2547,4
2548,5
2549,3
2550,2
2551,4
2552,4
2553,4
2554,5
2554,1
2555,6
2556,5
2557,4
2558,1
2559,6
2561,1
2562,7
2563,4
2564,7
2564,2
2564,5
2564,1
2564,3
2564,6
2564,4
2565,7
2565,2
2565,5
2565,1
2566,7
2566,2
2566,5
2566,1
2566,3
2566,6
2566,4
2567,6
2567,4
2568,4
2569,1
2570,4
2571,4
2572,7
2572,2
2573,4
2574,7
2575,7
2575,2
2575,5
2575,1
2575,3
2576,7
2577,7
2578,2
2579,7
2579,2
2579,5
2579,1
2579,3
2580,6
2581,5
2582,4
2583,7
2584,4
2585,4
2586,7
2587,3
2588,2
2589,4
2590,2
2591,7
2592,7
2593,4
2594,4
2595,2
2597,4
2598,7
2599,7
2599,2
2599,5
2599,1
2599,3
2599,6
2599,4
2600,7
2601,2
2602,2
2603,7
2604,7
2605,7
2605,2
2605,5
2605,1
2605,3
2605,6
2605,4
2606,3
2607,5
2608,3
2609,6
2610,3
2611,4
2612,5
2613,6
2614,4
2615,4
2616,5
2617,5
2618,2
2619,2
2620,5
2621,2
2622,4
2623,4
2624,1
2625,6
2626,1
2627,7
2627,2
2627,5
2628,7
2629,3
2630,6
2631,6
2632,3
2633,3
2634,3
2635,1
2636,7
2637,6
2638,6
2639,5
2640,4
2641,2
2642,3
2643,7
2644,1
2645,3
2646,1
2647,3
2648,1
2649,1
2650,1
2651,3
2652,2
2653,1
2654,6
2655,6
2656,2
2657,2
2658,2
2659,3
2660,5
2661,2
2662,7
2663,1
2664,3
2665,6
2667,3
2667,6
2668,4
2669,6
2670,1
2671,7
2672,7
2673,4
2674,4
2675,4
2676,4
2677,2
2678,4
2679,4
2680,5
2681,6
2682,5
2683,1
2684,1
2685,5
2686,3
2687,3
2688,5
2689,5
2690,7
2691,7
2692,2
2693,5
2694,3
2695,2
2696,5
2696,1
2697,2
2698,2
2699,7
2700,2
2701,7
2702,5
2703,5
2704,7
2705,5
2706,5
2707,6
2707,4
2708,4
2709,4
2710,5
2711,2
2712,1
2713,7
2714,7
2715,1
2715,3
2716,3
2717,3
2718,3
2719,3
2719,6
2720,2
2721,3
2722,5
2723,2
2724,2
2725,7
2726,3
2727,1
2728,6
2729,3
2730,6
2731,3
2732,6
2733,6
2734,7
2735,7
2736,7
2737,6
2738,7
2739,7
2740,3
2741,2
2741,5
2742,1
2743,7
2744,1
2745,2
2746,2
2747,4
2748,6
2749,4
2750,5
2751,7
2752,4
2753,5
2754,5
2755,2
2756,2
2757,2
2758,7
2759,1
2760,1
2761,1
2762,5
2763,2
2764,1
2765,2
2766,2
2767,2
2768,2
2769,5
2770,2
2771,2
2772,1
2773,2
2774,4
2775,2
2776,1
2777,4
2778,6
2779,6
2780,7
2781,5
2782,1
2783,3
2784,1
2785,4
2786,4
2787,6
2788,4
2789,5
2790,5
2791,2
2792,5
2793,1
2794,7
2795,1
2796,7
2797,4
2798,1
2799,3
2800,4
2801,4
2802,2
2803,4
2804,2
2805,5
2806,4
2807,2
2808,5
2809,5
2810,1
2811,3
2812,4
2813,2
2814,5
2815,7
2816,3
2817,2
2818,5
2819,2
2820,7
2820,2
2820,5
2820,4
2821,7
2822,2
2823,7
2824,4
2825,2
2826,7
2826,4
2827,5
2827,1
2828,6
2829,1
2830,7
2830,2
2831,5
2832,5
2832,1
2833,7
2833,2
2834,5
2835,6
2836,5
2836,1
2837,6
2837,4
2838,5
2838,1
2839,2
2840,4
2841,2
2842,6
2843,2
2844,5
2845,2
2846,3
2847,3
2848,7
2849,4
2850,7
2850,2
2850,5
2850,1
2850,3
2851,7
2851,2
2851,5
2851,1
2851,3
2852,5
2852,1
2853,6
2853,4
2854,7
2854,2
2855,5
2855,1
2856,7
2856,2
2856,5
2856,1
2856,3
2857,3
2858,3
2859,4
2860,1
2861,5
2862,2
2863,2
2864,7
2865,5
2866,2
2867,1
2868,7
2869,4
2870,2
2871,5
2872,7
2873,4
2874,1
2875,5
2876,6
2877,2
2878,2
2879,4
2880,1
2881,5
2882,3
2883,7
2884,5
2884,1
2885,7
2885,2
2886,6
2887,7
2887,2
2887,5
2887,1
2887,3
2888,7
2888,2
2888,5
2888,1
2888,3
2889,5
2890,7
2891,6
2891,4
2892,5
2892,1
2893,5
2893,1
2894,7
2894,2
2894,5
2894,1
2894,3
2895,6
2895,4
2896,6
2897,6
2898,6
2899,6
2900,1
2901,2
2902,4
2903,5
2904,3
2905,4
2906,7
2907,4
2908,4
2909,2
2911,6
2912,6
2913,3
2914,7
2914,2
2914,5
2914,1
2914,3
2915,6
2915,4
2916,7
2916,2
2917,6
2917,4
2918,4
2919,6
2920,6
2921,4
2922,7
2922,2
2922,5
2922,1
2922,3
2923,2
2924,5
2925,2
2926,6
2927,2
2928,2
2929,2
2930,4
2931,3
2932,7
2933,5
2934,1
2935,5
2936,3
2937,6
2938,7
2939,6
2940,5
2941,5
2942,7
2942,2
2942,5
2942,1
2942,3
2943,5
2944,4
2945,2
2946,5
2947,1
2948,1
2949,1
2950,2
2951,6
2952,5
2953,1
2954,4
2955,4
2956,5
2957,1
2958,3
2959,5
2960,3
2961,5
2962,2
2963,5
2964,2
2965,5
2966,1
2967,1
2968,5
2969,1
2970,1
2971,1
2972,3
2973,5
2974,3
2975,5
2976,5
2977,7
2978,7
2978,2
2978,5
2978,1
2979,2
2980,6
2981,4
2982,4
2983,4
2984,7
2984,2
2985,7
2985,2
2986,7
2986,2
2986,5
2986,1
2987,7
2987,2
2987,5
2987,1
2988,5
2989,5
2990,3
2991,7
2992,6
2993,3
2994,6
2995,6
2995,4
2996,4
2997,5
2998,4
2999,2
3000,1
3001,4
3002,4
3003,3
3004,7
3005,5
3006,4
3007,7
3008,3
3008,6
3009,7
3009,2
3009,5
3009,1
3009,3
3009,6
3009,4
3010,7
3010,2
3010,5
3010,1
3010,3
3011,7
3011,2
3011,5
3011,1
3011,3
3012,7
3012,2
3013,7
3013,2
3013,5
3013,1
3013,3
3014,7
3014,2
3014,5
3014,1
3014,3
3015,5
3015,1
3016,4
3017,5
3018,7
3019,7
3019,2
3019,5
3019,1
3019,3
3020,7
3021,7
3021,2
3021,5
3021,1
3021,3
3022,7
3022,2
3022,5
3022,1
3023,5
3024,7
3024,2
3024,5
3024,1
3024,3
3025,2
3026,2
3027,4
3028,3
3029,7
3029,2
3029,5
3029,1
3030,2
3031,3
3032,5
3033,4
3034,5
3035,1
3036,6
3037,3
3038,7
3038,2
3038,5
3038,1
3038,3
3039,5
3040,2
3041,5
3042,6
3043,2
3044,1
3045,4
3046,2
3047,7
3047,2
3047,5
3047,1
3047,3
3048,7
3048,2
3048,5
3048,1
3048,3
3049,7
3049,2
3049,5
3049,1
3049,3
3050,3
3051,7
3051,2
3051,5
3051,1
3051,3
3052,7
3052,2
3052,5
3052,1
3052,3
3053,2
3053,1
3054,7
3054,2
3055,5
3055,1
3056,7
3056,2
3056,5
3056,1
3056,3
3057,7
3057,2
3057,5
3057,1
3057,3
3057,6
3057,4
3058,7
3058,2
3058,5
3058,1
3058,3
3059,6
3060,6
3061,7
3061,2
3061,5
3061,1
3061,3
3062,7
3063,7
3063,2
3063,5
3063,1
3063,3
3064,6
3066,3
3067,5
3068,4
3069,5
3070,7
3070,2
3070,5
3070,1
3071,5
3071,1
3072,2
3073,1
3074,5
3075,7
3075,2
3075,5
3075,1
3075,3
3076,5
3077,3
3078,7
3079,3
3080,1
3081,4
3082,4
3083,7
3083,2
3084,5
3085,7
3086,3
3087,1
3088,2
3089,4
3090,3
3091,4
3092,1
3093,7
3094,4
3095,5
3096,1
3097,6
3098,4
3099,4
3100,6
3101,1
3102,3
3103,2
3104,3
3105,7
3106,2
3107,6
3108,2
3109,2
3110,5
3111,2
3112,7
3112,2
3112,5
3112,1
3112,3
3113,3
3114,2
3115,2
3116,7
3117,7
3117,2
3117,5
3117,1
3117,3
3117,6
3117,4
3118,4
3119,7
3120,6
3121,7
3121,2
3121,5
3121,1
3121,3
3122,3
3123,5
3124,1
3125,5
3126,3
3127,2
3128,3
3129,6
3130,3
3131,3
3132,2
3133,7
3134,2
3134,1
3135,3
3136,4
3137,6
3138,3
3139,5
3139,1
3140,5
3140,1
3141,4
3142,6
3143,2
3144,5
3145,4
3146,5
3147,4
3148,7
3149,4
3150,2
3151,3
3151,6
3152,3
3153,6
3153,4
3154,7
3155,7
3155,2
3155,5
3155,1
3155,3
3156,4
3157,7
3157,2
3157,5
3157,1
3157,3
3158,2
3159,2
3160,2
3161,7
3161,2
3161,5
3161,1
3161,3
3162,7
3162,2
3162,4
3163,2
3164,2
3165,3
3166,5
3167,2
3168,1
3169,5
3170,3
3171,7
3172,3
3173,2
3174,7
3175,1
3176,7
3177,3
3178,1
3179,6
3180,1
3181,7
3182,7
3183,4
3184,7
3185,2
3186,3
3187,5
3188,3
3189,6
3190,6
3191,1
3192,3
3193,6
3194,2
3195,5
3196,2
3197,6
3198,6
3199,1
3200,4
3201,4
3202,3
3203,7
3204,3
3205,3
3206,6
3207,7
3207,4
3208,7
3209,4
3210,6
3212,4
3213,3
3214,6
3215,7
3216,6
3217,7
3218,4
3219,5
3220,3
3221,7
3221,2
3221,5
3221,1
3221,3
3222,7
3223,7
3223,2
3224,2
3225,5
3225,1
3226,5
3226,1
3227,7
3227,2
3228,7
3228,2
3229,2
3230,5
3231,5
3232,5
3233,3
3234,7
3235,7
3235,4
3236,7
3237,1
3238,6
3239,6
3240,4
3241,7
3242,6
3243,4
3244,4
3245,1
3246,6
3247,7
3247,2
3247,4
3248,4
3249,1
3250,1
3251,3
3252,7
3252,2
3252,4
3253,4
3254,4
3255,4
3256,4
3257,7
3258,1
3259,1
3260,1
3261,7
3261,2
3262,4
3263,4
3264,2
3265,1
3266,7
3267,3
3268,7
3269,4
3270,3
3271,6
3272,2
3273,4
3274,7
3275,2
3276,4
3277,2
3278,7
3279,6
3280,4
3281,1
3282,6
3283,7
3285,5
3285,1
3286,6
3286,4
3287,1
3288,5
3288,1
3289,7
3290,6
3291,5
3292,4
3293,7
3294,4
3295,3
3296,3
3297,5
3298,7
3298,2
3298,5
3298,1
3298,3
3298,6
3298,4
3299,4
3300,7
3300,2
3301,4
3302,5
3303,1
3304,6
3304,4
3305,3
3305,6
3306,6
3306,4
3307,6
3308,2
3309,7
3309,5
3310,3
3311,2
3312,7
3313,5
3314,2
3315,7
3315,2
3316,5
3316,1
3317,3
3318,4
3319,5
3320,1
3321,7
3321,2
3321,5
3321,1
3321,3
3321,6
3321,4
3322,5
3323,3
3324,1
3325,5
3326,4
3327,4
3328,3
3329,2
3330,5
3331,4
3332,1
3333,6
3333,4
3334,1
3335,7
3336,5
3337,3
3338,7
3339,1
3340,7
3341,5
3342,7
3343,3
3344,5
3345,6
3346,7
3346,2
3346,5
3346,1
3346,3
3347,5
3348,4
3349,1
3350,3
3351,6
3352,1
3353,1
3354,7
3355,5
3356,7
3356,2
3356,5
3356,1
3356,3
3357,4
3358,2
3359,1
3360,1
3361,2
3362,5
3363,1
3364,6
3365,4
3366,4
3367,1
3368,5
3369,2
3370,2
3371,4
3372,4
3373,2
3373,1
3374,1
3375,5
3376,2
3377,7
3378,3
3379,4
3380,6
3381,3
3382,3
3383,6
3384,5
3385,1
3386,1
3387,3
3388,3
3389,3
3390,5
3391,5
3392,5
3393,4
3394,3
3395,2
3396,7
3397,6
3398,6
3399,3
3400,1
3401,3
3402,1
3403,5
3404,6
3405,6
3406,3
3407,7
3408,6
3409,3
3410,6
3411,3
3411,6
3412,7
3412,2
3413,5
3413,1
3414,6
3414,4
3415,3
3415,6
3416,6
3416,4
3417,3
3417,6
3418,3
3418,6
3419,3
3420,6
3421,6
3422,3
3423,7
3424,4
3425,5
3426,2
3427,1
3428,7
3428,2
3428,4
3429,3
3430,7
3431,7
3431,4
3432,7
3432,4
3433,7
3433,2
3434,4
3435,7
3435,2
3435,4
3436,7
3436,2
3436,5
3436,1
3437,6
3438,7
3438,2
3438,4
3439,1
3440,5
3441,4
3442,5
3444,5
3445,4
3446,1
3447,6
3448,2
3449,3
3450,3
3451,1
3452,6
3453,1
3454,1
3455,6
3456,7
3456,2
3456,5
3456,1
3456,3
3457,7
3458,7
3458,2
3458,5
3458,1
3458,3
3459,2
3460,5
3461,7
3461,2
3461,5
3461,1
3461,3
3462,2
3463,2
3464,2
3465,5
3466,5
3467,7
3467,2
3467,5
3467,1
3468,7
3469,3
3470,2
3471,7
3472,4
3473,7
3474,5
3475,4
3476,3
3477,5
3478,5
3479,4
3480,7
3481,4
3482,5
3483,6
3483,4
3484,4
3485,5
3486,1
3487,5
3488,3
3489,5
3490,5
3491,4
3492,2
3493,3
3494,1
3495,6
3496,3
3497,7
3497,2
3498,2
3499,4
3500,1
3501,2
3502,1
3504,6
3504,4
3505,4
3506,4
3508,5
3509,1
3510,5
3511,2
3512,3
3513,7
3514,1
3515,7
3515,2
3516,5
3517,2
3518,5
3519,7
3520,1
3521,3
3522,1
3523,2
3524,1
3525,1
3526,1
3527,7
3527,2
3527,5
3527,1
3527,3
3527,6
3527,4
3528,1
3529,3
3530,7
3530,2
3530,5
3530,1
3530,3
3531,7
3532,5
3533,5
3534,5
3535,2
3536,4
3537,2
3538,7
3539,3
3540,1
3541,1
3542,5
3543,3
3544,3
3545,2
3546,1
3547,6
3548,6
3549,6
3550,5
3551,6
3552,1
3553,1
3554,4
3555,1
3556,3
3557,2
3558,3
3559,7
3560,2
3561,2
3562,2
3563,2
3564,6
3565,7
3566,5
3567,1
3568,3
3569,5
3570,7
3571,7
3571,1
3571,6
3572,3
3573,2
3574,1
3575,6
3576,7
3577,6
3578,6
3579,6
3580,4
3581,6
3582,1
3583,4
3584,7
3585,4
3586,1
3587,2
3588,7
3589,7
3590,6
3591,3
3592,5
3593,4
3594,5
3595,2
3595,5
3596,2
3597,2
3597,5
3597,1
3598,3
3599,4
3600,3
3601,5
3602,7
3603,2
3604,4
3605,6
3606,3
3606,6
3606,4
3607,7
3608,5
3609,7
3610,4
3611,5
3612,6
3613,6
3614,7
3614,2
3614,5
3614,1
3614,3
3614,6
3614,4
3615,5
3616,6
3617,5
3618,6
3619,5
3620,6
3621,4
3622,2
3623,2
3624,2
3625,2
3626,4
3627,4
3628,1
3629,5
3630,1
3631,6
3632,7
3632,2
3632,5
3632,1
3632,3
3632,6
3632,4
3633,5
3634,5
3635,6
3636,7
3636,2
3636,5
3636,1
3636,3
3637,1
3638,7
3638,2
3639,2
3641,5
3642,7
3643,2
3644,2
3645,1
3646,6
3647,2
3648,4
3649,3
3650,3
3651,6
3652,3
3653,7
3653,2
3653,5
3653,1
3653,3
3654,6
3655,1
3656,3
3657,1
3658,2
3659,4
3660,2
3661,7
3662,2
3663,5
3664,4
3665,3
3666,3
3667,6
3668,4
3669,3
3670,7
3670,2
3670,5
3670,1
3670,3
3671,2
3672,2
3673,2
3674,5
3675,7
3676,7
3677,5
3678,1
3679,2
3680,7
3681,7
3682,7
3682,2
3682,5
3683,7
3684,4
3685,7
3685,2
3686,2
3686,5
3687,7
3688,7
3688,2
3689,7
3689,2
3689,5
3689,1
3690,7
3690,2
3690,5
3690,1
3690,3
3691,7
3691,2
3691,5
3691,1
3692,2
3693,5
3694,1
3695,7
3695,2
3695,5
3695,1
3695,3
3696,4
3697,4
3698,7
3699,4
3700,5
3701,1
3702,5
3703,5
3705,1
3706,4
3707,6
3708,2
3709,2
3710,3
3711,1
3712,3
3713,7
3713,2
3713,5
3713,1
3714,7
3714,2
3714,5
3714,1
3714,3
3714,6
3714,4
3715,1
3716,2
3717,3
3718,4
3719,7
3720,5
3722,6
3723,1
3724,2
3725,3
3726,1
3727,3
3728,1
3729,7
3729,2
3729,5
3730,4
3731,7
3731,2
3731,5
3731,1
3731,3
3732,2
3732,5
3732,1
3732,3
3732,6
3733,6
3734,7
3734,2
3734,5
3734,1
3734,3
3735,7
3735,2
3735,5
3735,1
3735,3
3736,5
3737,5
3738,2
3739,1
3740,4
3741,1
3742,6
3743,4
3744,7
3745,6
3746,6
3747,6
3748,7
3749,4
3750,6
3751,7
3752,2
3753,2
3754,3
3755,3
3756,2
3757,2
3758,2
3759,1
3760,7
3760,2
3760,5
3760,1
3760,3
3760,6
3760,4
3761,4
3762,7
3763,6
3764,1
3765,3
3766,1
3767,2
3768,7
3769,7
3769,2
3769,5
3769,1
3770,5
3771,6
3772,4
3773,2
3774,4
3775,4
3776,1
3777,7
3778,2
3779,7
3779,2
3779,5
3779,1
3779,3
3780,6
3781,3
3782,6
3782,4
3783,6
3784,2
3785,5
3786,3
3787,3
3788,4
3789,7
3789,2
3789,5
3789,1
3789,3
3790,6
3791,5
3792,6
3793,7
3794,6
3795,1
3796,2
3797,5
3798,1
3799,7
3800,1
3801,2
3802,7
3803,7
3803,2
3803,5
3803,1
3804,7
3804,2
3804,5
3804,1
3805,7
3805,2
3805,5
3805,1
3806,6
3807,3
3808,2
3809,3
3810,5
3811,3
3812,7
3813,7
3814,2
3815,7
3815,2
3815,5
3815,1
3815,3
3816,7
3817,1
3818,4
3819,2
3820,3
3821,1
3822,7
3823,7
3824,3
3825,2
3826,6
3827,1
3828,1
3829,5
3830,7
3830,2
3830,5
3830,1
3830,3
3831,3
3832,5
3833,2
3834,5
3835,2
3836,6
3837,2
3838,2
3839,1
3840,5
3841,3
3842,4
3843,4
3844,4
3845,4
3846,3
3847,3
3848,4
3849,4
3850,2
3851,7
3852,7
3853,5
3854,3
3855,3
3856,1
3857,4
3858,1
3859,2
3860,3
3861,7
3862,2
3863,1
3864,5
3865,4
3866,3
3867,2
3868,7
3869,6
3870,2
3870,5
3870,1
3870,3
3871,7
3872,2
3873,6
3874,7
3875,1
3876,6
3877,3
3878,7
3878,2
3878,5
3878,1
3878,3
3879,6
3879,4
3880,4
3881,1
3882,5
3883,1
3884,2
3885,7
3886,5
3887,7
3887,2
3887,5
3887,1
3887,3
3887,6
3887,4
3888,3
3888,6
3889,6
3890,6
3891,4
3892,3
3893,7
3894,4
3895,2
3896,4
3897,6
3898,7
3899,1
3900,7
3901,2
3902,5
3903,7
3904,5
3905,3
3906,4
3907,7
3907,2
3907,5
3907,1
3907,3
3908,7
3909,2
3910,2
3911,4
3912,5
3913,1
3914,7
3915,7
3915,3
3915,6
3916,4
3917,5
3918,7
3919,1
3920,3
3921,5
3922,2
3923,3
3924,7
3924,2
3924,5
3924,1
3924,3
3924,6
3924,4
3926,7
3927,1
3928,7
3929,2
3930,6
3931,4
3932,2
3933,1
3934,5
3935,3
3936,4
3937,5
3938,5
3939,1
3940,4
3941,3
3942,7
3942,2
3942,5
3942,1
3942,3
3943,5
3944,4
3945,4
3946,5
3947,3
3948,6
3949,7
3949,2
3949,5
3949,1
3949,3
3950,1
3951,7
3951,2
3951,5
3951,1
3951,3
3952,3
3953,3
3954,7
3955,3
3956,7
3956,6
3956,4
3957,6
3958,3
3959,7
3959,2
3959,5
3959,1
3959,3
3960,5
3961,1
3962,5
3963,5
3964,4
3965,4
3966,5
3967,6
3968,3
3969,4
3970,5
3971,2
3972,7
3973,4
3974,6
3975,1
3976,7
3977,7
3978,7
3979,7
3980,6
3981,5
3982,7
3983,5
3984,3
3985,4
3986,5
3987,7
3988,6
3989,4
3990,5
3991,6
3992,2
3993,2
3994,2
3995,4
3996,7
3997,4
3998,4
3999,6
4000,3
4001,7
4002,7
4003,3
4004,5
4005,4
4006,5
4007,5
4008,4
4009,6
4010,6
4011,7
4011,2
4011,5
4011,1
4012,2
4013,6
4014,2
4015,3
4016,6
4018,4
4019,4
4020,5
4021,3
4022,7
4022,2
4022,4
4023,3
4024,7
4025,6
4026,5
4027,4
4028,3
4029,6
4030,4
4031,4
4032,7
4033,4
4034,7
4034,2
4034,5
4034,1
4034,3
4034,6
4034,4
4035,6
4036,7
4037,1
4038,2
4039,5
4040,5
4041,7
4042,1
4043,7
4043,2
4043,5
4043,1
4044,1
4045,3
4046,2
4047,1
4048,3
4049,7
4049,2
4049,5
4049,1
4049,3
4050,3
4051,6
4052,1
4053,5
4054,5
4055,3
4056,6
4057,5
4058,6
4059,4
4060,5
4061,4
4062,1
4063,1
4064,1
4065,4
4066,5
4067,5
4068,2
4069,6
4070,4
4071,2
4072,4
4073,5
4074,3
4075,3
4076,1
4077,3
4078,3
4079,2
4080,6
4081,7
4082,5
4083,1
4084,3
4085,7
4086,4
4087,2
4088,4
4089,5
4089,1
4089,3
4090,3
4091,5
4091,1
4092,5
4093,6
4094,6
4095,4
4096,3
4097,3
4098,3
4099,1
4100,7
4101,7
4102,4
4103,3
4104,4
4105,3
4106,5
4107,6
4108,1
4109,3
4110,6
4110,4
4111,6
4112,7
4112,2
4113,7
4114,5
4115,3
4115,6
4116,7
4116,2
4117,1
4118,5
4118,1
4119,7
4120,7
4121,2
4122,2
4123,5
4124,3
4125,2
4126,1
4127,2
4128,3
4129,1
4130,1
4131,5
4132,2
4133,7
4134,6
4135,2
4136,2
4137,4
4138,3
4139,4
4141,1
4142,7
4143,6
4144,2
4145,4
4146,1
4147,2
4148,3
4149,4
4150,2
4151,3
4151,6
4151,4
4152,2
4153,5
4154,5
4155,2
4156,1
4157,4
4158,7
4159,3
4160,5
4161,5
4162,4
4163,3
4164,1
4165,7
4166,3
4167,4
4168,7
4169,5
4170,3
4171,2
4171,5
4171,3
4172,7
4172,2
4172,5
4172,1
4172,3
4173,5
4173,1
4174,7
4175,2
4176,4
4177,7
4178,5
4179,7
4180,7
4181,2
4182,2
4183,3
4184,2
4185,7
4185,5
4185,1
4186,7
4187,3
4188,7
4188,2
4189,2
4190,1
4191,7
4192,7
4193,4
4194,5
4195,7
4197,7
4197,2
4198,6
4199,4
4200,2
4201,4
4202,1
4203,4
4204,7
4204,2
4204,5
4204,1
4204,3
4205,7
4205,2
4205,5
4205,1
4205,3
4206,6
4207,1
4208,4
4209,7
4210,1
4211,7
4212,4
4213,2
4214,4
4215,4
4216,2
4217,1
4218,7
4218,6
4218,4
4219,6
4220,3
4221,7
4222,7
4223,3
4224,3
4225,5
4226,6
4227,7
4228,2
4229,6
4230,6
4231,1
4232,6
4233,4
4234,6
4235,1
4236,5
4237,4
4238,4
4239,3
4240,5
4242,7
4243,7
4244,2
4245,2
4246,4
4247,7
4248,3
4249,7
4250,1
4251,6
4252,4
4253,3
4254,1
4255,7
4256,3
4257,5
4258,2
4259,6
4261,5
4262,4
4263,5
4264,3
4265,4
4266,5
4267,3
4268,3
4269,4
4270,4
4271,6
4272,5
4273,4
4274,3
4275,3
4276,5
4277,7
4278,2
4279,1
4280,6
4281,1
4282,2
4283,5
4284,4
4285,2
4286,2
4287,7
4287,2
4287,4
4288,3
4289,5
4290,7
4291,4
4292,5
4292,1
4293,5
4293,1
4294,1
4295,2
4296,2
4297,4
4298,2
4299,7
4300,2
4301,4
4302,1
4303,3
4304,7
4305,7
4306,7
4307,2
4308,1
4309,6
4310,4
4311,4
4312,2
4313,1
4314,5
4315,3
4316,6
4317,2
4318,2
4319,7
4320,1
4321,1
4322,1
4323,2
4324,3
4325,1
4326,7
4326,2
4326,5
4326,1
4327,2
4327,5
4327,1
4328,4
4329,4
4330,1
4331,5
4332,1
4333,4
4334,2
4336,1
4337,2
4338,1
4339,6
4340,7
4341,7
4341,2
4341,5
4341,1
4341,3
4341,6
4341,4
4342,3
4343,4
4344,4
4345,7
4346,1
4347,3
4348,3
4349,4
4350,7
4351,2
4351,5
4352,7
4353,7
4353,2
4353,5
4353,1
4353,3
4354,4
4355,3
4356,3
4357,7
4358,7
4359,2
4360,3
4361,4
4362,5
4362,1
4363,2
4364,1
4367,7
4368,4
4369,4
4370,5
4371,5
4372,2
4373,2
4374,5
4375,3
4376,3
4377,4
4378,2
4379,3
4380,6
4381,7
4381,2
4381,5
4381,1
4381,3
4381,6
4381,4
4382,7
4382,2
4382,5
4382,1
4382,3
4383,7
4384,4
4385,1
4386,2
4387,5
4388,1
4389,1
4390,6
4391,4
4392,6
4393,7
4393,2
4393,5
4393,1
4393,3
4393,6
4393,4
4394,7
4395,2
4395,5
4395,1
4396,6
4397,5
4398,3
4399,7
4400,4
4401,5
4402,5
4403,1
4404,4
4405,6
4406,6
4407,7
4408,3
4409,7
4409,2
4409,5
4409,1
4409,3
4409,6
4409,4
4410,1
4411,4
4412,4
4413,7
4414,1
4415,4
4416,2
4417,2
4418,2
4419,1
4420,2
4421,7
4421,2
4421,5
4421,1
4421,3
4421,6
4421,4
4422,7
4423,2
4424,1
4425,6
4426,4
4427,7
4428,1
4429,7
4429,2
4429,5
4429,1
4430,3
4431,4
4432,2
4433,7
4433,2
4433,5
4433,1
4433,3
4434,2
4435,5
4436,2
4437,7
4437,4
4438,2
4439,2
4440,2
4442,2
4443,5
4444,2
4445,2
4446,3
4447,7
4448,7
4448,2
4448,5
4448,1
4448,3
4449,4
4450,7
4450,2
4450,5
4450,1
4450,3
4451,6
4452,7
4453,6
4454,4
4455,4
4456,6
4457,2
4458,7
4458,2
4458,5
4458,1
4459,7
4460,7
4460,2
4460,5
4460,1
4460,3
4460,6
4460,4
4461,6
4462,6
4463,1
4464,7
4464,2
4464,5
4464,1
4465,4
4466,2
4467,7
4467,2
4467,5
4467,1
4467,3
4468,7
4468,2
4468,5
4468,1
4468,3
4468,6
4468,4
4469,4
4470,7
4471,1
4472,7
4472,4
4473,5
4474,1
4475,4
4476,1
4477,6
4477,4
4478,3
4479,7
4479,2
4479,5
4479,1
4479,3
4480,7
4480,2
4480,5
4480,1
4480,3
4481,7
4481,2
4481,5
4481,1
4481,3
4482,7
4482,2
4482,5
4482,1
4482,3
4483,7
4483,2
4483,5
4483,1
4483,3
4484,7
4484,2
4484,5
4484,1
4485,7
4485,2
4485,5
4485,1
4485,3
4485,6
4485,4
4486,7
4487,5
4487,1
4488,1
4488,3
4489,2
4490,7
4491,3
4492,4
4493,7
4493,2
4493,5
4493,1
4494,7
4494,2
4494,5
4494,4
4495,2
4496,2
4497,1
4498,5
4499,4
4500,6
4501,7
4501,2
4501,5
4501,1
4501,3
4502,7
4502,2
4502,5
4502,1
4502,3
4503,7
4503,2
4503,5
4503,1
4504,2
4505,3
4506,2
4507,6
4508,5
4509,5
4510,5
4511,2
4512,2
4513,1
4514,1
4515,6
4516,6
4517,3
4518,3
4519,1
4520,7
4520,2
4520,5
4520,1
4520,3
4521,7
4521,2
4521,5
4521,1
4522,2
4523,1
4524,7
4524,2
4524,5
4524,1
4525,1
4526,4
4527,5
4528,6
4529,1
4530,4
4531,4
4532,1
4533,1
4534,6
4535,3
4536,6
4537,4
4538,6
4539,4
4540,3
4541,6
4542,3
4543,6
4544,7
4545,5
4546,5
4547,5
4548,1
4549,5
4550,3
4551,4
4552,7
4553,5
4554,4
4555,4
4556,4
4557,1
4558,3
4559,5
4560,5
4561,6
4562,1
4563,2
4563,5
4563,1
4563,3
4564,7
4564,2
4564,5
4564,1
4565,5
4566,3
4567,5
4568,4
4569,5
4570,5
4571,3
4572,5
4573,2
4574,4
4575,4
4576,6
4577,7
4577,2
4577,5
4577,1
4578,7
4579,1
4580,6
4581,3
4582,1
4583,6
4584,2
4585,3
4586,6
4587,2
4588,4
4589,5
4590,3
4591,6
4592,1
4593,6
4594,1
4595,4
4596,1
4597,7
4598,7
4599,4
4600,5
4601,3
4602,4
4603,6
4604,4
4605,4
4606,6
4607,5
4608,7
4608,2
4608,5
4608,1
4609,5
4610,1
4611,7
4611,2
4611,5
4611,1
4612,6
4613,7
4613,2
4613,5
4613,1
4614,7
4615,3
4616,1
4617,1
4618,4
4619,3
4620,5
4621,5
4622,5
4623,5
4624,3
4625,6
4626,7
4626,2
4626,5
4626,1
4626,3
4627,6
4628,6
4629,3
4630,3
4631,5
4632,3
4633,3
4634,7
4634,2
4634,5
4634,1
4634,3
4635,4
4636,3
4637,2
4638,6
4639,4
4640,1
4641,7
4642,5
4643,2
4643,1
4644,5
4645,7
4645,2
4645,5
4645,1
4646,7
4646,2
4646,5
4646,1
4646,3
4646,6
4646,4
4647,4
4648,1
4649,4
4650,6
4651,6
4652,5
4653,6
4654,6
4655,6
4656,3
4657,6
4658,7
4659,5
4660,5
4661,6
4662,4
4663,7
4663,2
4663,5
4663,1
4663,3
4664,5
4665,1
4666,6
4667,6
4668,6
4669,6
4670,2
4671,4
4672,7
4673,2
4673,3
4674,1
4675,3
4676,3
4677,2
4678,6
4679,3
4680,6
4681,7
4681,2
4681,5
4681,1
4681,3
4681,6
4681,4
4682,7
4682,2
4682,5
4682,1
4682,3
4682,6
4682,4
4683,7
4683,2
4683,5
4683,1
4683,3
4683,6
4683,4
4684,1
4685,3
4686,7
4686,2
4686,5
4686,1
4686,3
4686,6
4686,4
4687,7
4688,7
4688,2
4688,5
4688,1
4688,3
4688,6
4688,4
4689,4
4690,5
4691,7
4692,1
4693,1
4694,6
4695,4
4696,4
4697,7
4698,1
4699,5
4700,2
4701,4
4702,1
4703,5
4704,1
4705,3
4706,6
4707,1
4708,3
4709,1
4710,2
4711,3
4712,3
4713,7
4714,1
4715,1
4716,1
4717,5
4718,2
4719,4
4720,4
4721,6
4722,3
4723,6
4724,1
4725,6
4726,5
4727,6
4728,3
4729,6
4730,4
4731,4
4732,6
4733,3
4734,2
4735,1
4736,2
4737,7
4738,1
4739,2
4740,4
4741,7
4741,2
4741,5
4741,1
4741,3
4741,6
4742,5
4743,1
4744,1
4745,5
4746,5
4746,1
4747,3
4748,7
4748,2
4748,4
4749,6
4750,7
4750,2
4750,5
4750,6
4750,4
4751,3
4752,3
4753,2
4754,3
4755,1
4756,5
4757,7
4758,5
4759,3
4760,2
4761,7
4762,7
4763,3
4764,2
4765,7
4766,1
4767,3
4768,2
4769,3
4770,1
4771,4
4772,5
4773,7
4774,3
4775,7
4776,2
4777,5
4778,7
4779,1
4780,7
4780,2
4780,5
4780,1
4781,7
4781,2
4781,5
4781,1
4782,3
4783,6
4784,1
4785,2
4786,4
4787,4
4788,2
4789,1
4790,6
4791,2
4792,6
4793,5
4794,5
4795,4
4796,7
4797,2
4798,2
4799,2
4800,4
4801,6
4802,7
4803,4
4804,6
4805,7
4806,3
4807,6
4808,6
4809,5
4810,4
4811,1
4812,4
4813,7
4814,6
4815,3
4816,3
4817,3
4818,3
4819,7
4819,2
4819,5
4819,1
4819,3
4820,7
4820,2
4820,5
4820,1
4820,3
4821,2
4822,1
4823,6
4824,4
4825,5
4826,6
4827,5
4828,6
4829,2
4830,3
4831,6
4832,2
4832,5
4832,3
4833,6
4834,3
4835,7
4835,2
4835,5
4835,1
4835,3
4836,1
4837,5
4838,2
4839,1
4840,7
4840,2
4840,5
4840,1
4840,3
4841,7
4841,2
4841,5
4841,1
4842,7
4844,6
4845,1
4846,4
4847,1
4848,2
4849,1
4850,2
4851,6
4852,4
4853,5
4854,2
4855,3
4856,6
4857,1
4858,6
4859,7
4860,7
4861,2
4862,7
4863,3
4864,5
4865,7
4865,2
4865,5
4865,1
4866,3
4867,7
4867,2
4867,5
4867,1
4867,3
4867,6
4867,4
4868,6
4869,6
4870,5
4871,1
4872,1
4873,4
4874,6
4875,6
4876,4
4877,5
4878,4
4879,7
4880,2
4881,7
4881,2
4882,7
4882,2
4882,5
4882,1
4882,3
4882,6
4882,4
4883,7
4884,3
4885,7
4886,7
4886,2
4886,6
4887,5
4888,7
4889,2
4890,7
4891,5
4891,3
4892,2
4893,2
4894,5
4895,5
4896,5
4897,1
4898,2
4899,4
4900,7
4901,4
4902,1
4903,4
4904,5
4905,4
4906,1
4907,5
4908,1
4909,4
4910,3
4911,2
4912,5
4913,7
4913,2
4913,5
4913,1
4913,3
4913,6
4913,4
4914,4
4915,5
4916,2
4917,4
4918,7
4918,2
4919,2
4920,1
4921,7
4921,2
4921,5
4921,1
4921,3
4921,6
4921,4
4922,2
4923,7
4924,5
4925,2
4926,3
4927,5
4927,1
4928,2
4929,7
4930,4
4931,2
4932,2
4933,3
4934,3
4935,6
4936,5
4937,6
4938,1
4939,6
4940,6
4941,1
4942,7
4943,6
4944,2
4945,1
4946,1
4947,7
4948,5
4949,2
4950,7
4951,7
4952,2
4952,5
4953,7
4954,2
4955,7
4955,2
4955,5
4955,1
4955,3
4955,6
4955,4
4956,3
4957,7
4958,4
4959,2
4960,3
4961,1
4962,5
4963,5
4964,4
4965,7
4966,6
4967,1
4968,7
4968,2
4968,5
4968,1
4968,3
4969,7
4970,7
4970,2
4970,5
4970,1
4970,3
4970,6
4970,4
4971,4
4972,3
4973,4
4974,3
4975,3
4976,2
4977,2
4978,4
4979,4
4980,5
4981,2
4982,6
4983,4
4984,6
4985,7
4986,4
4987,6
4988,3
4989,2
4990,1
4991,2
4992,2
4993,3
4994,1
4995,2
4996,6
4997,4
4998,4
4999,6
5000,7
5000,2
5000,5
5000,1
5000,3
5001,5
5002,7
5003,4
5004,6
5005,2
5006,3
5007,5
5008,5
5009,3
5010,3
5011,4
5012,7
5013,5
5014,7
5014,2
5014,5
5014,1
5014,3
5015,3
5016,4
5017,1
5018,3
5019,2
5020,7
5021,4
5022,6
5023,2
5024,5
5025,2
5026,2
5027,1
5028,1
5029,7
5030,6
5031,7
5032,7
5033,2
5033,1
5034,3
5035,2
5036,4
5037,4
5038,2
5039,1
5040,5
5041,4
5042,4
5043,4
5044,6
5045,6
5046,6
5047,3
5048,4
5049,6
5050,2
5051,7
5052,7
5053,5
5054,5
5055,3
5055,6
5056,7
5057,4
5058,3
5058,6
5059,1
5060,7
5061,1
5062,3
5063,6
5064,7
5064,2
5064,5
5064,1
5064,3
5064,6
5064,4
5065,3
5066,7
5066,2
5066,5
5066,1
5066,3
5066,6
5066,4
5067,4
5068,6
5069,2
5070,5
5071,5
5072,3
5073,3
5075,5
5075,4
5076,7
5077,4
5078,3
5079,2
5080,5
5081,4
5082,6
5083,6
5084,2
5084,5
5084,1
5085,1
5086,7
5087,2
5088,1
5089,7
5090,1
5091,2
5092,1
5093,7
5094,2
5095,7
5096,4
5097,7
5098,3
5099,3
5100,1
5101,1
5102,1
5103,7
5104,6
5105,2
5106,7
5107,6
5108,7
5109,6
5110,4
5111,1
5112,1
5113,5
5114,7
5115,1
5116,7
5116,5
5116,4
5117,2
5118,4
5119,1
5120,2
5121,1
5122,2
5123,7
5124,4
5125,4
5126,4
5127,7
5128,5
5129,5
5130,5
5131,3
5132,7
5133,7
5134,1
5135,2
5136,3
5137,3
5138,5
5139,1
5140,5
5141,4
5142,1
5143,4
5144,5
5145,4
5146,7
5147,7
5148,4
5150,5
5151,5
5152,7
5152,2
5152,5
5152,1
5152,3
5153,1
5154,5
5155,4
5156,7
5156,2
5156,5
5156,1
5156,3
5156,6
5156,4
5157,4
5158,4
5159,7
5159,2
5159,5
5159,1
5159,3
5160,4
5161,5
5162,5
5163,7
5163,2
5163,5
5163,1
5163,3
5163,6
5163,4
5164,4
5165,5
5166,3
5167,7
5167,2
5167,5
5167,1
5167,4
5168,7
5168,2
5168,5
5168,1
5168,3
5168,6
5168,4
5169,3
5170,1
5171,2
5172,5
5173,5
5174,1
5175,7
5175,5
5175,4
5176,7
5177,4
5178,7
5178,2
5178,5
5178,1
5178,3
5178,6
5178,4
5179,1
5180,1
5181,3
5182,7
5182,2
5182,5
5182,1
5182,3
5183,4
5184,4
5185,5
5186,3
5187,3
5188,7
5189,1
5189,6
5190,6
5191,3
5192,3
5193,7
5193,2
5193,5
5193,1
5193,3
5193,6
5193,4
5194,1
5195,2
5196,2
5197,2
5198,7
5199,1
5200,4
5201,6
5202,7
5203,7
5203,2
5203,5
5203,1
5203,3
5204,7
5204,2
5204,5
5204,1
5204,3
5205,7
5205,2
5205,5
5205,1
5206,4
5207,4
5208,4
5209,4
5210,4
5211,5
5212,6
5213,1
5214,2
5215,5
5216,6
5217,4
5218,5
5219,2
5220,6
5221,6
5222,7
5223,6
5224,3
5225,4
5226,7
5226,2
5226,5
5226,1
5226,3
5226,6
5226,4
5227,1
5228,7
5229,2
5230,1
5231,6
5232,6
5233,6
5234,1
5235,6
5236,2
5237,3
5238,7
5239,5
5240,7
5240,2
5240,5
5240,1
5240,3
5241,4
5242,4
5243,4
5244,5
5245,7
5246,3
5247,4
5248,4
5249,3
5250,3
5251,4
5252,2
5253,4
5254,7
5255,3
5256,6
5257,6
5258,2
5258,1
5258,3
5259,7
5260,4
5261,3
5262,2
5263,1
5264,5
5265,1
5266,7
5267,5
5268,5
5269,5
5270,1
5271,3
5272,5
5273,7
5273,2
5273,5
5273,1
5273,3
5274,2
5275,7
5275,2
5275,5
5275,1
5275,3
5276,1
5277,4
5278,7
5278,2
5278,5
5278,1
5278,3
5279,2
5280,4
5281,6
5282,2
5283,4
5284,7
5285,1
5286,7
5287,6
5288,7
5289,2
5290,1
5291,3
5292,7
5293,4
5294,4
5295,4
5296,6
5297,3
5298,7
5299,5
5300,5
5301,2
5302,4
5303,2
5304,5
5305,1
5306,4
5307,1
5308,7
5309,1
5310,7
5310,2
5310,5
5310,1
5310,3
5311,4
5312,6
5313,2
5314,4
5315,7
5315,2
5315,5
5315,1
5315,3
5316,7
5316,2
5316,5
5316,1
5316,3
5317,1
5318,7
5319,6
5320,7
5320,2
5320,5
5320,1
5320,3
5321,3
5322,4
5323,4
5324,7
5324,2
5324,5
5324,1
5324,3
5325,7
5325,2
5325,5
5325,1
5325,3
5326,7
5326,2
5326,5
5326,1
5326,3
5327,5
5328,7
5328,2
5328,5
5328,1
5328,3
5329,7
5329,2
5329,5
5329,1
5329,3
5330,7
5330,2
5330,5
5330,1
5330,3
5331,7
5331,2
5331,5
5331,1
5331,3
5332,7
5332,2
5332,5
5332,1
5332,3
5333,7
5333,2
5333,5
5333,1
5333,3
5334,7
5334,2
5334,5
5334,1
5334,3
5335,7
5335,2
5335,5
5335,1
5335,3
5336,4
5337,4
5338,3
5339,7
5339,2
5339,5
5339,1
5339,3
5339,6
5339,4
5340,2
5341,3
5342,1
5343,7
5344,3
5345,1
5346,5
5347,2
5348,2
5349,1
5350,4
5351,4
5352,2
5353,7
5354,2
5355,6
5356,4
5357,1
5358,4
5359,7
5359,2
5359,5
5359,1
5359,3
5360,2
5361,1
5362,4
5363,1
5364,3
5365,6
5366,4
5367,6
5368,1
5369,2
5370,6
5371,2
5372,1
5373,4
5374,1
5375,4
5376,3
5377,7
5378,5
5379,7
5380,3
5381,7
5382,3
5383,4
5384,7
5385,7
5386,7
5386,2
5387,4
5388,2
5389,4
5390,7
5390,2
5391,7
5392,6
5393,2
5394,3
5395,6
5396,7
5398,6
5398,4
5399,7
5399,4
5400,2
5401,3
5402,4
5403,3
5404,4
5405,4
5406,7
5406,2
5406,5
5406,1
5406,3
5407,5
5408,1
5409,4
5410,7
5411,4
5412,4
5413,4
5414,7
5415,6
5416,2
5417,7
5418,5
5419,4
5420,2
5421,5
5422,1
5423,4
5424,6
5425,5
5426,6
5427,3
5428,5
5429,7
5430,2
5431,2
5432,3
5433,2
5434,6
5435,1
5436,4
5437,5
5438,7
5438,2
5439,5
5440,7
5441,6
5442,5
5443,1
5444,4
5445,7
5446,2
5447,6
5448,5
5449,1
5450,7
5450,2
5450,5
5450,1
5450,3
5450,6
5450,4
5451,7
5451,2
5451,5
5451,1
5451,3
5452,7
5453,4
5454,7
5455,1
5456,7
5457,2
5457,5
5457,1
5458,1
5459,3
5460,7
5461,6
5462,2
5463,5
5464,7
5464,2
5464,5
5464,1
5465,2
5466,2
5467,3
5469,7
5470,6
5471,6
5472,6
5473,5
5474,7
5475,3
5476,4
5477,5
5478,6
5479,7
5480,4
5481,4
5482,4
5483,6
5484,7
5485,7
5485,2
5485,5
5485,1
5485,3
5485,6
5485,4
5486,7
5486,4
5487,7
5488,7
5489,7
5490,4
5491,6
5492,1
5493,2
5493,1
5494,4
5495,2
5496,4
5497,3
5498,5
5499,2
5500,7
5501,1
5502,7
5503,7
5503,2
5503,5
5503,1
5503,3
5504,7
5504,2
5504,5
5504,1
5505,7
5506,2
5507,7
5508,5
5509,2
5510,4
5511,5
5512,7
5513,2
5514,1
5515,2
5516,2
5517,2
5518,2
5519,4
5520,7
5520,2
5520,5
5520,1
5520,3
5521,4
5522,6
5523,1
5524,4
5525,7
5525,2
5525,5
5525,1
5525,3
5525,6
5525,4
5526,2
5527,5
5528,4
5529,2
5530,2
5531,2
5532,6
5533,1
5534,7
5535,5
5536,6
5537,5
5538,7
5538,2
5538,5
5538,1
5538,3
5538,6
5538,4
5539,4
5540,1
5541,4
5542,1
5543,7
5544,5
5544,1
5545,4
5546,5
5547,7
5547,2
5547,5
5547,1
5547,3
5547,6
5547,4
5548,4
5549,5
5550,7
5551,7
5552,6
5553,1
5554,2
5555,7
5555,2
5555,5
5555,1
5555,3
5556,7
5556,2
5556,5
5556,1
5556,3
5557,5
5558,5
5559,1
5560,7
5560,2
5560,5
5560,1
5560,3
5561,1
5562,5
5563,7
5564,5
5565,6
5565,4
5566,6
5567,6
5568,4
5569,3
5570,3
5571,1
5572,5
5573,5
5574,2
5575,5
5576,4
5577,6
5578,1
5579,7
5579,2
5579,5
5579,1
5580,2
5581,7
5581,2
5581,5
5581,1
5581,3
5582,1
5583,1
5584,3
5585,7
5586,6
5587,6
5588,5
5589,2
5590,7
5591,4
5592,6
5593,6
5594,5
5595,5
5596,7
5597,2
5598,1
5599,3
5600,5
5601,3
5602,6
5603,7
5604,3
5605,7
5605,2
5605,5
5605,1
5605,3
5605,6
5605,4
5606,7
5607,1
5608,2
5609,6
5610,2
5611,2
5612,4
5613,7
5614,6
5615,6
5616,6
5617,3
5618,7
5618,2
5618,5
5618,1
5618,3
5619,3
5620,6
5621,6
5622,5
5623,4
5624,4
5625,5
5626,1
5627,1
5628,2
5629,1
5629,3
5629,6
5629,4
5630,1
5631,6
5632,1
5633,1
5634,1
5635,5
5636,2
5637,5
5638,5
5639,5
5640,4
5641,7
5642,4
5643,2
5644,1
5645,5
5646,7
5646,2
5646,5
5646,1
5646,3
5646,6
5646,4
5647,5
5648,4
5649,6
5650,7
5650,2
5650,5
5650,1
5650,3
5650,6
5650,4
5651,4
5653,4
5654,5
5654,1
5655,7
5655,2
5656,4
5657,5
5658,1
5659,2
5660,1
5661,7
5662,3
5663,1
5664,6
5665,3
5666,5
5667,5
5668,7
5668,2
5668,5
5668,1
5669,7
5670,5
5671,5
5672,2
5673,7
5674,7
5674,2
5674,5
5674,1
5674,3
5674,6
5674,4
5675,7
5675,2
5675,5
5675,1
5675,3
5676,7
5677,6
5678,3
5679,1
5680,4
5681,4
5682,4
5683,5
5684,2
5685,2
5686,6
5687,4
5688,1
5689,4
5690,7
5690,5
5690,3
5691,5
5692,6
5693,5
5694,1
5695,1
5696,7
5696,2
5696,5
5696,1
5696,3
5696,6
5696,4
5697,2
5698,2
5699,7
5700,2
5701,3
5702,7
5703,7
5704,3
5705,5
5706,3
5707,3
5708,3
5709,7
5709,2
5709,5
5709,1
5709,3
5710,7
5711,4
5712,7
5713,3
5714,5
5715,7
5715,2
5715,5
5715,1
5715,3
5716,6
5717,6
5718,7
5718,5
5718,3
5719,6
5720,4
5721,4
5722,4
5723,7
5724,4
5726,7
5727,6
5728,4
5729,4
5730,1
5731,5
5732,3
5733,2
5734,1
5736,4
5737,7
5737,2
5737,5
5737,1
5737,3
5738,2
5739,3
5740,3
5741,7
5742,6
5743,7
5744,4
5745,4
5746,5
5747,7
5747,2
5747,5
5747,1
5747,3
5748,1
5749,5
5750,7
5750,2
5750,5
5750,1
5751,2
5752,6
5753,5
5754,4
5755,4
5756,6
5757,6
5758,7
5759,6
5760,4
5761,7
5761,2
5761,5
5761,1
5761,3
5762,3
5763,3
5764,7
5764,2
5764,5
5764,1
5764,3
5765,3
5766,6
5767,2
5768,1
5769,1
5770,6
5771,4
5772,4
5773,2
5774,1
5775,3
5776,1
5777,5
5778,1
5779,3
5780,6
5781,4
5782,4
5783,4
5784,7
5785,2
5786,7
5787,5
5788,3
5789,7
5789,2
5790,7
5790,2
5790,5
5790,1
5790,3
5790,6
5790,4
5791,7
5791,2
5791,5
5791,1
5791,4
5792,4
5793,2
5794,1
5795,3
5796,7
5797,3
5798,7
5799,4
5800,3
5801,7
5802,7
5802,2
5802,5
5802,1
5802,3
5803,1
5804,3
5805,7
5806,7
5807,2
5808,4
5809,7
5810,6
5811,2
5812,1
5813,3
5814,4
5815,6
5815,4
5816,5
5816,1
5817,2
5817,5
5817,1
5817,3
5818,2
5819,7
5820,7
5820,2
5820,5
5820,1
5820,3
5821,7
5821,2
5821,5
5821,1
5821,3
5822,5
5823,4
5824,7
5825,7
5826,7
5827,1
5828,5
5829,2
5830,5
5831,4
5832,7
5832,2
5832,5
5832,1
5832,3
5833,4
5834,6
5834,4
5835,4
5836,4
5837,7
5837,2
5837,5
5837,1
5837,3
5838,7
5839,7
5840,3
5841,7
5841,2
5841,5
5841,1
5841,3
5842,7
5843,1
5844,3
5845,2
5846,6
5847,6
5848,7
5849,6
5850,2
5851,2
5852,2
5853,2
5854,2
5855,7
5855,2
5855,5
5855,1
5855,3
5855,6
5855,4
5856,2
5857,1
5858,6
5859,5
5860,2
5861,3
5862,3
5863,7
5863,2
5863,5
5863,1
5863,3
5864,2
5865,5
5866,6
5867,2
5868,4
5869,2
5870,7
5871,5
5872,4
5873,1
5874,6
5875,7
5876,1
5877,7
5877,2
5877,5
5877,1
5877,3
5877,6
5877,4
5878,5
5879,4
5880,5
5881,2
5882,6
5883,7
5884,4
5885,4
5886,5
5887,7
5887,2
5887,5
5887,1
5888,4
5889,4
5890,4
5892,4
5893,1
5894,7
5895,6
5896,4
5897,3
5898,2
5899,5
5900,4
5901,3
5902,6
5903,3
5904,7
5904,2
5904,4
5905,1
5906,4
5907,4
5908,4
5909,7
5911,2
5912,2
5913,5
5914,3
5915,7
5916,4
5917,6
5918,4
5919,6
5920,3
5921,3
5922,3
5923,5
5924,7
5925,6
5926,1
5927,4
5928,7
5929,2
5930,1
5931,2
5932,2
5933,4
5934,6
5935,2
5936,1
5937,7
5937,2
5937,4
5938,5
5939,5
5940,7
5940,2
5940,5
5940,1
5940,3
5940,6
5940,4
5941,1
5942,1
5943,5
5944,1
5945,7
5945,2
5945,5
5945,1
5945,3
5946,3
5947,2
5948,2
5948,3
5949,3
5950,7
5950,2
5950,5
5950,1
5950,3
5950,6
5950,4
5951,3
5952,2
5953,6
5954,2
5955,4
5956,4
5957,4
5958,4
5959,2
5960,5
5961,7
5961,2
5961,5
5961,1
5961,3
5962,2
5963,4
5964,6
5965,7
5965,2
5965,5
5965,1
5965,3
5966,5
5967,6
5967,4
5968,6
5969,6
5970,3
5971,4
5972,4
5973,2
5974,4
5975,4
5976,7
5977,4
5978,1
5979,7
5980,4
5981,2
5982,6
5983,6
5984,4
5985,5
5986,7
5986,2
5987,1
5988,2
5989,5
5990,7
5990,2
5990,5
5990,1
5990,3
5990,6
5990,4
5991,6
5992,7
5992,2
5992,5
5992,1
5992,3
5993,6
5994,3
5995,4
5996,5
5997,5
5998,6
5999,5
6000,3
6001,4
6002,6
6003,4
6004,2
6005,7
6006,7
6006,2
6006,5
6006,1
6006,3
6007,5
6008,1
6009,2
6010,6
6011,5
6011,1
6012,7
6013,5
6014,5
6015,3
6016,4
6017,7
6018,5
6019,6
6020,3
6021,1
6022,3
6023,6
6024,7
6025,7
6026,3
6027,6
6028,3
6029,1
6031,2
6032,5
6033,1
6034,6
6035,7
6036,7
6037,4
6038,2
6039,1
6040,5
6041,3
6042,7
6043,1
6044,4
6045,2
6046,6
6047,1
6048,4
6049,1
6050,1
6051,2
6052,6
6053,6
6054,1
6055,3
6056,4
6057,2
6058,7
6059,3
6060,7
6061,5
6062,1
6063,7
6063,2
6063,5
6063,1
6063,3
6064,3
6065,1
6066,4
6067,3
6068,4
6069,1
6070,3
6071,7
6071,2
6071,4
6072,4
6073,5
6074,2
6075,2
6076,7
6077,4
6078,7
6079,6
6080,2
6081,6
6082,5
6083,1
6084,3
6085,2
6086,6
6087,7
6087,2
6087,5
6087,1
6087,3
6087,6
6087,4
6088,2
6089,4
6090,3
6091,4
6092,6
6093,3
6094,3
6095,3
6096,1
6097,6
6098,5
6099,4
6100,7
6100,2
6100,5
6100,1
6100,3
6101,7
6101,2
6101,5
6101,1
6101,3
6102,7
6102,2
6102,5
6102,1
6102,3
6103,7
6104,6
6106,4
6107,7
6107,2
6107,5
6107,1
6107,3
6108,5
6109,1
6110,7
6110,2
6110,5
6110,1
6110,3
6110,6
6111,4
6112,6
6112,4
6113,7
6113,2
6113,5
6113,1
6113,3
6114,5
6115,7
6116,2
6117,4
6118,1
6119,1
6120,3
6121,3
6122,2
6123,5
6124,3
6125,2
6126,5
6127,7
6127,2
6127,5
6127,1
6127,3
6128,5
6129,4
6131,1
6132,7
6133,7
6134,7
6135,3
6136,2
6137,4
6138,4
6139,6
6140,4
6141,7
6142,5
6143,7
6143,2
6143,5
6143,1
6144,6
6145,1
6146,1
6147,4
6148,7
6149,4
6150,1
6151,5
6152,7
6152,2
6153,1
6154,5
6155,5
6156,6
6157,1
6158,1
6159,7
6159,2
6159,5
6159,1
6159,3
6160,7
6160,2
6160,5
6160,1
6160,3
6161,7
6161,2
6161,5
6161,1
6161,3
6162,2
6163,7
6164,4
6165,4
6166,7
6167,4
6168,7
6169,4
6170,2
6171,2
6172,4
6173,1
6174,6
6175,6
6176,3
6177,6
6178,1
6179,2
6180,6
6181,7
6181,5
6182,6
6183,7
6183,2
6183,5
6183,1
6183,3
6184,6
6185,4
6186,5
6187,3
6188,6
6189,7
6189,2
6189,5
6189,1
6189,3
6190,2
6191,6
6192,7
6193,5
6194,5
6195,5
6196,7
6196,2
6196,5
6196,1
6196,3
6197,1
6198,7
6199,5
6200,2
6201,2
6202,4
6203,4
6204,1
6205,4
6206,2
6208,2
6209,7
6210,6
6211,4
6212,4
6213,6
6214,1
6215,2
6216,7
6217,3
6218,1
6219,1
6220,2
6221,7
6221,2
6221,5
6221,1
6221,3
6222,5
6223,5
6224,7
6224,2
6224,5
6224,1
6224,3
6224,6
6224,4
6225,4
6226,7
6226,2
6226,5
6226,1
6226,3
6226,6
6226,4
6227,3
6227,6
6228,7
6228,2
6229,7
6229,2
6229,5
6229,1
6229,3
6230,7
6230,2
6230,5
6230,1
6230,3
6231,3
6232,6
6233,7
6234,1
6235,1
6236,7
6237,7
6238,2
6239,4
6240,5
6241,2
6242,5
6243,1
6244,1
6245,2
6246,6
6247,5
6248,3
6249,7
6250,3
6251,5
6252,1
6253,1
6254,6
6255,7
6256,5
6257,7
6258,1
6259,5
6260,7
6261,1
6262,3
6263,5
6264,3
6265,7
6265,2
6265,5
6265,1
6265,3
6266,5
6267,7
6268,3
6269,5
6270,7
6271,4
6272,5
6273,6
6274,6
6275,2
6276,6
6277,4
6278,1
6279,6
6280,7
6281,7
6282,2
6282,1
6282,3
6283,1
6284,5
6285,1
6286,2
6287,6
6288,1
6289,7
6289,2
6289,5
6289,4
6290,7
6290,2
6290,5
6290,1
6290,3
6291,2
6292,2
6293,4
6294,7
6294,2
6294,5
6294,1
6294,3
6295,2
6296,4
6297,1
6298,5
6299,6
6300,4
6301,6
6302,3
6303,5
6304,4
6305,1
6306,5
6307,7
6307,2
6308,1
6309,5
6310,5
6311,7
6312,7
6313,1
6314,3
6315,6
6316,4
6317,7
6317,2
6317,5
6317,1
6317,3
6318,7
6318,2
6318,5
6318,1
6318,3
6319,6
6320,4
6321,4
6322,4
6323,4
6324,6
6325,6
6326,7
6327,6
6328,2
6329,5
6330,7
6331,3
6332,4
6333,7
6334,3
6335,4
6336,3
6337,2
6338,3
6339,3
6339,6
6340,7
6340,2
6341,1
6342,5
6343,3
6344,4
6345,7
6346,6
6347,1
6348,6
6349,2
6350,3
6351,3
6352,1
6353,1
6354,5
6355,4
6356,4
6357,3
6358,7
6358,2
6358,5
6358,1
6359,5
6360,5
6361,6
6362,1
6363,1
6364,5
6365,1
6366,2
6367,2
6368,7
6368,2
6368,5
6368,4
6369,6
6370,6
6371,3
6372,4
6373,7
6373,2
6373,5
6373,1
6374,5
6375,1
6376,2
6377,3
6378,1
6379,4
6380,7
6380,2
6380,5
6380,1
6380,3
6381,4
6382,7
6383,7
6384,7
6385,1
6386,7
6386,2
6386,5
6386,1
6386,3
6388,2
6389,7
6389,2
6389,5
6389,1
6389,3
6390,6
6391,6
6391,4
6392,3
6393,3
6394,7
6394,2
6394,5
6394,1
6394,3
6395,1
6396,5
6397,6
6398,6
6399,3
6400,3
6401,1
6402,6
6403,2
6404,4
6405,6
6406,3
6407,1
6407,4
6408,7
6409,5
6410,4
6411,1
6412,7
6413,7
6414,7
6414,2
6414,5
6414,1
6414,3
6415,5
6416,4
6417,7
6417,2
6418,7
6419,7
6419,2
6419,5
6419,1
6419,3
6420,7
6420,2
6420,5
6420,1
6421,7
6422,4
6423,4
6424,4
6425,4
6426,1
6427,6
6428,5
6429,4
6430,1
6431,2
6432,2
6433,4
6434,5
6435,4
6436,5
6437,2
6438,7
6439,5
6439,1
6441,5
6442,4
6443,7
6444,4
6445,1
6446,7
6447,4
6448,2
6449,4
6450,2
6451,5
6453,4
6454,4
6455,5
6456,6
6457,7
6457,2
6457,5
6457,1
6457,3
6457,6
6457,4
6458,1
6459,3
6460,7
6460,2
6460,5
6460,1
6460,3
6461,4
6462,7
6463,7
6464,7
6465,1
6466,5
6467,7
6468,1
6469,1
6470,6
6471,1
6472,4
6473,7
6475,7
6475,2
6475,5
6476,6
6477,2
6478,4
6479,5
6480,7
6480,2
6480,5
6480,1
6480,3
6480,6
6480,4
6481,7
6481,2
6481,5
6481,1
6482,7
6483,3
6484,5
6486,6
6487,5
6488,6
6489,1
6490,5
6491,1
6491,3
6492,7
6492,2
6492,5
6492,1
6492,3
6492,6
6492,4
6493,2
6494,3
6495,2
6496,4
6497,1
6498,4
6499,5
6500,4
6502,4
6503,4
6504,5
6505,6
6506,1
6507,5
6508,4
6509,5
6510,7
6510,2
6510,5
6510,1
6510,3
6511,1
6512,7
6512,2
6512,5
6512,1
6512,3
6513,5
6514,7
6514,6
6514,4
6515,4
6516,7
6516,2
6516,5
6516,1
6516,3
6517,2
6518,2
6519,7
6520,7
6521,6
6522,5
6523,7
6524,7
6525,7
6525,2
6525,5
6525,1
6525,3
6526,2
6527,7
6528,7
6528,2
6528,5
6528,1
6528,3
6529,7
6529,2
6530,7
6530,2
6530,5
6530,1
6530,3
6531,4
6532,5
6533,1
6534,7
6535,1
6536,4
6537,7
6538,7
6538,2
6538,5
6538,1
6538,3
6539,7
6539,2
6539,5
6539,1
6540,2
6541,2
6542,3
6543,6
6544,4
6545,6
6546,6
6547,4
6548,3
6549,2
6550,7
6550,2
6550,5
6550,1
6550,3
6551,7
6552,7
6552,2
6552,6
6553,7
6553,2
6553,5
6553,1
6553,3
6554,7
6554,2
6554,5
6554,1
6554,3
6555,1
6556,7
6556,2
6556,5
6556,1
6557,4
6558,7
6559,4
6560,7
6560,2
6560,5
6560,1
6560,3
6560,6
6560,4
6561,7
6561,2
6561,5
6561,1
6561,3
6562,7
6562,2
6562,5
6562,1
6562,3
6563,7
6563,2
6563,5
6563,1
6563,3
6563,6
6563,4
6564,3
6565,2
6566,3
6567,3
6568,4
6569,1
6570,2
6571,7
6571,2
6571,5
6571,1
6571,3
6572,7
6573,3
6574,1
6575,5
6576,2
6577,1
6578,7
6578,2
6578,5
6578,1
6579,6
6580,3
6581,7
6582,1
6583,7
6583,2
6583,5
6583,1
6583,4
6584,7
6584,2
6584,5
6584,1
6585,4
6586,1
6587,5
6588,1
6589,5
6590,7
6590,2
6590,5
6590,1
6590,3
6590,6
6590,4
6591,7
6592,4
6593,7
6593,2
6593,5
6593,1
6593,3
6594,2
6595,7
6595,2
6595,5
6595,1
6595,3
6595,6
6595,4
6596,7
6596,2
6596,5
6596,1
6596,3
6596,6
6597,3
6598,7
6599,7
6599,2
6599,5
6599,1
6599,3
6600,6
6601,5
6602,3
6603,7
6603,2
6603,5
6603,1
6604,6
6605,7
6606,1
6607,3
6607,6
6608,6
6609,6
6609,4
6610,2
6611,3
6612,3
6613,2
6614,7
6615,7
6615,2
6615,5
6615,1
6615,3
6615,6
6615,4
6616,4
6617,7
6617,2
6617,5
6617,1
6617,3
6617,6
6617,4
6618,5
6619,1
6620,1
6621,3
6622,6
6623,3
6624,6
6625,7
6626,6
6627,5
6628,1
6629,7
6629,2
6629,5
6629,1
6629,3
6630,7
6630,2
6630,5
6630,1
6631,5
6632,3
6633,5
6634,5
6635,4
6636,7
6637,4
6638,3
6639,1
6639,3
6639,6
6640,4
6641,2
6642,2
6643,7
6643,2
6643,5
6643,1
6643,3
6644,1
6645,2
6646,6
6647,4
6648,6
6649,1
6650,4
6651,6
6652,1
6653,4
6654,7
6655,7
6656,6
6657,3
6658,7
6658,2
6658,5
6658,1
6658,3
6659,7
6660,1
6661,5
6662,6
6663,6
6664,3
6665,2
6666,1
6667,1
6668,7
6668,2
6668,5
6668,1
6668,3
6668,6
6668,4
6669,1
6670,4
6671,7
6672,1
6673,7
6673,2
6673,5
6673,1
6673,3
6674,6
6675,5
6676,7
6676,2
6676,5
6676,1
6676,3
6677,7
6677,2
6677,5
6677,1
6678,4
6679,7
6679,2
6679,5
6679,1
6679,3
6680,7
6680,2
6680,5
6680,1
6680,3
6681,7
6681,2
6681,5
6681,1
6681,3
6682,7
6682,2
6682,5
6682,1
6682,3
6682,6
6683,7
6683,2
6683,5
6683,1
6683,3
6684,2
6685,7
6686,2
6687,2
6688,3
6689,7
6690,7
6690,2
6690,5
6690,1
6690,4
6691,4
6692,7
6694,6
6695,7
6696,7
6697,1
6698,3
6699,2
6700,3
6701,7
6702,5
6703,7
6704,7
6705,7
6706,2
6707,6
6708,6
6709,2
6710,2
6711,7
6712,7
6713,7
6714,7
6715,6
6716,2
6717,7
6718,6
6719,2
6720,7
6721,4
6722,6
6723,5
6724,5
6725,7
6726,1
6727,5
6728,2
6729,1
6730,7
6731,6
6732,4
6733,5
6734,3
6735,6
6736,1
6737,4
6738,7
6739,3
6740,7
6741,7
6741,2
6741,5
6741,1
6741,3
6742,4
6743,4
6744,6
6745,1
6746,3
6747,4
6748,2
6749,3
6750,4
6751,2
6752,2
6753,7
6754,3
6755,6
6756,4
6757,3
6758,7
6759,3
6760,5
6761,4
6762,1
6763,3
6764,3
6766,6
6767,5
6768,4
6769,4
6770,3
6771,1
6772,6
6773,6
6773,4
6774,6
6775,7
6776,1
6777,7
6777,2
6777,5
6777,1
6777,3
6778,6
6779,4
6780,7
6780,2
6780,5
6780,1
6780,3
6781,3
6782,2
6783,5
6784,4
6785,1
6786,3
6787,2
6788,7
6788,2
6788,5
6788,1
6788,3
6788,6
6788,4
6789,7
6790,1
6791,6
6792,2
6793,7
6794,3
6795,5
6796,5
6797,4
6798,7
6798,2
6798,5
6798,1
6798,3
6798,6
6798,4
6799,1
6800,5
6801,3
6802,7
6803,7
6803,2
6803,5
6803,1
6803,3
6804,7
6804,1
6805,5
6806,7
6806,2
6806,5
6806,1
6806,3
6806,6
6806,4
6807,7
6808,5
6809,4
6810,4
6811,2
6812,4
6813,4
6814,3
6815,3
6816,7
6817,2
6818,2
6819,5
6820,2
6821,3
6822,5
6823,1
6825,7
6826,4
6827,7
6828,1
6829,1
6830,1
6831,6
6832,3
6833,4
6834,1
6835,1
6836,7
6837,7
6838,7
6838,2
6838,5
6838,1
6838,3
6838,6
6838,4
6839,4
6840,6
6841,2
6842,4
6843,4
6844,4
6845,1
6846,3
6847,5
6848,4
6849,6
6849,4
6850,4
6851,4
6852,4
6853,3
6854,3
6855,6
6856,7
6856,2
6856,5
6856,1
6856,3
6856,6
6856,4
6857,6
6858,4
6859,6
6860,6
6861,6
6862,6
6863,7
6864,6
6865,1
6866,1
6867,4
6868,2
6869,3
6870,7
6871,7
6871,2
6871,5
6871,1
6871,3
6872,2
6873,2
6874,7
6874,2
6874,5
6874,1
6874,3
6875,2
6876,5
6877,3
6878,4
6879,5
6880,4
6881,2
6882,3
6883,2
6883,5
6884,4
6885,7
6886,2
6887,5
6888,7
6889,1
6890,4
6891,4
6892,2
6893,5
6894,6
6895,6
6896,2
6897,7
6897,2
6897,5
6897,1
6897,3
6898,7
6899,6
6900,7
6901,7
6902,4
6903,7
6904,3
6905,1
6906,7
6906,2
6906,5
6906,1
6906,3
6908,7
6909,3
6910,7
6911,7
6911,2
6911,5
6911,1
6911,3
6912,7
6913,7
6915,3
6916,7
6916,2
6916,5
6916,1
6916,3
6917,2
6918,1
6919,7
6919,2
6919,5
6919,1
6919,3
6920,7
6920,2
6920,5
6920,1
6920,3
6921,7
6922,7
6923,7
6924,7
6925,2
6926,6
6927,7
6928,7
6928,2
6928,5
6928,4
6929,4
6930,4
6931,4
6932,1
6933,6
6934,4
6935,7
6936,5
6937,7
6937,2
6937,5
6937,1
6937,3
6938,3
6939,3
6940,3
6941,3
6942,3
6943,4
6944,2
6945,7
6945,2
6945,5
6945,1
6945,3
6945,6
6946,5
6947,6
6948,2
6949,2
6950,6
6951,6
6952,6
6953,6
6954,3
6955,1
6956,1
6957,3
6958,6
6959,4
6960,2
6961,6
6962,3
6963,1
6964,1
6965,4
6966,1
6967,1
6968,4
6969,4
6970,7
6970,2
6970,5
6970,1
6970,3
6971,6
6972,3
6973,7
6973,2
6973,5
6973,1
6973,3
6974,1
6975,7
6975,2
6975,5
6975,1
6975,3
6975,6
6975,4
6976,7
6976,2
6976,5
6976,1
6976,3
6976,6
6976,4
6977,5
6978,6
6979,1
6980,6
6981,3
6982,3
6983,7
6983,2
6983,5
6983,1
6983,3
6984,5
6985,7
6986,5
6987,4
6988,2
6988,1
6988,3
6989,7
6989,2
6989,5
6989,1
6989,3
6990,7
6990,2
6990,5
6990,1
6990,3
6991,2
6992,2
6993,4
6994,2
6995,6
6996,2
6997,7
6997,2
6997,5
6997,1
6997,3
6998,7
6998,2
6998,5
6998,1
6998,3
6999,3
7000,7
7000,2
7000,5
7000,1
7000,3
7001,7
7002,7
7002,2
7002,5
7002,1
7003,7
7005,2
7006,2
7007,7
7007,2
7007,5
7008,4
7009,3
7010,4
7011,5
7012,6
7013,5
7014,5
7015,5
7015,3
7016,5
7017,1
7018,7
7018,2
7018,5
7018,1
7018,3
7019,4
7020,7
7021,6
7022,1
7023,6
7024,4
7025,4
7026,5
7027,2
7028,1
7029,4
7030,7
7031,7
7031,2
7031,5
7031,1
7031,3
7032,6
7033,2
7034,3
7035,7
7036,1
7037,1
7038,1
7039,4
7040,1
7041,1
7042,7
7042,2
7042,5
7042,1
7042,3
7042,6
7042,4
7043,1
7044,7
7044,2
7044,5
7044,1
7044,3
7044,6
7044,4
7045,2
7046,7
7046,2
7046,5
7046,1
7046,3
7047,6
7048,3
7049,6
7050,6
7051,5
7052,7
7052,2
7052,5
7052,1
7052,3
7052,6
7052,4
7053,1
7054,3
7055,5
7056,7
7057,1
7058,7
7059,4
7060,7
7060,6
7060,4
7061,4
7062,1
7063,2
7064,2
7065,7
7066,4
7067,6
7068,2
7068,4
7069,7
7069,2
7069,5
7069,1
7069,3
7069,4
7070,1
7071,4
7072,5
7073,7
7073,2
7073,5
7073,1
7073,3
7073,6
7074,7
7075,5
7076,7
7077,6
7078,3
7079,2
7080,6
7081,4
7082,1
7083,7
7084,7
7085,6
7086,1
7087,7
7088,5
7089,2
7090,3
7091,5
7092,5
7093,7
7094,3
7095,5
7096,1
7097,7
7097,2
7097,5
7097,1
7097,3
7098,2
7099,1
7100,7
7100,2
7100,5
7100,1
7100,3
7101,7
7102,7
7102,2
7102,5
7102,1
7102,3
7103,7
7103,2
7103,5
7103,1
7103,3
7104,7
7104,2
7104,5
7104,1
7104,3
7105,7
7105,2
7105,5
7105,1
7105,3
7106,7
7106,2
7106,5
7106,1
7106,3
7107,7
7107,2
7107,5
7107,1
7107,3
7108,7
7108,2
7108,5
7108,1
7108,3
7109,1
7110,1
7111,7
7112,1
7113,6
7114,5
7115,1
7116,2
7117,4
7118,7
7118,2
7118,5
7118,1
7118,3
7119,6
7120,7
7120,2
7120,5
7120,1
7120,3
7121,7
7121,2
7121,5
7121,1
7121,3
7122,7
7123,4
7124,7
7124,2
7124,5
7124,1
7124,3
7125,7
7125,2
7125,5
7125,1
7125,3
7126,7
7126,2
7126,5
7126,1
7126,3
7127,7
7128,1
7129,1
7130,2
7131,3
7132,2
7133,1
7134,4
7135,5
7136,4
7137,7
7137,2
7137,5
7137,1
7137,3
7137,6
7137,4
7138,1
7139,1
7140,7
7140,2
7140,5
7140,1
7140,3
7141,4
7142,2
7143,3
7144,2
7145,2
7146,4
7147,4
7148,2
7149,3
7150,1
7151,4
7152,2
7153,6
7154,4
7155,4
7156,3
7157,3
7158,3
7159,2
7160,6
7161,2
7162,4
7163,4
7164,5
7165,2
7166,7
7167,3
7168,1
7169,7
7169,2
7169,5
7169,4
7170,4
7171,7
7171,2
7171,5
7171,1
7171,3
7171,6
7171,4
7172,7
7172,2
7172,5
7172,1
7172,3
7173,3
7174,6
7175,3
7176,7
7177,2
7178,3
7179,7
7180,4
7181,6
7182,1
7183,1
7184,4
7185,5
7186,2
7187,6
7188,1
7189,4
7190,2
7191,7
7191,2
7193,4
7194,6
7194,4
7195,5
7196,7
7197,7
7197,2
7197,5
7197,1
7197,3
7198,6
7199,2
7200,7
7200,2
7200,5
7200,1
7200,3
7201,7
7201,2
7202,5
7204,6
7205,1
7206,1
7207,7
7208,7
7208,2
7209,4
7210,6
7210,4
7211,3
7212,4
7213,1
7214,1
7215,7
7216,1
7217,3
7218,7
7218,2
7218,5
7218,1
7219,5
7220,3
7221,1
7222,5
7222,1
7223,5
7223,1
7224,6
7226,5
7227,5
7228,5
7228,1
7229,7
7230,4
7231,7
7231,2
7232,3
7233,7
7234,2
7235,6
7236,1
7237,7
7237,2
7237,5
7237,1
7238,7
7238,2
7238,5
7238,1
7239,7
7239,2
7239,5
7239,1
7239,3
7240,2
7241,7
7241,2
7241,5
7241,1
7241,3
7242,3
7243,7
7243,2
7243,5
7243,1
7244,7
7244,2
7244,5
7244,1
7244,3
7245,3
7246,5
7247,6
7248,4
7249,7
7249,2
7249,5
7249,1
7250,7
7251,7
7251,2
7251,5
7251,1
7252,3
7253,1
7254,6
7255,5
7256,6
7257,7
7258,4
7259,3
7260,3
7261,6
7262,7
7263,3
7264,5
7265,3
7266,3
7267,3
7268,7
7268,2
7268,5
7268,1
7268,3
7269,7
7270,7
7271,2
7272,7
7273,7
7273,2
7273,5
7273,1
7273,3
7274,7
7275,7
7276,7
7276,2
7276,5
7276,1
7277,4
7278,1
7279,3
7280,7
7280,2
7280,5
7280,1
7280,3
7281,6
7282,7
7283,2
7283,5
7283,1
7283,3
7284,1
7285,7
7285,2
7285,5
7285,1
7285,3
7287,7
7287,2
7287,5
7287,1
7287,3
7288,2
7289,7
7289,2
7289,5
7289,1
7290,7
7290,2
7290,5
7290,1
7291,7
7291,2
7291,5
7291,1
7291,3
7292,7
7292,2
7292,5
7292,1
7292,3
7293,7
7293,2
7293,5
7293,1
7294,7
7294,2
7294,5
7294,1
7295,7
7295,2
7295,5
7295,1
7295,3
7296,7
7296,2
7296,5
7296,1
7297,7
7297,2
7297,5
7297,1
7297,3
7298,7
7298,2
7298,5
7298,1
7298,3
7299,7
7299,2
7299,5
7299,1
7300,5
7301,4
7302,4
7303,5
7304,4
7305,4
7306,3
7307,5
7308,1
7309,2
7310,6
7311,1
7312,7
7313,7
7314,2
7315,7
7316,6
7316,4
7317,3
7318,1
7319,7
7319,2
7319,5
7319,1
7319,3
7319,6
7320,3
7321,6
7321,4
7322,6
7323,7
7323,2
7323,5
7323,1
7323,3
7324,7
7324,2
7324,5
7324,1
7325,7
7325,2
7325,5
7325,1
7325,3
7326,7
7327,2
7328,4
7329,7
7329,2
7329,5
7329,1
7330,7
7331,4
7332,7
7333,7
7333,2
7333,5
7333,1
7333,3
7334,6
7335,7
7335,2
7335,4
7336,6
7337,5
7338,6
7339,5
7340,7
7341,7
7342,3
7343,7
7343,2
7343,5
7343,1
7343,4
7344,6
7345,5
7346,3
7347,7
7347,2
7347,5
7347,1
7347,3
7348,3
7349,3
7350,5
7351,1
7352,6
7353,6
7354,3
7355,6
7356,6
7357,6
7358,2
7359,1
7360,6
7361,4
7362,7
7363,7
7364,7
7364,2
7364,5
7364,1
7364,3
7365,2
7366,6
7367,6
7368,4
7369,6
7370,6
7371,6
7372,5
7373,7
7373,2
7373,5
7373,1
7373,3
7373,6
7373,4
7374,6
7375,6
7376,7
7376,2
7376,5
7376,1
7376,3
7376,6
7376,4
7377,5
7378,4
7379,7
7380,7
7380,2
7380,5
7380,1
7380,3
7380,6
7380,4
7381,4
7382,4
7383,7
7384,5
7385,4
7386,5
7387,7
7388,7
7389,5
7390,3
7391,6
7392,6
7393,7
7394,7
7394,2
7394,5
7394,1
7395,7
7396,5
7397,7
7397,2
7397,5
7397,1
7398,6
7399,7
7399,2
7399,5
7399,1
7399,3
7400,7
7400,2
7400,5
7400,1
7400,3
7401,7
7401,2
7401,5
7401,1
7401,3
7402,7
7403,5
7404,7
7404,2
7404,5
7404,1
7404,3
7405,1
7406,4
7407,4
7408,3
7409,1
7410,7
7410,2
7410,5
7410,1
7411,4
7412,4
7413,7
7413,5
7413,3
7414,6
7415,5
7415,1
7416,7
7416,2
7416,5
7416,1
7416,3
7417,7
7417,2
7417,5
7417,1
7417,3
7417,6
7417,4
7418,6
7419,7
7419,2
7419,5
7419,1
7419,3
7419,6
7419,4
7420,1
7421,7
7421,2
7421,5
7421,1
7421,3
7422,4
7423,6
7424,1
7425,7
7425,2
7425,5
7425,1
7425,3
7426,2
7427,7
7427,2
7427,5
7427,1
7427,3
7428,7
7429,6
7430,7
7430,2
7430,5
7430,1
7431,7
7431,2
7431,5
7431,1
7431,3
7432,7
7432,2
7432,5
7432,1
7432,3
7433,5
7434,5
7435,6
7436,7
7436,2
7436,5
7436,1
7436,3
7437,7
7437,2
7437,5
7437,1
7438,4
7439,7
7439,2
7439,5
7439,1
7439,3
7440,7
7440,2
7440,5
7440,1
7440,3
7441,5
7442,5
7443,5
7444,7
7445,7
7445,2
7445,5
7445,1
7445,3
7446,5
7447,7
7448,7
7448,2
7448,5
7448,1
7448,3
7449,5
7450,2
7451,2
7452,1
7453,4
7454,7
7454,2
7454,5
7454,1
7454,3
7455,7
7455,2
7455,5
7455,1
7455,3
7456,3
7457,7
7457,2
7457,5
7457,1
7457,3
7457,6
7457,4
7458,2
7459,5
7460,4
7461,7
7462,7
7463,7
7463,2
7463,5
7463,1
7463,3
7464,7
7464,2
7464,5
7464,1
7464,3
7465,7
7465,2
7465,5
7465,1
7465,3
7466,2
7467,2
7468,7
7469,5
7470,5
7471,3
7472,2
7473,3
7474,7
7474,2
7474,5
7474,1
7474,3
7474,6
7474,4
7475,7
7476,2
7477,7
7477,2
7477,5
7477,1
7477,3
7478,4
7479,6
7480,7
7481,6
7483,7
7483,2
7484,7
7485,7
7485,2
7485,5
7485,1
7485,3
7485,6
7485,4
7486,7
7486,2
7486,5
7486,1
7486,3
7486,6
7486,4
7487,4
7488,7
7488,2
7488,5
7488,1
7488,3
7489,3
7490,7
7490,2
7490,5
7490,1
7490,3
7490,6
7490,4
7491,2
7492,5
7493,6
7494,7
7495,3
7496,5
7497,1
7498,5
7499,2
7500,5
7501,7
7502,7
7503,5
7504,6
7505,4
7506,7
7507,7
7508,7
7508,2
7508,5
7508,1
7508,3
7509,6
7510,1
7511,7
7512,3
7513,1
7514,3
7515,4
7516,7
7516,2
7516,5
7516,1
7516,3
7517,7
7517,2
7517,5
7517,1
7517,3
7518,5
7519,5
7520,4
7521,4
7522,3
7523,6
7524,4
7525,5
7526,5
7527,7
7528,1
7529,7
7529,2
7529,5
7530,1
7531,5
7532,7
7533,3
7534,3
7535,7
7536,6
7536,4
7537,4
7538,5
7539,3
7540,7
7541,7
7541,2
7541,5
7541,1
7541,3
7542,5
7543,4
7544,5
7545,5
7546,7
7547,3
7548,3
7550,7
7551,1
7552,3
7553,3
7554,1
7555,7
7555,2
7555,5
7555,1
7555,3
7556,1
7557,7
7558,6
7559,5
7560,7
7561,1
7562,6
7563,2
7564,2
7565,7
7566,2
7567,7
7567,2
7567,5
7567,1
7567,3
7568,5
7569,7
7569,2
7569,5
7569,1
7569,3
7569,6
7569,4
7570,3
7571,7
7572,5
7573,7
7575,4
7576,3
7577,7
7578,7
7579,1
7580,3
7581,4
7582,4
7583,4
7584,4
7585,3
7586,7
7586,2
7586,5
7586,1
7586,3
7586,6
7586,4
7587,3
7588,4
7589,3
7590,7
7590,2
7590,5
7590,1
7591,4
7592,1
7593,6
7594,7
7595,5
7596,4
7597,4
7598,4
7599,7
7599,2
7599,5
7599,1
7600,7
7600,2
7600,5
7600,1
7600,3
7601,2
7602,7
7603,2
7604,3
7605,7
7606,5
7607,6
7609,6
7610,6
7611,6
7612,6
7613,3
7614,6
7615,6
7616,7
7617,4
7618,7
7618,2
7618,5
7618,1
7619,2
7620,6
7621,1
7622,1
7623,4
7624,4
7625,5
7626,4
7627,2
7628,5
7629,4
7630,7
7631,6
7632,7
7632,2
7632,5
7632,1
7633,3
7634,3
7635,4
7636,6
7637,2
7638,4
7639,2
7640,7
7641,6
7642,6
7643,4
7644,5
7645,7
7646,7
7647,5
7648,4
7649,3
7650,7
7650,2
7650,5
7650,1
7650,3
7651,6
7652,4
7653,4
7654,4
7655,4
7656,4
7657,4
7658,4
7659,7
7659,6
7659,4
7660,5
7661,7
7662,7
7663,1
7664,7
7665,1
7666,3
7667,6
7668,3
7669,7
7670,3
7671,3
7672,7
7673,6
7674,1
7675,1
7676,4
7677,6
7678,2
7679,2
7680,4
7681,5
7682,2
7683,3
7684,2
7685,7
7686,4
7687,2
7688,7
7688,2
7688,5
7688,1
7688,3
7688,6
7688,4
7689,6
7690,5
7691,7
7691,2
7691,5
7691,1
7691,3
7692,3
7693,4
7694,4
7695,7
7695,2
7695,5
7695,1
7695,3
7696,2
7697,7
7698,7
7699,2
7700,7
7701,1
7702,2
7703,7
7704,2
7704,4
7705,7
7706,7
7706,2
7706,5
7706,1
7706,3
7707,7
7707,2
7707,5
7707,1
7707,3
7708,4
7709,1
7710,4
7711,7
7711,2
7711,5
7711,1
7712,4
7713,7
7714,2
7715,7
7715,2
7715,5
7715,1
7716,7
7716,2
7716,5
7716,1
7716,3
7717,7
7717,2
7717,5
7717,1
7717,3
7718,6
7719,7
7719,2
7719,5
7719,1
7719,3
7720,4
7721,7
7721,2
7721,5
7721,1
7721,3
7722,6
7723,7
7723,2
7723,5
7723,1
7724,7
7724,2
7724,5
7724,1
7724,3
7725,5
7726,7
7727,2
7728,2
7729,6
7730,7
7731,2
7732,2
7733,2
7734,3
7735,1
7736,4
7737,4
7738,4
7739,5
7740,1
7741,7
7741,2
7741,5
7741,1
7741,3
7742,4
7743,7
7744,7
7745,5
7746,7
7746,2
7746,5
7746,1
7746,3
7746,6
7746,4
7747,3
7748,5
7749,1
7750,3
7751,7
7751,2
7751,5
7751,1
7751,3
7751,6
7751,4
7752,2
7753,2
7753,5
7753,1
7754,7
7754,2
7754,5
7754,1
7754,3
7755,7
7756,3
7757,7
7757,2
7757,5
7757,1
7757,3
7757,6
7757,4
7758,3
7759,4
7760,6
7761,1
7762,7
7762,2
7762,5
7762,1
7762,3
7763,1
7764,7
7765,1
7766,7
7767,7
7768,3
7769,6
7770,6
7771,4
7772,5
7772,1
7773,7
7773,2
7773,5
7773,1
7774,2
7775,4
7776,1
7777,1
7778,7
7778,2
7778,5
7778,1
7778,3
7779,4
7780,2
7781,2
7782,2
7783,5
7784,3
7785,1
7786,3
7787,4
7788,7
7789,3
7790,7
7791,7
7792,6
7793,1
7794,1
7795,1
7796,1
7797,3
7798,3
7799,3
7800,6
7801,1
7802,2
7803,3
7804,2
7805,7
7806,4
7807,7
7808,5
7809,5
7810,7
7810,2
7810,5
7810,1
7811,5
7812,6
7813,7
7813,2
7813,5
7813,1
7814,5
7815,2
7815,5
7815,1
7816,5
7817,4
7818,2
7819,1
7820,1
7821,1
7822,5
7823,3
7824,4
7825,4
7826,7
7828,5
7829,7
7829,2
7829,5
7829,1
7830,2
7831,4
7832,7
7832,2
7832,5
7832,1
7832,3
7833,2
7834,6
7834,4
7835,7
7835,2
7835,5
7835,1
7836,7
7836,2
7836,5
7836,1
7836,3
7837,4
7838,7
7838,2
7838,5
7838,1
7838,3
7838,6
7838,4
7839,7
7839,2
7839,5
7839,1
7839,3
7840,7
7841,7
7841,2
7841,5
7841,1
7841,3
7842,6
7843,7
7843,2
7843,5
7843,1
7843,3
7844,7
7844,2
7844,5
7844,1
7844,3
7845,7
7845,2
7845,5
7845,1
7845,3
7846,7
7846,2
7846,5
7846,1
7846,3
7847,7
7847,2
7847,5
7847,1
7847,3
7848,6
7849,7
7849,2
7849,5
7849,1
7849,3
7850,7
7850,2
7850,5
7850,1
7850,3
7851,7
7851,2
7851,5
7851,1
7851,3
7852,5
7853,5
7854,7
7855,2
7856,2
7857,3
7858,3
7859,4
7860,7
7861,5
7863,1
7864,1
7865,4
7866,1
7867,1
7868,7
7869,7
7869,2
7869,5
7869,1
7869,3
7870,7
7871,1
7872,7
7873,7
7874,3
7875,3
7876,1
7877,6
7878,1
7879,5
7880,6
7881,2
7882,5
7883,5
7884,2
7885,2
7886,6
7887,5
7888,1
7889,7
7890,7
7890,2
7890,5
7890,1
7890,3
7890,6
7890,4
7891,7
7891,2
7891,5
7891,1
7891,3
7892,3
7892,6
7892,4
7893,5
7894,7
7895,2
7896,7
7897,6
7898,6
7899,7
7900,7
7900,2
7900,5
7901,7
7902,7
7902,2
7902,5
7902,1
7902,3
7903,7
7903,2
7903,5
7903,1
7903,3
7904,7
7904,2
7904,5
7904,1
7904,3
7905,2
7906,2
7907,1
7908,3
7909,6
7910,3
7911,5
7912,4
7913,3
7914,5
7915,7
7916,6
7917,5
7918,7
7919,7
7920,3
7921,5
7922,1
7923,3
7924,7
7925,6
7926,3
7927,7
7928,1
7929,4
7930,1
7931,2
7932,6
7933,7
7933,2
7933,5
7933,1
7933,3
7934,7
7934,2
7934,5
7934,1
7934,3
7935,7
7935,2
7935,5
7935,1
7935,3
7936,6
7936,4
7937,7
7937,2
7937,5
7937,1
7937,3
7937,6
7937,4
7938,7
7939,5
7940,6
7941,3
7942,7
7942,2
7942,5
7942,1
7943,7
7943,2
7943,5
7943,1
7943,3
7944,7
7944,2
7944,5
7944,1
7945,1
7946,7
7946,2
7946,5
7946,1
7946,3
7946,6
7947,6
7948,4
7949,2
7950,4
7951,7
7952,3
7953,4
7954,4
7955,1
7956,2
7956,1
7957,6
7958,7
7959,5
7960,3
7961,7
7961,2
7961,5
7961,1
7961,3
7962,1
7963,5
7964,4
7965,2
7965,5
7965,1
7965,3
7966,7
7966,2
7966,5
7966,1
7966,3
7967,7
7967,2
7967,5
7967,1
7967,3
7968,7
7969,7
7970,2
7971,7
7971,2
7971,5
7971,1
7971,3
7972,6
7973,1
7974,4
7975,3
7976,2
7977,6
7978,2
7979,2
7980,4
7981,6
7982,4
7983,2
7984,4
7985,7
7985,2
7985,5
7985,1
7985,3
7985,6
7985,4
7986,2
7987,4
7988,2
7989,2
7990,7
7991,1
7992,2
7993,2
7995,4
7996,6
7997,6
7998,3
7999,4
8000,7
8000,2
8000,5
8000,1
8000,3
8001,3
8002,2
8003,6
8004,6
8005,7
8005,2
8005,5
8005,1
8006,4
8007,7
8007,2
8007,5
8007,1
8009,3
8010,2
8011,1
8012,7
8013,7
8013,2
8013,5
8013,1
8013,3
8013,6
8013,4
8014,4
8015,3
8016,4
8019,3
8020,7
8020,2
8020,5
8020,1
8020,3
8021,1
8022,3
8023,5
8024,7
8025,7
8025,2
8025,5
8025,1
8025,3
8026,2
8027,5
8028,4
8029,5
8030,6
8031,4
8032,7
8033,7
8034,5
8035,6
8036,6
8037,7
8037,2
8037,5
8037,1
8037,3
8038,7
8038,2
8038,5
8038,1
8038,3
8038,6
8038,4
8039,7
8039,2
8039,5
8039,1
8039,3
8040,2
8041,7
8042,7
8042,2
8042,5
8042,1
8042,3
8043,6
8043,4
8044,7
8044,2
8044,5
8044,1
8044,3
8045,7
8045,2
8045,5
8045,1
8045,3
8046,7
8046,2
8046,5
8046,1
8046,3
8047,7
8047,2
8047,5
8047,1
8047,3
8048,4
8049,1
8050,6
8051,2
8052,3
8053,2
8054,4
8055,6
8056,3
8057,4
8059,3
8060,1
8061,4
8062,2
8063,4
8064,7
8065,7
8065,2
8065,5
8065,1
8066,7
8066,2
8066,5
8066,1
8066,3
8067,7
8067,2
8067,5
8067,1
8067,3
8068,7
8069,2
8070,2
8071,7
8072,7
8073,1
8074,1
8075,7
8076,2
8077,7
8077,2
8077,5
8078,5
8079,2
8080,2
8081,7
8081,2
8081,5
8081,1
8081,3
8081,6
8081,4
8082,2
8083,7
8084,2
8085,6
8085,4
8086,7
8086,2
8086,5
8086,1
8086,3
8086,6
8086,4
8087,7
8087,2
8087,5
8087,1
8087,3
8087,6
8087,4
8088,7
8089,5
8090,3
8091,3
8092,2
8093,2
8094,7
8095,5
8096,2
8097,6
8098,4
8099,1
8100,1
8101,7
8102,5
8103,1
8104,1
8105,1
8106,5
8107,3
8108,3
8109,2
8110,7
8110,2
8110,5
8110,1
8110,3
8111,5
8112,1
8113,5
8114,5
8115,5
8116,5
8117,3
8118,7
8118,2
8118,5
8118,1
8118,3
8118,6
8118,4
8119,7
8119,2
8119,5
8119,1
8119,3
8120,6
8121,4
8122,7
8123,7
8124,7
8124,2
8124,5
8124,1
8124,3
8125,7
8125,4
8126,7
8127,4
8128,7
8128,2
8128,5
8128,1
8128,3
8128,6
8128,4
8129,7
8130,2
8131,5
8132,5
8133,5
8134,6
8135,6
8135,4
8136,4
8137,7
8138,7
8139,7
8139,2
8139,5
8139,1
8139,3
8140,7
8141,7
8142,7
8143,7
8144,7
8145,4
8146,5
8147,6
8148,5
8149,7
8149,2
8149,5
8149,1
8150,7
8151,6
8152,5
8153,2
8154,3
8155,7
8156,1
8157,7
8158,2
8159,6
8160,6
8161,7
8162,1
8162,3
8163,5
8164,2
8165,7
8166,2
8167,6
8168,6
8168,4
8169,7
8170,5
8170,1
8171,7
8171,2
8171,5
8171,1
8171,3
8172,2
8173,4
8174,5
8174,1
8175,5
8175,1
8176,7
8176,2
8176,5
8176,1
8176,3
8177,3
8177,6
8178,6
8178,4
8179,3
8180,7
8180,2
8181,7
8181,2
8181,5
8181,1
8182,7
8182,2
8182,5
8182,1
8182,3
8182,6
8182,4
8183,1
8184,2
8185,3
8186,7
8187,5
8188,5
8189,4
8191,6
8192,7
8192,2
8192,5
8192,1
8192,3
8192,6
8192,4
8193,2
8194,2
8195,7
8196,4
8197,4
8198,3
8199,7
8199,2
8199,5
8199,1
8199,3
8199,6
8199,4
8200,7
8200,2
8200,5
8200,1
8200,3
8200,6
8200,4
8201,1
8202,1
8203,7
8203,2
8203,5
8203,1
8203,3
8204,2
8205,1
8206,4
8207,4
8208,7
8209,7
8209,2
8209,5
8209,1
8209,3
8210,7
8210,2
8210,5
8210,1
8210,3
8210,6
8210,4
8211,6
8211,4
8212,7
8213,2
8214,1
8215,7
8215,2
8215,5
8216,7
8216,2
8216,5
8216,1
8216,3
8217,2
8218,5
8219,3
8220,7
8221,7
8222,5
8223,6
8224,3
8225,3
8226,7
8226,2
8226,5
8226,1
8226,3
8227,2
8227,5
8228,7
8229,7
8229,2
8229,5
8229,1
8229,3
8230,6
8231,6
8232,4
8233,4
8234,3
8235,6
8236,5
8237,6
8238,7
8238,2
8238,5
8238,6
8238,4
8239,7
8239,2
8239,5
8239,1
8240,2
8241,3
8243,7
8243,2
8244,2
8245,5
8246,7
8247,7
8248,2
8249,2
8249,1
8250,6
8251,2
8252,4
8253,6
8254,6
8255,6
8256,6
8256,4
8257,6
8258,7
8258,2
8258,5
8258,1
8258,3
8259,3
8260,7
8261,4
8262,7
8262,2
8262,5
8262,1
8262,3
8262,6
8262,4
8263,4
8264,1
8265,2
8266,5
8267,7
8268,4
8269,3
8270,7
8271,1
8272,7
8272,2
8272,5
8272,1
8272,3
8273,7
8274,4
8275,4
8276,5
8277,4
8278,6
8279,6
8280,2
8280,1
8281,5
8282,1
8283,2
8284,4
8285,7
8285,2
8285,5
8285,1
8285,3
8286,4
8287,7
8287,2
8287,5
8287,1
8287,3
8288,4
8289,3
8290,7
8291,6
8292,7
8293,1
8294,7
8294,2
8295,5
8296,7
8296,2
8296,5
8296,1
8296,3
8296,6
8296,4
8297,7
8297,4
8298,4
8299,7
8299,2
8299,5
8299,1
8300,6
8301,6
8302,1
8303,5
8304,3
8305,7
8306,7
8306,2
8306,5
8306,1
8306,3
8306,6
8306,4
8307,1
8308,3
8309,6
8310,5
8311,2
8312,1
8313,5
8314,3
8315,2
8316,1
8317,6
8318,3
8319,7
8320,5
8321,6
8322,7
8323,4
8324,7
8324,2
8324,5
8324,1
8324,3
8325,2
8326,2
8327,4
8328,7
8329,2
8330,5
8331,1
8332,3
8333,6
8334,3
8335,3
8336,6
8337,6
8338,4
8339,5
8340,4
8341,2
8342,1
8343,1
8344,3
8345,1
8346,2
8347,4
8348,7
8350,3
8350,6
8351,1
8352,7
8354,7
8355,2
8356,7
8357,3
8358,5
8359,2
8360,4
8361,1
8362,5
8363,1
8364,7
8365,7
8365,2
8365,5
8365,1
8365,3
8365,6
8365,4
8366,7
8366,2
8366,5
8366,1
8366,3
8367,7
8367,2
8367,5
8367,1
8368,7
8368,2
8368,5
8368,1
8368,3
8369,7
8369,2
8369,5
8369,1
8369,3
8369,6
8369,4
8370,7
8370,2
8370,5
8370,1
8370,3
8370,6
8371,7
8371,2
8371,5
8371,1
8371,4
8372,7
8372,2
8372,5
8372,1
8372,3
8373,7
8373,2
8373,5
8373,1
8373,3
8374,7
8374,2
8374,5
8374,1
8374,3
8375,7
8375,2
8375,5
8375,1
8375,3
8375,6
8375,4
8376,4
8377,4
8379,7
8380,5
8381,4
8382,1
8383,4
8384,7
8384,2
8384,5
8384,1
8384,3
8385,2
8386,2
8387,1
8388,6
8389,7
8390,2
8391,6
8392,6
8393,6
8394,1
8396,7
8397,1
8398,7
8398,2
8398,5
8398,1
8399,6
8400,6
8401,6
8402,7
8402,2
8402,5
8402,1
8402,3
8403,5
8404,6
8405,6
8406,7
8406,2
8406,5
8406,1
8406,3
8407,7
8407,2
8407,5
8407,1
8407,3
8409,6
8410,6
8411,2
8412,7
8412,2
8412,5
8412,1
8412,3
8413,3
8414,2
8415,1
8416,3
8417,1
8418,3
8419,7
8419,2
8419,5
8419,1
8420,6
8421,3
8422,1
8423,5
8424,1
8425,5
8426,4
8427,2
8428,6
8429,6
8430,5
8431,2
8432,5
8433,1
8434,7
8435,7
8436,1
8437,7
8438,5
8439,7
8440,7
8440,2
8440,5
8440,1
8440,3
8441,7
8441,2
8441,5
8441,1
8441,3
8442,2
8443,5
8444,1
8445,1
8446,7
8447,4
8448,3
8449,7
8449,2
8449,5
8449,1
8449,3
8449,6
8449,4
8450,2
8451,6
8452,5
8453,4
8454,7
8455,7
8455,4
8456,2
8457,5
8458,2
8459,7
8460,7
8460,2
8460,5
8460,1
8461,5
8462,7
8463,2
8464,2
8465,7
8465,2
8465,5
8465,1
8465,3
8466,7
8467,5
8468,3
8469,4
8471,5
8473,7
8475,7
8476,5
8477,4
8478,4
8479,7
8479,2
8479,5
8479,1
8479,3
8479,6
8479,4
8480,2
8481,5
8482,7
8483,1
8484,1
8485,1
8486,4
8487,2
8488,2
8489,7
8490,6
8491,2
8492,6
8493,7
8493,2
8493,5
8493,1
8493,3
8495,3
8496,6
8497,6
8498,6
8499,6
8500,7
8500,2
8500,5
8500,1
8500,3
8501,4
8502,5
8503,5
8504,7
8505,5
8506,1
8507,7
8508,7
8509,5
8510,5
8511,4
8512,4
8513,7
8513,2
8513,5
8513,1
8513,3
8513,6
8513,4
8514,4
8515,4
8516,1
8517,6
8518,6
8519,7
8519,2
8519,5
8519,1
8519,3
8520,7
8520,2
8520,5
8520,1
8520,3
8521,4
8522,4
8523,4
8524,4
8525,3
8526,7
8527,7
8528,4
8529,4
8530,4
8531,7
8532,3
8533,7
8533,2
8533,5
8533,1
8533,3
8534,3
8535,5
8536,7
8536,2
8536,5
8536,1
8536,3
8537,7
8538,2
8539,1
8540,7
8540,2
8540,5
8540,1
8540,3
8540,6
8540,4
8541,1
8542,2
8543,1
8544,5
8545,5
8546,2
8547,5
8548,6
8549,7
8550,3
8551,2
8552,5
8553,2
8553,5
8554,7
8554,2
8555,7
8555,2
8555,5
8555,1
8555,3
8556,2
8557,1
8558,5
8559,6
8560,4
8561,7
8561,2
8561,5
8561,1
8561,3
8562,5
8563,7
8564,7
8564,2
8564,5
8564,1
8565,7
8566,7
8566,2
8566,5
8566,1
8567,5
8568,7
8568,2
8568,5
8568,1
8568,3
8569,3
8570,1
8571,6
8572,7
8572,2
8572,5
8572,1
8572,3
8573,1
8574,4
8575,5
8576,6
8577,1
8578,4
8579,4
8580,5
8581,6
8582,2
8583,1
8584,4
8585,1
8586,6
8587,4
8588,6
8589,5
8590,5
8591,3
8592,2
8593,4
8594,3
8595,5
8596,7
8597,6
8598,7
8598,2
8598,5
8598,1
8598,3
8598,6
8598,4
8599,6
8600,2
8600,5
8600,1
8600,4
8601,4
8602,6
8603,6
8604,7
8604,2
8604,5
8604,1
8604,3
8604,6
8604,4
8605,7
8605,2
8605,5
8605,1
8605,3
8606,5
8607,3
8608,3
8609,3
8610,1
8611,7
8612,5
8613,1
8614,3
8615,5
8616,6
8617,7
8617,2
8617,5
8617,1
8617,3
8618,7
8618,2
8618,5
8618,1
8619,6
8620,5
8621,7
8621,2
8621,5
8621,1
8621,3
8622,3
8623,6
8624,2
8625,4
8626,6
8627,7
8627,2
8627,5
8627,1
8627,3
8627,6
8627,4
8628,7
8628,2
8628,5
8628,1
8628,3
8629,7
8629,2
8629,5
8629,1
8629,3
8630,6
8630,4
8631,7
8631,2
8631,5
8631,1
8631,3
8632,4
8633,6
8634,6
8635,6
8635,4
8636,7
8636,2
8636,5
8636,1
8636,3
8637,6
8638,6
8639,6
8640,7
8640,2
8640,5
8640,1
8640,3
8641,6
8642,6
8643,7
8643,2
8643,5
8643,1
8643,3
8644,7
8644,2
8644,5
8644,1
8644,3
8645,4
8646,6
8647,6
8648,7
8648,2
8648,5
8648,1
8648,3
8649,6
8650,4
8651,6
8652,6
8653,6
8654,3
8655,3
8656,3
8657,6
8658,6
8659,5
8660,1
8661,3
8662,6
8663,2
8664,7
8665,7
8665,2
8666,2
8667,5
8668,4
8669,2
8670,2
8671,6
8672,7
8673,1
8674,7
8674,4
8675,7
8676,1
8677,1
8678,3
8679,1
8680,2
8681,2
8682,1
8683,5
8684,7
8684,2
8684,5
8684,1
8684,3
8684,6
8684,4
8685,5
8686,2
8687,7
8688,7
8689,4
8690,4
8691,4
8692,3
8693,6
8694,5
8695,1
8696,7
8697,1
8698,5
8699,7
8700,2
8701,5
8701,6
8702,4
8703,1
8704,5
8705,7
8706,3
8707,4
8708,1
8709,6
8710,4
8711,4
8712,4
8713,5
8714,3
8715,4
8716,7
8717,2
8718,7
8719,5
8720,2
8721,5
8721,1
8722,2
8723,7
8724,1
8725,1
8726,6
8727,2
8728,1
8729,1
8730,4
8731,3
8732,7
8734,7
8735,7
8736,4
8737,3
8738,4
8739,7
8740,5
8741,5
8741,1
8742,4
8743,4
8744,7
8744,2
8744,5
8744,1
8744,3
8745,7
8746,2
8747,2
8747,1
8748,5
8749,4
8750,1
8751,1
8752,4
8753,7
8753,2
8753,5
8753,1
8753,3
8754,4
8755,4
8756,6
8757,2
8758,1
8759,1
8760,4
8761,2
8762,6
8763,4
8764,4
8765,4
8766,3
8767,5
8768,1
8769,6
8770,3
8771,6
8772,4
8773,7
8774,1
8775,7
8776,2
8777,7
8778,1
8779,3
8780,6
8781,7
8782,4
8783,2
8784,3
8785,6
8786,6
8787,4
8788,4
8789,7
8790,7
8790,2
8790,5
8790,1
8790,3
8791,7
8791,2
8791,5
8791,1
8791,3
8792,7
8792,2
8792,5
8792,1
8792,3
8793,7
8793,2
8793,5
8793,1
8793,3
8794,1
8795,7
8795,2
8795,5
8796,7
8796,2
8796,5
8797,5
8798,4
8799,7
8800,2
8801,7
8802,3
8803,6
8804,1
8806,6
8807,6
8807,4
8808,5
8809,7
8809,2
8809,5
8809,1
8809,3
8810,7
8810,2
8810,5
8810,1
8810,3
8811,7
8811,2
8811,5
8811,1
8811,3
8811,6
8811,4
8812,6
8813,7
8813,2
8813,5
8813,1
8813,3
8814,7
8814,2
8814,5
8814,1
8814,3
8814,6
8814,4
8815,5
8816,7
8816,2
8816,5
8816,1
8816,3
8817,4
8818,7
8819,2
8820,2
8821,7
8821,2
8821,5
8821,1
8822,3
8823,6
8825,2
8826,6
8827,3
8828,7
8829,7
8829,2
8829,5
8829,1
8830,7
8830,2
8830,5
8830,1
8830,3
8831,3
8832,4
8833,7
8833,2
8833,5
8833,1
8833,3
8834,7
8834,2
8834,5
8834,1
8834,3
8835,6
8836,3
8837,7
8838,5
8839,6
8840,5
8841,7
8842,7
8842,2
8842,5
8842,1
8842,3
8843,4
8844,2
8845,7
8846,2
8846,5
8847,7
8848,3
8849,7
8850,7
8851,7
8852,2
8853,2
8854,6
8855,4
8856,6
8857,6
8858,2
8859,2
8860,4
8861,2
8862,4
8863,4
8864,1
8865,2
8866,4
8867,2
8868,2
8869,4
8870,2
8871,4
8872,6
8873,2
8874,7
8874,2
8874,5
8874,1
8875,7
8875,2
8875,5
8875,1
8875,3
8876,2
8877,4
8878,7
8878,2
8878,5
8878,1
8878,3
8879,6
8880,7
8880,2
8880,5
8880,1
8880,3
8880,6
8880,4
8881,7
8881,2
8881,5
8881,1
8881,3
8881,6
8881,4
8882,6
8883,7
8883,2
8883,5
8883,1
8883,3
8884,7
8885,5
8886,5
8887,5
8888,5
8889,7
8889,2
8889,5
8889,1
8889,3
8890,7
8891,3
8892,4
8893,3
8894,7
8894,2
8894,5
8894,1
8894,3
8895,6
8896,1
8897,6
8898,3
8899,7
8900,7
8901,6
8902,4
8903,5
8905,6
8906,3
8907,3
8908,3
8909,3
8910,3
8911,4
8912,7
8914,7
8915,3
8916,7
8916,2
8916,5
8916,1
8917,1
8918,6
8919,7
8920,6
8921,2
8922,2
8923,2
8924,2
8925,5
8926,7
8927,1
8928,6
8929,2
8930,6
8931,7
8932,2
8933,2
8934,7
8934,2
8934,5
8934,1
8934,3
8934,6
8934,4
8935,5
8936,3
8936,6
8937,5
8938,7
8938,2
8938,5
8938,1
8938,3
8939,6
8940,4
8941,3
8942,1
8943,2
8944,5
8945,3
8946,7
8947,7
8948,1
8949,7
8949,2
8949,5
8949,1
8949,3
8949,6
8949,4
8950,2
8951,7
8952,7
8952,2
8952,5
8952,1
8952,3
8952,6
8952,4
8953,4
8954,7
8954,2
8954,5
8954,1
8954,3
8954,6
8954,4
8955,7
8955,2
8955,5
8955,1
8955,3
8955,6
8955,4
8956,6
8957,6
8957,4
8958,7
8958,2
8958,5
8958,1
8958,3
8959,7
8959,2
8959,5
8959,1
8959,3
8960,7
8960,2
8960,5
8960,1
8960,3
8961,7
8961,2
8961,5
8961,1
8961,3
8962,7
8962,2
8962,5
8962,1
8962,3
8963,7
8963,2
8963,5
8963,1
8963,3
8964,5
8965,1
8966,4
8967,3
8968,7
8968,2
8968,5
8968,1
8968,3
8968,6
8968,4
8969,7
8969,2
8969,5
8969,1
8969,3
8969,6
8969,4
8970,7
8970,5
8970,3
8971,5
8972,5
8973,7
8973,5
8974,5
8975,5
8976,2
8977,1
8978,6
8979,7
8979,2
8979,5
8979,1
8979,3
8980,4
8981,7
8981,2
8981,5
8981,1
8981,3
8982,7
8982,2
8982,5
8982,1
8982,3
8983,7
8983,5
8984,1
8985,1
8986,3
8987,6
8988,4
8989,4
8990,6
8991,1
8992,5
8993,6
8994,5
8995,6
8996,4
8997,7
8998,7
8999,7
8999,2
8999,5
8999,1
8999,3
8999,6
8999,4
9000,7
9000,2
9000,5
9000,1
9000,3
9000,6
9000,4
9001,7
9001,2
9001,5
9001,1
9001,3
9001,6
9001,4
9002,7
9002,2
9002,5
9002,1
9002,3
9002,6
9002,4
9003,7
9003,2
9003,5
9003,1
9003,3
9004,1
9005,2
9006,2
9006,1
9007,7
9008,7
9009,2
9010,6
9011,6
9012,6
9013,6
9013,4
9014,7
9014,2
9014,5
9014,1
9014,3
9014,6
9014,4
9015,4
9016,3
9017,3
9018,7
9019,3
9020,2
9021,6
9022,6
9023,7
9023,2
9023,5
9023,1
9023,3
9024,7
9024,2
9024,5
9024,1
9024,3
9024,6
9024,4
9025,2
9026,1
9027,1
9028,4
9029,1
9030,4
9031,4
9032,2
9034,7
9034,5
9034,3
9035,7
9036,2
9037,4
9038,2
9039,7
9039,2
9039,5
9039,1
9040,1
9041,4
9042,3
9043,3
9044,3
9045,6
9047,2
9049,2
9052,7
9053,4
9054,4
9055,7
9055,4
9056,4
9057,4
9058,6
9059,4
9060,6
9061,2
9062,6
9063,2
9064,5
9065,7
9065,2
9065,5
9065,1
9066,4
9067,7
9067,2
9067,5
9067,1
9067,3
9068,2
9068,5
9069,3
9070,4
9071,4
9072,1
9073,3
9074,7
9074,2
9074,5
9074,1
9074,3
9075,6
9076,1
9077,3
9078,7
9079,2
9080,4
9081,7
9082,3
9083,6
9084,4
9085,6
9086,3
9087,4
9088,1
9089,2
9090,7
9091,6
9092,4
9093,7
9093,2
9093,5
9094,5
9095,5
9096,1
9097,4
9098,4
9099,7
9100,6
9101,7
9101,2
9101,5
9101,1
9101,3
9102,4
9103,2
9104,1
9105,1
9106,7
9107,4
9108,5
9109,1
9110,7
9111,1
9112,6
9113,3
9114,7
9115,4
9116,4
9117,6
9118,1
9119,3
9120,2
9121,7
9121,2
9121,5
9121,1
9121,3
9122,6
9123,7
9123,2
9123,5
9123,1
9123,3
9123,6
9123,4
9124,3
9125,2
9126,3
9127,7
9127,2
9127,5
9127,1
9128,6
9129,4
9130,6
9131,3
9132,6
9133,1
9134,3
9135,3
9135,6
9136,2
9137,1
9138,2
9139,2
9140,7
9140,2
9140,5
9140,1
9140,3
9140,6
9140,4
9141,1
9142,3
9143,4
9144,4
9145,4
9146,7
9147,1
9148,4
9149,1
9150,2
9150,4
9151,5
9152,5
9153,2
9154,3
9155,7
9156,3
9157,5
9158,5
9159,7
9159,2
9159,5
9159,1
9159,3
9160,7
9160,2
9160,5
9160,1
9160,3
9161,6
9161,4
9162,7
9163,7
9164,3
9165,6
9166,6
9167,4
9168,4
9169,7
9169,2
9169,5
9169,1
9169,3
9169,6
9169,4
9170,3
9171,1
9172,7
9172,2
9172,5
9172,1
9172,3
9172,6
9172,4
9173,2
9174,2
9175,7
9176,7
9177,1
9178,4
9179,7
9179,2
9179,5
9179,1
9179,3
9180,7
9180,2
9180,5
9180,1
9180,3
9181,7
9181,2
9181,5
9181,1
9181,3
9181,6
9181,4
9182,7
9182,2
9182,5
9182,1
9182,3
9183,3
9184,7
9184,2
9184,5
9184,1
9184,3
9185,7
9185,2
9185,5
9185,1
9185,3
9186,1
9187,7
9187,2
9187,5
9187,1
9187,3
9188,2
9189,3
9190,7
9190,2
9190,5
9190,1
9190,3
9191,7
9191,2
9191,5
9191,1
9191,3
9192,6
9193,4
9194,6
9195,5
9196,4
9197,3
9198,4
9200,7
9201,7
9202,4
9203,2
9204,7
9205,2
9206,7
9207,7
9207,2
9207,5
9207,1
9207,3
9207,6
9207,4
9208,3
9209,4
9210,2
9211,3
9212,3
9213,4
9214,2
9215,2
9216,7
9216,2
9216,5
9216,1
9216,3
9216,6
9216,4
9217,3
9218,7
9218,2
9218,5
9218,1
9218,3
9219,7
9219,2
9219,5
9219,1
9219,3
9220,6
9221,2
9222,7
9223,2
9224,4
9225,4
9226,4
9227,7
9228,7
9228,2
9228,5
9228,1
9228,3
9229,7
9230,6
9231,6
9232,6
9233,7
9234,7
9234,2
9234,5
9234,1
9234,3
9234,6
9234,4
9235,2
9236,2
9237,4
9238,7
9239,7
9240,7
9241,6
9242,7
9242,2
9242,5
9242,1
9242,3
9243,2
9244,2
9245,4
9246,5
9247,5
9248,1
9249,7
9251,2
9252,5
9253,4
9254,6
9255,2
9256,2
9257,4
9258,2
9259,1
9260,2
9261,3
9262,7
9263,1
9264,5
9265,2
9266,4
9267,2
9268,6
9269,7
9269,2
9269,5
9269,1
9269,3
9270,4
9271,5
9272,3
9273,4
9274,1
9275,7
9276,4
9277,2
9278,2
9279,5
9280,3
9281,5
9282,7
9283,1
9284,6
9285,7
9285,2
9285,5
9285,1
9286,6
9287,7
9288,2
9289,3
9290,6
9291,1
9292,7
9292,2
9292,5
9292,1
9292,3
9293,6
9294,4
9295,4
9296,1
9297,1
9299,3
9300,1
9301,2
9302,2
9303,6
9304,6
9305,4
9306,6
9307,3
9308,1
9309,4
9310,1
9311,2
9312,4
9313,6
9313,4
9314,5
9315,6
9316,3
9317,4
9318,6
9319,4
9322,6
9323,7
9324,4
9325,3
9326,3
9327,1
9328,7
9329,3
9330,6
9331,6
9332,1
9333,4
9334,3
9335,7
9336,5
9337,3
9338,5
9339,4
9340,4
9341,7
9342,4
9343,7
9344,6
9345,5
9347,7
9347,2
9347,5
9347,1
9347,3
9348,7
9348,2
9348,5
9348,1
9349,5
9350,3
9351,3
9352,5
9353,6
9354,3
9355,7
9355,2
9355,5
9355,1
9355,3
9356,4
9357,6
9358,4
9359,4
9360,6
9361,2
9362,2
9363,1
9364,4
9365,6
9366,4
9367,1
9368,2
9370,4
9371,1
9372,6
9372,4
9373,4
9374,7
9374,2
9374,5
9374,1
9375,6
9376,7
9376,2
9376,5
9376,1
9376,3
9376,6
9376,4
9377,7
9377,5
9377,1
9377,3
9378,3
9379,4
9380,4
9381,7
9382,5
9382,1
9383,1
9384,5
9387,7
9389,3
9390,3
9391,3
9393,4
9394,4
9395,1
9396,4
9397,4
9398,4
9399,1
9400,7
9401,2
9402,2
9403,7
9404,3
9405,7
9405,2
9405,5
9405,1
9405,3
9405,4
9406,7
9406,2
9406,5
9406,1
9406,3
9406,4
9407,4
9408,2
9409,4
9410,7
9410,2
9410,5
9410,1
9410,3
9411,1
9412,1
9413,7
9413,2
9413,5
9413,1
9413,3
9413,6
9413,4
9414,5
9415,6
9416,7
9417,6
9418,7
9419,3
9420,2
9421,2
9422,7
9423,1
9424,3
9425,4
9426,4
9427,2
9428,7
9428,2
9428,5
9428,1
9428,3
9428,6
9428,4
9429,7
9431,2
9432,7
9432,2
9432,5
9432,1
9432,3
9433,7
9433,2
9433,5
9433,1
9433,3
9434,7
9434,2
9434,5
9434,1
9434,3
9435,7
9435,2
9435,5
9435,1
9435,3
9436,7
9437,7
9438,3
9439,7
9440,7
9441,7
9442,7
9443,7
9444,7
9445,6
9446,7
9447,6
9448,7
9449,7
9450,3
9451,4
9452,7
9452,2
9452,5
9452,1
9452,3
9452,6
9452,4
9453,3
9454,5
9455,2
9456,4
9457,2
9458,7
9459,7
9460,2
9461,5
9462,2
9463,3
9464,3
9465,7
9466,3
9467,7
9468,2
9468,5
9468,1
9468,4
9469,7
9469,5
9470,3
9471,7
9472,7
9472,2
9472,5
9472,1
9473,7
9473,2
9473,5
9473,1
9473,3
9473,6
9473,4
9474,4
9475,7
9476,7
9477,6
9478,1
9479,7
9479,2
9479,5
9479,1
9479,3
9480,2
9481,3
9482,6
9483,7
9484,7
9484,2
9484,5
9484,1
9484,3
9485,1
9486,2
9487,3
9488,7
9488,2
9488,5
9488,1
9488,3
9488,6
9488,4
9489,4
9490,1
9491,1
9492,7
9493,7
9494,2
9495,5
9496,5
9497,5
9498,5
9499,2
9500,2
9501,4
9502,2
9503,2
9504,4
9505,3
9506,5
9507,3
9508,1
9509,5
9510,3
9511,6
9512,6
9513,4
9514,1
9515,4
9516,2
9517,7
9518,1
9519,6
9520,5
9521,7
9522,4
9523,4
9524,1
9525,7
9525,2
9525,5
9525,1
9526,7
9526,2
9526,5
9526,1
9526,3
9526,6
9526,4
9527,2
9528,4
9529,1
9530,6
9531,6
9532,1
9533,7
9533,2
9533,5
9533,1
9533,3
9534,7
9535,7
9537,3
9539,7
9540,2
9542,1
9543,3
9544,7
9544,2
9544,5
9544,1
9544,3
9545,7
9545,2
9545,5
9545,1
9545,3
9545,6
9546,1
9548,2
9549,1
9550,5
9551,1
9552,5
9553,1
9554,1
9555,2
9556,7
9557,5
9558,2
9559,5
9560,7
9561,4
9562,2
9563,2
9563,5
9563,1
9564,3
9565,4
9566,3
9567,7
9567,2
9567,5
9567,1
9567,3
9567,6
9567,4
9568,2
9569,2
9570,5
9570,1
9571,1
9572,2
9573,4
9574,1
9575,3
9576,7
9577,6
9578,3
9579,2
9580,6
9581,7
9581,5
9582,3
9583,3
9584,1
9585,5
9586,5
9587,1
9588,5
9589,3
9590,2
9591,3
9592,5
9593,5
9594,1
9595,3
9596,6
9597,4
9598,3
9599,4
9600,7
9600,2
9600,5
9600,1
9600,3
9600,6
9601,5
9602,7
9602,2
9602,5
9602,1
9602,3
9603,4
9604,1
9605,2
9606,7
9607,2
9608,1
9609,1
9610,5
9611,1
9612,1
9614,2
9616,4
9617,1
9618,4
9619,1
9620,7
9621,5
9622,6
9623,5
9624,4
9625,5
9626,6
9627,6
9628,1
9629,6
9629,4
9630,6
9631,6
9632,2
9633,6
9634,7
9635,7
9635,2
9635,5
9635,1
9635,3
9636,6
9638,4
9639,4
9640,3
9641,2
9642,2
9643,2
9643,1
9643,3
9643,4
9644,6
9645,7
9646,6
9647,4
9648,4
9649,4
9652,7
9653,7
9654,5
9655,7
9656,7
9657,2
9659,2
9660,2
9663,7
9663,2
9663,5
9663,1
9663,3
9663,6
9663,4
9664,7
9664,2
9664,5
9664,1
9664,3
9665,7
9665,2
9665,5
9665,1
9665,3
9666,1
9667,6
9668,2
9669,2
9670,2
9671,7
9672,2
9672,5
9672,1
9672,3
9673,2
9674,5
9675,4
9676,4
9677,3
9678,5
9679,7
9679,2
9679,5
9679,1
9680,4
9681,7
9682,7
9683,7
9683,2
9684,5
9685,4
9686,6
9687,4
9688,3
9689,4
9690,4
9692,2
9693,2
9694,6
9695,1
9696,6
9697,7
9697,2
9697,5
9697,1
9697,3
9697,6
9697,4
9698,7
9698,2
9698,5
9698,1
9698,3
9699,7
9700,5
9701,4
9702,6
9703,5
9704,7
9704,2
9704,5
9704,1
9704,3
9704,6
9704,4
9705,6
9706,2
9707,1
9708,7
9709,2
9711,2
9712,7
9712,2
9712,5
9712,1
9712,3
9713,2
9714,6
9715,3
9716,2
9717,7
9718,7
9719,7
9720,3
9721,4
9722,3
9723,6
9724,6
9725,4
9726,3
9727,7
9728,4
9729,5
9730,1
9731,2
9732,6
9733,6
9734,6
9735,2
9736,7
9736,2
9736,5
9736,1
9736,3
9737,7
9737,2
9737,5
9737,1
9737,3
9738,7
9738,2
9738,5
9738,1
9738,3
9738,6
9738,4
9739,6
9740,5
9741,5
9742,7
9742,2
9742,5
9742,1
9742,3
9742,6
9742,4
9743,5
9743,1
9744,6
9744,4
9745,7
9745,2
9745,5
9745,1
9746,7
9747,2
9748,7
9748,2
9748,5
9748,1
9749,7
9749,2
9749,5
9749,1
9749,3
9749,6
9750,7
9751,1
9752,2
9753,6
9754,7
9754,2
9754,5
9754,1
9754,3
9754,6
9754,4
9755,7
9755,2
9755,5
9755,1
9756,4
9757,1
9758,5
9760,6
9761,4
9762,3
9763,4
9764,1
9765,1
9766,7
9766,2
9766,5
9766,1
9766,3
9767,7
9768,4
9769,4
9770,2
9771,7
9771,2
9771,5
9771,1
9771,3
9772,7
9773,2
9774,5
9775,4
9776,4
9777,4
9778,7
9778,2
9778,5
9778,1
9779,7
9779,2
9779,5
9779,1
9780,1
9781,7
9781,2
9781,4
9782,1
9783,7
9784,3
9785,7
9785,2
9785,6
9785,4
9786,4
9787,7
9788,7
9788,2
9788,5
9788,1
9788,3
9789,4
9790,3
9791,6
9792,7
9792,2
9792,5
9792,1
9792,3
9793,7
9794,3
9795,5
9796,4
9797,7
9797,2
9797,5
9797,1
9797,3
9798,5
9799,7
9800,1
9801,7
9801,2
9801,5
9801,1
9801,3
9801,6
9801,4
9802,5
9803,7
9804,5
9805,4
9806,3
9807,6
9808,6
9809,7
9809,2
9809,5
9809,1
9809,3
9810,1
9811,7
9811,2
9811,5
9811,1
9813,7
9813,2
9813,5
9813,1
9814,5
9815,2
9816,5
9817,1
9818,2
9819,1
9820,1
9821,3
9822,6
9823,1
9823,3
9823,6
9823,4
9824,3
9825,7
9825,2
9825,5
9825,1
9826,4
9827,4
9828,1
9829,2
9830,3
9831,3
9832,2
9833,7
9834,6
9834,4
9835,2
9835,5
9836,2
9837,2
9838,7
9838,2
9838,5
9838,1
9838,3
9839,7
9839,2
9839,5
9839,1
9839,3
9839,6
9839,4
9840,6
9841,4
9842,7
9843,5
9844,7
9844,2
9844,5
9844,1
9844,3
9844,4
9845,7
9845,2
9845,5
9845,1
9845,3
9846,7
9846,2
9846,5
9846,1
9847,4
9848,7
9848,2
9848,5
9848,1
9848,3
9849,7
9849,2
9849,5
9849,1
9849,3
9850,5
9851,5
9852,6
9853,6
9854,2
9855,7
9855,2
9855,5
9855,1
9855,3
9855,6
9855,4
9856,2
9858,5
9859,5
9860,7
9860,2
9860,5
9860,1
9860,3
9860,6
9860,4
9861,2
9862,1
9863,7
9864,7
9864,2
9864,5
9864,1
9864,3
9865,6
9866,6
9867,6
9868,3
9869,3
9870,3
9871,2
9872,2
9873,6
9874,3
9875,6
9876,6
9877,5
9878,6
9879,2
9880,3
9881,6
9882,5
9883,6
9884,6
9885,4
9886,7
9886,2
9886,5
9886,1
9886,3
9887,7
9887,2
9887,5
9887,1
9888,7
9888,2
9888,5
9888,1
9888,3
9888,6
9888,4
9889,2
9890,4
9891,7
9892,6
9893,5
9894,6
9896,2
9897,5
9899,2
9900,3
9901,3
9902,7
9902,2
9902,5
9902,1
9902,3
9903,4
9904,2
9905,3
9906,4
9907,1
9908,7
9908,2
9908,5
9908,1
9908,3
9909,4
9910,7
9910,2
9910,5
9910,1
9910,3
9910,4
9911,5
9912,2
9913,1
9914,4
9915,6
9916,4
9917,5
9918,7
9919,7
9920,6
9921,4
9922,4
9923,4
9924,4
9925,7
9926,7
9926,2
9926,5
9926,1
9926,3
9926,6
9926,4
9927,7
9928,4
9929,7
9930,2
9931,1
9932,1
9933,2
9934,4
9935,7
9935,2
9935,5
9935,1
9935,3
9936,7
9936,2
9936,5
9936,1
9936,3
9936,6
9936,4
9937,1
9938,2
9940,1
9941,3
9942,5
9943,1
9944,2
9945,2
9945,5
9945,1
9946,6
9947,2
9948,4
9949,6
9950,1
9951,4
9952,4
9953,7
9953,2
9953,5
9953,1
9953,3
9953,6
9953,4
9954,2
9955,2
9956,2
9957,6
9958,2
9959,7
9959,2
9959,5
9959,1
9960,5
9960,6
9960,4
9961,7
9962,3
9963,3
9964,7
9964,2
9964,5
9964,1
9965,7
9965,2
9965,5
9965,1
9965,3
9966,4
9967,1
9968,7
9968,2
9968,5
9968,1
9968,3
9969,5
9972,5
9973,2
9974,7
9974,2
9975,7
9976,7
9977,7
9977,2
9977,5
9977,1
9977,3
9978,4
9979,7
9980,2
9981,7
9981,2
9981,5
9982,3
9983,5
9984,5
9985,3
9986,5
9987,7
9988,4
9989,7
9990,5
9991,4
9992,5
9994,7
9994,5
9994,1
9995,7
9995,2
9995,5
9995,1
9995,3
9995,6
9995,4
9996,4
9997,3
9998,4
9999,3
10001,2
10002,1
10003,3
10004,5
10004,1
10005,5
10005,1
10006,7
10006,2
10006,5
10006,1
10006,3
10006,6
10006,4
10007,2
10008,7
10009,7
10010,1
10011,2
10012,3
10013,6
10014,3
10015,6
10016,3
10017,6
10018,6
10019,5
10020,7
10020,2
10020,5
10020,1
10020,3
10020,6
10020,4
10021,7
10021,2
10021,5
10021,1
10022,5
10023,5
10024,4
10025,5
10026,6
10027,7
10027,2
10027,5
10027,1
10027,3
10028,7
10028,2
10028,5
10028,1
10028,3
10029,7
10029,2
10029,5
10029,1
10029,3
10030,7
10030,2
10030,5
10030,1
10030,3
10031,1
10032,7
10033,7
10033,2
10033,5
10033,1
10034,7
10034,2
10034,5
10034,1
10034,3
10035,7
10035,2
10035,5
10035,1
10035,3
10036,5
10037,7
10037,2
10038,5
10039,2
10040,7
10041,3
10042,7
10043,7
10043,2
10043,5
10043,1
10043,3
10044,7
10044,2
10044,5
10044,1
10044,3
10044,4
10045,7
10045,2
10045,5
10045,1
10045,3
10045,6
10045,4
10046,7
10046,2
10046,5
10046,1
10046,3
10047,7
10047,2
10047,5
10047,1
10047,3
10048,7
10048,2
10048,5
10048,1
10048,3
10048,6
10048,4
10049,7
10049,2
10049,5
10049,1
10049,3
10049,4
10050,7
10050,2
10050,5
10050,1
10050,3
10051,7
10052,6
10053,6
10054,4
10055,5
10056,7
10056,2
10056,5
10056,1
10056,3
10056,6
10056,4
10057,7
10058,7
10059,7
10059,2
10059,5
10059,1
10060,7
10061,7
10062,7
10062,2
10062,5
10062,1
10062,3
10062,6
10062,4
10063,1
10064,1
10065,7
10065,5
10065,4
10066,2
10067,2
10068,1
10069,5
10070,5
10071,1
10072,7
10073,5
10074,6
10075,1
10076,6
10077,4
10078,7
10079,4
10080,5
10081,7
10082,7
10083,2
10085,7
10086,4
10087,7
10087,2
10087,5
10087,1
10088,4
10089,6
10090,4
10091,1
10092,1
10093,4
10094,3
10095,7
10095,2
10095,5
10095,1
10095,3
10096,3
10097,4
10098,1
10099,7
10100,4
10101,3
10102,3
10103,4
10104,7
10105,2
10105,5
10105,1
10105,3
10106,7
10107,7
10107,2
10107,5
10107,1
10107,3
10108,4
10109,6
10110,3
10111,5
10112,4
10113,6
10114,7
10114,2
10114,5
10114,1
10114,3
10115,7
10115,2
10115,5
10115,1
10115,3
10115,6
10115,4
10116,7
10116,2
10116,5
10116,1
10116,3
10117,5
10118,2
10119,5
10120,5
10121,3
10122,4
10123,6
10124,7
10125,6
10126,5
10127,3
10128,1
10129,4
10130,7
10131,7
10132,6
10133,7
10133,2
10133,5
10133,1
10134,4
10135,3
10136,4
10137,7
10138,2
10139,6
10140,4
10141,3
10142,5
10143,4
10144,1
10145,2
10146,2
10147,2
10148,6
10149,4
10150,3
10151,6
10152,7
10153,1
10154,6
10155,7
10156,6
10157,7
10158,6
10159,3
10160,6
10161,7
10162,3
10163,2
10164,4
10165,4
10166,7
10167,3
10168,3
10169,6
10170,7
10171,7
10172,7
10172,2
10172,5
10172,1
10172,3
10173,1
10174,7
10175,7
10176,4
10177,6
10178,4
10179,6
10180,6
10181,2
10184,1
10185,4
10186,2
10187,2
10188,7
10189,1
10190,3
10191,4
10192,4
10193,3
10194,6
10195,2
10196,4
10197,6
10198,6
10199,7
10200,6
10201,2
10202,6
10203,7
10204,7
10205,7
10206,3
10207,7
10208,1
10209,7
10210,4
10211,7
10212,4
10213,7
10214,6
10215,6
10216,5
10217,5
10218,2
10219,4
10220,4
10221,4
10222,4
10223,7
10223,2
10223,5
10223,1
10223,3
10224,4
10225,2
10226,6
10227,6
10228,3
10229,3
10229,6
10230,4
10231,6
10232,6
10233,4
10234,2
10235,7
10235,2
10235,5
10235,1
10235,3
10236,7
10237,5
10238,4
10239,1
10240,2
10241,2
10242,7
10242,4
10243,3
10244,2
10245,1
10246,6
10247,4
10248,5
10249,3
10250,4
10251,7
10252,5
10253,5
10254,6
10255,7
10255,2
10255,5
10255,1
10255,3
10255,6
10255,4
10256,2
10257,6
10258,6
10259,2
10260,3
10261,3
10262,3
10263,2
10264,6
10265,7
10266,2
10267,3
10268,7
10268,2
10268,5
10268,1
10268,3
10269,2
10270,5
10271,7
10272,7
10272,2
10272,5
10272,1
10272,3
10273,7
10274,7
10274,2
10274,5
10274,1
10274,3
10274,6
10274,4
10275,5
10276,6
10277,4
10278,4
10279,4
10280,4
10281,4
10282,4
10283,4
10284,4
10285,7
10286,4
10287,6
10288,6
10289,6
10290,5
10291,6
10292,6
10293,3
10294,6
10295,6
10296,2
10297,7
10297,2
10297,5
10297,1
10297,3
10298,5
10299,7
10300,7
10301,7
10302,1
10303,7
10304,1
10305,2
10306,2
10307,7
10308,2
10309,2
10310,1
10311,7
10312,1
10313,3
10314,1
10315,3
10316,7
10317,6
10319,7
10319,2
10319,5
10319,1
10319,3
10319,6
10319,4
10320,4
10321,4
10322,4
10323,5
10323,1
10324,6
10325,7
10326,7
10327,7
10328,6
10329,4
10330,7
10330,2
10330,5
10330,1
10331,5
10332,7
10333,5
10334,2
10335,4
10336,2
10337,4
10338,7
10338,2
10338,5
10338,1
10339,6
10340,4
10341,4
10342,5
10343,7
10343,2
10343,5
10343,1
10343,3
10343,6
10343,4
10344,5
10345,5
10346,2
10347,1
10348,6
10349,5
10350,4
10351,2
10352,3
10353,1
10354,7
10355,7
10356,4
10357,7
10357,2
10357,5
10357,1
10357,3
10358,2
10359,7
10360,7
10361,7
10362,7
10363,7
10364,2
10365,2
10366,2
10367,2
10368,2
10369,5
10370,5
10371,5
10372,5
10373,1
10374,3
10375,6
10376,6
10377,6
10378,6
10379,7
10379,2
10379,5
10379,1
10379,3
10379,6
10379,4
10380,5
10380,1
10380,3
10381,6
10382,2
10383,1
10384,7
10384,2
10384,5
10384,1
10384,3
10385,4
10386,1
10387,7
10388,5
10389,4
10390,5
10391,2
10392,4
10393,4
10394,7
10394,2
10394,5
10394,1
10394,3
10394,6
10394,4
10395,7
10396,5
10397,1
10398,1
10399,7
10400,3
10401,1
10402,6
10403,2
10404,5
10405,2
10406,2
10407,7
10407,2
10407,5
10407,1
10407,3
10408,7
10409,1
10410,2
10411,2
10412,1
10413,1
10414,1
10415,7
10415,2
10415,5
10415,1
10416,5
10417,5
10418,5
10419,5
10419,1
10419,3
10420,1
10421,4
10422,7
10422,2
10423,3
10424,7
10425,2
10425,1
10426,7
10426,2
10426,5
10426,1
10426,3
10427,6
10428,5
10429,5
10430,2
10431,3
10432,7
10432,2
10432,5
10432,1
10433,7
10433,2
10433,5
10433,1
10433,3
10433,6
10433,4
10434,7
10435,6
10436,2
10437,5
10438,1
10439,7
10440,3
10441,7
10441,2
10441,5
10441,1
10441,3
10442,7
10442,2
10442,5
10442,1
10442,3
10442,6
10442,4
10443,4
10444,7
10444,2
10444,5
10444,1
10444,3
10444,6
10444,4
10445,1
10446,7
10446,2
10446,5
10446,1
10446,3
10447,4
10448,7
10448,2
10448,5
10448,1
10448,3
10449,2
10449,5
10449,1
10449,3
10450,6
10451,6
10452,6
10453,4
10454,1
10455,7
10455,2
10455,5
10455,1
10455,3
10455,6
10455,4
10456,7
10456,2
10456,5
10456,1
10456,3
10457,7
10458,1
10459,7
10460,3
10461,6
10462,7
10462,2
10462,5
10462,1
10462,3
10463,7
10463,2
10463,5
10463,1
10463,3
10463,6
10463,4
10464,6
10465,2
10466,6
10467,3
10468,2
10469,6
10470,2
10470,5
10470,1
10472,7
10472,2
10472,5
10472,1
10472,3
10473,7
10473,2
10473,5
10473,1
10474,5
10474,1
10475,7
10475,2
10475,5
10475,1
10476,5
10477,3
10478,2
10479,7
10479,2
10479,5
10479,1
10480,7
10480,2
10480,5
10480,1
10480,3
10480,6
10480,4
10481,7
10481,2
10481,5
10481,1
10481,3
10482,6
10483,3
10484,1
10485,7
10486,7
10487,3
10488,5
10489,1
10490,6
10491,4
10492,2
10493,3
10493,6
10494,7
10494,2
10494,5
10494,1
10494,3
10495,6
10496,1
10497,7
10497,2
10497,5
10497,1
10498,1
10499,6
10500,7
10500,2
10500,5
10500,1
10500,3
10501,4
10502,6
10503,2
10504,6
10505,4
10506,3
10508,6
10509,6
10509,4
10510,6
10511,3
10512,5
10513,7
10513,2
10513,5
10513,1
10513,3
10514,7
10515,6
10516,6
10517,3
10518,5
10519,3
10520,4
10521,6
10522,4
10523,7
10523,2
10523,5
10523,1
10524,2
10525,4
10526,5
10527,6
10528,7
10528,2
10528,5
10528,1
10528,3
10529,6
10530,7
10530,2
10530,5
10530,1
10530,3
10531,1
10532,1
10533,7
10533,2
10533,5
10533,1
10533,3
10533,6
10533,4
10534,6
10535,7
10535,2
10535,5
10535,4
10537,6
10538,7
10539,7
10540,4
10541,5
10542,2
10543,2
10544,1
10545,3
10546,7
10546,2
10546,5
10546,1
10546,3
10547,6
10548,7
10549,4
10550,1
10551,3
10552,4
10553,3
10554,4
10555,1
10556,4
10557,6
10558,1
10559,2
10560,6
10561,2
10562,3
10563,6
10564,5
10565,3
10566,7
10566,2
10566,5
10566,1
10567,7
10567,5
10568,6
10569,6
10570,7
10570,2
10570,5
10570,1
10571,3
10572,7
10572,2
10572,5
10572,1
10572,3
10573,5
10574,6
10575,7
10575,2
10575,5
10575,1
10575,3
10576,4
10577,2
10578,7
10578,2
10578,5
10578,1
10578,3
10579,2
10580,6
10581,1
10582,7
10582,2
10582,5
10582,1
10582,3
10583,2
10584,3
10585,4
10586,7
10586,2
10586,5
10586,1
10586,3
10587,5
10588,1
10589,4
10590,7
10591,2
10591,5
10591,1
10592,7
10593,7
10594,2
10595,2
10596,7
10596,2
10596,5
10596,1
10596,3
10597,6
10598,1
10599,1
10601,7
10602,7
10603,1
10604,7
10604,2
10604,5
10604,1
10604,3
10605,6
10606,2
10607,2
10608,7
10608,2
10608,5
10608,1
10609,7
10609,2
10609,5
10609,1
10609,3
10609,6
10609,4
10610,6
10611,3
10612,7
10612,2
10612,5
10612,1
10612,3
10613,7
10613,2
10613,5
10613,1
10613,3
10614,7
10614,2
10614,5
10614,1
10615,1
10616,7
10616,5
10616,3
10617,7
10618,5
10619,6
10620,7
10620,2
10620,5
10620,1
10620,3
10621,7
10621,2
10621,5
10621,1
10621,3
10622,2
10623,7
10623,2
10623,5
10623,1
10623,3
10624,7
10624,2
10624,5
10624,1
10624,3
10625,7
10625,2
10625,5
10625,1
10626,7
10626,2
10626,5
10626,1
10626,3
10627,7
10627,2
10627,5
10627,1
10627,3
10628,7
10628,2
10628,5
10628,1
10628,3
10628,6
10628,4
10629,7
10629,2
10629,5
10629,1
10629,3
10630,7
10630,2
10630,5
10630,1
10630,3
10631,7
10631,2
10631,5
10631,1
10631,3
10632,7
10632,2
10632,5
10632,1
10632,3
10633,7
10633,2
10633,5
10633,1
10633,3
10634,7
10634,2
10634,5
10634,1
10634,3
10635,7
10635,2
10635,5
10635,1
10635,3
10636,7
10636,2
10636,5
10636,1
10636,3
10637,7
10637,2
10637,5
10637,1
10638,7
10638,2
10638,5
10638,1
10638,3
10639,6
10640,4
10641,7
10641,6
10642,7
10642,2
10642,5
10642,1
10642,3
10642,6
10642,4
10643,6
10644,3
10645,1
10646,7
10647,5
10648,2
10649,4
10650,5
10651,1
10652,5
10653,7
10654,2
10655,5
10656,4
10657,7
10658,3
10659,3
10660,7
10660,2
10660,5
10660,1
10660,3
10661,2
10662,5
10663,3
10664,3
10665,7
10665,2
10665,5
10665,1
10665,3
10666,1
10668,7
10668,2
10668,5
10668,1
10668,3
10669,7
10669,2
10669,5
10669,1
10670,4
10671,6
10672,5
10673,7
10673,2
10673,5
10673,1
10673,3
10674,5
10675,4
10676,7
10676,2
10676,5
10676,1
10676,3
10677,7
10677,2
10677,5
10677,1
10677,3
10678,7
10679,5
10680,7
10681,1
10682,7
10683,5
10684,4
10685,4
10686,5
10687,7
10687,2
10687,5
10687,1
10688,7
10688,2
10688,5
10688,1
10689,7
10689,2
10689,4
10690,4
10691,5
10692,2
10693,7
10693,2
10693,5
10693,1
10693,3
10693,6
10693,4
10694,7
10694,2
10694,5
10694,1
10694,3
10694,6
10694,4
10695,7
10695,2
10695,5
10695,1
10695,3
10696,7
10696,2
10696,5
10696,1
10696,3
10697,7
10698,2
10699,7
10699,2
10699,5
10699,1
10699,3
10699,6
10699,4
10700,7
10700,2
10700,5
10700,1
10700,3
10700,6
10700,4
10701,4
10702,6
10703,3
10704,7
10704,2
10704,5
10704,1
10704,3
10705,1
10706,3
10707,3
10708,7
10709,5
10710,4
10711,5
10712,5
10713,3
10714,1
10715,2
10716,7
10716,2
10716,4
10717,5
10717,1
10718,5
10719,6
10719,4
10720,4
10721,7
10721,2
10722,7
10722,2
10723,5
10723,1
10724,5
10724,1
10725,5
10725,1
10726,7
10727,2
10728,7
10728,2
10728,5
10728,1
10728,3
10728,6
10728,4
10729,1
10729,3
10730,5
10730,1
10731,6
10732,5
10733,4
10734,6
10735,1
10736,1
10737,2
10738,7
10739,5
10740,6
10741,5
10742,1
10743,4
10744,1
10745,4
10746,7
10747,5
10747,1
10748,6
10749,6
10750,7
10750,2
10750,5
10750,1
10750,3
10751,5
10751,1
10752,4
10753,4
10754,5
10755,1
10756,6
10757,4
10758,7
10758,2
10759,3
10760,2
10762,7
10762,2
10762,5
10762,1
10762,3
10763,3
10764,6
10765,7
10765,2
10765,5
10765,1
10765,3
10766,7
10766,2
10766,5
10766,1
10766,3
10767,7
10767,2
10767,5
10767,1
10767,3
10767,6
10767,4
10768,7
10768,2
10768,5
10768,1
10768,3
10769,4
10770,5
10771,7
10771,2
10771,5
10771,1
10771,3
10772,7
10772,2
10772,5
10772,1
10772,3
10773,6
10774,4
10775,7
10775,2
10775,5
10775,1
10775,3
10776,6
10777,4
10778,7
10778,2
10778,5
10778,1
10778,3
10779,7
10779,2
10779,5
10779,1
10779,3
10780,7
10780,2
10780,5
10780,1
10780,3
10781,1
10782,7
10782,2
10782,5
10782,1
10782,3
10783,4
10784,4
10785,1
10786,2
10786,5
10786,1
10786,3
10787,3
10788,7
10789,2
10790,7
10790,2
10790,5
10790,1
10791,7
10792,2
10793,6
10794,1
10795,2
10796,6
10797,7
10797,2
10797,5
10797,1
10797,3
10798,4
10799,2
10800,4
10801,4
10802,7
10802,2
10802,5
10802,1
10802,3
10803,7
10803,2
10804,7
10804,2
10804,5
10804,1
10804,3
10806,7
10806,2
10806,5
10806,1
10806,3
10807,1
10808,1
10809,3
10810,2
10811,7
10811,2
10811,5
10811,1
10811,3
10811,6
10811,4
10812,4
10813,2
10814,6
10814,4
10815,4
10816,4
10817,3
10818,5
10819,4
10820,7
10820,2
10821,6
10822,1
10823,3
10824,4
10825,7
10825,2
10825,5
10825,1
10825,3
10826,7
10826,2
10826,5
10826,1
10827,6
10828,7
10828,2
10828,5
10828,1
10828,3
10828,6
10828,4
10829,4
10830,4
10831,3
10832,2
10833,7
10834,3
10835,6
10836,7
10837,6
10838,7
10838,2
10838,5
10838,1
10838,4
10839,7
10840,6
10841,6
10842,7
10843,4
10844,7
10844,2
10845,7
10845,2
10846,7
10846,2
10846,5
10846,1
10846,3
10847,2
10848,5
10848,1
10849,5
10849,1
10850,7
10850,2
10851,1
10852,5
10853,5
10854,5
10855,6
10855,4
10856,5
10857,7
10857,2
10858,6
10859,7
10860,7
10861,1
10862,2
10862,5
10863,4
10864,5
10865,7
10866,3
10867,6
10868,1
10869,4
10870,6
10871,7
10872,2
10873,4
10874,6
10875,3
10876,7
10877,6
10877,4
10878,3
10879,1
10880,7
10881,1
10882,4
10883,5
10884,1
10885,3
10886,7
10887,7
10887,2
10887,5
10887,1
10887,3
10888,1
10889,7
10889,2
10889,5
10889,1
10890,7
10890,2
10890,5
10890,1
10891,7
10892,5
10893,4
10894,5
10895,4
10896,1
10897,7
10897,2
10897,5
10897,1
10897,3
10898,7
10899,7
10899,2
10899,5
10899,1
10899,3
10899,6
10899,4
10900,2
10901,1
10902,7
10903,2
10904,1
10905,2
10905,5
10905,1
10906,7
10906,2
10906,5
10907,4
10908,3
10909,7
10910,7
10911,7
10911,2
10911,5
10911,1
10911,3
10911,6
10911,4
10912,7
10913,5
10914,7
10914,2
10914,5
10914,1
10914,3
10915,7
10916,7
10916,2
10916,5
10916,1
10916,3
10916,6
10916,4
10917,1
10918,5
10919,7
10919,2
10919,5
10919,1
10919,3
10920,7
10920,2
10920,5
10920,1
10921,5
10922,7
10923,1
10924,2
10924,5
10925,1
10926,3
10927,1
10928,4
10929,7
10929,2
10929,5
10929,1
10929,3
10929,6
10929,4
10930,7
10930,2
10930,5
10930,1
10931,4
10932,2
10933,5
10934,1
10935,1
10936,4
10937,1
10938,5
10939,2
10940,6
10941,1
10942,2
10943,2
10944,1
10945,3
10946,7
10947,7
10947,2
10947,5
10947,1
10947,3
10948,7
10949,6
10950,6
10952,3
10953,5
10954,6
10954,4
10955,3
10956,3
10957,3
10958,1
10959,6
10960,3
10962,2
10963,6
10964,5
10966,2
10967,6
10968,7
10968,2
10968,5
10968,1
10968,3
10968,6
10969,7
10969,2
10969,5
10969,1
10969,3
10969,6
10970,4
10971,2
10972,5
10973,7
10973,2
10973,5
10973,1
10973,3
10973,6
10973,4
10974,7
10974,2
10974,5
10974,1
10974,3
10975,3
10976,6
10976,4
10977,7
10977,2
10977,5
10977,1
10977,3
10978,2
10978,5
10979,2
10980,7
10981,7
10981,2
10981,5
10982,6
10983,4
10984,2
10985,1
10986,2
10987,7
10988,7
10989,7
10990,3
10991,6
10992,4
10993,7
10993,2
10993,5
10993,1
10993,3
10994,7
10995,6
10996,1
10997,4
10998,7
10998,2
10998,5
10998,1
10999,4
11000,1
11001,6
11002,4
11003,5
11004,2
11005,1
11006,2
11007,1
11008,7
11009,5
11010,7
11011,7
11011,2
11011,5
11011,1
11011,3
11012,6
11012,4
11013,3
11014,5
11015,4
11016,7
11016,2
11016,5
11016,1
11017,3
11018,7
11018,2
11018,5
11018,1
11019,4
11020,5
11021,4
11022,7
11023,7
11024,5
11025,7
11027,1
11028,2
11029,7
11029,2
11029,4
11030,7
11032,4
11033,5
11034,6
11035,4
11036,7
11037,6
11038,3
11039,1
11040,5
11041,6
11042,3
11043,7
11044,7
11045,6
11046,6
11047,7
11048,1
11049,3
11050,2
11051,3
11052,5
11053,1
11054,3
11055,7
11055,2
11055,5
11055,1
11055,3
11056,2
11057,3
11059,4
11060,6
11061,5
11061,1
11062,7
11062,2
11063,3
11064,7
11065,7
11066,5
11067,6
11068,2
11069,6
11070,6
11071,5
11072,2
11073,6
11074,1
11075,6
11076,3
11077,6
11078,2
11079,7
11079,2
11079,5
11079,1
11079,3
11080,2
11081,2
11082,2
11083,2
11084,2
11085,2
11086,5
11087,7
11088,4
11089,2
11090,1
11091,5
11092,5
11093,2
11094,5
11095,1
11096,5
11097,5
11098,5
11099,4
11100,7
11100,2
11100,5
11100,1
11100,3
11100,6
11100,4
11101,7
11101,2
11101,5
11101,1
11101,3
11102,4
11103,1
11104,3
11105,5
11106,4
11107,7
11108,1
11109,3
11110,4
11111,1
11112,7
11112,2
11112,5
11112,1
11112,3
11113,7
11113,2
11113,5
11113,1
11113,3
11113,6
11113,4
11114,1
11115,2
11116,2
11117,2
11118,6
11119,5
11120,7
11121,7
11121,2
11121,5
11121,1
11122,4
11123,7
11123,2
11123,5
11123,1
11123,3
11124,7
11125,1
11126,7
11126,2
11126,5
11126,1
11127,6
11128,1
11130,1
11131,1
11132,1
11133,3
11134,7
11134,2
11134,5
11134,1
11134,3
11135,1
11136,6
11137,6
11138,7
11139,1
11140,7
11140,2
11140,5
11140,1
11141,1
11142,4
11143,7
11143,2
11143,5
11143,1
11144,1
11146,7
11146,2
11146,5
11146,1
11146,3
11146,6
11147,6
11147,4
11148,5
11149,7
11149,2
11150,1
11151,3
11152,1
11153,1
11154,4
11155,4
11156,7
11157,7
11157,2
11157,5
11157,1
11158,6
11159,3
11160,1
11161,5
11161,4
11162,3
11163,7
11163,2
11163,5
11163,1
11163,3
11164,7
11164,2
11165,5
11166,2
11167,6
11167,4
11168,7
11168,2
11168,5
11168,1
11168,3
11169,7
11169,2
11169,5
11169,1
11169,3
11170,4
11171,1
11172,6
11173,7
11173,2
11173,5
11173,1
11173,3
11174,7
11175,5
11176,6
11177,3
11178,2
11179,7
11181,7
11181,2
11181,5
11181,1
11182,3
11183,4
11184,7
11184,2
11184,5
11184,1
11184,3
11185,4
11186,2
11187,5
11188,5
11189,5
11190,4
11191,2
11192,6
11193,2
11194,3
11195,4
11196,4
11197,7
11198,2
11199,4
11200,4
11201,1
11202,7
11202,2
11202,5
11202,1
11202,3
11202,6
11202,4
11203,7
11204,7
11205,5
11206,2
11207,7
11207,2
11207,5
11207,1
11207,3
11208,5
11209,5
11210,2
11211,4
11212,2
11213,4
11214,1
11215,7
11215,2
11215,5
11215,1
11215,3
11215,6
11215,4
11216,1
11217,5
11218,7
11219,7
11220,2
11221,1
11222,1
11223,5
11224,7
11225,3
11226,2
11227,6
11228,1
11229,4
11230,7
11230,2
11230,5
11230,1
11230,3
11230,6
11230,4
11231,7
11231,2
11231,5
11231,1
11231,3
11232,2
11233,7
11233,2
11233,5
11233,1
11233,3
11234,6
11235,7
11236,1
11237,7
11238,5
11239,7
11240,6
11241,1
11242,4
11243,4
11244,5
11245,6
11246,2
11247,7
11248,1
11249,6
11250,7
11250,2
11250,5
11250,1
11250,3
11250,6
11250,4
11251,7
11251,2
11251,5
11251,1
11251,3
11252,5
11253,6
11254,7
11254,2
11254,5
11254,1
11255,7
11256,7
11257,6
11258,7
11258,2
11258,5
11258,1
11258,3
11258,6
11258,4
11259,2
11260,4
11261,3
11262,2
11263,4
11264,7
11265,7
11265,2
11265,5
11265,1
11265,3
11266,7
11266,2
11266,5
11266,1
11267,2
11268,4
11269,4
11270,6
11271,5
11272,3
11273,1
11274,7
11275,7
11276,7
11276,2
11276,5
11276,1
11277,7
11277,2
11277,5
11277,1
11277,3
11278,3
11279,3
11280,3
11281,3
11282,7
11282,2
11282,5
11282,1
11282,3
11282,6
11282,4
11283,6
11284,6
11285,7
11286,5
11287,4
11288,4
11289,5
11290,7
11290,2
11290,5
11290,1
11291,5
11292,4
11293,1
11294,3
11295,5
11296,4
11297,7
11298,2
11299,1
11300,7
11300,2
11300,5
11300,1
11300,3
11301,2
11302,1
11303,1
11304,4
11305,4
11306,1
11307,1
11308,6
11309,7
11310,4
11311,7
11311,2
11311,5
11311,1
11311,3
11312,1
11313,5
11314,7
11315,6
11316,7
11316,2
11316,5
11316,1
11317,7
11317,2
11317,5
11317,1
11318,7
11318,2
11318,5
11318,1
11319,7
11319,2
11319,5
11319,1
11319,3
11320,7
11320,2
11320,5
11320,1
11321,1
11321,3
11321,6
11322,6
11323,7
11324,5
11325,4
11326,7
11326,2
11326,5
11326,1
11326,3
11326,6
11327,7
11327,2
11327,5
11327,1
11327,3
11328,1
11329,7
11330,1
11331,1
11332,7
11332,2
11332,5
11332,1
11332,3
11333,2
11334,3
11335,7
11335,2
11335,5
11335,1
11336,7
11336,2
11336,5
11336,1
11337,7
11338,6
11339,1
11340,2
11341,7
11341,2
11341,5
11341,1
11341,3
11341,6
11341,4
11342,3
11343,7
11344,7
11345,5
11346,6
11347,7
11347,2
11347,5
11347,1
11347,3
11348,1
11349,6
11350,6
11351,6
11351,4
11352,7
11352,2
11352,5
11352,1
11352,3
11353,7
11353,2
11353,5
11353,1
11354,5
11355,1
11356,7
11356,2
11356,5
11356,1
11357,7
11357,2
11357,5
11357,1
11357,3
11357,6
11357,4
11358,7
11358,2
11358,5
11358,1
11358,3
11358,6
11358,4
11359,7
11359,2
11359,5
11359,1
11360,7
11360,2
11360,5
11360,1
11361,7
11361,2
11361,5
11361,1
11362,7
11362,2
11362,5
11362,1
11363,7
11363,2
11363,5
11363,1
11363,3
11364,7
11364,2
11364,5
11364,1
11365,5
11366,7
11366,2
11366,5
11366,1
11367,7
11367,2
11367,5
11367,1
11367,3
11367,6
11367,4
11368,7
11368,2
11368,5
11368,1
11369,7
11369,2
11369,5
11369,1
11370,7
11370,2
11370,5
11370,1
11371,7
11371,2
11371,5
11371,1
11371,3
11371,6
11371,4
11372,7
11372,2
11372,5
11372,1
11373,5
11374,7
11375,7
11375,2
11375,5
11375,1
11375,3
11376,4
11377,6
11378,1
11379,6
11380,3
11381,4
11382,2
11383,7
11384,7
11385,6
11386,1
11387,7
11387,2
11387,5
11387,1
11387,3
11388,1
11389,1
11390,1
11391,7
11391,2
11391,5
11391,1
11391,3
11391,6
11391,4
11392,7
11392,2
11392,5
11392,1
11392,3
11392,6
11392,4
11393,3
11394,7
11394,2
11394,5
11394,1
11394,3
11395,7
11395,2
11395,5
11395,1
11395,3
11396,7
11396,2
11396,5
11396,1
11396,3
11397,3
11398,7
11398,2
11398,5
11398,1
11399,3
11400,5
11401,2
11402,4
11403,3
11404,3
11405,3
11406,4
11407,7
11407,2
11407,5
11407,1
11407,3
11408,7
11408,5
11408,1
11408,3
11408,6
11408,4
11409,2
11409,1
11409,4
11410,7
11410,2
11410,5
11410,1
11410,3
11411,1
11412,7
11412,2
11412,5
11412,1
11412,3
11412,6
11412,4
11413,7
11413,2
11413,5
11413,1
11413,3
11414,5
11414,1
11415,6
11416,7
11417,3
11418,5
11419,6
11420,7
11420,2
11420,5
11420,1
11420,3
11421,5
11422,7
11422,2
11422,5
11422,1
11423,6
11424,2
11424,3
11425,6
11426,4
11427,6
11428,7
11429,2
11430,2
11430,5
11430,1
11430,3
11431,1
11432,7
11432,2
11432,5
11432,1
11434,3
11435,7
11436,1
11437,2
11438,7
11439,2
11440,7
11440,2
11440,5
11440,1
11440,3
11440,6
11441,2
11442,1
11443,4
11444,7
11444,2
11444,5
11444,1
11445,1
11446,5
11447,5
11448,6
11449,5
11450,1
11451,1
11452,7
11452,2
11453,2
11454,7
11455,5
11456,3
11457,7
11457,2
11457,5
11457,1
11457,3
11458,7
11458,2
11458,5
11458,1
11458,3
11459,7
11459,2
11459,5
11459,1
11459,3
11459,6
11459,4
11460,7
11460,2
11460,5
11460,1
11460,3
11460,6
11460,4
11461,2
11463,6
11464,4
11465,4
11466,7
11467,2
11468,7
11468,2
11468,5
11468,1
11469,4
11470,7
11471,7
11472,7
11472,2
11472,5
11472,1
11472,3
11472,6
11472,4
11473,7
11474,7
11474,2
11474,5
11474,1
11474,3
11475,7
11476,1
11477,4
11478,6
11479,7
11480,7
11481,7
11482,7
11483,2
11484,3
11485,1
11486,4
11487,7
11487,4
11488,4
11489,1
11490,7
11490,2
11490,5
11490,1
11490,3
11491,7
11492,7
11492,2
11492,5
11492,1
11493,3
11494,3
11495,1
11496,5
11497,4
11498,5
11499,7
11500,4
11501,7
11501,2
11501,5
11501,1
11501,3
11502,7
11502,2
11502,5
11502,1
11503,7
11504,5
11505,6
11506,2
11507,6
11508,7
11509,2
11509,4
11510,5
11511,7
11512,4
11513,5
11514,4
11516,5
11517,4
11518,2
11519,1
11520,7
11520,5
11521,4
11522,6
11523,5
11524,1
11525,7
11525,4
11526,4
11527,7
11528,5
11530,3
11531,7
11532,7
11532,2
11532,4
11533,1
11534,6
11535,4
11536,4
11537,2
11538,3
11539,5
11540,3
11541,2
11542,5
11543,1
11544,4
11545,4
11546,1
11547,7
11548,5
11549,2
11550,7
11550,2
11550,5
11550,1
11550,3
11550,6
11550,4
11551,5
11552,6
11553,2
11554,3
11555,7
11555,2
11555,5
11555,1
11555,3
11555,6
11555,4
11556,2
11557,3
11558,6
11559,4
11560,7
11561,4
11562,7
11562,2
11562,5
11562,1
11562,3
11562,6
11563,7
11564,5
11564,1
11565,5
11566,1
11567,5
11568,1
11569,7
11569,2
11569,5
11569,1
11569,3
11570,4
11571,2
11572,1
11573,4
11574,3
11575,7
11576,7
11576,2
11576,5
11576,1
11576,4
11577,4
11578,2
11579,6
11580,2
11581,1
11582,4
11583,2
11584,5
11585,6
11586,5
11587,2
11588,2
11589,5
11590,2
11591,1
11592,1
11593,4
11594,5
11595,5
11596,7
11596,2
11596,5
11596,1
11596,3
11596,6
11596,4
11598,3
11599,1
11600,2
11601,2
11602,4
11603,5
11604,2
11605,2
11606,6
11607,1
11608,2
11609,5
11610,7
11610,2
11611,3
11612,7
11612,2
11612,5
11612,1
11612,3
11613,3
11614,4
11615,3
11616,3
11617,7
11618,7
11619,6
11620,2
11621,3
11622,2
11623,6
11624,6
11625,1
11626,1
11627,1
11628,7
11628,2
11628,5
11628,1
11628,3
11629,5
11630,5
11631,1
11632,7
11632,2
11632,5
11632,1
11632,3
11633,4
11634,6
11635,7
11636,4
11637,2
11638,7
11639,6
11640,1
11641,7
11642,7
11642,2
11642,5
11642,1
11642,3
11642,6
11642,4
11643,7
11644,6
11645,6
11646,7
11646,2
11646,4
11647,4
11648,7
11649,6
11650,7
11650,2
11651,7
11652,7
11652,2
11652,5
11652,1
11652,3
11653,7
11654,7
11655,3
11656,3
11657,3
11658,2
11659,7
11660,4
11661,6
11661,4
11662,7
11662,2
11662,5
11662,1
11662,3
11663,6
11664,7
11665,7
11665,2
11665,5
11665,1
11665,3
11666,7
11667,4
11668,2
11669,4
11670,5
11671,6
11672,4
11673,1
11674,1
11675,4
11676,3
11677,3
11678,6
11678,4
11679,7
11679,2
11680,4
11681,3
11681,6
11682,1
11683,7
11684,2
11685,6
11686,7
11687,3
11687,6
11688,2
11689,3
11690,3
11691,3
11692,1
11693,5
11694,7
11694,2
11694,5
11694,1
11694,3
11695,7
11696,7
11696,2
11696,5
11696,1
11697,3
11698,6
11699,6
11700,2
11701,7
11701,2
11701,5
11701,1
11701,3
11702,4
11703,2
11704,7
11704,2
11704,5
11704,1
11705,1
11706,3
11707,1
11708,2
11708,5
11708,1
11709,4
11710,7
11711,7
11711,2
11711,5
11711,1
11712,4
11713,2
11714,4
11715,4
11717,4
11718,7
11718,2
11718,5
11718,1
11718,3
11718,6
11718,4
11719,3
11720,4
11721,7
11721,2
11721,5
11721,1
11721,3
11722,4
11723,3
11724,1
11725,1
11726,5
11727,6
11728,3
11729,5
11730,5
11731,5
11732,7
11732,2
11732,5
11732,1
11732,3
11732,6
11732,4
11733,6
11734,7
11735,7
11736,4
11737,7
11738,5
11739,3
11740,7
11740,2
11740,5
11740,1
11740,3
11740,6
11740,4
11741,2
11742,1
11743,7
11744,4
11745,3
11746,3
11747,3
11748,3
11749,4
11750,7
11751,1
11751,3
11751,6
11751,4
11752,2
11753,6
11754,4
11755,1
11756,7
11757,4
11758,5
11758,1
11759,6
11760,4
11761,6
11762,3
11763,6
11764,7
11765,6
11766,6
11767,1
11768,5
11769,7
11769,2
11769,5
11769,1
11769,3
11769,6
11769,4
11770,1
11771,6
11772,3
11773,3
11774,4
11775,7
11776,7
11777,1
11778,2
11779,7
11780,7
11781,7
11782,6
11783,3
11784,6
11785,3
11786,5
11787,7
11788,1
11789,3
11790,3
11791,2
11792,2
11793,4
11794,5
11795,2
11796,7
11797,7
11798,5
11799,7
11800,7
11800,2
11800,5
11800,1
11800,3
11800,6
11800,4
11801,4
11802,3
11803,4
11804,1
11805,2
11806,3
11807,7
11807,6
11807,4
11808,4
11809,1
11810,1
11811,6
11812,3
11813,1
11814,7
11815,7
11815,2
11815,5
11815,1
11815,3
11816,2
11817,2
11818,5
11820,5
11821,7
11822,3
11823,5
11824,1
11825,5
11826,7
11826,2
11826,5
11826,1
11827,3
11828,3
11829,7
11830,5
11831,7
11832,3
11833,6
11834,3
11835,1
11836,7
11837,4
11838,1
11839,7
11839,2
11839,5
11839,1
11839,3
11839,6
11839,4
11840,3
11841,7
11841,2
11841,5
11841,1
11842,4
11844,6
11845,7
11845,2
11845,5
11845,1
11845,3
11845,6
11845,4
11846,5
11847,1
11848,7
11848,2
11848,5
11848,1
11849,2
11850,7
11850,2
11850,5
11850,1
11850,3
11852,7
11853,7
11853,2
11853,5
11853,1
11853,3
11854,3
11855,3
11856,5
11857,5
11858,3
11859,3
11860,5
11861,2
11862,7
11862,2
11862,5
11862,1
11862,3
11863,6
11864,7
11864,2
11864,5
11864,1
11864,3
11864,6
11864,4
11865,5
11866,6
11867,7
11868,1
11869,7
11869,2
11869,5
11869,1
11869,3
11869,6
11869,4
11870,2
11871,6
11872,2
11873,7
11874,2
11875,2
11876,4
11877,5
11878,2
11879,7
11880,7
11881,4
11882,1
11883,7
11883,2
11884,7
11884,2
11885,6
11886,6
11887,7
11887,2
11887,5
11887,1
11887,3
11888,7
11888,2
11888,5
11888,1
11888,3
11889,3
11890,7
11890,2
11890,5
11890,1
11890,3
11891,4
11892,7
11892,2
11892,5
11892,1
11892,3
11893,7
11893,2
11893,5
11893,1
11893,3
11893,6
11893,4
11894,6
11894,4
11895,7
11895,2
11895,5
11895,1
11895,3
11896,7
11896,2
11896,5
11896,1
11896,3
11897,6
11897,4
11898,6
11899,5
11900,4
11901,6
11902,2
11903,4
11904,2
11905,4
11906,7
11907,1
11908,2
11910,4
11911,1
11912,7
11913,5
11914,3
11915,1
11916,4
11917,7
11919,1
11920,3
11921,2
11922,5
11923,5
11924,3
11925,4
11926,2
11927,3
11928,2
11929,2
11930,5
11931,2
11932,2
11933,5
11934,7
11934,2
11934,5
11934,1
11934,3
11935,7
11935,2
11935,5
11935,1
11935,3
11936,4
11937,1
11938,5
11939,1
11940,5
11941,2
11942,6
11943,2
11944,3
11945,5
11946,5
11947,5
11948,3
11949,7
11950,2
11951,7
11951,2
11951,5
11951,1
11951,3
11952,2
11953,3
11954,1
11955,4
11956,7
11956,2
11956,5
11956,1
11956,3
11957,4
11958,4
11959,4
11960,7
11961,6
11962,5
11963,1
11964,4
11965,4
11966,1
11967,4
11968,5
11969,1
11970,2
11971,6
11972,6
11973,2
11974,2
11975,7
11975,2
11975,5
11975,1
11975,3
11975,6
11975,4
11976,1
11977,7
11978,2
11979,5
11980,1
11981,7
11982,3
11983,4
11984,5
11985,3
11986,2
11987,2
11987,5
11988,7
11989,1
11990,7
11990,2
11990,5
11990,1
11990,3
11991,6
11992,7
11993,6
11994,7
11994,2
11994,5
11994,1
11995,2
11996,3
11997,2
11998,7
11998,2
11998,5
11998,1
11998,3
11999,7
12000,5
12001,3
12002,4
12003,6
12004,2
12005,7
12005,2
12006,4
12007,2
12008,7
12009,1
12010,1
12011,4
12012,7
12013,6
12014,2
12015,2
12016,7
12016,2
12016,5
12016,1
12016,3
12016,6
12016,4
12017,7
12017,2
12017,5
12017,1
12017,3
12018,7
12018,2
12018,5
12018,1
12018,3
12018,6
12019,7
12020,3
12021,1
12022,2
12023,7
12023,2
12023,5
12023,1
12023,3
12024,3
12026,5
12027,7
12027,2
12027,5
12027,1
12027,3
12028,5
12028,1
12028,3
12029,7
12030,1
12031,7
12032,7
12032,2
12032,5
12032,1
12032,3
12033,6
12034,4
12035,3
12036,1
12037,3
12038,3
12039,1
12040,4
12041,7
12041,2
12041,5
12041,1
12041,3
12041,6
12041,4
12042,7
12042,2
12042,5
12042,1
12042,3
12042,6
12042,4
12043,7
12043,2
12043,5
12043,1
12043,3
12043,6
12043,4
12044,7
12044,2
12044,5
12044,1
12044,3
12045,4
12046,7
12046,2
12046,5
12047,1
12047,3
12047,6
12048,7
12048,2
12048,5
12048,1
12048,3
12049,2
12050,2
12051,2
12052,3
12053,2
12054,1
12055,4
12056,7
12057,5
12058,1
12059,2
12059,5
12059,1
12060,7
12060,2
12060,5
12060,1
12060,3
12060,6
12060,4
12061,6
12062,7
12062,2
12062,5
12062,1
12063,5
12064,7
12064,2
12064,5
12064,1
12064,3
12065,6
12066,1
12067,7
12068,7
12068,2
12068,5
12068,1
12068,3
12068,6
12068,4
12069,5
12070,4
12071,7
12071,2
12071,5
12071,1
12071,3
12071,6
12071,4
12072,7
12072,2
12072,5
12072,1
12072,3
12072,6
12072,4
12073,7
12074,7
12074,5
12074,3
12075,7
12075,2
12075,5
12075,1
12075,6
12075,4
12076,4
12077,5
12078,5
12080,7
12080,2
12080,5
12080,1
12080,3
12080,6
12080,4
12081,6
12082,6
12083,6
12084,6
12084,4
12085,4
12086,7
12087,7
12087,2
12087,5
12087,1
12087,3
12088,7
12088,2
12088,5
12088,1
12088,3
12089,7
12090,4
12091,4
12092,7
12092,2
12092,5
12092,1
12092,3
12093,7
12094,2
12095,5
12096,1
12097,4
12098,2
12099,1
12100,1
12101,1
12102,1
12104,7
12106,1
12107,1
12108,2
12109,4
12110,7
12110,2
12110,5
12110,1
12111,4
12112,5
12113,1
12114,7
12115,7
12116,7
12117,1
12118,7
12119,1
12120,7
12120,2
12120,5
12120,1
12121,5
12122,1
12123,2
12124,1
12125,2
12126,3
12127,3
12128,1
12129,7
12129,2
12129,5
12129,1
12129,3
12130,5
12131,1
12132,7
12132,2
12132,5
12132,1
12133,7
12134,2
12135,7
12135,2
12135,5
12135,1
12135,3
12136,5
12137,7
12137,2
12137,5
12137,1
12137,3
12138,7
12140,7
12141,5
12142,6
12142,4
12143,6
12144,6
12145,4
12146,1
12147,4
12148,1
12149,4
12150,4
12151,6
12152,7
12153,1
12154,2
12155,7
12156,7
12157,7
12158,3
12159,5
12160,2
12161,6
12162,3
12163,7
12164,5
12165,1
12166,7
12166,2
12166,5
12166,1
12167,5
12167,6
12167,4
12168,1
12169,1
12170,3
12170,6
12171,4
12172,7
12172,2
12172,5
12172,1
12172,4
12173,1
12174,7
12174,2
12174,5
12174,1
12175,7
12175,2
12175,5
12175,1
12175,3
12175,6
12175,4
12176,7
12177,7
12177,2
12177,5
12177,1
12177,4
12178,3
12179,2
12180,2
12181,1
12182,1
12183,4
12184,1
12185,1
12186,6
12187,5
12188,2
12189,7
12189,5
12190,7
12190,2
12190,5
12190,1
12190,3
12190,6
12190,4
12191,2
12192,2
12193,2
12194,1
12195,1
12196,7
12196,5
12196,3
12197,5
12198,6
12199,6
12200,6
12201,5
12202,6
12203,7
12203,2
12203,4
12204,4
12205,1
12206,6
12207,4
12208,7
12209,4
12210,6
12211,3
12212,2
12213,7
12214,4
12215,4
12216,6
12217,7
12217,4
12218,3
12219,3
12220,7
12221,4
12222,6
12223,4
12224,3
12225,6
12226,3
12227,7
12228,7
12228,2
12228,5
12228,1
12228,3
12229,5
12230,5
12231,7
12232,1
12233,4
12234,3
12235,4
12236,1
12237,4
12238,7
12238,2
12238,5
12238,1
12238,3
12238,6
12238,4
12239,4
12240,5
12241,1
12242,5
12243,4
12244,6
12245,6
12246,7
12247,5
12248,1
12249,3
12250,6
12252,7
12252,2
12252,5
12252,1
12252,3
12253,4
12254,4
12255,3
12256,2
12257,7
12257,2
12257,5
12257,1
12258,7
12259,3
12260,5
12261,7
12261,2
12261,5
12261,1
12261,3
12262,7
12262,2
12262,5
12262,1
12262,3
12263,5
12264,7
12264,2
12264,5
12264,1
12264,3
12265,7
12265,2
12265,5
12265,1
12265,3
12267,2
12268,6
12269,7
12270,7
12271,7
12272,7
12273,2
12274,1
12275,7
12275,2
12275,5
12275,1
12275,3
12276,7
12276,2
12276,5
12276,1
12276,3
12277,3
12278,7
12279,7
12279,2
12279,5
12279,1
12279,3
12280,2
12281,5
12282,3
12283,5
12284,5
12285,7
12286,7
12286,2
12286,5
12286,1
12286,3
12286,6
12286,4
12288,7
12289,5
12290,7
12290,2
12290,5
12290,1
12291,1
12292,7
12293,1
12294,6
12295,1
12296,3
12297,1
12298,1
12299,5
12300,4
12301,2
12302,6
12303,3
12304,1
12305,7
12305,2
12305,5
12305,1
12305,3
12306,7
12307,1
12308,2
12309,4
12310,5
12311,4
12312,5
12313,4
12314,7
12315,7
12316,5
12317,1
12318,5
12319,4
12320,4
12321,5
12322,7
12323,5
12324,2
12325,5
12326,3
12327,2
12328,1
12328,3
12329,1
12330,5
12331,2
12332,7
12333,6
12334,2
12335,3
12336,2
12337,5
12338,7
12338,2
12338,5
12338,1
12338,3
12339,5
12340,7
12341,3
12342,3
12343,5
12344,6
12345,5
12346,3
12347,7
12347,2
12347,5
12347,1
12347,3
12348,1
12349,2
12350,6
12351,1
12352,6
12353,6
12354,4
12355,4
12356,1
12357,7
12357,2
12357,5
12357,1
12357,3
12358,7
12358,2
12358,5
12358,1
12358,3
12360,7
12360,2
12360,5
12360,1
12360,3
12361,7
12361,2
12361,5
12361,1
12361,3
12362,7
12363,5
12364,7
12364,2
12364,5
12364,1
12364,3
12365,7
12365,2
12365,5
12365,1
12365,3
12366,4
12367,7
12367,2
12367,5
12367,1
12367,3
12368,7
12368,2
12368,5
12368,1
12368,3
12369,7
12370,3
12371,1
12372,2
12373,7
12373,2
12373,5
12373,1
12373,3
12373,6
12373,4
12374,1
12375,3
12376,7
12377,2
12378,5
12379,7
12379,2
12379,5
12379,1
12379,3
12380,1
12381,1
12382,7
12384,4
12385,7
12385,2
12385,5
12385,1
12385,3
12386,7
12387,4
12388,5
12389,5
12390,6
12391,6
12392,1
12393,5
12394,6
12394,4
12395,6
12395,4
12396,7
12396,2
12396,5
12396,1
12396,3
12396,6
12396,4
12397,5
12397,1
12398,7
12399,5
12400,1
12401,3
12402,2
12403,7
12404,5
12405,7
12405,2
12406,3
12407,3
12408,1
12409,2
12410,5
12411,2
12412,7
12412,2
12412,5
12412,1
12412,3
12412,6
12412,4
12413,7
12414,6
12415,4
12416,2
12417,7
12418,7
12418,2
12418,5
12418,1
12419,5
12420,3
12421,5
12422,7
12423,5
12424,1
12425,5
12426,5
12427,2
12428,7
12429,1
12430,7
12431,3
12432,6
12433,7
12433,2
12433,5
12433,1
12433,3
12433,6
12433,4
12434,7
12434,2
12435,4
12436,7
12437,7
12438,1
12439,5
12440,7
12440,2
12440,5
12440,1
12440,3
12441,7
12441,2
12441,5
12441,1
12441,3
12442,4
12443,7
12443,2
12443,5
12443,1
12443,3
12444,2
12445,7
12446,7
12446,2
12446,5
12446,1
12446,3
12446,6
12446,4
12447,7
12447,2
12447,5
12447,1
12447,3
12447,6
12447,4
12448,4
12449,7
12449,2
12449,5
12449,1
12449,3
12450,7
12450,2
12450,5
12450,1
12450,3
12451,7
12451,2
12451,5
12451,1
12451,3
12452,2
12453,4
12454,7
12454,2
12454,5
12454,1
12454,3
12455,5
12456,7
12456,2
12456,5
12456,1
12457,6
12458,6
12459,6
12460,7
12460,2
12460,5
12460,1
12460,3
12461,5
12462,4
12463,5
12464,6
12465,7
12466,1
12467,7
12467,2
12467,5
12467,1
12467,3
12467,6
12467,4
12468,3
12469,3
12470,4
12471,5
12472,6
12473,6
12474,7
12474,2
12474,5
12474,1
12474,3
12475,3
12476,7
12477,3
12478,5
12478,1
12479,7
12479,2
12479,5
12479,1
12479,3
12479,6
12479,4
12480,2
12481,3
12482,7
12483,7
12484,1
12485,7
12485,2
12485,5
12485,1
12485,3
12485,6
12485,4
12486,3
12487,6
12487,4
12488,2
12489,3
12490,3
12491,4
12492,1
12493,1
12494,7
12494,2
12494,5
12494,1
12494,3
12494,6
12494,4
12495,3
12496,7
12496,2
12496,5
12496,1
12496,3
12496,6
12496,4
12497,7
12497,2
12497,5
12497,1
12497,3
12497,6
12497,4
12498,6
12498,4
12499,7
12499,2
12499,5
12499,1
12499,3
12499,6
12499,4
12500,7
12501,7
12502,7
12503,2
12504,5
12505,5
12506,2
12507,5
12508,4
12509,3
12510,5
12511,7
12512,7
12512,2
12512,5
12512,1
12512,3
12513,5
12514,7
12515,4
12516,7
12516,2
12516,5
12516,1
12516,3
12517,2
12518,7
12518,2
12518,5
12518,1
12518,3
12519,7
12519,2
12519,5
12519,1
12519,3
12520,7
12520,2
12520,5
12520,1
12520,3
12521,7
12521,2
12521,5
12521,1
12521,3
12521,6
12521,4
12522,3
12523,1
12524,6
12525,5
12526,5
12527,7
12527,4
12528,5
12529,1
12530,1
12531,1
12532,3
12533,6
12534,4
12535,4
12536,3
12537,7
12537,2
12537,5
12537,1
12537,3
12537,6
12537,4
12538,5
12539,1
12540,7
12540,2
12540,5
12540,1
12540,3
12541,7
12541,2
12541,5
12541,1
12541,3
12542,1
12543,7
12543,2
12543,5
12543,1
12543,3
12544,4
12545,4
12546,1
12547,2
12548,5
12549,2
12550,2
12551,2
12552,3
12553,7
12553,2
12553,5
12553,1
12553,3
12554,4
12555,7
12555,5
12555,4
12556,5
12557,7
12557,2
12557,5
12557,1
12557,3
12557,6
12557,4
12558,3
12559,7
12559,2
12559,5
12559,1
12559,3
12560,7
12560,2
12560,5
12560,1
12560,3
12561,7
12561,2
12561,5
12561,1
12561,3
12562,2
12563,7
12563,2
12563,5
12563,1
12563,3
12564,6
12565,5
12566,5
12567,5
12568,2
12569,2
12570,3
12571,1
12572,7
12573,2
12574,6
12575,1
12576,5
12577,7
12578,6
12579,2
12580,3
12581,7
12581,2
12581,5
12581,1
12581,3
12581,6
12581,4
12582,7
12583,6
12584,2
12584,5
12585,7
12585,2
12585,5
12585,1
12585,3
12586,2
12587,7
12587,2
12587,5
12587,1
12587,3
12587,6
12587,4
12588,2
12589,6
12590,6
12591,2
12592,1
12593,4
12594,5
12595,7
12597,2
12598,5
12599,4
12600,5
12601,3
12602,7
12602,2
12602,5
12602,1
12602,3
12602,6
12602,4
12603,7
12604,7
12604,2
12605,7
12605,2
12605,5
12605,1
12606,6
12607,7
12607,2
12607,5
12607,1
12607,3
12607,6
12607,4
12609,2
12610,1
12611,7
12612,6
12613,1
12614,7
12614,2
12614,5
12614,1
12615,6
12616,6
12617,4
12618,1
12619,4
12620,7
12620,2
12620,5
12620,1
12620,3
12621,2
12622,5
12622,1
12623,5
12624,5
12624,1
12625,7
12626,6
12627,1
12628,7
12629,6
12630,4
12631,4
12632,6
12634,2
12635,2
12636,2
12637,1
12638,2
12639,5
12640,2
12641,7
12641,2
12641,5
12641,1
12641,3
12642,5
12643,6
12644,7
12644,2
12644,5
12644,1
12644,3
12645,5
12645,1
12647,5
12647,1
12648,7
12648,2
12649,5
12649,1
12650,7
12650,2
12650,5
12650,1
12650,3
12651,5
12652,7
12652,2
12653,7
12653,2
12654,7
12654,2
12655,4
12656,7
12656,2
12656,5
12656,1
12656,3
12657,7
12658,7
12659,6
12659,4
12660,6
12660,4
12661,7
12661,2
12662,5
12662,1
12664,6
12665,6
12667,7
12668,2
12669,3
12670,3
12671,4
12672,3
12672,6
12673,2
12673,1
12674,7
12675,7
12675,2
12675,5
12675,1
12676,4
12677,3
12678,4
12679,7
12679,2
12679,5
12679,1
12679,3
12680,7
12681,4
12682,7
12683,3
12684,2
12685,7
12685,2
12685,5
12685,1
12686,4
12687,5
12687,1
12688,7
12688,2
12689,7
12689,2
12690,7
12690,2
12691,2
12692,4
12693,7
12693,2
12693,5
12693,1
12693,3
12694,5
12695,1
12696,7
12697,2
12698,7
12698,2
12698,5
12698,1
12698,3
12699,6
12700,5
12701,1
12702,2
12703,5
12704,4
12705,3
12706,4
12707,2
12708,4
12709,7
12710,5
12711,5
12711,1
12712,7
12712,2
12712,5
12712,1
12712,3
12712,6
12712,4
12713,2
12714,6
12714,4
12715,1
12716,7
12716,2
12717,5
12718,1
12719,3
12720,6
12721,4
12722,7
12723,2
12724,4
12725,7
12726,6
12727,7
12727,2
12727,5
12727,1
12727,3
12728,6
12729,7
12729,2
12729,5
12729,1
12729,3
12730,4
12731,3
12732,1
12733,2
12735,1
12736,5
12737,7
12737,2
12737,5
12737,1
12737,3
12737,6
12737,4
12738,6
12739,3
12740,2
12741,7
12741,2
12741,5
12741,1
12741,3
12741,6
12742,2
12743,7
12744,4
12745,2
12746,3
12746,6
12748,6
12749,2
12750,5
12751,5
12752,7
12754,3
12755,1
12756,1
12757,1
12758,6
12759,1
12760,2
12761,6
12762,4
12763,1
12764,3
12765,4
12766,5
12769,1
12770,7
12770,2
12770,5
12770,1
12771,7
12771,2
12771,5
12771,1
12772,3
12773,6
12774,5
12775,4
12776,1
12777,7
12777,2
12777,5
12777,1
12777,3
12777,6
12777,4
12778,3
12779,2
12780,1
12781,7
12782,7
12783,6
12784,5
12785,2
12786,7
12787,6
12788,5
12789,1
12790,5
12791,7
12791,2
12791,5
12791,1
12792,3
12793,1
12794,7
12795,6
12796,3
12797,3
12798,4
12799,4
12800,5
12801,5
12801,1
12802,5
12802,1
12803,3
12804,2
12805,1
12806,2
12807,7
12807,2
12807,5
12807,1
12807,3
12807,6
12807,4
12808,5
12809,3
12810,4
12811,4
12812,2
12813,1
12814,1
12815,7
12817,6
12818,7
12818,2
12818,5
12818,1
12818,3
12818,6
12818,4
12819,4
12820,1
12821,4
12822,1
12823,7
12824,3
12824,6
12825,3
12825,6
12826,7
12826,2
12827,4
12828,5
12828,1
12829,6
12829,4
12830,7
12830,2
12830,5
12830,1
12831,7
12831,2
12832,5
12832,1
12833,7
12833,2
12833,5
12833,1
12833,3
12833,6
12833,4
12834,7
12834,2
12835,5
12835,1
12836,3
12836,6
12837,7
12837,2
12838,7
12838,2
12838,5
12838,1
12838,3
12838,6
12838,4
12839,1
12840,5
12840,1
12841,2
12842,3
12843,6
12844,6
12844,4
12845,3
12846,6
12847,7
12847,2
12847,5
12847,1
12848,5
12849,4
12850,3
12851,6
12852,6
12853,4
12854,7
12854,2
12855,3
12856,6
12857,7
12857,2
12858,6
12859,7
12860,6
12861,2
12862,2
12863,3
12864,3
12865,2
12866,4
12867,7
12867,2
12867,5
12867,1
12867,3
12868,6
12869,4
12870,7
12870,2
12870,5
12870,1
12871,6
12871,4
12872,4
12873,5
12874,3
12875,5
12876,1
12877,7
12877,2
12877,5
12877,1
12877,3
12878,6
12879,2
12879,5
12879,1
12879,3
12880,2
12881,7
12881,2
12881,5
12881,1
12881,3
12882,3
12883,4
12884,7
12884,2
12884,5
12884,1
12884,3
12885,5
12886,4
12887,7
12887,2
12887,5
12887,1
12887,3
12888,7
12888,2
12888,5
12888,1
12889,2
12890,7
12890,2
12890,5
12890,1
12890,3
12890,6
12890,4
12891,4
12892,6
12893,6
12894,5
12894,1
12895,3
12896,6
12896,4
12897,6
12898,7
12898,2
12898,5
12898,1
12898,3
12898,6
12898,4
12899,5
12901,6
12901,4
12902,7
12902,2
12903,7
12903,2
12904,4
12905,7
12905,2
12905,5
12905,1
12905,3
12905,6
12905,4
12906,7
12906,2
12906,5
12906,1
12906,3
12907,7
12907,2
12908,7
12908,2
12909,5
12909,1
12910,5
12910,1
12911,5
12912,5
12912,1
12913,7
12913,2
12914,7
12914,2
12915,5
12915,1
12916,6
12916,4
12917,6
12917,4
12918,7
12918,2
12919,1
12920,1
12921,2
12922,3
12923,6
12924,1
12925,1
12926,4
12927,6
12928,5
12929,6
12930,7
12930,2
12930,5
12930,1
12930,3
12931,6
12932,6
12933,7
12933,2
12933,5
12933,1
12933,3
12934,6
12935,6
12936,1
12937,5
12938,6
12939,7
12940,4
12941,7
12941,2
12941,5
12941,1
12941,3
12942,6
12942,4
12943,6
12944,7
12944,2
12945,7
12945,2
12946,7
12946,2
12946,5
12946,1
12946,3
12947,1
12948,1
12949,7
12949,2
12949,5
12949,1
12949,3
12950,7
12950,2
12951,7
12951,2
12952,2
12953,5
12954,2
12955,4
12956,4
12957,4
12958,4
12959,4
12960,4
12961,2
12962,5
12963,3
12964,2
12965,1
12966,5
12967,7
12967,2
12967,5
12967,1
12967,3
12967,6
12967,4
12968,3
12969,5
12969,1
12970,6
12970,4
12971,5
12971,1
12972,5
12973,7
12974,4
12975,7
12975,2
12975,5
12975,3
12975,4
12976,7
12977,1
12978,3
12979,2
12980,3
12981,5
12982,7
12982,2
12982,5
12982,1
12982,3
12983,7
12984,1
12985,4
12986,3
12987,1
12988,6
12989,6
12990,6
12991,3
12992,7
12992,2
12993,7
12993,2
12993,5
12993,1
12993,3
12994,7
12994,2
12994,5
12994,1
12994,3
12994,6
12994,4
12995,3
12996,1
12997,7
12997,2
12997,5
12997,1
12997,3
12997,6
12997,4
12998,2
12999,1
13000,1
13001,1
13002,3
13003,5
13004,5
13005,7
13006,3
13007,3
13008,5
13008,1
13009,5
13010,7
13010,2
13011,6
13011,4
13012,4
13013,1
13014,4
13015,3
13016,3
13017,3
13018,7
13018,2
13018,5
13018,1
13018,3
13020,7
13021,6
13022,4
13023,7
13024,7
13025,1
13026,5
13027,3
13028,6
13029,6
13030,4
13031,5
13031,1
13032,5
13032,1
13033,7
13033,2
13033,5
13033,1
13033,3
13034,1
13035,5
13036,3
13037,1
13038,1
13039,4
13040,1
13041,5
13042,4
13043,3
13044,2
13045,5
13046,4
13047,3
13048,4
13049,1
13050,4
13051,7
13052,7
13053,2
13054,3
13055,1
13056,3
13057,5
13058,7
13059,7
13059,2
13060,5
13061,7
13062,5
13063,5
13064,7
13064,2
13064,5
13064,1
13064,3
13065,4
13066,4
13067,4
13068,7
13068,2
13068,5
13068,1
13068,3
13068,6
13068,4
13069,2
13070,3
13071,7
13071,2
13071,5
13071,1
13071,3
13071,6
13071,4
13072,7
13073,5
13074,7
13075,7
13076,1
13077,3
13078,7
13078,2
13078,5
13078,1
13078,3
13078,6
13078,4
13079,1
13080,5
13081,2
13082,6
13083,7
13084,1
13085,6
13086,5
13087,1
13088,5
13089,5
13090,1
13091,4
13092,7
13092,2
13092,5
13092,1
13093,7
13093,2
13093,5
13093,1
13094,7
13094,2
13094,5
13094,1
13094,3
13094,6
13095,2
13096,6
13097,2
13098,5
13099,1
13100,7
13100,2
13100,5
13100,1
13100,3
13101,7
13101,2
13101,5
13101,1
13101,3
13102,6
13103,7
13104,7
13105,6
13106,4
13107,5
13108,7
13108,2
13108,5
13108,1
13108,3
13108,6
13108,4
13109,4
13110,7
13111,3
13112,3
13113,6
13114,1
13115,3
13116,7
13116,2
13116,5
13116,1
13116,3
13117,7
13118,6
13119,6
13120,6
13120,4
13121,2
13122,3
13123,6
13124,7
13124,2
13125,5
13126,6
13127,5
13128,7
13128,2
13128,5
13128,1
13128,3
13128,6
13128,4
13129,6
13130,7
13130,2
13131,2
13132,7
13132,2
13132,5
13132,1
13132,3
13133,7
13134,3
13135,7
13135,2
13135,5
13135,1
13135,3
13136,4
13137,7
13138,5
13139,5
13140,4
13141,2
13142,4
13143,6
13144,6
13145,5
13145,1
13146,7
13146,2
13146,5
13146,1
13146,3
13147,5
13148,5
13149,7
13150,5
13151,7
13151,2
13151,5
13151,1
13151,3
13152,7
13152,2
13152,5
13152,1
13152,3
13153,7
13153,2
13153,5
13153,1
13153,3
13154,3
13155,7
13156,5
13157,3
13158,5
13159,4
13160,5
13161,4
13162,2
13163,6
13164,7
13164,2
13164,5
13164,1
13164,3
13164,6
13164,4
13165,6
13166,6
13167,7
13168,2
13169,7
13169,2
13169,5
13169,1
13169,3
13170,7
13170,2
13170,5
13170,1
13171,3
13172,4
13173,7
13173,2
13173,5
13173,1
13173,3
13174,7
13175,7
13176,7
13177,7
13177,2
13177,5
13177,1
13178,4
13179,5
13180,5
13181,1
13182,1
13183,3
13184,1
13185,7
13186,3
13187,1
13188,4
13189,7
13189,2
13189,5
13189,1
13189,3
13190,7
13190,2
13190,5
13190,1
13190,3
13191,4
13192,3
13193,7
13193,2
13193,5
13193,1
13194,1
13195,7
13196,3
13197,5
13198,2
13198,1
13199,7
13200,4
13201,1
13202,2
13203,7
13204,1
13205,1
13206,7
13206,2
13206,5
13206,1
13206,3
13206,6
13206,4
13207,5
13208,2
13209,7
13209,2
13209,5
13209,1
13209,3
13210,4
13211,5
13212,7
13213,1
13214,7
13214,2
13214,5
13214,1
13214,3
13215,7
13215,2
13215,5
13215,1
13215,3
13216,7
13216,2
13216,5
13216,1
13216,3
13217,7
13217,2
13217,5
13217,1
13217,3
13218,7
13218,2
13218,5
13218,1
13218,3
13219,7
13219,2
13219,5
13219,1
13219,3
13220,7
13220,2
13220,5
13220,1
13220,3
13221,1
13222,7
13223,5
13224,7
13224,2
13224,5
13224,1
13224,3
13225,7
13226,2
13227,2
13228,5
13229,1
13230,2
13231,5
13232,3
13233,2
13234,4
13235,4
13236,2
13237,7
13237,4
13238,4
13239,5
13240,2
13241,5
13242,4
13243,6
13244,6
13245,3
13246,2
13247,1
13248,6
13249,6
13249,4
13250,4
13251,7
13251,2
13251,5
13251,1
13251,3
13252,7
13252,2
13252,5
13252,1
13252,3
13253,1
13254,6
13255,2
13256,6
13257,7
13258,7
13258,2
13258,5
13258,1
13258,3
13259,3
13260,1
13261,7
13261,2
13261,5
13261,1
13261,3
13262,5
13264,6
13265,2
13266,5
13267,5
13268,1
13270,7
13271,5
13272,6
13273,7
13274,5
13275,5
13276,7
13277,4
13278,7
13278,2
13279,5
13279,1
13280,4
13281,5
13282,2
13283,1
13284,5
13285,4
13286,6
13287,1
13288,2
13289,4
13290,6
13291,1
13292,7
13293,7
13293,2
13293,5
13293,1
13293,3
13294,5
13295,1
13296,6
13297,7
13297,2
13297,5
13297,4
13298,6
13299,7
13300,4
13301,4
13302,7
13303,6
13303,4
13304,6
13305,1
13305,3
13306,3
13307,6
13308,7
13308,2
13308,5
13308,1
13308,3
13309,5
13310,6
13311,7
13312,4
13313,7
13313,2
13313,5
13313,1
13313,3
13314,1
13315,4
13316,7
13316,3
13317,7
13318,7
13318,2
13318,5
13318,1
13318,3
13319,7
13319,2
13319,5
13319,1
13319,3
13319,6
13319,4
13320,2
13321,5
13321,1
13322,7
13323,2
13324,5
13324,1
13325,5
13325,1
13326,4
13327,4
13328,5
13328,1
13329,7
13329,2
13329,5
13329,1
13329,3
13330,7
13330,2
13330,5
13330,1
13330,3
13331,3
13332,7
13332,2
13332,5
13332,1
13332,3
13333,5
13334,2
13335,1
13336,3
13337,7
13337,2
13337,5
13337,1
13337,3
13338,5
13339,2
13340,3
13341,6
13341,4
13342,5
13342,1
13342,3
13342,6
13342,4
13343,7
13343,2
13343,5
13343,1
13343,3
13344,7
13344,2
13344,5
13344,1
13344,3
13345,7
13346,7
13346,2
13346,5
13346,1
13346,3
13346,6
13346,4
13347,2
13348,4
13349,7
13349,2
13349,5
13349,1
13349,3
13350,1
13351,4
13352,2
13353,2
13354,6
13355,5
13355,1
13356,2
13357,6
13358,7
13359,7
13360,2
13361,2
13362,7
13362,2
13362,5
13362,1
13362,3
13362,6
13363,6
13363,4
13364,7
13364,2
13365,6
13366,6
13367,5
13368,7
13368,2
13368,5
13368,1
13368,3
13368,6
13369,7
13369,2
13369,5
13369,1
13369,3
13369,6
13370,7
13370,2
13370,5
13370,1
13370,3
13370,6
13370,4
13371,5
13372,5
13373,2
13374,1
13375,2
13376,3
13377,5
13378,6
13379,7
13380,7
13381,2
13382,5
13382,1
13383,7
13383,2
13384,5
13385,1
13386,2
13387,5
13388,7
13389,7
13389,2
13389,5
13389,1
13389,3
13390,6
13390,4
13391,7
13392,7
13392,2
13393,4
13394,7
13394,2
13395,7
13396,7
13396,2
13396,5
13396,1
13396,3
13396,6
13397,4
13399,7
13400,7
13401,1
13402,1
13403,7
13403,2
13403,5
13403,1
13404,6
13405,4
13406,6
13407,3
13408,6
13410,1
13411,6
13412,7
13413,5
13414,7
13414,2
13414,5
13414,1
13414,3
13415,1
13416,3
13417,3
13418,7
13418,2
13418,5
13418,1
13418,3
13418,6
13419,6
13420,6
13421,5
13422,4
13423,7
13423,2
13423,5
13423,1
13423,3
13424,3
13425,7
13425,2
13425,5
13426,4
13427,1
13428,4
13429,1
13430,1
13431,5
13432,4
13433,2
13434,2
13435,1
13436,4
13437,7
13438,6
13439,7
13439,2
13440,4
13441,5
13441,1
13442,7
13443,7
13444,7
13445,5
13446,2
13447,4
13448,7
13448,2
13448,5
13448,1
13448,3
13449,2
13450,2
13451,2
13452,7
13452,2
13452,5
13452,1
13452,3
13452,6
13452,4
13453,7
13453,2
13453,5
13453,1
13453,3
13454,2
13455,2
13456,7
13456,2
13456,5
13456,3
13457,7
13458,4
13459,7
13459,2
13459,5
13459,1
13460,7
13460,2
13460,5
13460,1
13460,3
13461,6
13462,2
13463,3
13464,7
13465,2
13466,3
13467,3
13468,7
13469,6
13469,4
13470,7
13470,2
13470,5
13470,1
13471,1
13471,3
13471,6
13471,4
13472,6
13472,4
13473,7
13473,2
13473,5
13473,1
13474,7
13475,7
13475,2
13475,5
13475,1
13476,6
13477,6
13478,3
13479,7
13480,7
13480,2
13480,5
13480,1
13480,3
13481,7
13481,2
13481,5
13481,1
13481,3
13482,7
13482,2
13482,5
13482,1
13482,3
13483,4
13484,7
13484,2
13484,5
13485,7
13486,7
13486,2
13486,5
13486,1
13486,3
13487,7
13487,2
13487,5
13487,1
13487,3
13488,2
13489,5
13490,6
13490,4
13491,7
13491,2
13491,5
13491,1
13491,4
13492,5
13493,7
13493,2
13493,5
13493,1
13494,7
13494,2
13494,5
13494,1
13494,3
13495,7
13495,2
13495,5
13495,1
13495,3
13495,6
13496,1
13496,3
13496,6
13497,7
13497,2
13497,5
13497,1
13497,3
13497,6
13497,4
13498,3
13499,1
13500,7
13500,2
13500,5
13500,1
13500,3
13501,2
13502,7
13502,2
13502,5
13502,1
13502,3
13502,6
13502,4
13503,6
13503,4
13504,7
13504,2
13504,5
13504,1
13504,3
13505,3
13506,7
13506,2
13506,5
13506,1
13506,3
13507,7
13507,2
13507,5
13507,1
13507,3
13507,6
13507,4
13508,2
13509,5
13510,3
13511,5
13512,4
13513,3
13514,3
13515,3
13516,3
13517,7
13518,7
13518,2
13518,5
13518,1
13518,3
13519,5
13520,7
13520,2
13520,5
13520,1
13520,4
13521,6
13522,5
13523,7
13523,2
13523,5
13523,1
13523,3
13523,6
13524,6
13525,5
13526,6
13527,2
13528,7
13528,2
13528,4
13529,7
13530,2
13531,6
13532,4
13533,7
13533,2
13533,5
13533,1
13534,7
13534,2
13534,5
13534,1
13535,2
13536,7
13536,2
13536,5
13536,1
13536,3
13537,7
13537,2
13537,5
13537,1
13537,3
13537,6
13537,4
13538,7
13538,2
13538,5
13538,1
13538,4
13539,2
13540,4
13541,1
13542,6
13543,1
13544,2
13545,5
13546,7
13546,2
13547,7
13547,2
13548,7
13548,2
13549,7
13549,2
13550,5
13550,1
13551,7
13551,2
13552,7
13552,2
13552,5
13552,1
13552,3
13552,6
13552,4
13553,1
13554,7
13555,1
13556,1
13557,4
13558,6
13559,7
13560,7
13560,2
13560,5
13560,1
13560,3
13561,6
13562,1
13563,7
13564,6
13565,1
13566,5
13566,1
13567,7
13567,2
13568,4
13569,4
13570,6
13571,7
13571,2
13571,5
13571,1
13572,7
13572,2
13572,5
13572,1
13572,3
13572,6
13573,1
13574,1
13575,1
13576,7
13576,2
13576,5
13576,1
13576,3
13577,3
13577,6
13578,6
13579,7
13579,2
13579,5
13579,1
13579,3
13579,6
13580,7
13580,2
13580,5
13580,1
13581,3
13581,6
13581,4
13582,2
13583,3
13584,4
13585,6
13585,4
13586,4
13587,7
13587,2
13588,7
13589,7
13589,2
13590,7
13590,2
13591,4
13592,7
13592,2
13593,7
13593,2
13594,5
13595,6
13596,6
13597,6
13598,1
13599,1
13600,2
13600,1
13600,6
13601,2
13602,7
13602,2
13603,7
13603,2
13603,5
13603,1
13603,3
13603,6
13604,7
13604,2
13604,5
13604,1
13604,3
13604,6
13605,7
13605,2
13605,5
13605,1
13606,7
13606,2
13606,5
13606,1
13607,7
13607,2
13607,5
13607,1
13607,3
13607,6
13607,4
13608,7
13608,2
13608,5
13608,1
13608,3
13608,6
13608,4
13610,4
13611,7
13611,2
13611,5
13611,1
13611,3
13611,6
13612,6
13613,6
13614,5
13614,1
13615,6
13616,1
13617,3
13618,7
13618,2
13618,5
13618,1
13619,2
13620,1
13621,2
13622,1
13623,6
13624,4
13625,1
13626,7
13627,6
13628,1
13629,2
13630,4
13631,4
13632,7
13633,7
13634,3
13635,7
13635,2
13635,5
13635,1
13636,7
13636,2
13636,5
13636,1
13636,3
13637,7
13637,2
13637,1
13637,3
13638,7
13638,2
13638,5
13638,1
13639,7
13639,2
13639,5
13639,1
13639,3
13640,6
13641,7
13641,2
13641,5
13641,1
13641,3
13642,7
13642,2
13643,7
13643,2
13644,3
13644,6
13644,4
13645,7
13645,2
13645,5
13645,1
13645,3
13646,6
13646,4
13647,4
13648,5
13649,7
13649,2
13650,7
13650,2
13650,5
13650,1
13650,3
13651,7
13651,2
13652,7
13652,2
13652,5
13652,1
13652,3
13653,5
13653,1
13654,3
13655,7
13655,2
13655,5
13655,1
13655,3
13656,1
13657,4
13658,6
13659,1
13660,5
13661,7
13661,2
13661,5
13661,1
13661,3
13662,5
13663,4
13664,1
13665,4
13666,7
13666,2
13667,7
13668,7
13668,2
13668,5
13668,1
13668,3
13669,4
13670,7
13670,2
13670,5
13670,1
13670,3
13671,3
13672,4
13673,4
13674,3
13675,2
13676,7
13676,2
13676,5
13676,1
13676,3
13677,4
13678,5
13679,4
13680,7
13681,5
13682,2
13683,6
13684,4
13685,6
13686,6
13687,4
13688,6
13689,4
13690,4
13691,4
13692,1
13693,1
13694,6
13695,7
13695,2
13695,5
13695,1
13695,3
13696,7
13696,2
13696,5
13696,1
13696,3
13697,7
13698,7
13699,7
13700,4
13701,6
13702,4
13703,7
13704,4
13705,3
13706,6
13707,6
13708,7
13709,6
13710,5
13711,3
13712,6
13712,4
13713,7
13713,2
13713,5
13713,1
13713,3
13714,5
13715,3
13716,6
13716,4
13717,4
13718,2
13719,2
13720,7
13722,2
13723,4
13724,2
13725,2
13726,6
13726,4
13727,5
13728,5
13729,6
13730,7
13730,2
13730,5
13730,1
13730,3
13731,2
13732,2
13733,7
13734,7
13734,2
13734,5
13734,1
13734,3
13735,4
13736,6
13737,7
13737,2
13737,5
13737,1
13737,3
13738,7
13738,2
13738,5
13738,1
13739,7
13739,2
13739,5
13739,1
13739,3
13739,6
13741,7
13741,2
13741,5
13741,1
13741,3
13742,2
13743,7
13743,2
13744,7
13744,2
13744,3
13744,6
13745,6
13746,6
13746,4
13747,4
13748,3
13749,3
13750,6
13751,7
13752,2
13753,6
13753,4
13754,5
13755,7
13755,2
13755,4
13756,3
13757,2
13758,5
13759,7
13759,2
13759,5
13759,1
13759,3
13760,4
13761,7
13761,2
13761,5
13761,1
13761,3
13762,4
13763,2
13764,7
13765,4
13766,7
13766,2
13767,7
13767,2
13767,5
13767,1
13767,3
13768,7
13769,3
13770,6
13771,1
13772,6
13772,4
13773,7
13775,1
13776,4
13777,3
13778,1
13779,7
13779,2
13779,5
13779,1
13780,6
13781,3
13781,6
13782,7
13782,2
13782,5
13782,1
13782,3
13783,5
13784,7
13784,2
13784,5
13784,1
13784,3
13785,4
13786,7
13786,2
13786,5
13786,1
13787,1
13788,1
13789,1
13790,7
13790,2
13791,7
13791,2
13791,5
13791,1
13791,3
13792,4
13793,5
13794,5
13795,3
13796,7
13796,2
13796,5
13796,1
13797,2
13798,3
13799,2
13800,7
13801,5
13802,1
13803,6
13804,2
13805,4
13806,7
13806,2
13806,5
13806,1
13806,3
13807,2
13808,1
13809,4
13810,2
13811,2
13812,3
13813,5
13814,3
13815,2
13816,3
13817,5
13819,7
13820,4
13821,3
13821,6
13823,1
13824,7
13825,4
13826,5
13827,5
13827,1
13828,4
13829,6
13830,3
13831,2
13832,5
13833,7
13833,2
13834,7
13834,2
13835,7
13836,6
13836,4
13837,7
13837,2
13837,5
13837,1
13837,3
13838,7
13838,2
13838,5
13838,1
13838,3
13839,7
13840,1
13841,7
13841,2
13842,6
13842,4
13843,6
13843,4
13844,5
13844,1
13845,6
13845,4
13846,6
13847,5
13847,1
13848,6
13848,4
13849,5
13850,2
13851,2
13852,4
13853,6
13854,5
13854,1
13855,5
13856,7
13856,2
13856,5
13856,1
13856,3
13856,6
13856,4
13857,6
13858,7
13859,3
13860,6
13861,1
13862,1
13863,4
13864,6
13865,7
13865,2
13865,5
13865,1
13866,7
13866,2
13866,5
13866,1
13866,3
13866,6
13867,6
13867,4
13868,5
13868,1
13869,7
13869,2
13870,5
13871,4
13872,1
13873,7
13873,2
13873,5
13873,1
13873,3
13873,6
13874,5
13875,5
13876,3
13877,2
13878,3
13879,6
13880,4
13881,4
13882,7
13882,2
13882,5
13882,1
13882,3
13882,6
13882,4
13883,6
13884,6
13885,6
13886,3
13887,7
13887,2
13887,5
13887,1
13887,3
13887,6
13888,7
13888,2
13888,5
13888,1
13888,3
13889,7
13890,6
13891,6
13892,3
13893,6
13893,4
13894,7
13894,2
13894,5
13894,1
13894,3
13895,3
13896,6
13896,4
13897,6
13897,4
13898,5
13898,1
13899,7
13900,3
13900,6
13901,3
13902,6
13903,3
13904,7
13905,3
13905,6
13906,6
13907,6
13907,4
13908,4
13909,7
13909,2
13909,5
13909,1
13909,3
13909,6
13910,7
13911,7
13911,2
13911,5
13911,1
13911,3
13911,6
13912,6
13914,5
13915,4
13916,5
13917,1
13918,3
13919,5
13921,5
13921,1
13922,7
13922,2
13923,7
13923,2
13924,4
13925,7
13925,2
13925,5
13925,1
13925,3
13926,1
13927,3
13928,5
13929,4
13930,4
13931,5
13932,1
13933,6
13934,3
13935,4
13936,4
13937,4
13938,7
13938,2
13938,5
13938,1
13938,3
13939,2
13939,5
13939,1
13939,3
13940,2
13941,5
13942,4
13943,7
13943,2
13943,5
13943,1
13943,3
13943,6
13943,4
13944,1
13945,3
13946,7
13947,2
13948,1
13949,7
13949,2
13949,5
13949,1
13950,3
13951,2
13952,7
13953,1
13954,4
13955,3
13956,3
13957,6
13957,4
13958,6
13959,3
13960,4
13961,4
13962,3
13963,4
13964,7
13964,2
13965,4
13966,5
13967,5
13967,1
13968,6
13968,4
13969,3
13969,4
13970,7
13970,2
13970,5
13970,1
13970,3
13970,6
13971,6
13972,6
13973,5
13973,1
13974,2
13975,3
13976,2
13976,1
13977,3
13978,1
13979,5
13979,1
13980,7
13981,7
13981,2
13981,5
13981,1
13981,3
13982,6
13983,3
13984,6
13985,1
13986,7
13987,4
13988,1
13989,4
13990,4
13991,1
13992,7
13993,4
13994,6
13995,5
13996,6
13997,6
13998,1
13999,6
13999,4
14000,6
14001,6
14002,6
14003,6
14004,7
14004,2
14004,5
14004,1
14004,3
14005,7
14005,2
14005,5
14005,1
14005,3
14006,7
14007,5
14008,5
14009,7
14010,4
14011,7
14011,2
14011,5
14011,1
14011,3
14012,7
14012,2
14012,5
14012,1
14012,3
14013,7
14013,2
14013,5
14013,1
14013,3
14014,2
14015,2
14015,5
14015,1
14015,3
14017,1
14018,5
14018,1
14019,4
14020,6
14021,2
14021,5
14021,1
14022,7
14022,2
14023,3
14023,6
14023,4
14024,7
14024,2
14025,7
14025,2
14025,5
14025,1
14025,3
14025,6
14025,4
14026,3
14027,5
14028,6
14029,2
14030,4
14031,4
14032,2
14033,2
14034,7
14035,5
14036,2
14037,1
14038,2
14039,4
14040,2
14041,3
14042,6
14043,3
14044,7
14045,4
14046,7
14047,4
14048,4
14049,6
14050,4
14051,4
14052,6
14052,4
14053,6
14054,6
14055,7
14055,2
14055,5
14055,1
14055,3
14055,6
14055,4
14056,6
14057,3
14058,5
14058,1
14059,2
14060,2
14061,3
14062,6
14062,4
14063,4
14064,3
14065,2
14066,4
14067,6
14068,7
14068,2
14068,5
14068,1
14068,3
14068,6
14069,6
14070,3
14071,4
14072,1
14073,5
14074,7
14075,1
14076,4
14077,2
14078,7
14079,7
14079,2
14079,5
14079,1
14079,3
14079,6
14079,4
14080,6
14081,1
14082,1
14083,6
14084,7
14085,5
14086,1
14087,1
14088,7
14089,6
14089,4
14090,5
14091,2
14092,7
14093,6
14094,2
14095,2
14096,2
14097,1
14098,4
14099,4
14100,6
14101,1
14102,4
14103,7
14103,2
14103,5
14103,1
14103,3
14103,6
14104,6
14105,6
14106,2
14107,7
14108,5
14109,7
14109,2
14109,5
14110,3
14111,1
14112,5
14113,5
14114,7
14115,7
14116,4
14118,3
14119,5
14120,2
14121,3
14122,7
14123,7
14124,3
14125,7
14126,7
14127,7
14127,2
14128,5
14128,1
14129,7
14129,2
14129,5
14129,1
14129,3
14129,6
14129,4
14130,5
14130,1
14131,7
14131,2
14132,7
14132,2
14132,5
14132,1
14132,3
14132,6
14133,7
14133,2
14133,5
14133,1
14133,3
14134,5
14135,7
14138,1
14139,4
14140,7
14141,3
14142,3
14143,4
14144,7
14145,5
14147,6
14148,1
14149,7
14150,6
14151,2
14152,1
14152,3
14152,6
14153,6
14154,6
14155,6
14155,4
14156,3
14156,6
14156,4
14157,5
14158,7
14158,2
14158,5
14158,1
14158,3
14158,6
14158,4
14159,3
14160,4
14161,7
14161,2
14161,5
14161,1
14161,3
14162,4
14163,7
14163,2
14163,5
14163,1
14164,7
14165,7
14166,6
14166,4
14167,7
14167,2
14167,5
14167,1
14167,3
14168,3
14169,6
14169,4
14170,7
14171,3
14172,7
14172,2
14172,5
14172,1
14172,3
14173,5
14173,1
14174,6
14174,4
14175,7
14175,2
14175,5
14175,1
14175,3
14175,6
14175,4
14176,4
14177,4
14178,2
14179,2
14180,6
14181,6
14182,6
14183,5
14184,5
14185,6
14186,4
14187,4
14188,7
14188,2
14188,5
14188,1
14188,3
14188,6
14188,4
14189,7
14189,2
14189,5
14189,1
14189,3
14190,7
14191,2
14192,4
14193,7
14193,2
14194,7
14194,2
14195,5
14195,1
14196,5
14196,1
14197,7
14197,2
14197,5
14197,1
14197,3
14198,5
14199,7
14200,6
14201,5
14201,1
14202,5
14203,7
14204,7
14205,5
14205,1
14206,1
14207,1
14208,2
14209,6
14210,7
14211,6
14212,5
14213,7
14214,6
14214,4
14215,7
14215,2
14215,5
14215,1
14215,3
14215,6
14216,2
14217,4
14218,6
14219,7
14220,1
14221,4
14222,7
14222,2
14222,5
14222,1
14222,3
14222,4
14223,5
14223,1
14224,3
14225,4
14226,4
14227,4
14228,4
14229,3
14230,3
14231,6
14232,6
14233,4
14234,4
14235,7
14236,7
14237,2
14238,5
14239,7
14240,7
14240,2
14240,5
14240,1
14240,3
14241,2
14242,2
14243,4
14244,6
14245,2
14246,3
14247,4
14249,6
14249,4
14250,5
14250,1
14251,1
14253,5
14254,3
14255,7
14256,6
14257,6
14257,4
14258,7
14259,7
14259,2
14259,5
14259,1
14259,3
14259,6
14260,2
14261,5
14263,1
14264,7
14265,5
14266,4
14267,7
14268,4
14269,4
14270,7
14271,6
14272,7
14272,2
14272,5
14272,1
14272,3
14273,5
14274,5
14275,6
14276,4
14277,4
14278,7
14278,2
14278,5
14278,1
14278,3
14279,3
14280,6
14281,6
14282,7
14282,2
14282,5
14282,1
14282,3
14283,1
14284,3
14285,1
14285,3
14286,4
14287,7
14287,2
14287,5
14287,1
14287,3
14287,6
14288,3
14289,6
14290,4
14291,7
14292,5
14293,7
14294,2
14295,7
14296,4
14297,5
14298,4
14299,2
14300,5
14301,4
14302,4
14303,4
14304,5
14305,1
14306,6
14307,5
14308,5
14308,1
14309,7
14309,2
14309,5
14309,1
14309,3
14310,4
14311,6
14312,7
14313,2
14314,7
14314,2
14314,5
14314,1
14314,3
14314,4
14315,7
14315,2
14315,5
14315,1
14315,3
14316,6
14317,7
14317,2
14318,7
14319,5
14320,4
14321,7
14322,7
14323,3
14324,7
14324,6
14325,7
14325,2
14325,5
14325,1
14325,3
14326,5
14327,5
14328,1
14329,5
14330,5
14331,7
14332,7
14332,2
14332,5
14332,1
14332,3
14333,7
14333,2
14333,5
14333,1
14333,3
14334,7
14335,2
14336,7
14336,2
14336,5
14336,1
14336,3
14337,7
14338,7
14338,2
14338,5
14338,1
14338,3
14338,6
14339,7
14339,2
14339,5
14339,1
14339,3
14340,7
14341,7
14341,2
14341,5
14341,1
14341,3
14342,7
14342,2
14343,7
14343,2
14344,5
14344,1
14345,7
14346,4
14347,4
14348,1
14349,6
14350,5
14351,1
14352,7
14353,7
14353,2
14353,5
14353,1
14353,3
14354,7
14355,7
14355,2
14355,5
14355,1
14355,3
14356,7
14356,2
14356,5
14356,1
14356,3
14357,7
14357,2
14357,5
14357,1
14357,3
14358,7
14358,2
14358,5
14358,1
14358,3
14359,7
14359,2
14359,5
14359,1
14359,3
14360,6
14361,5
14361,1
14361,3
14362,7
14362,2
14363,4
14364,4
14365,1
14367,2
14368,2
14369,1
14370,3
14371,5
14371,1
14372,7
14372,2
14372,5
14372,1
14373,1
14374,4
14375,6
14376,4
14377,4
14378,4
14379,2
14380,2
14381,2
14382,6
14383,7
14384,2
14385,3
14386,6
14387,3
14388,6
14389,2
14390,5
14390,1
14391,6
14392,1
14393,5
14395,6
14396,7
14396,2
14396,5
14396,1
14396,3
14397,5
14399,4
14400,1
14401,4
14402,2
14403,4
14404,1
14405,2
14406,3
14407,4
14408,2
14409,2
14410,2
14411,3
14412,1
14413,7
14413,2
14415,4
14416,3
14417,5
14418,4
14419,5
14420,4
14421,6
14422,2
14422,5
14422,1
14422,3
14424,3
14425,2
14426,2
14427,5
14427,1
14428,5
14429,5
14430,1
14431,1
14432,5
14433,5
14434,7
14434,2
14434,5
14434,1
14434,3
14435,7
14436,7
14436,2
14436,5
14436,1
14436,3
14437,5
14438,3
14439,7
14439,2
14439,5
14439,1
14439,3
14439,6
14439,4
14440,4
14441,7
14442,4
14443,6
14444,7
14444,2
14444,5
14444,1
14444,3
14444,6
14445,6
14446,7
14446,2
14446,5
14446,1
14446,3
14447,2
14448,5
14448,1
14449,3
14450,6
14451,7
14451,2
14451,5
14451,1
14451,3
14453,2
14454,5
14455,1
14456,1
14457,3
14458,7
14458,2
14458,5
14458,1
14458,3
14459,5
14460,7
14461,4
14463,6
14464,6
14465,6
14466,2
14467,4
14468,7
14469,6
14470,6
14471,4
14472,6
14473,1
14474,4
14475,4
14476,6
14477,5
14478,7
14478,2
14478,5
14478,1
14478,3
14479,1
14480,7
14480,2
14481,7
14481,2
14482,2
14483,6
14483,4
14484,7
14484,2
14485,5
14485,1
14486,7
14486,2
14486,5
14486,1
14486,3
14486,6
14486,4
14487,5
14488,5
14489,2
14490,5
14490,1
14491,5
14491,1
14492,5
14493,6
14493,4
14494,5
14495,1
14496,3
14497,6
14498,1
14499,3
14500,7
14501,7
14501,2
14501,5
14501,1
14502,3
14503,1
14504,6
14505,2
14506,2
14507,7
14507,2
14508,7
14508,2
14508,5
14508,1
14508,3
14509,5
14510,4
14511,4
14512,1
14513,1
14514,4
14515,5
14516,7
14517,4
14518,1
14519,3
14520,6
14521,5
14522,2
14523,1
14524,2
14526,4
14527,1
14528,7
14529,5
14530,6
14531,7
14532,2
14533,3
14534,7
14535,2
14536,1
14537,5
14538,7
14539,7
14539,2
14539,5
14539,1
14539,3
14539,6
14540,1
14543,2
14544,7
14544,2
14544,5
14544,1
14544,3
14547,2
14549,7
14551,5
14553,5
14554,5
14555,5
14556,4
14557,7
14558,4
14559,4
14560,7
14561,2
14562,1
14563,5
14564,5
14565,2
14566,7
14566,2
14566,5
14566,1
14566,3
14567,2
14568,7
14569,2
14570,2
14571,2
14572,1
14573,7
14574,2
14574,5
14574,1
14574,3
14575,3
14576,4
14577,7
14577,2
14577,5
14577,1
14578,7
14578,2
14578,5
14578,1
14579,7
14579,2
14579,5
14579,1
14579,3
14579,6
14579,4
14580,7
14580,2
14580,5
14580,1
14580,3
14581,7
14581,2
14581,5
14581,1
14581,3
14582,7
14582,2
14582,5
14582,1
14582,3
14582,6
14582,4
14583,4
14584,4
14585,6
14586,7
14586,2
14586,5
14587,7
14588,7
14589,7
14590,7
14591,2
14591,5
14591,1
14591,3
14592,2
14593,2
14594,3
14595,7
14595,2
14595,5
14595,1
14595,3
14596,4
14597,5
14598,5
14599,1
14600,1
14601,1
14602,1
14603,1
14604,3
14605,3
14606,3
14607,6
14608,7
14608,2
14608,5
14608,1
14609,1
14610,1
14611,3
14612,7
14612,2
14612,5
14612,1
14612,3
14614,5
14615,4
14617,7
14617,2
14617,5
14617,1
14617,3
14618,4
14619,7
14620,3
14621,3
14622,5
14623,3
14624,3
14625,4
14626,3
14627,7
14629,7
14629,2
14629,5
14629,1
14629,3
14630,4
14631,7
14632,7
14633,7
14633,2
14633,5
14633,1
14633,3
14634,5
14635,6
14636,2
14637,3
14638,6
14639,7
14639,2
14639,5
14639,1
14639,3
14639,6
14639,4
14642,6
14645,1
14646,2
14648,4
14651,4
14652,5
14653,2
14654,6
14655,5
14659,6
14660,1
14661,4
14662,7
14663,1
14664,2
14664,5
14664,1
14665,4
14666,1
14667,1
14668,7
14669,4
14670,1
14671,6
14672,7
14673,3
14673,6
14673,4
14674,3
14675,6
14676,4
14677,2
14678,7
14679,5
14679,1
14680,7
14680,2
14680,5
14680,1
14681,6
14682,4
14683,3
14684,7
14684,2
14684,5
14684,1
14684,3
14685,6
14687,6
14687,4
14688,6
14689,5
14690,5
14691,4
14692,5
14693,2
14694,2
14695,5
14696,7
14697,2
14698,2
14699,6
14700,6
14701,2
14702,5
14703,6
14704,4
14705,4
14706,5
14707,6
14708,5
14709,7
14709,2
14709,5
14709,1
14709,3
14709,6
14710,7
14710,2
14710,5
14710,1
14710,3
14710,6
14711,3
14712,4
14713,4
14714,2
14715,1
14716,1
14717,2
14718,5
14719,5
14719,1
14720,1
14721,1
14722,5
14723,2
14724,7
14725,1
14726,7
14727,5
14728,7
14728,2
14728,5
14728,1
14729,5
14730,5
14731,5
14732,2
14733,2
14734,2
14735,7
14736,1
14737,2
14738,5
14739,3
14740,7
14741,5
14742,3
14743,3
14744,5
14745,7
14745,2
14745,5
14745,1
14745,3
14746,6
14747,4
14748,4
14749,7
14749,2
14749,5
14749,1
14749,3
14750,6
14751,6
14752,1
14753,2
14755,4
14756,6
14757,1
14758,2
14759,2
14760,2
14762,7
14763,3
14764,6
14765,7
14766,7
14766,2
14766,5
14766,3
14766,6
14766,4
14767,6
14767,4
14768,4
14769,4
14770,4
14771,4
14772,4
14773,7
14773,2
14773,5
14773,1
14773,3
14774,7
14774,2
14774,5
14774,1
14774,3
14775,7
14775,2
14775,5
14775,1
14775,3
14776,7
14776,2
14776,5
14776,1
14776,3
14777,7
14777,2
14777,5
14777,1
14777,3
14778,7
14779,2
14780,5
14781,1
14782,7
14783,3
14784,7
14784,2
14784,5
14784,1
14784,3
14784,6
14784,4
14785,2
14786,7
14786,2
14786,5
14786,1
14786,3
14787,2
14788,2
14789,1
14790,7
14790,2
14790,5
14790,1
14790,3
14791,3
14792,3
14793,4
14794,7
14794,2
14794,5
14794,1
14794,3
14795,7
14795,2
14795,5
14795,1
14795,3
14796,6
14797,6
14798,4
14799,3
14799,6
14799,4
14800,7
14800,2
14800,5
14800,1
14801,2
14802,7
14803,7
14803,2
14803,5
14803,1
14804,2
14805,7
14805,2
14805,5
14805,1
14805,3
14806,7
14807,7
14807,2
14807,5
14807,1
14807,3
14808,7
14808,2
14808,5
14808,1
14808,3
14809,4
14810,7
14810,2
14810,5
14810,1
14810,3
14811,5
14812,1
14814,2
14815,6
14816,6
14817,6
14818,7
14818,2
14820,4
14821,7
14821,2
14821,5
14821,1
14822,7
14822,2
14822,5
14822,1
14822,3
14823,4
14824,6
14825,5
14826,4
14827,7
14827,2
14827,5
14827,1
14827,3
14827,6
14829,2
14830,4
14831,7
14831,2
14831,5
14831,1
14831,3
14832,7
14832,2
14832,5
14832,1
14832,3
14833,1
14834,4
14835,6
14836,5
14837,6
14838,1
14839,1
14840,7
14841,3
14842,3
14843,2
14844,7
14845,6
14846,7
14846,2
14847,3
14848,6
14848,4
14849,7
14849,2
14850,5
14850,1
14851,4
14852,3
14853,4
14854,4
14855,6
14855,4
14856,6
14856,4
14857,6
14857,4
14858,7
14858,2
14858,5
14858,1
14858,3
14859,7
14859,2
14859,5
14859,1
14859,3
14860,7
14860,2
14860,5
14860,1
14860,3
14861,7
14861,2
14861,5
14861,1
14861,3
14862,7
14862,2
14862,5
14862,1
14862,3
14863,7
14863,2
14863,5
14864,2
14865,3
14866,7
14866,2
14867,6
14868,6
14869,6
14870,6
14870,4
14871,7
14871,2
14871,5
14871,1
14871,3
14872,4
14873,4
14874,4
14876,6
14876,4
14877,2
14878,6
14878,4
14879,7
14879,2
14879,5
14879,1
14879,3
14881,5
14882,5
14883,5
14884,3
14885,3
14886,4
14887,5
14887,1
14888,5
14888,1
14889,5
14889,1
14890,6
14890,4
14891,3
14892,7
14892,2
14893,7
14893,2
14893,5
14893,1
14893,3
14894,6
14894,4
14895,7
14895,2
14895,5
14895,1
14895,3
14896,3
14897,4
14898,3
14899,2
14900,2
14901,5
14902,2
14903,1
14904,4
14905,7
14905,2
14905,5
14905,1
14906,7
14906,2
14906,5
14906,1
14906,3
14907,2
14908,6
14908,4
14909,4
14910,3
14911,5
14912,3
14913,5
14914,5
14915,5
14916,4
14917,5
14918,4
14919,3
14920,3
14921,7
14921,2
14921,5
14921,1
14921,3
14922,2
14923,6
14924,5
14925,6
14926,6
14927,3
14928,4
14929,4
14930,5
14931,5
14932,5
14933,5
14934,7
14935,5
14936,3
14937,4
14938,3
14939,7
14940,2
14940,5
14941,7
14942,3
14943,6
14944,1
14945,3
14946,5
14947,4
14948,4
14949,2
14950,7
14950,2
14950,5
14950,1
14950,3
14951,2
14952,2
14953,1
14954,3
14955,1
14956,6
14957,7
14957,2
14957,5
14957,1
14957,3
14958,1
14959,1
14960,2
14961,5
14962,7
14962,2
14962,5
14962,1
14962,3
14963,6
14964,7
14965,5
14966,7
14967,7
14967,2
14967,5
14967,1
14967,3
14968,7
14968,2
14968,5
14968,1
14968,3
14969,2
14970,7
14971,7
14972,2
14973,6
14974,7
14975,4
14976,7
14976,2
14976,5
14976,1
14976,3
14977,7
14977,2
14977,5
14977,1
14977,3
14978,7
14978,2
14978,5
14978,1
14978,3
14979,7
14979,2
14979,5
14979,1
14979,3
14980,7
14980,2
14980,5
14980,1
14980,3
14981,7
14981,2
14981,5
14981,1
14982,7
14982,2
14982,5
14982,1
14982,3
14982,6
14983,6
14984,6
14985,6
14986,2
14987,4
14989,4
14991,3
14992,2
14993,6
14994,2
14995,5
14996,5
14997,3
14998,2
14999,1
15000,1
15001,1
15002,3
15003,6
15004,6
15005,4
15006,6
15006,4
15007,6
15008,4
15009,4
15010,7
15010,2
15010,5
15010,1
15010,3
15011,7
15011,2
15011,5
15011,1
15011,3
15012,7
15012,2
15012,5
15012,1
15012,3
15013,6
15014,6
15015,4
15016,6
15017,4
15018,7
15018,2
15018,5
15018,1
15018,3
15018,6
15018,4
15019,7
15019,2
15019,5
15019,1
15019,3
15019,4
15020,6
15021,7
15021,2
15021,5
15021,1
15021,3
15022,7
15022,2
15022,5
15022,1
15022,3
15023,7
15023,2
15023,5
15023,1
15023,3
15024,6
15025,6
15026,6
15027,6
15028,7
15028,2
15028,5
15028,1
15028,3
15028,6
15028,4
15029,6
15029,4
15030,7
15030,2
15030,5
15030,1
15030,3
15031,7
15031,2
15031,5
15031,1
15031,3
15032,2
15033,7
15034,6
15035,5
15036,7
15036,2
15036,5
15036,1
15036,3
15037,7
15037,2
15037,5
15037,1
15037,3
15038,7
15038,2
15038,5
15038,1
15038,3
15039,6
15040,4
15041,6
15042,4
15043,7
15043,2
15043,5
15043,1
15043,3
15044,7
15044,2
15044,5
15044,1
15044,3
15045,2
15046,7
15046,2
15046,5
15046,1
15046,3
15047,7
15047,2
15047,5
15047,1
15047,3
15048,2
15049,6
15050,2
15051,5
15051,1
15052,2
15053,4
15054,4
15055,4
15056,7
15056,2
15056,5
15056,1
15057,7
15057,2
15057,5
15057,1
15057,3
15057,6
15057,4
15058,7
15058,2
15058,5
15058,1
15058,3
15059,7
15059,2
15059,5
15059,1
15059,3
15060,7
15060,2
15060,5
15060,1
15060,3
15060,6
15060,4
15061,4
15062,7
15062,2
15062,5
15062,1
15062,3
15063,2
15064,2
15065,1
15066,1
15067,6
15068,7
15068,2
15068,5
15068,1
15068,3
15068,6
15068,4
15069,4
15070,2
15071,4
15072,7
15073,7
15073,6
15073,4
15074,5
15075,3
15076,4
15077,7
15078,2
15079,2
15080,7
15080,2
15080,5
15080,1
15080,3
15081,6
15082,1
15083,7
15083,2
15083,5
15083,1
15084,4
15085,4
15086,2
15087,7
15087,2
15087,5
15087,1
15087,3
15088,7
15089,2
15090,5
15091,2
15092,7
15092,2
15092,5
15092,1
15092,3
15093,4
15094,4
15095,4
15096,3
15098,5
15098,1
15099,7
15100,6
15100,4
15101,5
15101,1
15102,7
15102,2
15103,6
15103,4
15104,7
15105,7
15105,2
15106,7
15107,7
15107,2
15107,5
15107,1
15107,3
15108,7
15109,3
15110,2
15111,7
15111,2
15111,5
15111,1
15111,3
15112,6
15112,4
15113,2
15114,2
15115,7
15115,2
15115,5
15115,1
15116,6
15117,7
15117,2
15118,2
15119,5
15120,7
15121,1
15122,5
15123,7
15124,2
15125,1
15126,1
15127,4
15128,3
15129,5
15130,7
15131,5
15132,2
15133,5
15134,1
15135,3
15136,5
15137,4
15138,5
15138,1
15139,5
15140,2
15141,1
15142,6
15143,5
15144,5
15145,3
15147,2
15148,1
15149,5
15150,2
15151,6
15152,7
15153,4
15154,3
15155,1
15156,7
15157,2
15158,7
15159,6
15160,3
15161,2
15162,6
15163,3
15164,1
15165,7
15166,6
15167,4
15168,6
15169,2
15170,6
15171,6
15172,7
15172,2
15172,5
15172,1
15173,7
15173,2
15173,5
15173,1
15174,7
15175,7
15175,2
15175,5
15175,1
15175,3
15175,6
15176,6
15176,4
15177,7
15177,2
15177,5
15177,1
15177,3
15177,6
15177,4
15178,7
15178,2
15179,6
15179,4
15180,7
15180,2
15181,4
15182,7
15182,2
15182,5
15182,1
15182,3
15183,6
15184,2
15185,6
15186,7
15186,2
15186,5
15186,1
15186,3
15186,6
15187,7
15187,2
15187,5
15187,1
15187,3
15188,6
15189,5
15190,7
15190,2
15190,5
15190,1
15190,3
15191,5
15192,7
15193,7
15194,2
15195,4
15196,7
15196,2
15196,5
15196,1
15196,3
15197,4
15198,5
15198,1
15198,3
15198,6
15198,4
15199,3
15200,7
15200,2
15200,5
15200,1
15200,3
15201,6
15202,6
15203,7
15204,5
15205,2
15206,4
15207,7
15208,5
15209,7
15209,2
15209,5
15209,1
15209,3
15210,7
15210,2
15210,5
15210,1
15210,3
15211,7
15212,3
15213,4
15214,7
15215,2
15216,2
15217,5
15218,5
15218,1
15219,7
15219,2
15219,5
15219,1
15219,3
15220,5
15220,1
15221,3
15222,6
15222,4
15223,7
15223,2
15224,6
15224,4
15225,7
15225,2
15226,7
15226,2
15228,6
15229,7
15229,2
15229,5
15229,1
15229,3
15230,6
15230,4
15231,6
15232,7
15232,2
15232,5
15232,1
15232,3
15232,6
15232,4
15233,7
15233,2
15234,5
15235,6
15236,7
15237,4
15238,3
15239,7
15240,6
15241,2
15242,2
15243,2
15244,5
15245,6
15246,2
15248,2
15249,2
15250,3
15251,4
15252,7
15253,5
15254,7
15255,4
15256,7
15257,4
15258,7
15258,2
15259,3
15260,4
15261,7
15262,6
15263,4
15264,7
15264,2
15264,5
15264,1
15264,3
15265,4
15266,5
15266,1
15267,6
15267,4
15268,7
15268,2
15269,7
15269,2
15269,5
15269,1
15269,3
15270,7
15271,5
15271,1
15272,6
15272,4
15273,4
15274,5
15274,1
15275,5
15275,1
15276,7
15276,2
15276,5
15276,1
15277,7
15277,2
15277,5
15277,1
15277,3
15278,4
15279,1
15280,7
15281,5
15282,5
15282,1
15283,7
15283,2
15283,5
15283,1
15283,3
15283,6
15283,4
15284,2
15285,6
15286,4
15287,3
15288,6
15289,7
15289,2
15289,5
15289,1
15289,3
15289,6
15289,4
15290,7
15290,2
15290,5
15290,1
15290,3
15290,6
15290,4
15291,2
15292,1
15293,2
15294,6
15294,4
15295,4
15296,4
15297,2
15298,1
15299,7
15299,2
15299,5
15299,1
15299,3
15299,6
15299,4
15300,7
15300,2
15300,5
15300,1
15300,3
15301,7
15301,2
15301,5
15301,1
15301,3
15302,3
15303,7
15303,2
15303,5
15303,1
15304,3
15305,7
15305,2
15305,5
15305,1
15305,3
15306,4
15307,7
15307,2
15307,5
15307,1
15307,3
15308,5
15309,4
15310,3
15311,3
15312,7
15312,2
15312,5
15312,1
15312,3
15313,1
15314,2
15315,3
15316,3
15317,7
15318,3
15319,6
15320,4
15321,5
15322,1
15323,7
15323,2
15323,5
15323,1
15323,3
15323,4
15324,4
15325,4
15326,4
15327,4
15328,6
15329,6
15330,7
15331,6
15332,4
15333,3
15334,7
15334,2
15334,5
15334,1
15334,3
15335,1
15336,2
15337,6
15338,7
15339,7
15341,5
15342,5
15343,5
15345,1
15346,5
15347,4
15348,7
15348,2
15348,5
15348,1
15348,3
15348,6
15348,4
15349,7
15349,2
15349,5
15349,1
15349,3
15350,7
15351,1
15352,7
15352,2
15352,5
15352,1
15352,3
15353,7
15353,2
15353,5
15353,1
15353,3
15354,6
15355,6
15356,4
15357,5
15358,6
15358,4
15359,6
15360,3
15361,2
15362,3
15363,7
15364,2
15365,3
15366,7
15367,2
15368,3
15369,5
15370,7
15370,2
15370,5
15370,1
15370,3
15371,3
15372,7
15372,2
15372,5
15372,1
15372,3
15373,2
15374,1
15375,7
15375,2
15376,7
15376,2
15376,5
15376,1
15377,5
15378,5
15379,3
15380,4
15381,7
15382,5
15382,1
15383,1
15384,4
15385,4
15386,4
15387,6
15388,2
15389,5
15390,5
15391,4
15392,1
15393,5
15394,5
15395,6
15396,4
15397,2
15398,5
15399,1
15400,1
15401,1
15402,3
15403,2
15404,3
15405,6
15406,5
15407,7
15407,3
15408,5
15409,5
15410,6
15411,6
15412,2
15413,4
15414,7
15414,2
15414,5
15414,1
15415,5
15416,3
15417,3
15418,5
15419,1
15420,7
15421,4
15422,6
15423,3
15424,3
15425,6
15426,6
15427,7
15427,2
15427,5
15427,1
15427,3
15428,1
15429,6
15430,7
15430,2
15430,5
15430,1
15430,3
15431,6
15432,6
15433,1
15434,2
15435,6
15436,3
15437,7
15437,2
15437,5
15437,1
15437,3
15438,7
15439,6
15439,4
15440,3
15441,6
15442,7
15442,2
15442,5
15442,1
15442,3
15443,1
15444,6
15445,1
15446,5
15447,2
15448,1
15449,2
15450,2
15451,6
15452,1
15453,6
15454,1
15455,6
15456,7
15456,2
15456,5
15456,1
15456,3
15457,7
15458,3
15459,2
15460,7
15460,2
15460,5
15460,1
15460,3
15460,6
15460,4
15461,7
15461,2
15461,5
15461,1
15461,3
15462,4
15463,6
15464,3
15465,2
15466,4
15467,1
15468,3
15470,6
15471,6
15472,6
15473,5
15474,6
15475,7
15476,4
15477,2
15478,7
15478,2
15478,5
15478,1
15478,3
15479,6
15480,7
15480,2
15480,5
15480,1
15480,3
15481,6
15482,5
15483,7
15484,2
15485,6
15486,2
15487,6
15488,2
15489,4
15490,2
15491,4
15492,2
15493,7
15493,2
15493,5
15493,1
15493,3
15494,7
15494,2
15494,5
15494,1
15494,3
15495,2
15496,2
15497,1
15498,5
15499,2
15500,5
15501,5
15502,7
15503,5
15504,4
15505,7
15505,2
15505,5
15505,1
15505,3
15506,3
15507,5
15508,4
15509,7
15509,2
15509,5
15509,1
15509,3
15510,7
15510,2
15510,5
15510,1
15510,3
15511,7
15511,2
15511,5
15511,1
15511,3
15512,7
15512,2
15512,5
15512,1
15512,3
15513,7
15513,2
15513,5
15513,1
15513,3
15514,7
15515,7
15515,2
15515,5
15515,1
15515,3
15516,7
15516,2
15516,5
15516,1
15516,3
15516,6
15516,4
15517,7
15517,2
15517,5
15517,1
15517,3
15519,7
15519,2
15519,5
15519,1
15519,3
15520,7
15520,2
15520,5
15520,1
15520,3
15521,7
15521,1
15522,7
15522,2
15522,5
15522,1
15522,3
15522,6
15522,4
15523,7
15523,2
15523,5
15523,1
15523,3
15524,1
15525,7
15525,2
15525,5
15525,1
15525,3
15525,6
15525,4
15526,1
15527,7
15527,2
15527,5
15527,1
15527,3
15528,5
15529,1
15530,7
15530,2
15530,5
15530,1
15530,3
15531,5
15532,6
15533,7
15533,2
15533,5
15533,1
15533,3
15534,7
15534,2
15534,5
15534,1
15534,3
15535,7
15535,2
15535,5
15535,1
15535,3
15536,2
15537,5
15538,1
15539,6
15540,6
15541,6
15542,4
15543,6
15544,4
15545,6
15546,4
15547,4
15548,4
15549,4
15550,4
15551,4
15552,4
15553,2
15554,4
15555,4
15556,4
15557,1
15558,7
15559,4
15560,4
15561,4
15562,7
15563,2
15564,4
15565,7
15565,2
15565,5
15565,1
15565,3
15565,6
15565,4
15566,7
15567,1
15568,7
15569,7
15569,2
15569,5
15569,1
15569,3
15570,1
15571,4
15572,3
15573,1
15574,7
15575,5
15576,7
15576,2
15576,5
15576,1
15576,3
15577,6
15578,6
15579,2
15580,4
15581,4
15582,1
15583,1
15584,2
15584,5
15584,1
15584,3
15585,6
15586,5
15587,4
15588,4
15589,5
15590,2
15591,7
15591,2
15591,5
15591,1
15591,3
15592,5
15593,4
15594,2
15595,1
15596,5
15597,4
15598,6
15599,2
15600,2
15601,4
15602,4
15603,5
15604,6
15605,3
15606,1
15607,7
15608,2
15609,6
15610,2
15611,2
15612,4
15613,5
15614,2
15614,1
15615,3
15616,7
15617,5
15618,1
15619,4
15620,6
15621,3
15622,3
15623,6
15624,4
15625,5
15626,2
15627,4
15628,1
15629,6
15630,7
15630,2
15630,5
15630,1
15630,3
15630,6
15630,4
15631,3
15632,5
15633,6
15634,6
15635,7
15636,7
15636,2
15636,5
15636,1
15637,2
15638,4
15639,6
15640,5
15641,7
15641,2
15641,5
15641,1
15641,3
15642,6
15643,7
15643,2
15643,5
15643,1
15644,6
15645,3
15646,5
15647,3
15648,4
15649,6
15650,4
15651,4
15652,4
15653,7
15654,3
15655,7
15655,2
15655,1
15655,3
15656,2
15657,6
15658,1
15659,6
15660,3
15661,5
15662,3
15663,6
15664,7
15665,3
15666,6
15667,5
15668,4
15669,7
15670,7
15671,7
15671,2
15671,5
15671,1
15671,3
15671,6
15672,4
15673,7
15674,6
15675,2
15676,7
15676,2
15676,5
15676,1
15676,3
15676,6
15677,4
15678,1
15679,2
15679,3
15680,7
15681,7
15682,7
15682,2
15682,5
15682,1
15682,3
15682,6
15683,1
15684,2
15685,7
15685,2
15685,5
15685,1
15686,3
15687,3
15688,2
15689,3
15690,4
15691,5
15692,3
15693,5
15694,7
15695,1
15696,6
15697,2
15698,7
15699,2
15700,7
15700,2
15700,5
15700,1
15700,3
15701,2
15702,4
15703,6
15704,1
15705,7
15706,1
15707,1
15708,7
15709,5
15710,2
15711,7
15711,2
15711,5
15711,1
15712,5
15713,3
15714,2
15715,5
15716,4
15717,6
15718,4
15719,7
15719,2
15720,6
15721,3
15722,7
15723,5
15724,6
15724,4
15725,5
15726,4
15727,4
15728,3
15729,6
15730,2
15731,4
15732,3
15733,7
15734,5
15735,4
15736,2
15737,6
15738,2
15738,1
15739,3
15740,7
15741,2
15742,2
15743,7
15743,2
15743,5
15743,1
15743,3
15744,6
15745,1
15746,4
15747,7
15748,1
15749,5
15750,5
15751,4
15752,4
15753,2
15754,5
15755,7
15755,2
15756,7
15757,7
15758,7
15759,2
15759,5
15759,1
15759,3
15760,7
15760,2
15760,5
15760,1
15760,3
15761,6
15762,6
15763,7
15763,2
15763,5
15763,1
15763,3
15763,6
15763,4
15764,3
15765,2
15766,3
15767,6
15768,2
15769,4
15770,7
15771,7
15771,2
15771,5
15772,1
15773,3
15774,7
15774,2
15774,5
15774,1
15774,3
15774,6
15775,7
15775,4
15776,7
15776,4
15777,4
15778,7
15779,4
15780,7
15780,4
15781,4
15782,6
15782,4
15783,3
15784,4
15785,4
15786,5
15787,2
15788,6
15789,7
15789,2
15789,5
15789,1
15789,3
15790,5
15791,6
15792,6
15793,4
15794,6
15795,4
15796,3
15797,5
15797,1
15798,4
15799,6
15800,6
15801,4
15802,3
15803,7
15803,2
15803,5
15804,3
15805,7
15805,2
15805,5
15805,1
15805,3
15806,7
15807,4
15808,2
15809,7
15809,2
15809,5
15809,1
15809,3
15810,7
15810,2
15810,5
15810,1
15810,3
15811,7
15811,2
15811,5
15811,1
15811,3
15811,6
15812,4
15813,7
15814,1
15815,7
15815,2
15815,5
15815,1
15815,3
15816,3
15817,3
15818,7
15818,2
15818,5
15818,1
15818,3
15818,6
15818,4
15819,4
15820,6
15821,6
15822,7
15822,2
15822,5
15822,1
15822,3
15823,6
15824,1
15825,3
15826,6
15827,7
15827,2
15827,5
15827,1
15827,3
15828,1
15829,4
15830,6
15831,6
15832,6
15833,3
15834,6
15835,1
15836,6
15837,6
15838,3
15839,2
15840,1
15841,6
15842,5
15843,7
15844,3
15844,6
15845,4
15846,7
15846,2
15846,5
15846,1
15846,3
15847,7
15847,2
15847,5
15847,1
15847,3
15848,3
15849,7
15849,2
15849,5
15849,1
15849,3
15850,6
15851,4
15852,4
15853,4
15854,6
15855,7
15855,2
15855,5
15855,1
15855,3
15856,7
15857,5
15858,7
15859,5
15860,7
15860,2
15861,3
15862,2
15863,5
15864,6
15865,3
15866,6
15867,7
15868,7
15868,2
15868,5
15868,1
15868,3
15869,6
15870,1
15871,1
15872,7
15873,5
15874,7
15875,7
15876,2
15877,3
15878,2
15879,1
15880,4
15881,4
15882,2
15883,3
15884,3
15885,4
15886,6
15887,4
15888,4
15889,5
15890,7
15890,2
15890,5
15890,1
15890,3
15892,4
15893,4
15894,7
15895,4
15896,4
15897,2
15898,2
15899,4
15900,6
15901,7
15901,3
15902,4
15903,2
15903,5
15903,1
15903,3
15903,6
15904,2
15904,5
15905,7
15905,4
15906,1
15907,2
15908,2
15909,7
15909,2
15909,5
15909,1
15909,3
15909,6
15909,4
15910,7
15910,2
15910,5
15911,2
15912,3
15913,1
15914,3
15915,2
15916,6
15917,6
15918,2
15919,2
15919,5
15919,4
15920,6
15921,5
15922,1
15923,6
15924,2
15925,6
15926,3
15927,4
15928,1
15929,2
15930,1
15931,3
15932,7
15933,5
15934,7
15934,5
15935,5
15936,1
15937,6
15938,7
15939,3
15940,7
15940,2
15940,5
15940,1
15941,2
15942,3
15943,5
15944,7
15945,3
15945,6
15946,7
15946,2
15946,4
15947,7
15947,4
15948,3
15949,7
15950,2
15951,1
15952,4
15953,4
15954,7
15954,2
15954,5
15954,1
15954,3
15955,5
15956,6
15957,6
15958,3
15958,6
15959,5
15959,1
15960,3
15960,6
15961,7
15961,2
15962,6
15963,6
15963,4
15964,7
15964,5
15964,1
15964,3
15965,7
15966,5
15967,3
15968,6
15969,3
15970,1
15971,5
15972,6
15973,2
15974,1
15975,2
15976,1
15977,6
15978,7
15978,2
15978,5
15978,1
15978,3
15979,5
15980,1
15981,4
15982,4
15983,7
15984,3
15985,4
15986,2
15987,5
15988,5
15989,6
15989,4
15990,4
15991,7
15991,2
15991,5
15991,1
15991,3
15992,6
15993,1
15994,7
15994,2
15994,5
15994,1
15994,3
15995,7
15996,7
15996,3
15997,7
15997,2
15997,5
15997,1
15997,3
15998,2
15999,5
16000,4
16001,7
16001,2
16001,5
16001,1
16001,3
16002,7
16003,4
16004,4
16005,2
16006,2
16006,1
16007,3
16008,6
16009,7
16009,2
16009,5
16009,1
16009,3
16009,6
16009,4
16011,6
16012,7
16012,2
16012,5
16012,1
16012,3
16013,7
16014,2
16015,1
16016,1
16017,1
16018,7
16018,2
16018,4
16019,4
16020,6
16021,2
16022,6
16023,3
16024,6
16024,4
16025,7
16025,2
16025,5
16025,1
16025,3
16025,6
16025,4
16026,6
16027,6
16028,1
16029,3
16030,6
16030,4
16031,2
16032,2
16033,2
16034,7
16035,3
16036,7
16037,6
16038,2
16039,4
16040,1
16041,6
16041,4
16042,5
16043,7
16043,2
16043,5
16043,1
16043,3
16043,6
16043,4
16044,7
16044,2
16044,5
16044,1
16044,3
16044,6
16044,4
16045,7
16045,2
16045,5
16045,1
16045,3
16046,7
16046,2
16046,5
16046,1
16046,3
16046,6
16046,4
16047,7
16047,2
16047,5
16047,1
16047,3
16047,6
16047,4
16048,3
16049,7
16049,2
16049,5
16049,1
16049,3
16050,7
16050,2
16050,5
16050,1
16050,3
16051,4
16052,6
16053,4
16055,4
16056,2
16057,2
16058,2
16059,7
16060,2
16062,4
16063,5
16064,1
16065,5
16066,2
16067,5
16068,3
16069,7
16069,2
16069,5
16069,1
16070,1
16071,1
16072,1
16073,6
16074,7
16075,1
16076,6
16077,6
16078,7
16079,4
16080,2
16081,1
16082,5
16083,6
16084,7
16084,2
16084,5
16084,1
16084,3
16084,6
16086,5
16087,4
16088,5
16089,6
16090,7
16091,7
16091,2
16092,7
16092,2
16092,5
16092,1
16093,2
16094,4
16095,1
16096,7
16096,2
16096,5
16096,1
16096,3
16097,4
16098,6
16099,4
16100,1
16101,4
16102,3
16103,3
16104,6
16105,4
16106,4
16107,4
16108,4
16109,3
16110,4
16111,6
16112,4
16113,6
16114,2
16115,7
16115,2
16115,5
16115,1
16115,3
16116,4
16117,1
16118,3
16119,1
16120,3
16121,3
16122,1
16123,2
16124,4
16125,2
16126,4
16127,7
16128,6
16129,4
16130,5
16131,2
16132,2
16133,4
16134,1
16135,6
16136,3
16137,7
16137,2
16137,5
16137,1
16137,3
16138,7
16138,2
16138,5
16138,1
16138,3
16139,1
16140,1
16141,6
16142,3
16143,3
16144,3
16144,6
16145,7
16145,2
16146,3
16147,7
16147,2
16148,6
16149,1
16150,1
16150,3
16151,5
16151,1
16152,7
16152,2
16152,5
16152,1
16152,4
16153,7
16153,2
16153,5
16153,1
16153,3
16154,7
16154,2
16154,5
16154,1
16154,3
16155,7
16155,2
16155,5
16155,1
16155,3
16156,7
16156,2
16156,5
16156,1
16156,3
16157,3
16158,7
16159,7
16160,3
16161,3
16162,6
16163,6
16164,7
16164,2
16164,5
16164,1
16165,6
16165,4
16166,6
16166,4
16167,6
16168,1
16169,4
16170,4
16171,4
16172,3
16173,7
16173,2
16173,4
16174,3
16175,5
16175,1
16175,3
16176,6
16177,2
16178,3
16179,1
16180,6
16181,3
16182,5
16183,2
16184,2
16185,5
16186,4
16187,5
16188,6
16189,6
16190,2
16191,5
16192,4
16193,3
16194,6
16195,5
16196,7
16197,1
16198,2
16199,6
16200,3
16201,5
16202,7
16203,6
16204,2
16205,3
16206,1
16207,1
16208,7
16208,2
16208,5
16208,1
16208,3
16209,7
16210,6
16211,5
16212,5
16213,4
16214,5
16215,5
16216,7
16217,6
16218,6
16219,7
16219,2
16219,5
16219,1
16219,3
16220,2
16221,7
16221,2
16222,3
16223,6
16224,7
16224,4
16225,2
16226,7
16226,2
16226,5
16226,1
16226,3
16227,7
16227,2
16227,5
16227,1
16227,3
16228,6
16229,2
16230,7
16230,2
16230,5
16230,1
16230,3
16231,3
16232,6
16233,5
16233,3
16234,7
16235,4
16236,6
16237,3
16238,4
16239,7
16240,6
16241,6
16242,7
16242,2
16242,5
16242,1
16242,3
16243,7
16244,7
16245,5
16246,5
16247,7
16248,7
16248,2
16248,5
16248,1
16248,3
16248,6
16248,4
16249,3
16250,1
16251,6
16252,5
16253,2
16254,2
16255,7
16255,2
16255,5
16255,1
16255,3
16256,2
16257,1
16258,7
16258,2
16258,5
16258,1
16258,3
16259,7
16259,2
16259,5
16259,1
16259,3
16260,5
16261,7
16261,5
16261,3
16262,5
16263,1
16264,5
16265,1
16266,4
16267,7
16267,2
16267,5
16267,1
16267,3
16268,2
16269,7
16269,2
16269,5
16270,5
16271,7
16271,2
16271,5
16271,1
16271,3
16272,5
16273,7
16273,2
16273,5
16273,1
16273,3
16274,7
16274,2
16274,5
16274,1
16274,3
16275,5
16275,1
16275,6
16276,3
16276,6
16276,4
16277,7
16277,2
16277,5
16277,1
16277,3
16278,4
16279,3
16280,3
16280,6
16280,4
16281,6
16281,4
16282,3
16283,6
16284,7
16284,2
16284,5
16284,1
16284,3
16285,7
16285,2
16285,5
16285,1
16285,3
16286,1
16287,7
16287,2
16287,5
16288,1
16289,2
16290,1
16290,3
16290,6
16290,4
16291,3
16291,4
16292,5
16293,5
16294,5
16295,6
16296,4
16297,4
16298,3
16299,5
16299,1
16300,7
16300,2
16300,5
16300,1
16300,3
16301,7
16301,2
16301,5
16301,1
16301,3
16301,6
16301,4
16302,5
16303,7
16303,2
16303,5
16303,1
16303,3
16304,4
16306,3
16307,2
16308,7
16308,2
16308,5
16308,1
16309,6
16310,2
16311,7
16312,5
16313,7
16313,2
16313,5
16313,1
16313,3
16314,4
16315,3
16316,5
16317,5
16318,3
16319,7
16319,2
16319,5
16319,1
16319,3
16319,6
16319,4
16320,7
16320,2
16320,5
16320,1
16320,3
16320,6
16320,4
16321,1
16322,7
16322,2
16322,5
16322,1
16322,3
16322,6
16322,4
16323,5
16324,5
16325,5
16326,7
16326,2
16327,4
16328,1
16329,3
16330,7
16330,2
16331,5
16332,3
16332,6
16333,7
16333,2
16333,5
16333,1
16333,3
16334,2
16335,1
16336,7
16337,6
16338,7
16338,2
16338,5
16338,1
16339,7
16339,2
16339,5
16339,1
16340,7
16340,2
16340,5
16340,1
16341,4
16342,6
16343,6
16344,7
16344,2
16344,5
16344,1
16345,4
16346,4
16347,7
16347,2
16347,5
16347,1
16347,3
16348,2
16349,5
16350,7
16350,4
16352,2
16352,5
16352,1
16352,3
16352,6
16352,4
16353,6
16354,5
16355,4
16356,3
16357,7
16357,2
16357,5
16357,1
16357,3
16358,2
16359,2
16360,2
16361,3
16362,1
16363,6
16363,4
16364,7
16365,6
16366,7
16366,2
16366,5
16366,1
16366,3
16366,6
16367,4
16368,1
16369,4
16370,2
16371,5
16372,3
16373,4
16374,2
16375,5
16376,7
16377,6
16378,6
16379,6
16380,4
16381,3
16382,5
16383,6
16384,7
16385,1
16386,6
16387,4
16388,7
16390,6
16391,1
16392,1
16393,7
16394,2
16395,6
16396,3
16396,6
16397,1
16398,1
16399,7
16400,5
16401,5
16402,7
16402,2
16402,5
16402,1
16402,3
16403,5
16404,4
16405,7
16405,2
16405,5
16405,1
16405,3
16406,4
16407,7
16407,2
16407,5
16407,1
16407,3
16408,1
16409,5
16410,4
16411,7
16411,2
16411,5
16411,1
16411,3
16412,6
16413,4
16414,4
16415,6
16416,3
16417,2
16418,5
16419,7
16419,2
16420,3
16421,5
16422,5
16423,2
16424,7
16425,2
16426,4
16427,7
16427,2
16427,5
16427,1
16427,3
16428,4
16429,7
16430,6
16431,5
16432,3
16433,1
16434,7
16435,7
16436,7
16436,2
16436,5
16436,1
16436,3
16437,1
16438,7
16438,2
16438,1
16439,6
16440,7
16440,2
16440,5
16440,1
16441,4
16442,7
16442,2
16442,5
16442,1
16442,3
16443,6
16443,4
16444,6
16445,1
16446,7
16447,7
16448,7
16449,7
16450,7
16450,2
16450,5
16450,1
16450,3
16451,4
16452,7
16452,2
16453,7
16453,2
16454,1
16455,7
16455,4
16456,6
16457,1
16458,4
16459,4
16460,4
16461,2
16462,6
16463,4
16464,6
16465,6
16466,1
16467,7
16468,7
16469,5
16469,1
16470,5
16471,7
16471,5
16472,6
16473,7
16473,2
16473,5
16473,1
16473,3
16474,6
16475,6
16476,2
16477,6
16477,4
16478,4
16479,4
16480,7
16480,2
16480,5
16480,1
16480,3
16481,7
16481,2
16481,5
16481,1
16481,3
16482,5
16483,6
16484,4
16485,7
16485,2
16485,5
16485,1
16485,3
16486,3
16487,5
16488,6
16489,4
16490,1
16491,6
16492,1
16493,6
16494,6
16495,7
16495,2
16495,5
16495,1
16496,6
16497,3
16498,4
16499,6
16501,6
16502,6
16503,7
16504,7
16504,2
16505,1
16506,6
16507,7
16508,5
16509,4
16510,2
16511,5
16512,2
16513,4
16514,4
16515,4
16516,1
16517,7
16518,4
16519,7
16520,2
16521,5
16522,1
16523,1
16524,2
16525,6
16526,6
16527,7
16527,2
16527,4
16528,6
16529,5
16530,5
16531,7
16531,2
16531,5
16531,1
16531,3
16532,2
16533,2
16534,1
16535,6
16536,3
16537,4
16538,7
16538,2
16538,5
16538,1
16538,3
16539,2
16540,1
16541,3
16541,6
16541,4
16542,6
16543,2
16544,6
16545,6
16546,6
16546,4
16547,1
16548,1
16549,6
16550,4
16551,7
16551,2
16551,5
16551,1
16551,3
16552,7
16553,4
16554,7
16555,6
16556,5
16556,1
16557,3
16557,6
16558,5
16559,7
16560,1
16561,4
16562,6
16562,4
16563,7
16564,1
16565,5
16566,7
16567,7
16568,1
16569,1
16570,1
16571,3
16572,6
16573,7
16574,4
16575,7
16575,2
16575,5
16575,1
16575,3
16576,7
16577,6
16578,1
16579,6
16580,4
16581,7
16581,2
16581,5
16581,1
16581,3
16581,6
16582,7
16582,2
16582,5
16582,1
16582,3
16583,2
16584,6
16585,3
16586,7
16587,1
16588,7
16589,2
16590,2
16591,2
16592,5
16593,5
16594,5
16595,6
16596,6
16597,2
16598,4
16599,3
16600,2
16601,1
16602,7
16602,2
16602,5
16602,1
16602,3
16603,4
16604,1
16605,6
16606,5
16607,3
16608,7
16608,2
16608,5
16608,1
16608,3
16609,7
16609,2
16609,5
16609,1
16609,3
16610,5
16611,3
16612,3
16613,7
16613,2
16613,5
16613,1
16613,3
16614,4
16615,7
16616,6
16617,7
16618,1
16619,7
16620,3
16621,4
16622,1
16623,1
16624,6
16625,6
16626,3
16627,6
16628,6
16629,4
16630,7
16630,2
16630,5
16630,1
16631,6
16632,5
16633,7
16634,5
16635,6
16636,6
16637,5
16638,3
16639,4
16640,7
16640,2
16640,5
16640,1
16641,2
16642,6
16643,6
16644,5
16644,1
16645,3
16646,4
16647,3
16648,1
16649,1
16649,3
16649,6
16650,4
16651,6
16652,6
16653,6
16654,6
16655,7
16656,1
16657,5
16658,1
16659,5
16660,1
16661,5
16662,1
16662,3
16663,2
16664,6
16665,6
16666,6
16667,7
16668,5
16669,3
16670,7
16670,2
16670,5
16670,1
16670,3
16671,2
16672,6
16672,4
16673,4
16674,7
16674,2
16674,5
16674,1
16674,3
16675,3
16676,1
16677,5
16678,2
16679,4
16680,1
16681,4
16682,4
16683,5
16684,6
16685,2
16686,7
16687,4
16688,5
16689,4
16690,3
16691,5
16691,1
16692,3
16693,4
16694,7
16695,6
16696,6
16697,3
16698,5
16699,6
16700,7
16700,2
16700,5
16700,1
16701,6
16702,3
16704,6
16704,4
16705,3
16706,7
16707,1
16708,4
16709,4
16710,4
16711,2
16712,2
16713,1
16714,6
16715,3
16716,4
16717,5
16718,2
16719,4
16720,2
16721,3
16722,4
16723,3
16724,3
16725,6
16726,6
16727,1
16728,6
16729,6
16730,7
16731,2
16732,5
16733,7
16733,2
16733,5
16733,1
16733,3
16734,1
16735,2
16736,5
16737,7
16738,1
16739,6
16740,6
16741,6
16742,3
16743,7
16743,2
16743,5
16743,1
16743,3
16743,6
16743,4
16744,2
16745,5
16746,7
16746,2
16746,5
16746,1
16746,3
16747,5
16748,7
16748,2
16748,5
16748,1
16748,3
16748,6
16748,4
16749,7
16750,6
16751,7
16751,2
16751,5
16751,1
16752,4
16753,5
16754,6
16755,5
16756,5
16757,2
16758,4
16759,5
16760,7
16761,7
16762,5
16763,1
16764,5
16765,3
16765,6
16765,4
16766,2
16767,5
16767,1
16768,1
16769,5
16770,6
16771,3
16772,3
16773,4
16774,3
16775,3
16778,5
16779,4
16781,1
16782,1
16783,3
16784,3
16785,7
16785,2
16785,5
16785,1
16786,7
16786,2
16786,5
16786,1
16786,3
16787,6
16788,7
16789,5
16790,7
16791,7
16792,7
16792,2
16792,5
16792,1
16793,5
16794,4
16795,3
16796,7
16797,4
16798,2
16799,5
16800,6
16801,7
16801,2
16801,5
16801,1
16801,3
16802,2
16803,4
16804,2
16805,1
16806,2
16807,2
16808,2
16809,7
16810,7
16811,3
16812,6
16813,1
16814,7
16815,6
16816,7
16816,2
16816,5
16816,1
16816,3
16816,6
16816,4
16817,7
16817,2
16817,5
16817,1
16817,3
16818,1
16819,7
16819,2
16819,5
16819,1
16820,5
16821,3
16822,5
16823,3
16824,5
16825,6
16826,6
16827,5
16828,1
16829,4
16830,3
16831,2
16832,3
16833,2
16834,2
16835,1
16836,6
16837,2
16838,5
16839,7
16839,2
16839,5
16839,1
16839,3
16840,4
16841,1
16842,5
16843,2
16844,1
16845,1
16846,7
16846,2
16846,5
16846,1
16846,3
16846,6
16846,4
16847,7
16848,3
16849,3
16850,7
16850,2
16850,5
16851,5
16852,2
16853,2
16854,1
16855,7
16855,2
16856,3
16856,6
16857,3
16857,6
16858,5
16859,5
16860,5
16861,6
16862,2
16863,2
16864,6
16865,4
16866,2
16867,2
16867,1
16867,3
16867,4
16868,6
16869,7
16870,4
16871,7
16871,2
16872,1
16873,4
16874,2
16875,3
16876,1
16877,4
16878,6
16879,1
16880,7
16881,1
16882,7
16882,2
16883,2
16884,2
16885,7
16886,7
16886,2
16886,5
16886,1
16886,3
16887,5
16888,7
16888,2
16888,5
16888,1
16888,3
16889,5
16890,7
16891,3
16892,2
16893,7
16894,7
16895,3
16896,6
16897,6
16898,3
16899,3
16900,6
16901,6
16902,3
16903,6
16904,2
16904,5
16904,1
16904,3
16905,3
16905,6
16905,4
16906,4
16907,3
16908,3
16909,7
16909,3
16910,3
16911,4
16912,7
16912,2
16912,5
16913,7
16913,4
16914,7
16914,2
16914,5
16915,2
16915,5
16916,4
16917,7
16917,2
16917,5
16917,1
16917,3
16917,6
16917,4
16918,3
16919,7
16919,2
16919,5
16919,1
16920,7
16920,2
16920,5
16920,1
16921,6
16922,3
16923,6
16924,2
16925,6
16925,4
16926,1
16927,7
16927,2
16927,5
16927,1
16927,3
16928,3
16929,3
16930,2
16931,3
16932,4
16933,7
16934,4
16935,2
16936,5
16937,5
16938,4
16939,4
16940,3
16941,3
16942,1
16944,1
16945,7
16946,7
16946,2
16946,5
16946,1
16946,3
16947,6
16948,1
16949,2
16950,2
16951,7
16951,2
16952,7
16952,4
16953,1
16954,3
16955,1
16956,5
16957,4
16958,2
16959,3
16960,3
16961,7
16961,2
16961,5
16961,1
16961,3
16962,2
16963,3
16964,7
16964,2
16964,5
16964,1
16964,3
16964,6
16964,4
16965,5
16966,1
16967,7
16967,2
16967,5
16967,1
16968,7
16969,7
16969,2
16969,5
16969,1
16970,7
16971,3
16972,1
16973,3
16974,6
16975,7
16976,1
16977,7
16977,2
16978,7
16979,6
16980,1
16981,7
16981,2
16981,5
16981,1
16981,3
16982,2
16983,6
16984,3
16985,7
16985,2
16985,5
16985,1
16985,3
16986,7
16986,4
16987,4
16988,7
16988,2
16988,5
16988,1
16988,3
16989,7
16989,2
16989,5
16989,1
16989,3
16990,6
16990,4
16991,5
16991,1
16992,3
16993,7
16994,6
16995,7
16995,2
16995,5
16996,1
16997,6
16998,7
16998,2
16998,5
16998,1
16998,3
16999,2
17000,7
17000,2
17001,5
17002,4
17003,6
17004,7
17004,2
17005,2
17006,1
17007,4
17008,5
17009,7
17010,7
17011,1
17012,1
17013,6
17013,4
17014,1
17015,5
17016,1
17017,7
17018,5
17018,1
17019,7
17020,7
17020,2
17020,5
17020,1
17020,3
17021,5
17021,1
17022,7
17022,2
17022,5
17022,1
17022,3
17023,4
17024,7
17025,2
17026,7
17027,6
17028,4
17029,7
17029,2
17029,5
17029,1
17029,3
17030,6
17031,3
17032,2
17033,7
17033,2
17033,5
17033,1
17034,2
17035,7
17036,6
17037,6
17038,6
17039,7
17039,2
17039,5
17039,1
17039,3
17040,3
17041,4
17042,5
17043,1
17044,7
17044,2
17044,5
17044,1
17044,3
17045,2
17046,1
17047,4
17048,5
17049,7
17050,5
17051,5
17052,5
17053,3
17054,5
17055,5
17056,7
17057,5
17058,1
17059,2
17060,7
17061,2
17062,6
17063,2
17064,1
17065,4
17066,4
17067,1
17068,6
17069,2
17070,2
17071,6
17072,7
17073,4
17074,4
17075,3
17076,6
17076,4
17077,7
17077,2
17077,5
17077,1
17077,3
17078,7
17078,2
17079,6
17080,6
17081,7
17081,2
17081,3
17081,6
17081,4
17082,7
17082,2
17082,5
17082,1
17082,3
17083,6
17083,4
17084,4
17085,7
17085,2
17086,7
17087,1
17088,2
17089,7
17090,7
17090,2
17090,5
17090,1
17092,7
17092,2
17092,5
17092,1
17092,3
17092,6
17092,4
17093,1
17094,7
17094,2
17094,5
17094,1
17094,3
17095,7
17095,2
17095,5
17095,1
17095,3
17095,6
17095,4
17096,5
17097,4
17098,2
17099,3
17100,7
17101,2
17102,7
17102,2
17102,5
17102,1
17102,3
17102,6
17102,4
17103,7
17103,2
17103,5
17103,1
17103,3
17103,6
17103,4
17104,1
17105,3
17106,4
17107,7
17107,2
17107,5
17107,1
17107,3
17107,6
17107,4
17108,5
17109,6
17110,7
17111,4
17113,5
17114,7
17115,1
17116,7
17116,2
17116,5
17116,1
17116,3
17116,6
17116,4
17117,5
17118,3
17119,2
17120,7
17120,2
17120,5
17120,1
17120,3
17121,7
17122,3
17123,7
17123,2
17123,5
17123,1
17123,3
17124,1
17124,3
17125,7
17125,2
17125,5
17125,1
17125,3
17125,6
17125,4
17126,5
17127,3
17128,2
17129,7
17130,5
17131,5
17132,1
17133,3
17134,7
17135,7
17136,4
17137,7
17138,2
17139,6
17140,5
17141,5
17142,5
17143,1
17144,1
17145,7
17145,2
17145,5
17145,1
17145,3
17146,7
17147,4
17148,6
17149,6
17150,6
17151,1
17151,3
17152,2
17152,1
17153,6
17154,6
17155,1
17156,7
17157,7
17158,6
17159,4
17160,7
17161,2
17162,1
17163,5
17164,5
17164,1
17165,7
17165,2
17166,7
17166,2
17167,6
17167,4
17168,6
17169,6
17169,4
17170,6
17170,4
17171,7
17171,2
17172,7
17172,2
17172,5
17172,1
17172,3
17173,7
17173,2
17173,5
17173,1
17173,3
17174,6
17175,7
17175,2
17175,5
17175,1
17175,3
17176,6
17177,4
17178,5
17179,1
17180,6
17181,1
17182,5
17183,5
17184,6
17185,6
17186,6
17187,7
17188,4
17189,5
17190,1
17192,1
17193,4
17194,7
17195,7
17196,4
17197,7
17197,2
17197,5
17197,1
17197,3
17197,6
17197,4
17198,5
17199,7
17200,3
17201,4
17202,4
17203,1
17204,5
17205,7
17206,5
17207,6
17208,7
17208,2
17208,5
17208,1
17208,3
17209,7
17209,2
17209,5
17209,1
17209,3
17210,7
17210,2
17210,5
17210,1
17210,3
17211,7
17211,2
17211,5
17211,1
17211,3
17212,4
17213,2
17214,1
17215,2
17216,1
17217,2
17218,3
17219,5
17220,5
17221,2
17222,2
17223,5
17224,6
17225,6
17225,4
17226,1
17227,7
17227,2
17227,5
17227,1
17227,3
17227,6
17227,4
17228,5
17229,6
17230,2
17231,1
17232,3
17233,1
17234,7
17234,2
17234,5
17234,1
17234,3
17234,6
17234,4
17235,7
17235,2
17235,5
17235,1
17235,3
17236,5
17237,7
17237,2
17237,5
17237,1
17237,3
17239,7
17239,2
17239,5
17239,1
17239,3
17240,1
17241,6
17241,4
17242,7
17243,7
17243,2
17243,5
17243,1
17244,1
17245,7
17246,6
17247,6
17248,4
17249,4
17250,4
17251,1
17252,3
17253,2
17254,7
17255,4
17256,3
17257,5
17258,7
17258,2
17259,4
17260,3
17261,7
17261,2
17261,5
17261,1
17261,3
17261,6
17261,4
17262,7
17262,2
17263,7
17263,2
17264,3
17265,2
17266,2
17267,7
17267,2
17267,5
17267,1
17267,3
17268,3
17269,5
17269,1
17270,5
17270,1
17271,7
17271,2
17272,7
17272,2
17273,6
17274,7
17274,2
17274,5
17274,1
17274,3
17275,7
17276,6
17277,2
17278,3
17279,7
17279,2
17279,5
17279,1
17279,3
17280,7
17281,5
17282,5
17283,7
17284,7
17285,7
17286,4
17287,5
17288,2
17289,7
17289,2
17290,3
17291,5
17292,7
17293,5
17294,3
17295,7
17295,2
17295,5
17295,1
17295,3
17296,7
17297,4
17298,5
17299,7
17299,2
17299,5
17299,1
17299,3
17300,2
17301,7
17301,5
17302,4
17303,1
17304,1
17305,2
17306,3
17307,1
17308,7
17309,3
17310,6
17311,5
17312,4
17313,7
17313,2
17314,7
17314,2
17314,5
17314,1
17314,3
17314,6
17314,4
17315,1
17316,6
17317,2
17318,1
17319,7
17319,2
17319,5
17320,5
17321,7
17321,2
17321,5
17321,1
17322,5
17323,4
17324,2
17325,6
17326,3
17327,6
17328,6
17329,1
17330,7
17331,7
17332,7
17333,1
17334,6
17335,4
17336,1
17337,5
17337,1
17338,4
17339,7
17339,2
17339,5
17339,1
17339,3
17340,7
17341,4
17342,7
17342,2
17342,5
17342,1
17342,3
17342,6
17342,4
17343,4
17344,1
17345,3
17346,6
17347,1
17348,5
17349,4
17350,3
17350,6
17351,7
17352,5
17353,2
17354,1
17355,7
17356,4
17357,2
17358,2
17359,1
17360,7
17361,2
17362,1
17363,6
17364,5
17365,7
17365,2
17365,5
17365,1
17365,3
17366,2
17367,1
17368,3
17369,2
17370,6
17371,6
17372,7
17372,2
17372,5
17372,1
17372,3
17373,7
17373,2
17373,5
17373,1
17373,3
17374,2
17375,7
17375,2
17375,5
17375,1
17375,3
17376,5
17376,1
17377,4
17378,7
17378,2
17378,5
17378,1
17378,3
17378,6
17378,4
17379,7
17379,2
17379,5
17379,1
17379,3
17380,6
17381,6
17382,2
17383,2
17384,4
17385,5
17386,2
17387,2
17388,7
17389,1
17390,5
17391,4
17392,3
17393,6
17394,6
17395,6
17396,7
17397,4
17398,7
17398,2
17399,6
17399,4
17400,5
17401,6
17401,4
17402,4
17403,6
17405,6
17406,6
17407,6
17408,3
17408,6
17408,4
17409,7
17409,2
17409,5
17409,1
17409,3
17410,7
17411,2
17412,1
17413,2
17414,1
17415,7
17416,3
17417,3
17418,7
17419,6
17420,5
17421,4
17422,4
17423,2
17424,7
17424,5
17424,3
17425,2
17425,4
17426,7
17426,2
17426,5
17426,1
17426,3
17426,6
17427,3
17428,4
17429,7
17429,2
17429,5
17429,1
17429,3
17430,5
17430,1
17431,4
17432,5
17433,6
17434,7
17435,5
17436,6
17437,4
17438,3
17439,7
17439,2
17439,5
17439,1
17439,3
17440,4
17441,6
17442,4
17443,7
17443,2
17443,5
17443,1
17443,3
17444,5
17445,7
17445,2
17445,5
17445,1
17445,3
17446,6
17447,3
17448,7
17448,2
17448,5
17448,1
17449,1
17450,7
17450,4
17451,2
17451,4
17452,2
17453,6
17453,4
17454,5
17454,1
17455,1
17456,3
17457,1
17458,3
17459,6
17460,2
17461,2
17462,5
17463,6
17464,3
17465,5
17466,6
17467,1
17468,4
17469,2
17470,7
17470,2
17470,5
17470,1
17470,3
17471,7
17471,2
17471,5
17471,1
17471,3
17472,1
17473,1
17474,1
17475,6
17476,5
17477,3
17478,5
17479,1
17480,7
17480,2
17480,5
17480,1
17480,3
17481,7
17481,2
17481,5
17481,1
17481,3
17482,5
17483,4
17484,7
17484,2
17484,5
17485,5
17486,4
17487,4
17488,7
17488,2
17488,5
17488,1
17489,5
17490,1
17491,5
17492,5
17493,7
17494,4
17495,3
17496,6
17497,7
17497,2
17497,5
17497,1
17497,3
17497,6
17497,4
17498,2
17499,1
17500,2
17501,4
17502,7
17502,2
17502,5
17502,1
17502,3
17502,6
17502,4
17503,6
17504,4
17505,7
17506,2
17507,6
17508,1
17509,3
17509,6
17509,4
17510,6
17511,4
17512,7
17512,2
17512,5
17512,1
17513,7
17513,2
17513,5
17513,1
17513,3
17514,7
17514,2
17514,5
17514,1
17514,3
17515,5
17516,7
17516,2
17516,5
17516,1
17516,3
17516,6
17516,4
17517,7
17518,1
17519,6
17519,4
17520,2
17521,1
17522,1
17523,7
17524,6
17525,3
17526,4
17527,7
17527,2
17527,5
17527,1
17528,6
17528,4
17529,6
17530,7
17530,2
17530,5
17530,1
17530,3
17531,6
17532,7
17532,2
17532,5
17532,1
17533,7
17533,2
17533,5
17533,1
17534,7
17534,2
17534,5
17534,1
17535,6
17536,7
17536,2
17536,5
17536,1
17537,7
17537,2
17537,5
17537,1
17538,4
17539,7
17540,6
17541,6
17542,7
17543,6
17544,4
17545,7
17545,2
17545,5
17545,1
17546,6
17547,5
17548,4
17549,4
17550,1
17551,1
17552,7
17553,5
17554,4
17555,4
17556,7
17556,2
17556,5
17556,1
17557,7
17557,2
17557,5
17557,1
17558,5
17559,4
17560,4
17561,6
17562,2
17563,4
17564,6
17565,3
17566,4
17567,4
17568,7
17568,2
17568,4
17569,5
17570,1
17571,1
17572,7
17572,2
17572,5
17572,1
17572,3
17573,7
17573,2
17573,5
17573,1
17573,3
17573,6
17573,4
17574,7
17574,2
17574,5
17574,1
17574,3
17576,3
17578,7
17579,7
17579,2
17579,5
17579,1
17579,3
17579,6
17579,4
17580,2
17581,6
17582,6
17583,6
17584,6
17585,6
17586,6
17587,2
17588,6
17589,7
17590,7
17590,2
17590,5
17590,1
17590,3
17590,6
17590,4
17591,4
17592,7
17592,2
17592,5
17592,1
17592,3
17592,6
17592,4
17593,7
17593,2
17593,5
17593,1
17594,7
17594,2
17594,5
17594,1
17595,6
17596,6
17597,7
17598,2
17599,2
17600,5
17601,5
17602,7
17602,2
17602,5
17602,1
17602,3
17603,7
17603,2
17603,5
17603,1
17603,3
17603,6
17604,7
17604,2
17604,5
17604,1
17605,4
17606,6
17607,7
17607,2
17607,5
17607,1
17607,3
17607,6
17607,4
17608,6
17609,4
17610,2
17610,1
17611,3
17612,3
17612,6
17612,4
17613,5
17614,7
17614,2
17614,5
17614,1
17614,3
17615,2
17616,5
17617,6
17618,6
17619,6
17620,6
17621,6
17622,7
17622,2
17622,5
17622,1
17622,3
17623,7
17623,2
17623,5
17623,1
17623,3
17624,6
17625,4
17626,5
17627,5
17628,5
17629,7
17629,2
17629,5
17630,2
17630,5
17630,1
17631,1
17632,7
17633,6
17634,4
17635,7
17635,2
17635,5
17635,1
17635,3
17636,1
17637,1
17638,1
17639,1
17640,1
17641,6
17642,7
17642,2
17643,2
17645,2
17646,2
17647,1
17648,4
17649,1
17650,6
17651,6
17652,4
17653,6
17654,6
17655,5
17655,1
17656,7
17657,5
17658,3
17659,2
17660,5
17661,6
17662,4
17663,4
17664,4
17665,1
17668,5
17669,2
17670,6
17671,1
17672,7
17673,1
17674,1
17675,5
17676,1
17677,1
17678,6
17679,3
17680,2
17681,6
17682,6
17683,1
17684,3
17685,6
17686,6
17687,1
17688,7
17689,2
17690,6
17691,5
17692,6
17693,7
17693,2
17693,5
17693,1
17694,3
17695,7
17696,3
17697,5
17698,1
17699,7
17699,2
17699,5
17699,1
17700,7
17700,2
17700,5
17700,1
17700,3
17700,6
17700,4
17701,7
17701,2
17701,5
17701,1
17702,6
17702,4
17703,2
17704,2
17704,5
17704,1
17704,3
17704,6
17704,4
17705,7
17705,2
17706,7
17707,7
17707,6
17707,4
17708,6
17709,1
17710,6
17711,4
17712,3
17713,7
17713,2
17713,5
17713,1
17713,3
17713,6
17713,4
17714,1
17715,3
17716,6
17717,5
17718,6
17719,6
17720,6
17721,7
17721,2
17721,5
17721,1
17722,6
17723,6
17724,4
17725,4
17726,3
17727,3
17728,4
17729,7
17730,2
17731,7
17732,3
17733,5
17733,1
17734,7
17735,6
17736,6
17737,7
17738,7
17739,2
17740,7
17741,5
17741,1
17742,3
17743,7
17743,2
17743,5
17743,1
17743,3
17743,6
17743,4
17744,6
17745,4
17746,3
17747,1
17748,2
17749,7
17749,2
17750,3
17751,7
17751,2
17752,3
17753,2
17754,1
17755,6
17756,6
17757,3
17758,7
17759,7
17759,2
17759,5
17759,3
17760,7
17760,2
17760,5
17760,1
17760,3
17760,6
17761,6
17762,6
17763,3
17763,6
17764,7
17765,7
17765,2
17765,5
17765,1
17766,7
17766,2
17766,5
17766,1
17766,3
17767,6
17768,6
17769,4
17770,7
17771,2
17772,5
17773,5
17774,6
17775,4
17776,4
17777,7
17778,4
17779,7
17780,2
17781,4
17782,5
17783,2
17784,2
17785,1
17786,2
17787,1
17788,7
17789,5
17790,4
17791,3
17791,6
17792,7
17793,6
17793,4
17794,6
17795,1
17796,3
17797,7
17797,2
17797,5
17797,1
17798,7
17798,2
17798,5
17798,1
17798,3
17798,6
17799,7
17799,2
17799,5
17799,1
17799,3
17800,6
17801,2
17802,7
17802,2
17802,5
17802,1
17802,3
17803,2
17804,4
17805,1
17805,3
17806,3
17807,7
17807,2
17807,5
17807,1
17807,3
17808,1
17809,7
17809,2
17809,5
17809,1
17809,3
17810,6
17811,6
17812,6
17813,5
17814,3
17815,7
17815,2
17815,5
17815,1
17815,3
17815,6
17815,4
17816,3
17817,7
17817,2
17817,5
17817,1
17817,3
17817,6
17818,7
17818,2
17818,5
17818,1
17818,3
17819,7
17819,2
17819,5
17819,1
17819,3
17819,4
17820,7
17820,2
17820,5
17820,1
17820,3
17821,7
17821,2
17821,5
17821,1
17821,3
17821,6
17821,4
17822,7
17822,2
17822,5
17822,1
17822,3
17822,6
17822,4
17823,5
17824,7
17824,2
17824,5
17824,1
17824,3
17824,6
17824,4
17825,6
17826,6
17827,4
17828,2
17829,2
17829,5
17830,4
17831,5
17831,1
17832,7
17832,2
17832,5
17832,1
17832,3
17833,3
17833,6
17833,4
17834,7
17835,1
17836,6
17837,3
17838,6
17839,4
17840,1
17841,2
17842,2
17843,5
17844,7
17845,6
17846,5
17847,3
17848,7
17848,2
17848,5
17848,1
17848,4
17849,5
17850,5
17851,3
17852,5
17852,1
17852,3
17852,4
17853,7
17853,2
17853,5
17853,1
17853,3
17853,6
17853,4
17854,4
17855,7
17855,2
17855,5
17855,1
17856,7
17857,1
17859,3
17860,3
17861,3
17862,7
17862,2
17862,5
17862,1
17862,3
17863,7
17864,5
17865,3
17866,6
17867,3
17868,4
17869,4
17870,7
17870,2
17870,5
17870,1
17870,3
17871,7
17871,2
17871,5
17871,1
17871,3
17871,6
17872,1
17873,3
17874,5
17875,3
17876,5
17877,7
17877,2
17877,5
17877,1
17877,3
17877,6
17877,4
17878,4
17879,3
17880,7
17881,7
17882,7
17883,6
17884,5
17885,6
17886,4
17887,4
17888,6
17889,6
17891,1
17892,7
17892,2
17893,7
17894,5
17895,1
17896,4
17897,3
17898,5
17899,3
17900,5
17901,5
17901,1
17902,6
17903,6
17903,4
17904,3
17904,6
17904,4
17905,4
17906,4
17907,2
17908,7
17908,2
17908,5
17908,1
17909,7
17909,2
17909,5
17909,1
17909,3
17910,7
17910,2
17910,5
17910,1
17910,3
17910,6
17911,3
17912,3
17913,6
17914,7
17914,2
17915,4
17916,7
17916,2
17916,5
17916,1
17916,3
17917,7
17917,2
17917,5
17917,1
17917,3
17917,6
17918,7
17918,2
17918,5
17918,1
17918,3
17919,3
17920,1
17921,5
17922,5
17922,1
17923,5
17924,6
17925,7
17925,2
17925,5
17925,1
17926,4
17927,7
17927,2
17927,5
17927,1
17927,3
17928,4
17929,3
17930,5
17931,4
17932,6
17933,7
17934,1
17935,1
17936,7
17936,2
17936,5
17936,1
17936,3
17937,7
17937,2
17937,5
17937,1
17937,3
17938,7
17939,7
17940,5
17941,7
17942,4
17943,7
17944,2
17945,2
17946,7
17946,2
17946,5
17946,1
17946,3
17947,7
17947,2
17947,5
17947,1
17947,3
17948,6
17949,4
17950,2
17951,6
17952,6
17953,7
17953,2
17953,5
17954,1
17955,4
17956,7
17957,7
17957,2
17957,5
17957,1
17957,3
17957,6
17957,4
17958,7
17959,4
17960,1
17961,2
17962,7
17963,3
17964,4
17965,4
17966,7
17966,2
17966,5
17966,1
17966,3
17967,7
17968,5
17969,5
17970,7
17970,2
17970,5
17970,1
17971,7
17971,2
17971,5
17971,1
17972,1
17973,7
17974,3
17975,2
17976,3
17977,6
17977,4
17978,1
17979,2
17980,7
17980,2
17980,5
17980,1
17980,3
17981,5
17982,6
17983,3
17984,7
17985,7
17985,2
17985,5
17985,1
17985,3
17985,6
17985,4
17986,7
17986,2
17986,5
17986,1
17986,3
17986,6
17986,4
17987,1
17988,2
17989,4
17990,6
17991,6
17992,2
17993,7
17994,7
17995,5
17996,5
17997,7
17997,2
17998,3
17999,1
18000,7
18000,2
18000,5
18000,1
18001,2
18002,4
18003,1
18004,4
18005,6
18006,6
18007,6
18008,4
18009,4
18010,4
18011,7
18012,7
18013,7
18014,7
18015,3
18016,4
18017,3
18018,4
18019,6
18020,5
18021,7
18022,6
18023,5
18024,6
18025,7
18025,2
18025,5
18025,1
18026,2
18027,7
18027,2
18027,5
18027,1
18027,3
18028,7
18028,2
18028,5
18028,1
18028,3
18029,6
18030,7
18030,2
18030,5
18030,1
18030,3
18031,2
18032,7
18033,4
18034,5
18035,1
18036,1
18037,5
18038,6
18039,1
18040,1
18041,1
18042,7
18043,4
18044,7
18044,2
18044,5
18044,1
18044,3
18044,6
18044,4
18045,7
18045,2
18045,5
18045,1
18045,3
18045,6
18045,4
18046,7
18046,2
18046,5
18046,1
18046,3
18046,6
18046,4
18047,7
18047,2
18047,5
18047,1
18047,3
18047,6
18047,4
18048,7
18048,5
18048,6
18049,5
18050,3
18051,4
18052,7
18052,2
18052,5
18052,1
18052,3
18052,6
18052,4
18053,2
18054,7
18054,2
18054,5
18054,1
18054,3
18054,6
18054,4
18055,2
18055,1
18055,4
18056,2
18056,3
18057,6
18057,4
18058,4
18059,4
18060,7
18060,2
18060,5
18060,1
18060,3
18060,6
18060,4
18061,2
18061,1
18061,6
18062,2
18063,1
18064,4
18065,1
18066,1
18067,7
18068,7
18068,2
18068,5
18068,1
18068,3
18069,7
18070,2
18071,5
18072,1
18072,3
18072,6
18073,7
18073,2
18073,5
18073,1
18074,3
18075,6
18076,1
18076,3
18076,6
18078,1
18079,5
18080,3
18081,7
18081,2
18081,5
18081,1
18081,3
18082,5
18083,1
18084,5
18085,4
18086,7
18086,2
18086,5
18086,1
18086,3
18086,6
18086,4
18087,6
18088,7
18089,5
18090,1
18091,1
18092,4
18093,3
18094,6
18094,4
18095,7
18095,2
18095,5
18095,1
18095,3
18096,7
18096,4
18097,6
18098,5
18099,7
18099,2
18099,5
18099,1
18099,3
18099,6
18099,4
18100,7
18101,7
18101,2
18101,5
18101,1
18101,3
18102,1
18103,1
18104,7
18105,2
18106,2
18107,2
18108,5
18109,5
18110,2
18111,6
18112,6
18113,7
18113,2
18113,5
18113,1
18113,3
18114,7
18114,2
18114,5
18114,1
18114,3
18114,6
18115,1
18116,2
18117,6
18118,1
18119,3
18120,1
18121,5
18121,1
18122,7
18122,2
18122,5
18122,1
18122,3
18122,6
18122,4
18123,7
18123,2
18123,5
18123,1
18123,3
18123,6
18123,4
18124,7
18124,2
18124,5
18125,5
18127,5
18128,3
18129,5
18129,1
18130,7
18130,2
18130,5
18130,1
18131,5
18132,1
18133,7
18133,2
18133,5
18133,1
18133,3
18134,5
18134,1
18135,7
18135,2
18135,5
18135,1
18135,3
18136,3
18137,7
18137,2
18137,5
18137,1
18137,3
18138,7
18138,2
18138,5
18138,1
18138,3
18139,7
18139,2
18139,5
18139,1
18139,3
18140,7
18140,2
18140,5
18140,1
18140,3
18141,7
18141,2
18141,5
18141,1
18141,3
18142,2
18142,3
18143,7
18143,2
18143,5
18143,1
18144,7
18144,2
18144,5
18144,1
18145,4
18146,7
18147,4
18148,4
18149,3
18150,2
18151,3
18152,5
18153,7
18154,5
18155,7
18155,2
18155,5
18155,1
18155,3
18155,6
18155,4
18156,7
18157,7
18157,2
18157,5
18157,1
18157,3
18157,6
18157,4
18158,7
18158,2
18158,5
18158,1
18159,7
18159,2
18159,5
18159,1
18159,3
18159,6
18159,4
18160,7
18160,2
18160,5
18160,1
18160,3
18160,6
18160,4
18161,4
18162,5
18163,4
18164,7
18165,1
18166,5
18167,4
18168,1
18169,4
18170,5
18171,5
18172,2
18173,6
18173,4
18174,7
18174,2
18174,5
18174,1
18175,7
18175,2
18175,5
18175,1
18175,3
18176,2
18177,4
18178,4
18179,6
18180,7
18180,2
18180,5
18180,1
18180,3
18180,6
18180,4
18181,6
18182,6
18183,5
18184,7
18185,6
18186,7
18186,2
18186,5
18186,1
18186,3
18187,7
18188,7
18188,2
18188,5
18188,1
18188,3
18189,6
18190,6
18191,6
18192,6
18193,6
18194,6
18195,7
18196,2
18197,3
18198,6
18199,7
18200,5
18201,6
18202,6
18203,5
18204,1
18205,3
18206,6
18207,7
18208,4
18209,5
18209,1
18210,2
18211,3
18212,7
18213,1
18214,4
18215,1
18215,3
18215,6
18215,4
18216,5
18217,7
18218,7
18219,4
18220,7
18221,7
18221,2
18221,5
18221,1
18221,3
18222,5
18223,4
18224,5
18225,5
18226,2
18227,4
18228,7
18228,2
18228,5
18228,1
18228,3
18229,7
18229,2
18229,5
18229,1
18229,3
18230,7
18230,2
18230,5
18230,1
18230,3
18231,5
18232,7
18233,2
18234,7
18234,2
18234,5
18234,1
18234,3
18235,7
18236,5
18237,4
18238,3
18239,4
18240,6
18241,2
18242,6
18243,3
18244,7
18244,2
18244,5
18244,1
18245,6
18246,3
18247,4
18248,6
18249,7
18249,2
18249,5
18249,1
18249,3
18250,7
18250,2
18250,5
18250,1
18250,3
18251,7
18251,2
18251,5
18251,1
18251,3
18252,7
18252,2
18252,5
18252,1
18252,3
18253,4
18254,4
18255,3
18256,5
18257,7
18258,4
18259,1
18260,1
18261,5
18262,4
18263,7
18263,2
18263,5
18263,1
18263,3
18264,7
18264,2
18264,5
18264,1
18264,3
18264,6
18264,4
18265,7
18266,6
18267,2
18268,6
18269,1
18270,3
18271,1
18272,2
18273,7
18274,5
18275,7
18275,2
18275,5
18275,1
18276,4
18277,7
18278,4
18279,2
18280,2
18281,3
18282,4
18283,7
18283,2
18283,5
18284,4
18285,6
18286,4
18287,7
18287,2
18287,5
18287,1
18287,3
18287,6
18287,4
18288,2
18289,6
18290,4
18291,5
18292,7
18293,2
18294,3
18294,6
18295,3
18296,7
18297,1
18298,1
18299,7
18300,1
18301,1
18302,6
18303,4
18304,1
18305,4
18306,4
18307,1
18308,1
18309,3
18310,3
18311,6
18311,4
18312,7
18312,2
18312,5
18312,1
18312,3
18313,7
18313,2
18313,5
18313,1
18313,3
18313,6
18314,1
18315,7
18315,2
18315,5
18315,1
18315,3
18316,7
18316,2
18316,5
18316,1
18316,3
18317,4
18318,7
18319,7
18319,2
18319,5
18319,1
18319,3
18320,1
18321,1
18322,7
18322,2
18322,5
18322,1
18323,4
18324,5
18325,4
18326,7
18327,2
18328,1
18329,4
18330,4
18331,6
18331,4
18332,4
18333,7
18333,2
18334,7
18334,2
18334,5
18334,1
18334,3
18334,6
18335,1
18335,3
18336,5
18336,1
18337,6
18338,5
18339,4
18340,6
18341,2
18342,5
18343,7
18344,5
18344,1
18345,5
18346,7
18346,2
18347,2
18348,2
18349,1
18350,5
18350,1
18351,1
18352,5
18353,3
18354,3
18355,7
18356,5
18356,1
18357,3
18358,6
18359,1
18360,5
18361,1
18362,3
18363,3
18364,1
18365,1
18366,2
18367,4
18368,7
18369,4
18370,1
18371,7
18371,2
18371,5
18371,1
18371,3
18372,7
18372,2
18372,5
18372,1
18372,3
18373,7
18373,2
18374,4
18375,1
18376,3
18377,4
18378,2
18379,7
18380,3
18381,5
18382,4
18383,1
18384,2
18385,6
18386,7
18386,2
18386,5
18386,1
18386,4
18387,7
18388,2
18389,1
18390,2
18391,7
18392,3
18393,6
18394,4
18395,5
18395,1
18396,3
18397,7
18397,2
18397,5
18397,1
18397,3
18398,2
18399,2
18400,4
18401,4
18402,2
18403,7
18403,2
18403,5
18403,1
18403,3
18403,6
18403,4
18404,6
18405,6
18406,6
18407,4
18408,3
18409,3
18410,5
18411,3
18412,1
18413,7
18413,2
18413,5
18413,1
18413,3
18414,7
18414,2
18414,5
18414,1
18415,1
18416,4
18417,4
18418,5
18419,4
18420,5
18421,3
18422,1
18423,7
18423,2
18423,5
18423,1
18424,4
18425,5
18425,3
18426,3
18427,6
18428,7
18428,2
18428,5
18428,1
18429,6
18430,6
18431,7
18432,4
18433,7
18434,7
18434,2
18434,5
18434,1
18434,3
18435,4
18436,2
18437,4
18438,1
18439,1
18440,3
18441,6
18442,2
18443,1
18444,1
18445,6
18446,2
18447,4
18448,4
18449,5
18450,7
18450,2
18450,5
18450,1
18451,5
18452,1
18453,3
18454,4
18455,2
18456,3
18457,2
18458,3
18459,4
18460,2
18461,4
18462,5
18463,6
18464,7
18464,2
18464,5
18464,1
18465,4
18466,2
18467,5
18468,7
18469,6
18470,3
18471,7
18471,2
18471,5
18471,1
18471,3
18472,6
18473,7
18473,2
18473,5
18473,1
18473,3
18473,6
18473,4
18474,2
18474,5
18474,1
18475,5
18476,4
18477,2
18478,7
18479,4
18480,1
18481,4
18482,2
18483,1
18484,5
18485,2
18486,7
18487,1
18488,4
18489,7
18489,2
18489,5
18489,1
18490,2
18491,2
18492,7
18493,5
18494,1
18495,7
18496,7
18496,2
18497,5
18498,3
18499,5
18500,7
18500,2
18501,7
18502,4
18503,4
18504,6
18505,6
18506,3
18507,3
18508,5
18509,3
18510,1
18511,5
18512,1
18513,2
18514,7
18515,4
18516,1
18517,5
18518,4
18519,2
18520,6
18521,6
18522,4
18523,4
18524,4
18525,5
18527,2
18528,2
18529,4
18530,4
18531,7
18531,2
18531,5
18531,1
18531,3
18531,6
18531,4
18532,5
18533,6
18534,5
18535,2
18536,3
18537,6
18538,2
18539,1
18540,2
18541,7
18541,2
18541,5
18541,1
18541,3
18542,6
18543,1
18544,6
18545,6
18545,4
18546,6
18546,4
18547,6
18547,4
18548,5
18548,1
18549,7
18549,2
18550,4
18551,7
18551,2
18551,5
18551,1
18552,5
18552,1
18553,6
18554,6
18554,4
18555,6
18556,7
18556,2
18556,5
18556,1
18556,3
18557,7
18558,2
18558,5
18558,1
18558,3
18559,2
18560,6
18561,7
18561,2
18561,5
18561,1
18561,3
18562,7
18562,2
18562,5
18562,1
18562,3
18563,7
18563,2
18563,5
18563,1
18563,3
18564,6
18565,6
18566,7
18566,4
18567,2
18568,3
18569,7
18569,2
18569,5
18569,1
18569,3
18570,7
18570,2
18570,5
18570,1
18570,3
18571,1
18572,5
18573,4
18574,1
18575,1
18576,2
18577,1
18578,3
18579,7
18580,2
18581,2
18582,3
18583,1
18584,7
18584,2
18584,5
18584,1
18584,3
18585,7
18586,2
18587,1
18588,7
18589,7
18590,6
18591,3
18592,7
18592,2
18592,5
18592,1
18592,3
18593,7
18593,2
18593,5
18593,1
18593,3
18594,5
18595,7
18595,2
18595,5
18595,1
18595,3
18596,5
18597,7
18597,2
18597,5
18597,1
18597,3
18598,7
18599,2
18600,5
18601,3
18602,2
18603,7
18604,7
18604,2
18604,5
18604,1
18604,3
18604,6
18605,6
18606,6
18607,5
18608,5
18609,2
18610,7
18611,7
18611,2
18611,5
18611,1
18611,3
18611,6
18611,4
18612,2
18613,7
18614,5
18615,1
18616,1
18617,1
18618,1
18619,5
18620,5
18621,2
18622,4
18623,2
18624,4
18625,2
18626,7
18627,5
18628,1
18629,3
18629,6
18630,3
18631,4
18632,2
18633,5
18634,6
18635,5
18635,1
18636,5
18636,1
18637,7
18638,6
18639,3
18640,1
18641,6
18641,4
18642,7
18642,2
18642,5
18642,1
18643,4
18644,4
18645,2
18646,2
18647,5
18648,2
18649,2
18650,2
18651,5
18652,3
18653,7
18654,1
18655,5
18656,1
18657,4
18658,7
18659,2
18661,4
18662,3
18663,6
18664,7
18664,2
18664,5
18664,1
18664,3
18665,7
18665,2
18665,5
18665,1
18665,3
18665,6
18666,1
18667,7
18668,5
18669,6
18670,7
18670,2
18670,5
18670,1
18670,3
18671,7
18671,5
18672,2
18673,6
18673,4
18674,1
18675,7
18675,2
18675,5
18675,1
18675,3
18676,1
18677,5
18678,7
18679,7
18680,7
18681,5
18682,3
18683,3
18684,3
18685,4
18686,3
18687,6
18688,2
18689,7
18690,5
18691,4
18692,1
18693,2
18694,7
18695,4
18696,6
18697,1
18698,7
18699,3
18701,1
18702,7
18702,2
18702,5
18702,1
18702,3
18702,6
18702,4
18703,7
18704,4
18705,4
18706,6
18707,1
18708,5
18709,1
18710,7
18710,2
18710,5
18710,1
18710,3
18711,7
18711,2
18711,5
18711,1
18711,3
18711,6
18712,4
18713,5
18714,6
18715,4
18716,6
18717,6
18718,7
18718,1
18719,1
18720,4
18721,7
18721,2
18721,5
18721,1
18721,4
18722,6
18723,1
18723,4
18724,4
18725,6
18726,6
18727,7
18727,2
18727,5
18727,1
18728,6
18729,3
18730,4
18731,7
18732,1
18733,7
18733,2
18733,5
18733,1
18733,3
18734,4
18735,7
18735,4
18736,7
18736,2
18736,5
18736,1
18737,2
18738,7
18739,1
18740,4
18741,2
18742,6
18743,7
18743,2
18743,5
18743,1
18743,4
18744,6
18745,2
18746,6
18747,5
18748,4
18749,6
18750,5
18751,7
18751,2
18751,5
18751,1
18752,7
18753,5
18754,6
18755,5
18756,6
18757,5
18758,6
18759,7
18759,2
18760,6
18761,3
18761,6
18762,7
18762,2
18762,5
18762,1
18762,6
18762,4
18763,5
18764,7
18765,7
18766,5
18767,5
18768,5
18768,1
18769,5
18770,1
18771,7
18771,2
18771,5
18771,1
18772,4
18773,7
18773,2
18773,5
18773,1
18773,3
18774,7
18774,2
18774,4
18775,7
18775,2
18775,5
18775,1
18775,3
18776,5
18777,5
18778,3
18779,2
18780,2
18781,6
18782,3
18783,6
18784,5
18785,3
18786,4
18787,4
18788,6
18789,6
18790,5
18791,6
18792,6
18793,7
18793,2
18793,5
18793,1
18793,3
18794,4
18795,6
18796,6
18797,6
18798,6
18799,6
18800,6
18801,6
18802,7
18803,4
18804,6
18805,2
18806,6
18807,2
18808,4
18809,7
18809,2
18809,5
18809,1
18809,3
18810,7
18810,2
18810,5
18810,1
18810,3
18811,7
18811,2
18811,5
18811,1
18811,3
18812,5
18813,3
18814,1
18815,2
18816,7
18816,2
18816,5
18816,1
18816,3
18817,5
18818,6
18819,6
18819,4
18820,2
18821,5
18821,1
18822,7
18822,2
18823,6
18824,6
18825,4
18826,7
18827,6
18828,5
18829,3
18830,7
18831,1
18832,1
18833,7
18834,6
18835,5
18836,6
18837,6
18838,1
18839,5
18840,3
18841,7
18841,2
18841,5
18841,1
18843,3
18844,4
18845,6
18846,1
18847,7
18847,5
18847,1
18847,3
18848,4
18849,5
18850,5
18851,4
18852,6
18853,6
18854,2
18855,3
18856,4
18857,6
18858,7
18858,1
18858,3
18858,6
18858,4
18859,2
18860,7
18860,2
18860,5
18860,1
18860,3
18861,7
18862,7
18862,2
18862,5
18862,1
18863,1
18864,3
18865,2
18866,5
18867,1
18868,7
18869,2
18870,7
18871,7
18871,2
18871,5
18871,1
18871,3
18872,5
18873,5
18874,5
18875,7
18875,2
18875,5
18875,1
18875,3
18875,6
18876,4
18877,7
18877,2
18877,5
18877,1
18877,3
18878,4
18879,1
18880,7
18881,2
18882,5
18883,5
18884,7
18885,2
18886,7
18887,2
18888,2
18889,3
18890,4
18891,7
18892,7
18893,3
18894,1
18895,3
18896,7
18897,2
18898,2
18899,2
18900,7
18901,7
18902,6
18903,7
18903,2
18903,5
18903,1
18903,3
18904,3
18905,1
18906,4
18907,2
18908,2
18909,7
18910,3
18911,2
18912,7
18913,1
18913,4
18914,1
18915,4
18916,4
18917,1
18918,7
18919,2
18920,6
18921,4
18922,4
18923,1
18924,5
18925,6
18926,2
18927,2
18928,5
18929,5
18930,7
18931,7
18932,5
18933,3
18934,1
18935,4
18936,2
18937,3
18938,2
18938,5
18938,1
18939,4
18940,7
18940,2
18940,5
18940,1
18941,6
18942,2
18943,7
18943,3
18943,6
18943,4
18944,7
18944,2
18944,5
18944,1
18945,7
18945,2
18945,5
18945,1
18945,3
18946,5
18947,7
18948,1
18949,3
18950,7
18951,7
18951,2
18951,5
18951,1
18951,3
18952,6
18953,6
18954,7
18954,2
18955,7
18956,7
18956,2
18956,5
18956,1
18956,3
18957,6
18958,7
18958,2
18958,5
18958,1
18958,3
18959,7
18959,2
18959,5
18959,1
18959,3
18960,5
18961,4
18962,7
18962,2
18962,5
18962,1
18962,3
18963,7
18963,2
18963,5
18963,1
18963,3
18964,7
18964,2
18964,5
18964,1
18964,3
18964,6
18964,4
18965,6
18966,5
18967,3
18968,7
18969,1
18970,5
18971,1
18972,1
18973,5
18974,1
18975,7
18976,7
18976,2
18976,5
18976,1
18976,3
18977,1
18978,7
18978,2
18978,5
18978,1
18978,3
18979,3
18980,6
18981,7
18982,6
18983,7
18984,2
18985,6
18986,3
18987,6
18988,7
18988,2
18988,5
18988,1
18988,3
18989,7
18989,2
18989,5
18989,1
18989,3
18990,6
18991,1
18992,6
18993,6
18994,4
18995,4
18996,2
18997,3
18999,5
19000,2
19000,1
19001,1
19002,1
19003,2
19004,3
19005,4
19006,2
19007,7
19008,1
19009,2
19010,5
19010,1
19011,7
19011,2
19012,7
19012,2
19012,5
19012,1
19012,3
19013,7
19013,2
19013,5
19013,1
19013,3
19014,1
19015,5
19016,2
19016,5
19016,1
19017,5
19019,7
19019,2
19019,5
19019,1
19019,3
19020,4
19021,5
19022,5
19023,6
19024,3
19025,2
19026,7
19026,2
19026,5
19026,1
19026,3
19027,7
19027,2
19027,5
19027,1
19027,3
19028,6
19029,7
19029,2
19029,5
19029,1
19029,3
19030,4
19031,6
19032,7
19032,2
19032,5
19032,1
19032,3
19033,4
19034,1
19035,5
19036,7
19037,7
19038,1
19039,3
19040,1
19041,7
19041,2
19041,5
19041,1
19041,3
19042,7
19042,2
19042,5
19042,1
19042,3
19043,2
19044,4
19045,7
19045,2
19045,5
19045,1
19046,4
19047,5
19048,7
19049,2
19050,2
19051,6
19052,7
19052,2
19052,5
19052,1
19052,3
19053,7
19054,7
19055,3
19056,3
19057,7
19058,6
19059,1
19060,6
19061,4
19062,4
19063,2
19064,7
19064,2
19064,5
19064,1
19064,3
19064,6
19065,1
19066,7
19066,2
19066,5
19066,1
19066,3
19067,4
19068,5
19068,4
19069,5
19070,4
19071,7
19071,2
19071,5
19071,1
19071,3
19071,6
19072,3
19073,4
19074,6
19075,6
19076,7
19076,2
19076,5
19076,1
19076,3
19077,1
19078,5
19079,6
19080,4
19081,5
19082,7
19083,1
19084,2
19085,5
19086,6
19086,4
19087,7
19087,2
19087,5
19087,1
19087,3
19088,1
19089,5
19090,4
19091,1
19092,4
19093,1
19094,7
19094,2
19094,5
19094,1
19095,7
19095,2
19095,5
19095,1
19095,3
19096,6
19096,4
19097,5
19097,1
19098,7
19098,2
19099,5
19099,1
19100,5
19100,1
19101,7
19101,2
19102,2
19103,2
19104,2
19105,6
19106,1
19107,3
19108,7
19109,4
19110,3
19111,1
19112,6
19113,7
19114,7
19115,7
19115,2
19115,5
19115,1
19115,3
19115,6
19116,2
19117,1
19118,7
19119,7
19119,2
19119,5
19120,5
19120,1
19121,4
19123,6
19123,4
19124,7
19124,2
19124,5
19125,4
19126,2
19127,1
19128,3
19129,1
19130,4
19131,7
19131,2
19131,5
19131,1
19131,3
19132,7
19132,2
19132,5
19132,1
19132,3
19133,7
19133,2
19133,5
19133,1
19133,3
19134,7
19134,2
19134,5
19134,1
19134,3
19135,1
19136,7
19136,2
19136,5
19136,1
19136,3
19137,5
19138,4
19139,1
19140,3
19141,1
19142,7
19143,4
19144,3
19145,4
19146,3
19147,2
19147,1
19148,5
19148,1
19149,3
19150,3
19151,2
19152,6
19153,2
19154,7
19155,7
19156,7
19157,5
19157,1
19157,3
19158,1
19159,7
19160,3
19161,5
19161,1
19162,1
19163,5
19163,1
19164,6
19164,4
19165,7
19165,2
19166,3
19167,7
19167,3
19167,4
19168,7
19169,7
19169,2
19169,5
19169,1
19170,3
19171,6
19172,1
19173,6
19174,4
19175,5
19176,5
19177,3
19178,3
19179,7
19179,2
19179,5
19179,1
19179,3
19180,1
19181,5
19182,7
19183,7
19183,2
19183,5
19183,1
19183,3
19184,2
19184,1
19185,7
19185,2
19186,6
19187,7
19188,7
19189,1
19190,4
19191,5
19192,4
19193,5
19194,2
19195,4
19196,3
19197,7
19198,7
19199,2
19200,1
19201,2
19201,5
19201,1
19201,3
19202,7
19202,2
19202,5
19202,1
19202,3
19202,6
19202,4
19203,3
19204,6
19205,2
19205,5
19205,1
19206,1
19207,3
19208,1
19209,5
19210,5
19211,3
19212,6
19213,5
19214,4
19215,6
19216,3
19217,3
19218,6
19218,4
19219,6
19220,1
19221,2
19223,2
19224,2
19225,3
19226,3
19227,6
19228,7
19228,2
19228,5
19228,1
19229,7
19230,5
19231,7
19232,6
19233,2
19234,3
19235,7
19235,4
19236,6
19237,4
19238,1
19239,5
19240,5
19241,4
19242,7
19244,5
19245,3
19246,6
19247,3
19248,7
19248,2
19248,5
19248,1
19248,3
19249,2
19250,6
19251,6
19252,4
19253,2
19254,5
19255,2
19256,7
19256,2
19256,5
19256,1
19256,3
19256,6
19256,4
19257,7
19257,2
19257,5
19257,1
19258,6
19259,3
19260,2
19261,4
19262,2
19263,4
19264,7
19265,1
19266,2
19267,4
19268,7
19268,2
19268,5
19268,1
19268,3
19269,6
19270,7
19271,4
19272,6
19273,5
19274,7
19274,2
19274,5
19274,1
19274,3
19275,4
19276,4
19277,3
19277,6
19278,3
19278,6
19279,2
19280,6
19281,3
19282,6
19283,6
19284,7
19285,1
19286,2
19287,7
19288,2
19289,7
19289,2
19290,6
19291,3
19292,7
19292,2
19292,5
19292,1
19292,3
19293,6
19294,6
19295,2
19296,6
19296,4
19297,2
19298,3
19299,7
19299,2
19299,5
19299,1
19299,3
19299,6
19299,4
19300,1
19301,4
19302,1
19303,2
19304,7
19304,2
19304,5
19304,1
19304,3
19305,3
19306,7
19306,2
19306,5
19306,1
19307,6
19308,7
19309,7
19310,2
19311,7
19312,7
19313,4
19314,1
19315,4
19316,5
19317,7
19317,5
19318,5
19319,5
19320,7
19320,2
19320,4
19321,1
19322,7
19322,2
19323,7
19324,2
19324,5
19325,7
19326,5
19327,1
19328,5
19329,5
19330,4
19331,5
19332,2
19333,7
19333,2
19333,5
19333,1
19333,3
19333,6
19333,4
19334,4
19335,4
19336,4
19337,5
19338,6
19339,2
19340,6
19341,7
19341,2
19341,5
19341,1
19341,3
19342,5
19343,5
19344,4
19345,4
19346,1
19347,5
19347,1
19348,1
19349,4
19350,6
19351,7
19351,2
19351,5
19351,1
19352,6
19353,4
19354,7
19355,7
19355,5
19355,6
19356,7
19356,2
19356,5
19356,1
19357,7
19357,2
19357,5
19357,1
19357,3
19358,7
19358,2
19358,5
19358,1
19358,3
19359,6
19360,6
19361,6
19363,6
19364,5
19364,1
19365,7
19365,2
19366,2
19366,5
19366,1
19366,3
19367,6
19368,7
19369,6
19370,3
19371,6
19372,7
19372,2
19372,5
19372,1
19373,1
19374,7
19375,7
19376,3
19377,1
19378,7
19379,2
19380,7
19380,2
19380,5
19380,1
19380,4
19381,7
19381,2
19381,5
19381,1
19382,2
19383,4
19384,4
19385,6
19386,7
19387,2
19388,6
19388,4
19389,6
19390,6
19391,6
19392,6
19393,6
19394,1
19395,4
19396,5
19397,4
19398,5
19399,7
19400,1
19401,3
19402,3
19403,2
19404,6
19405,1
19406,5
19407,7
19408,5
19408,3
19409,6
19410,6
19411,7
19411,2
19411,5
19411,1
19411,3
19412,6
19413,2
19414,2
19415,6
19416,7
19416,2
19416,5
19416,1
19416,4
19417,2
19418,3
19419,6
19420,5
19421,3
19422,1
19423,7
19423,2
19423,5
19423,1
19423,3
19424,5
19425,7
19425,2
19425,5
19425,1
19425,3
19426,6
19427,3
19428,7
19428,2
19428,5
19428,1
19428,3
19429,7
19430,7
19431,4
19432,7
19432,2
19432,5
19432,1
19432,3
19433,7
19433,2
19433,5
19433,1
19433,3
19434,1
19435,7
19435,2
19435,5
19435,1
19435,3
19436,7
19436,2
19436,5
19436,1
19436,3
19437,7
19438,2
19439,1
19440,6
19441,6
19442,3
19443,1
19444,4
19445,5
19446,3
19447,6
19448,7
19449,3
19450,1
19451,5
19452,5
19453,2
19454,5
19455,4
19456,1
19457,1
19458,2
19459,5
19460,3
19461,4
19462,3
19463,6
19464,2
19465,5
19466,3
19467,7
19467,5
19467,3
19468,7
19468,2
19468,5
19468,1
19468,3
19469,4
19470,4
19471,1
19472,6
19473,4
19474,5
19475,4
19476,7
19476,2
19476,5
19476,1
19476,3
19476,6
19476,4
19477,7
19477,2
19477,5
19477,1
19477,3
19477,6
19477,4
19478,4
19479,7
19480,5
19481,1
19482,7
19482,2
19482,5
19482,1
19482,3
19482,6
19483,7
19483,2
19483,5
19483,1
19483,3
19484,2
19485,3
19486,6
19487,6
19488,1
19489,5
19490,6
19491,2
19492,5
19493,4
19494,5
19495,4
19496,7
19496,2
19496,5
19496,1
19497,7
19498,1
19499,2
19500,7
19500,2
19500,5
19500,1
19500,3
19501,2
19502,4
19503,7
19503,2
19503,5
19503,1
19503,3
19504,3
19505,7
19505,2
19505,5
19505,1
19505,3
19506,7
19506,2
19506,5
19506,1
19506,3
19507,4
19508,5
19509,1
19510,6
19511,7
19512,4
19513,6
19514,5
19515,4
19516,1
19517,1
19518,7
19519,3
19520,4
19521,2
19522,2
19523,6
19524,2
19525,7
19526,7
19526,2
19526,5
19526,1
19526,3
19527,2
19528,3
19529,5
19530,2
19531,3
19532,6
19533,4
19534,7
19535,3
19536,4
19537,6
19538,6
19539,6
19540,7
19541,5
19542,3
19543,2
19543,5
19543,1
19543,3
19544,5
19545,1
19547,5
19548,3
19549,7
19549,4
19550,5
19550,1
19551,7
19551,2
19551,5
19551,1
19551,3
19552,1
19553,5
19554,5
19555,2
19556,7
19556,2
19556,5
19556,1
19556,3
19556,6
19556,4
19557,7
19558,2
19558,5
19558,1
19558,3
19559,6
19560,6
19561,1
19562,7
19562,2
19562,5
19562,1
19562,3
19563,5
19564,7
19564,2
19564,5
19564,1
19564,3
19565,7
19565,2
19565,5
19565,1
19565,3
19566,5
19566,1
19567,5
19567,1
19568,7
19568,2
19569,6
19570,4
19571,5
19572,4
19573,6
19574,5
19575,2
19576,3
19577,6
19578,4
19579,7
19579,2
19579,5
19579,1
19579,3
19579,6
19579,4
19580,6
19581,7
19582,4
19583,5
19584,3
19585,7
19586,3
19587,5
19588,3
19589,3
19590,5
19591,7
19591,2
19591,5
19591,1
19592,6
19593,7
19593,2
19593,5
19593,1
19594,3
19595,6
19596,3
19597,6
19597,4
19598,3
19599,5
19599,1
19600,7
19600,2
19601,7
19601,2
19601,5
19601,1
19601,3
19601,6
19601,4
19602,6
19603,7
19603,2
19604,3
19605,3
19606,4
19607,5
19608,5
19608,1
19609,1
19610,4
19611,4
19612,7
19613,6
19614,7
19614,2
19614,5
19615,5
19616,6
19617,3
19619,1
19620,7
19621,7
19622,1
19623,4
19624,2
19625,6
19626,3
19627,6
19628,6
19629,5
19629,1
19630,5
19630,1
19631,7
19631,2
19631,5
19632,7
19632,2
19632,1
19633,4
19634,7
19634,2
19634,5
19634,1
19634,3
19635,7
19635,2
19635,5
19635,1
19635,3
19636,4
19637,4
19638,4
19639,3
19640,4
19641,3
19642,3
19643,2
19644,2
19645,7
19645,2
19645,5
19645,1
19646,5
19647,3
19648,7
19649,7
19650,1
19651,7
19651,2
19651,5
19651,1
19651,3
19652,4
19653,6
19654,1
19655,4
19656,4
19657,4
19658,1
19659,7
19660,7
19661,4
19662,7
19662,2
19662,5
19662,1
19662,3
19663,7
19664,7
19665,7
19665,2
19665,5
19665,1
19666,7
19666,2
19666,5
19666,1
19667,4
19668,7
19668,2
19668,5
19668,1
19668,3
19669,3
19670,7
19670,2
19670,5
19670,1
19670,3
19671,6
19673,4
19674,7
19675,5
19676,7
19676,2
19677,7
19677,2
19677,5
19677,1
19677,3
19678,7
19679,4
19680,7
19680,2
19680,5
19680,1
19681,2
19682,7
19682,2
19682,5
19682,4
19683,2
19684,5
19685,7
19685,2
19685,5
19685,1
19685,3
19686,5
19687,7
19687,2
19687,5
19687,1
19687,3
19688,5
19689,6
19690,3
19691,3
19692,3
19693,2
19693,5
19693,1
19693,3
19693,6
19693,4
19694,7
19694,2
19694,5
19694,1
19695,6
19696,1
19697,2
19698,6
19699,2
19700,2
19701,6
19702,3
19703,7
19703,2
19703,5
19703,1
19703,3
19704,6
19705,4
19706,6
19707,7
19707,2
19707,5
19707,1
19708,6
19709,2
19710,5
19711,2
19712,4
19713,7
19714,5
19715,4
19716,4
19717,6
19718,6
19719,3
19720,4
19721,7
19721,2
19721,5
19721,1
19722,2
19722,5
19722,1
19722,3
19722,6
19723,6
19724,1
19725,4
19726,4
19728,4
19729,1
19730,7
19731,7
19732,3
19733,2
19734,2
19735,5
19736,6
19737,7
19737,2
19737,5
19737,1
19737,3
19738,6
19739,1
19740,7
19741,7
19742,7
19742,2
19742,5
19742,1
19743,2
19743,5
19743,1
19743,3
19744,7
19745,7
19745,2
19745,5
19745,1
19745,3
19746,3
19747,5
19748,6
19748,4
19749,6
19750,1
19751,2
19751,5
19751,1
19752,6
19753,6
19754,7
19755,2
19756,1
19757,4
19758,3
19759,5
19760,3
19761,2
19762,7
19763,6
19764,5
19765,5
19765,1
19766,3
19767,7
19768,4
19769,7
19769,2
19769,5
19769,1
19769,3
19770,5
19771,7
19771,6
19771,4
19772,6
19773,6
19774,5
19775,5
19775,1
19776,7
19776,2
19776,5
19776,1
19777,7
19778,2
19779,6
19780,1
19781,7
19782,7
19783,7
19783,4
19784,5
19785,5
19786,3
19787,7
19788,4
19789,7
19789,4
19790,6
19791,2
19792,6
19792,4
19793,7
19793,2
19793,5
19793,1
19793,3
19794,5
19795,7
19795,2
19795,3
19795,6
19795,4
19796,6
19797,4
19798,7
19798,2
19798,5
19798,1
19798,3
19800,3
19801,4
19802,5
19803,6
19804,7
19804,2
19804,5
19804,1
19804,3
19805,7
19806,7
19806,2
19806,5
19806,1
19806,3
19806,6
19806,4
19807,1
19808,7
19809,1
19810,7
19810,2
19810,5
19810,1
19810,3
19810,6
19810,4
19811,5
19812,3
19813,6
19814,6
19815,6
19817,7
19817,2
19818,7
19818,2
19819,6
19820,6
19821,6
19822,1
19823,5
19824,7
19825,2
19826,6
19827,3
19828,6
19829,6
19830,6
19831,7
19832,2
19833,7
19834,1
19835,2
19836,6
19837,5
19838,6
19839,7
19839,2
19840,6
19840,4
19841,4
19842,1
19843,6
19843,4
19844,4
19845,3
19846,7
19846,2
19846,5
19846,1
19847,3
19848,7
19848,2
19848,5
19848,1
19849,7
19849,2
19849,5
19849,1
19850,6
19851,3
19852,1
19853,3
19854,5
19855,3
19856,3
19857,6
19858,6
19859,4
19860,7
19861,7
19861,2
19861,5
19861,1
19862,6
19863,7
19863,2
19863,5
19863,1
19864,5
19865,7
19865,2
19865,5
19865,1
19865,3
19866,4
19867,6
19868,7
19869,7
19869,2
19869,5
19869,1
19869,3
19869,6
19869,4
19870,5
19871,2
19871,4
19872,4
19873,4
19874,2
19874,5
19875,3
19876,6
19877,4
19878,7
19878,4
19879,4
19880,4
19881,3
19882,6
19883,2
19883,3
19884,4
19885,2
19886,5
19887,1
19888,1
19889,4
19890,3
19891,3
19892,6
19892,4
19893,1
19894,2
19895,3
19896,6
19897,7
19897,1
19898,6
19899,6
19899,4
19900,6
19901,7
19901,5
19901,3
19902,5
19903,7
19903,2
19903,5
19903,1
19903,3
19904,4
19905,7
19906,2
19907,5
19908,4
19909,7
19910,7
19911,3
19912,7
19913,4
19914,4
19915,5
19916,5
19917,3
19918,3
19919,2
19920,7
19921,4
19922,3
19923,4
19924,6
19925,1
19926,1
19927,4
19928,4
19929,7
19929,2
19929,5
19929,1
19930,7
19930,2
19930,5
19930,1
19930,3
19931,7
19932,5
19933,7
19933,2
19933,5
19933,1
19933,3
19933,6
19933,4
19934,5
19935,4
19936,5
19937,3
19938,6
19938,4
19939,7
19939,2
19939,5
19939,1
19939,3
19939,6
19939,4
19940,7
19940,2
19940,5
19940,1
19940,3
19940,4
19941,7
19941,2
19941,5
19941,1
19941,3
19941,4
19942,6
19943,3
19944,4
19945,4
19946,7
19947,2
19948,2
19949,5
19950,4
19951,5
19952,7
19952,2
19952,5
19952,1
19952,3
19953,7
19954,6
19955,5
19956,2
19957,5
19958,5
19959,6
19960,1
19961,2
19962,6
19963,7
19963,2
19963,5
19963,1
19963,3
19963,4
19964,7
19964,5
19964,3
19965,7
19965,2
19965,5
19965,1
19965,4
19966,3
19967,7
19968,4
19970,7
19970,2
19970,5
19970,1
19971,2
19972,2
19973,6
19974,4
19975,5
19976,5
19977,7
19977,2
19977,5
19977,1
19977,3
19977,6
19977,4
19978,4
19979,4
19980,4
19981,7
19982,7
19983,7
19984,2
19985,2
19986,2
19987,5
19988,1
19989,1
19990,1
19991,7
19991,2
19991,5
19991,1
19991,3
19991,6
19991,4
19992,3
19993,1
19993,3
19993,6
19994,7
19995,7
19995,2
19995,5
19995,1
19995,3
19995,6
19995,4
19996,7
19996,2
19996,5
19996,1
19996,3
19996,6
19996,4
19997,7
19998,5
19999,5
20000,1
20001,7
20002,1
20003,1
20004,2
20004,5
20004,1
20005,4
20006,2
20007,1
20008,3
20009,6
20010,7
20011,4
20012,3
20013,7
20013,2
20013,5
20013,1
20013,3
20013,6
20013,4
20014,1
20015,5
20016,2
20018,4
20019,7
20019,2
20019,5
20019,1
20020,2
20021,1
20022,7
20023,4
20024,4
20025,3
20026,2
20027,7
20027,2
20027,5
20027,1
20027,3
20027,6
20027,4
20028,4
20029,3
20029,4
20030,7
20030,2
20030,5
20030,1
20030,3
20030,6
20030,4
20031,7
20031,4
20032,7
20032,2
20032,5
20032,1
20032,3
20032,6
20032,4
20033,7
20033,2
20033,5
20033,1
20033,3
20033,6
20033,4
20034,1
20035,6
20036,7
20036,2
20036,5
20036,1
20036,3
20036,6
20036,4
20037,6
20038,2
20039,2
20040,7
20041,7
20041,2
20041,5
20041,1
20041,3
20041,6
20042,1
20043,5
20044,1
20045,7
20045,2
20045,5
20045,1
20045,3
20046,3
20047,7
20047,2
20047,5
20047,1
20047,3
20048,3
20049,4
20050,7
20050,3
20051,2
20052,2
20053,1
20054,6
20055,3
20056,5
20057,2
20058,2
20059,5
20060,1
20061,3
20062,2
20063,2
20064,7
20065,2
20066,4
20067,7
20067,2
20067,5
20067,1
20067,3
20067,6
20067,4
20068,4
20069,2
20070,1
20071,3
20072,2
20073,5
20074,2
20075,5
20076,7
20076,2
20076,5
20076,1
20076,3
20076,6
20076,4
20077,4
20078,5
20079,7
20079,2
20079,5
20079,1
20080,5
20081,7
20081,2
20081,5
20081,1
20082,1
20083,6
20084,6
20085,4
20086,6
20087,1
20088,4
20089,7
20090,4
20091,7
20091,2
20091,5
20091,1
20091,3
20092,7
20092,2
20092,5
20092,1
20092,3
20093,2
20094,3
20095,1
20096,7
20097,7
20098,1
20099,5
20100,7
20100,2
20100,5
20100,1
20100,3
20101,1
20102,5
20103,1
20104,4
20105,2
20106,7
20106,2
20106,5
20106,1
20106,3
20106,6
20106,4
20107,3
20108,4
20109,4
20110,2
20111,1
20112,2
20113,4
20114,5
20115,6
20116,7
20117,4
20118,4
20119,5
20120,7
20121,7
20122,7
20123,7
20123,2
20123,5
20123,1
20123,3
20124,7
20125,7
20125,2
20125,5
20125,1
20126,6
20127,6
20128,6
20129,4
20130,5
20131,4
20132,7
20132,6
20132,4
20133,4
20134,2
20135,3
20136,5
20136,1
20137,7
20138,2
20138,5
20138,1
20139,4
20140,5
20141,1
20142,7
20142,2
20142,5
20142,1
20142,3
20143,2
20144,7
20144,2
20144,5
20144,1
20144,3
20145,7
20145,2
20145,5
20145,1
20145,3
20145,6
20146,7
20146,2
20146,5
20146,1
20146,3
20147,6
20148,7
20148,2
20148,5
20148,1
20149,6
20150,6
20151,5
20152,2
20153,5
20154,3
20155,2
20156,1
20157,4
20158,2
20158,5
20158,1
20158,3
20159,6
20160,4
20161,6
20162,4
20163,4
20164,7
20164,2
20164,5
20164,1
20164,3
20165,3
20166,1
20167,4
20168,7
20169,3
20170,1
20171,2
20172,2
20173,5
20174,1
20175,2
20176,5
20177,6
20178,6
20178,4
20179,3
20180,6
20181,1
20182,1
20183,7
20183,2
20184,1
20185,4
20186,7
20186,2
20186,5
20186,1
20186,3
20186,6
20187,7
20187,2
20188,5
20189,1
20190,7
20190,2
20190,5
20190,1
20190,3
20191,5
20192,7
20192,2
20192,5
20192,1
20192,3
20193,7
20193,2
20194,2
20195,6
20195,4
20196,6
20197,2
20198,7
20198,2
20198,5
20198,1
20199,6
20200,7
20200,2
20200,5
20201,6
20202,3
20203,5
20203,1
20203,3
20204,2
20205,7
20205,2
20205,5
20205,1
20205,3
20206,6
20207,6
20208,1
20209,1
20210,7
20210,2
20210,5
20210,1
20210,4
20211,7
20211,2
20211,5
20211,1
20211,3
20211,6
20212,6
20213,7
20213,2
20214,5
20215,1
20216,4
20217,1
20217,6
20218,1
20219,7
20219,4
20220,7
20220,2
20220,5
20220,1
20221,7
20221,2
20221,5
20221,1
20222,7
20222,2
20222,5
20222,1
20223,5
20224,4
20225,7
20225,4
20226,7
20226,2
20226,5
20226,1
20226,3
20227,7
20227,2
20227,5
20227,1
20227,3
20228,6
20229,7
20229,2
20229,5
20229,1
20229,3
20230,5
20230,1
20231,4
20232,7
20232,2
20232,5
20232,1
20232,3
20233,2
20234,5
20235,1
20236,3
20237,7
20237,2
20237,5
20237,1
20238,4
20239,3
20240,3
20241,4
20242,2
20243,2
20244,1
20245,6
20246,4
20247,3
20248,3
20249,3
20250,6
20251,4
20252,7
20252,2
20252,5
20252,1
20253,5
20254,7
20255,5
20256,6
20257,5
20258,3
20259,5
20260,6
20261,1
20262,6
20263,5
20264,6
20266,5
20266,1
20267,3
20268,2
20269,7
20270,2
20271,4
20272,4
20273,4
20274,7
20274,2
20274,5
20274,1
20275,7
20275,2
20275,5
20275,1
20275,3
20275,6
20276,2
20277,5
20278,7
20279,5
20280,5
20281,7
20282,1
20283,4
20284,1
20285,7
20286,6
20287,2
20288,5
20289,6
20290,2
20291,4
20292,3
20293,3
20294,2
20295,7
20295,4
20296,5
20297,3
20298,3
20299,4
20300,7
20301,1
20302,2
20303,4
20304,5
20305,7
20306,2
20307,5
20308,7
20308,2
20308,4
20309,7
20310,7
20310,2
20310,5
20310,1
20310,3
20311,1
20312,5
20313,5
20314,3
20315,2
20316,1
20317,3
20318,5
20319,7
20320,7
20321,6
20322,4
20323,3
20324,7
20325,7
20325,2
20326,7
20326,2
20327,7
20327,2
20327,5
20327,1
20328,1
20329,4
20330,6
20330,4
20331,6
20331,4
20332,7
20332,2
20332,5
20332,1
20333,5
20334,7
20335,4
20336,7
20337,5
20338,7
20339,2
20340,7
20341,2
20342,5
20343,2
20344,5
20345,1
20346,6
20346,4
20347,7
20347,2
20348,1
20349,5
20349,1
20350,7
20350,2
20351,1
20352,2
20353,4
20354,2
20355,7
20355,2
20355,5
20355,1
20355,3
20356,6
20357,5
20358,5
20359,2
20360,2
20361,2
20362,4
20363,2
20364,1
20365,1
20366,1
20367,7
20367,2
20368,7
20368,2
20369,5
20369,1
20370,6
20370,4
20371,7
20372,6
20373,3
20374,7
20374,2
20374,5
20374,1
20374,3
20375,2
20376,5
20376,1
20377,7
20377,2
20378,7
20379,5
20380,6
20381,4
20382,6
20383,4
20384,7
20385,7
20385,2
20385,5
20385,1
20385,3
20385,6
20385,4
20386,2
20387,6
20388,5
20389,7
20389,2
20389,4
20390,1
20391,3
20392,1
20393,5
20394,7
20395,4
20396,5
20397,4
20398,7
20399,1
20400,3
20401,3
20402,7
20402,2
20402,5
20402,1
20402,3
20402,6
20403,5
20404,6
20405,2
20406,5
20407,6
20408,7
20408,2
20408,5
20409,1
20411,4
20412,1
20413,1
20414,2
20415,7
20415,2
20415,5
20415,1
20415,3
20415,6
20415,4
20416,1
20417,3
20418,1
20419,2
20419,5
20419,3
20420,1
20421,7
20421,2
20421,3
20422,2
20422,5
20422,1
20422,3
20423,5
20424,3
20425,6
20426,4
20427,1
20428,3
20429,2
20430,7
20431,7
20432,5
20433,4
20434,2
20435,7
20435,2
20435,5
20435,1
20435,3
20435,6
20435,4
20436,2
20437,6
20438,6
20439,5
20440,6
20441,1
20442,3
20443,6
20444,2
20445,5
20446,3
20447,2
20448,3
20449,7
20449,2
20449,5
20449,1
20450,5
20450,1
20451,6
20452,5
20453,6
20454,1
20455,7
20455,2
20455,5
20455,1
20455,3
20457,6
20458,6
20459,2
20460,2
20461,5
20462,1
20463,3
20464,7
20465,2
20466,2
20467,2
20468,3
20469,3
20470,4
20471,5
20472,1
20473,4
20474,5
20475,7
20476,2
20477,6
20478,1
20479,4
20480,5
20481,3
20482,7
20483,4
20484,2
20485,2
20486,1
20487,6
20488,3
20489,4
20490,7
20490,2
20490,5
20490,1
20490,3
20491,3
20492,6
20493,1
20494,2
20494,5
20494,1
20495,7
20496,1
20497,2
20498,6
20499,5
20500,1
20501,1
20502,2
20503,7
20504,1
20505,6
20506,7
20506,2
20506,5
20506,1
20506,3
20507,2
20508,4
20509,6
20510,5
20511,3
20512,5
20513,4
20514,4
20515,6
20516,7
20516,5
20516,3
20517,7
20518,4
20519,7
20520,7
20521,5
20522,7
20523,2
20524,4
20525,2
20526,1
20526,3
20526,6
20527,6
20528,4
20529,2
20530,7
20530,2
20530,5
20530,1
20530,3
20531,7
20532,6
20533,7
20533,4
20534,2
20535,6
20536,2
20537,6
20539,4
20540,5
20540,1
20541,7
20541,2
20541,5
20542,7
20542,2
20542,5
20542,1
20542,3
20543,4
20544,6
20545,1
20546,2
20547,7
20547,2
20547,5
20547,1
20548,3
20549,4
20550,1
20551,3
20552,3
20553,1
20554,7
20554,2
20554,5
20554,1
20555,2
20555,1
20556,6
20557,7
20558,7
20558,2
20558,5
20559,4
20560,3
20561,4
20562,5
20563,7
20563,2
20563,5
20563,1
20563,3
20563,6
20563,4
20564,5
20565,4
20566,7
20567,7
20567,2
20567,5
20567,1
20568,7
20569,7
20570,7
20571,5
20572,6
20573,5
20573,1
20573,3
20574,5
20575,7
20575,2
20575,5
20575,1
20576,6
20577,7
20577,1
20578,6
20579,7
20580,2
20581,2
20582,5
20583,2
20584,7
20585,5
20586,7
20586,2
20586,5
20586,1
20586,3
20587,3
20588,7
20589,5
20590,7
20591,7
20591,2
20591,5
20591,1
20592,7
20592,2
20592,5
20592,1
20592,3
20593,4
20594,2
20595,5
20596,2
20597,7
20598,7
20599,3
20600,4
20601,1
20602,7
20602,1
20602,3
20602,6
20602,4
20603,6
20604,7
20604,2
20604,5
20604,1
20604,3
20605,6
20606,2
20607,3
20608,1
20609,7
20610,1
20611,1
20612,2
20613,1
20614,6
20615,7
20616,4
20617,2
20618,2
20619,3
20620,7
20620,2
20620,5
20620,1
20620,3
20621,4
20622,3
20623,7
20624,1
20625,1
20626,6
20627,2
20627,5
20627,4
20628,7
20628,2
20628,5
20628,1
20628,3
20629,5
20630,2
20631,7
20631,2
20631,5
20631,1
20631,3
20632,2
20633,5
20634,7
20635,2
20636,6
20637,6
20638,1
20639,2
20640,4
20641,2
20642,6
20642,4
20643,6
20644,1
20645,6
20646,7
20646,4
20647,3
20648,3
20649,6
20650,3
20651,4
20652,5
20653,5
20654,4
20655,7
20655,2
20655,5
20655,1
20655,3
20655,4
20656,6
20657,4
20658,4
20659,7
20659,2
20659,4
20660,7
20661,1
20662,7
20663,2
20664,3
20665,6
20666,7
20667,3
20668,4
20669,3
20670,3
20671,1
20672,7
20672,2
20672,5
20672,1
20672,3
20673,5
20673,3
20674,2
20675,4
20676,3
20677,7
20677,2
20677,1
20677,3
20678,5
20678,1
20679,7
20680,5
20681,2
20682,4
20683,4
20684,4
20685,2
20686,6
20687,4
20688,7
20689,2
20689,5
20689,1
20689,3
20690,2
20691,7
20691,2
20692,7
20692,2
20692,5
20692,1
20692,3
20692,6
20692,4
20693,2
20694,5
20695,3
20696,1
20697,5
20698,7
20699,7
20699,2
20699,4
20700,7
20701,5
20702,2
20703,2
20704,7
20705,3
20706,1
20707,1
20708,2
20709,4
20710,5
20711,7
20711,2
20711,5
20711,1
20711,3
20711,6
20711,4
20712,2
20713,6
20714,7
20714,2
20714,5
20714,1
20714,3
20715,7
20715,2
20715,5
20715,1
20715,3
20715,6
20715,4
20716,7
20716,2
20716,5
20716,1
20716,3
20717,2
20718,2
20719,7
20720,1
20721,4
20722,2
20723,1
20724,5
20725,5
20726,4
20727,5
20728,7
20728,2
20728,5
20728,1
20728,3
20729,7
20730,7
20731,5
20732,4
20734,1
20735,3
20736,1
20737,3
20738,3
20739,1
20740,5
20741,1
20742,7
20743,1
20744,4
20745,1
20746,4
20747,2
20748,6
20749,6
20749,4
20750,4
20751,6
20751,4
20752,1
20753,3
20754,2
20755,7
20756,5
20757,7
20757,2
20757,5
20757,1
20757,3
20758,5
20759,3
20760,7
20761,1
20762,6
20763,2
20764,4
20765,4
20766,4
20767,6
20768,2
20769,5
20770,2
20771,5
20772,7
20773,4
20774,7
20775,1
20776,3
20777,4
20778,4
20779,3
20780,4
20781,3
20782,3
20783,1
20783,3
20784,2
20785,5
20786,5
20787,6
20788,1
20789,4
20790,3
20791,6
20792,6
20793,7
20794,1
20795,1
20796,4
20797,2
20798,1
20799,7
20799,2
20799,5
20799,1
20799,3
20800,4
20801,5
20802,7
20802,2
20802,5
20802,1
20802,3
20802,6
20802,4
20803,2
20804,7
20805,7
20805,2
20805,5
20805,1
20805,3
20805,6
20805,4
20806,4
20807,6
20808,5
20809,2
20810,5
20811,4
20812,4
20813,1
20815,4
20816,5
20817,1
20818,1
20819,3
20820,2
20821,5
20822,2
20823,4
20824,3
20825,3
20826,3
20827,5
20828,4
20829,5
20830,2
20831,7
20831,2
20831,5
20831,1
20831,3
20832,4
20833,2
20834,6
20835,7
20836,6
20837,2
20838,3
20839,5
20840,3
20841,3
20842,7
20842,2
20842,5
20842,1
20842,3
20843,7
20843,2
20843,5
20843,1
20843,3
20844,3
20845,7
20846,3
20847,7
20848,2
20849,1
20850,5
20852,2
20854,3
20855,1
20856,4
20857,4
20858,7
20859,4
20860,6
20861,7
20861,2
20861,5
20861,1
20862,1
20863,5
20863,1
20864,7
20864,2
20864,5
20864,1
20864,3
20864,6
20864,4
20865,7
20865,2
20865,5
20865,1
20866,7
20867,7
20867,2
20867,5
20867,1
20867,3
20867,6
20867,4
20868,3
20869,4
20870,5
20871,7
20871,5
20871,1
20871,3
20871,6
20871,4
20872,3
20873,2
20874,5
20875,7
20876,5
20877,1
20878,7
20879,7
20879,2
20879,5
20879,1
20879,3
20880,5
20881,3
20882,5
20883,7
20884,3
20885,5
20886,4
20887,2
20888,4
20889,5
20890,6
20891,7
20892,7
20893,2
20894,1
20895,6
20896,7
20897,7
20897,2
20897,5
20897,1
20897,3
20898,6
20899,2
20900,5
20901,2
20902,2
20903,1
20904,5
20905,7
20905,2
20905,5
20905,1
20905,3
20905,6
20905,4
20906,6
20907,7
20907,2
20907,5
20907,1
20907,3
20908,3
20909,5
20910,5
20911,7
20911,5
20911,4
20912,7
20912,2
20912,5
20912,1
20913,2
20914,2
20915,1
20916,1
20917,7
20918,6
20919,1
20920,6
20921,6
20922,1
20923,6
20924,7
20925,2
20926,2
20926,5
20927,1
20928,7
20928,2
20928,5
20928,1
20929,7
20929,2
20929,5
20929,1
20930,7
20930,2
20930,5
20930,1
20931,3
20932,6
20933,6
20934,2
20935,3
20936,4
20937,7
20937,2
20937,5
20937,1
20937,3
20937,6
20937,4
20938,6
20939,5
20940,5
20941,4
20942,3
20943,5
20944,7
20944,2
20944,5
20944,1
20944,3
20945,5
20946,2
20947,4
20948,5
20949,3
20950,7
20950,6
20951,3
20952,2
20952,5
20953,4
20954,4
20955,6
20956,7
20957,7
20957,2
20957,5
20957,1
20957,3
20958,7
20959,4
20960,7
20961,3
20962,6
20963,7
20964,4
20965,7
20966,1
20967,1
20968,6
20969,7
20970,1
20971,4
20972,6
20972,4
20973,2
20974,4
20975,6
20976,3
20977,7
20977,6
20978,7
20979,5
20980,2
20981,2
20982,3
20983,5
20984,6
20985,2
20986,2
20987,7
20988,2
20989,3
20990,3
20991,5
20992,3
20993,4
20994,3
20995,2
20996,1
20997,2
20998,3
20999,5
21000,7
21001,7
21001,2
21001,5
21001,1
21001,3
21002,6
21003,6
21003,4
21004,1
21005,2
21006,1
21007,7
21008,1
21008,3
21009,7
21010,7
21011,2
21012,5
21013,2
21014,4
21015,1
21016,7
21017,3
21018,2
21019,4
21020,7
21021,7
21022,5
21022,1
21023,7
21024,5
21025,1
21026,4
21027,7
21027,2
21027,5
21027,1
21028,7
21029,3
21030,2
21030,5
21030,1
21031,4
21032,4
21033,6
21034,6
21034,4
21035,2
21036,7
21036,2
21036,5
21036,1
21037,5
21038,4
21039,3
21040,7
21041,6
21042,7
21043,7
21043,2
21043,5
21043,1
21043,3
21043,6
21043,4
21044,4
21045,2
21046,2
21047,1
21048,6
21049,2
21050,5
21051,7
21052,2
21053,2
21055,1
21056,7
21057,2
21058,3
21059,2
21060,6
21061,3
21062,6
21063,5
21064,7
21064,2
21064,5
21064,1
21065,2
21066,4
21067,2
21068,7
21068,2
21069,1
21070,7
21071,7
21071,2
21072,7
21073,4
21074,4
21075,7
21076,4
21077,1
21078,6
21079,1
21080,4
21081,1
21082,6
21083,3
21084,3
21085,5
21086,5
21087,2
21088,4
21089,2
21090,4
21091,6
21092,7
21093,4
21094,2
21096,4
21097,2
21098,4
21099,7
21100,5
21101,5
21102,7
21102,2
21102,5
21102,1
21103,7
21103,2
21103,5
21103,1
21104,3
21105,7
21105,2
21105,5
21105,1
21105,3
21105,6
21105,4
21106,6
21107,1
21108,5
21109,6
21110,4
21111,7
21112,7
21112,2
21112,5
21112,1
21112,3
21113,7
21113,2
21113,5
21114,7
21115,5
21116,6
21117,5
21118,5
21118,1
21119,3
21120,7
21120,2
21120,5
21120,1
21120,3
21120,6
21120,4
21121,7
21122,2
21122,5
21122,1
21122,3
21123,7
21124,7
21125,7
21126,7
21126,2
21126,5
21126,1
21126,3
21126,6
21127,4
21128,5
21128,1
21129,2
21130,6
21131,5
21131,1
21132,3
21133,4
21134,7
21134,2
21134,5
21134,1
21134,3
21135,4
21136,2
21137,5
21138,3
21139,7
21139,2
21139,5
21139,1
21139,3
21140,7
21141,1
21142,7
21142,2
21142,5
21142,1
21142,3
21143,4
21144,5
21144,1
21145,7
21145,2
21145,5
21145,1
21146,3
21147,7
21147,2
21147,4
21148,7
21148,2
21148,1
21148,3
21149,7
21149,2
21149,5
21149,1
21149,3
21150,4
21151,3
21152,7
21152,2
21152,5
21152,1
21152,3
21152,6
21152,4
21153,7
21153,2
21153,5
21153,1
21153,3
21153,6
21154,7
21154,2
21154,5
21154,1
21154,3
21155,7
21155,4
21156,1
21157,1
21158,2
21159,2
21160,2
21161,3
21162,6
21162,4
21163,6
21163,4
21164,1
21165,6
21166,7
21166,2
21166,5
21166,1
21166,3
21166,6
21166,4
21167,2
21168,3
21169,7
21169,2
21169,5
21169,1
21169,3
21170,2
21171,1
21172,1
21173,5
21174,6
21175,7
21175,2
21175,5
21175,1
21175,3
21176,3
21177,2
21178,7
21178,2
21178,5
21178,1
21178,3
21179,7
21179,2
21179,5
21179,1
21179,3
21180,7
21181,5
21182,7
21183,7
21183,2
21183,5
21183,1
21183,3
21184,7
21184,2
21184,5
21184,1
21184,3
21185,5
21186,4
21187,7
21187,2
21187,5
21187,1
21188,5
21189,1
21190,4
21191,2
21192,2
21193,7
21193,2
21193,5
21193,1
21193,3
21194,7
21194,2
21194,5
21194,1
21194,3
21195,6
21196,7
21197,4
21199,5
21200,7
21201,2
21202,2
21203,7
21204,5
21205,7
21205,2
21205,5
21205,1
21205,3
21206,4
21207,7
21207,2
21207,5
21208,2
21208,5
21208,1
21208,3
21209,2
21210,6
21211,3
21212,4
21213,3
21214,2
21215,2
21216,3
21217,6
21218,7
21218,5
21219,7
21220,7
21221,7
21221,2
21221,5
21221,1
21222,4
21223,2
21224,7
21224,2
21224,5
21224,1
21224,3
21224,6
21224,4
21225,6
21226,7
21227,6
21228,6
21228,4
21229,2
21230,2
21231,3
21232,7
21232,2
21232,5
21232,1
21232,3
21233,5
21233,1
21234,7
21234,2
21234,5
21234,1
21234,3
21234,6
21235,1
21236,7
21236,2
21236,5
21236,1
21236,3
21237,7
21238,7
21239,5
21240,7
21240,2
21240,5
21240,1
21240,3
21240,6
21240,4
21241,5
21242,4
21243,6
21244,2
21245,4
21246,4
21247,3
21248,7
21248,2
21248,6
21248,4
21249,1
21250,4
21251,6
21252,7
21252,2
21253,7
21253,2
21253,5
21253,1
21254,7
21254,2
21254,5
21254,1
21254,3
21254,6
21254,4
21255,1
21256,7
21256,2
21257,1
21258,2
21259,1
21260,7
21260,2
21260,5
21260,1
21260,3
21260,6
21260,4
21261,3
21262,5
21262,1
21263,3
21264,6
21264,4
21265,7
21265,2
21265,5
21265,1
21265,3
21266,5
21267,7
21267,2
21267,5
21267,1
21267,3
21268,7
21269,3
21270,7
21270,2
21270,5
21270,1
21270,3
21271,1
21272,4
21273,5
21274,7
21275,2
21276,1
21277,5
21277,1
21278,1
21279,1
21280,6
21281,7
21282,5
21283,4
21284,5
21285,4
21286,4
21287,2
21287,1
21288,5
21289,1
21290,1
21291,2
21292,5
21293,7
21294,3
21295,7
21296,5
21296,4
21297,7
21297,2
21297,5
21297,1
21298,6
21299,7
21299,2
21299,5
21299,1
21300,6
21301,6
21302,7
21302,2
21302,5
21302,1
21303,2
21304,7
21304,2
21304,5
21304,1
21304,3
21305,7
21305,2
21305,5
21305,1
21305,3
21306,7
21307,7
21308,7
21309,3
21310,1
21311,1
21312,7
21312,2
21312,5
21312,1
21312,3
21313,6
21314,3
21315,6
21316,3
21317,1
21318,7
21319,2
21320,7
21320,2
21321,1
21322,1
21323,1
21324,2
21325,6
21326,7
21326,2
21326,5
21326,1
21326,3
21326,6
21327,4
21328,3
21329,4
21330,2
21331,7
21332,2
21333,2
21334,7
21334,2
21334,5
21334,1
21334,3
21335,7
21335,2
21335,5
21335,1
21336,5
21337,6
21338,5
21339,7
21339,2
21339,5
21339,1
21339,3
21340,7
21340,2
21341,7
21342,6
21343,4
21344,4
21345,6
21346,7
21346,2
21346,5
21346,1
21346,3
21347,6
21348,4
21349,2
21349,1
21350,2
21350,1
21351,4
21352,4
21353,4
21354,7
21354,2
21354,5
21354,1
21355,6
21356,4
21357,4
21358,7
21358,2
21358,5
21358,1
21358,3
21359,3
21360,5
21361,2
21362,1
21363,7
21363,2
21363,5
21363,1
21363,3
21364,4
21365,4
21366,2
21367,4
21368,6
21368,4
21369,5
21370,7
21371,7
21372,2
21373,2
21374,3
21375,3
21376,5
21377,4
21378,6
21379,4
21380,7
21380,2
21380,5
21380,1
21380,3
21381,5
21381,1
21382,6
21383,7
21384,6
21384,4
21385,7
21386,7
21387,2
21388,6
21389,7
21390,7
21391,7
21392,7
21392,2
21392,5
21392,1
21393,7
21393,2
21393,5
21393,1
21394,7
21394,2
21394,5
21394,1
21394,3
21395,7
21396,2
21397,1
21398,1
21399,7
21399,2
21399,5
21399,1
21399,3
21399,6
21399,4
21400,2
21401,7
21402,7
21403,4
21404,6
21405,5
21406,6
21407,2
21408,4
21409,5
21410,5
21410,1
21411,6
21411,4
21412,7
21413,4
21414,7
21414,2
21415,2
21416,2
21417,5
21418,4
21419,7
21420,3
21421,7
21422,1
21423,5
21424,5
21425,5
21426,6
21427,4
21428,6
21429,7
21430,1
21431,7
21431,2
21431,5
21431,1
21432,7
21433,1
21434,1
21435,2
21436,5
21437,5
21438,7
21439,2
21440,1
21441,4
21442,7
21443,3
21444,6
21445,6
21446,2
21447,7
21448,4
21449,2
21450,5
21451,2
21452,3
21453,3
21454,4
21455,6
21456,2
21457,7
21458,1
21459,3
21460,2
21460,5
21460,1
21460,3
21461,3
21462,1
21463,6
21464,5
21465,4
21466,5
21467,4
21468,2
21469,1
21470,2
21471,3
21472,3
21473,6
21474,1
21475,1
21476,6
21477,4
21478,6
21479,6
21480,4
21481,2
21482,3
21483,4
21484,5
21485,6
21486,6
21487,7
21487,2
21487,5
21487,1
21487,3
21488,4
21489,7
21489,2
21489,5
21489,1
21489,3
21490,2
21491,3
21492,4
21493,7
21493,2
21493,5
21493,1
21493,3
21494,7
21494,2
21494,5
21494,1
21495,6
21496,7
21497,4
21498,2
21499,6
21499,4
21501,7
21501,2
21502,7
21502,2
21503,7
21503,2
21504,7
21505,7
21505,2
21505,5
21506,7
21506,2
21506,5
21506,1
21506,3
21507,5
21507,1
21508,3
21509,5
21510,2
21511,4
21512,2
21513,6
21514,5
21515,4
21516,4
21517,6
21518,7
21519,6
21520,7
21521,4
21522,3
21523,7
21523,2
21523,5
21523,1
21523,3
21524,4
21525,6
21526,7
21527,7
21528,1
21529,7
21530,7
21531,4
21532,7
21533,4
21534,3
21535,6
21536,4
21537,5
21538,7
21538,2
21538,5
21538,1
21538,3
21539,7
21539,2
21539,5
21539,1
21539,3
21540,4
21541,7
21542,1
21543,5
21544,1
21545,1
21546,7
21546,2
21546,5
21546,1
21546,3
21547,5
21548,3
21549,3
21550,2
21551,1
21552,5
21553,7
21553,2
21553,5
21553,1
21554,7
21554,2
21554,5
21554,1
21554,3
21555,7
21555,2
21555,5
21555,1
21556,7
21556,2
21556,5
21556,1
21557,3
21558,4
21559,6
21560,7
21560,1
21560,3
21560,6
21560,4
21561,1
21562,7
21563,5
21564,3
21565,5
21566,7
21567,4
21568,7
21568,4
21569,6
21570,5
21571,2
21572,5
21573,7
21573,2
21573,5
21573,1
21573,3
21574,2
21575,7
21576,7
21576,2
21576,5
21576,1
21576,3
21577,4
21578,1
21579,6
21580,4
21581,7
21582,5
21583,2
21584,4
21585,7
21586,1
21587,7
21588,1
21589,5
21590,4
21591,5
21592,6
21593,6
21594,7
21594,2
21594,5
21594,1
21595,2
21596,2
21597,4
21599,7
21599,2
21599,4
21600,7
21601,2
21602,7
21603,5
21604,6
21605,4
21606,2
21607,7
21608,7
21608,2
21608,5
21608,1
21608,3
21609,1
21610,7
21610,2
21610,5
21610,1
21610,3
21610,6
21610,4
21611,2
21612,1
21613,1
21614,2
21614,5
21614,1
21614,3
21615,5
21616,5
21617,5
21618,5
21619,4
21620,7
21620,2
21620,5
21620,1
21621,4
21622,1
21623,5
21624,1
21625,2
21626,2
21627,5
21628,4
21629,1
21630,4
21631,3
21632,4
21633,3
21634,2
21635,2
21636,3
21637,7
21637,2
21637,5
21637,1
21637,3
21637,6
21637,4
21639,7
21639,2
21639,5
21639,1
21639,3
21640,7
21641,1
21642,1
21643,7
21644,4
21645,7
21645,2
21645,4
21646,1
21647,1
21648,1
21649,1
21650,1
21651,2
21651,5
21651,1
21652,7
21652,2
21652,5
21652,1
21652,3
21652,6
21653,1
21654,7
21654,2
21654,5
21654,1
21655,1
21655,3
21656,4
21657,6
21658,4
21659,6
21660,4
21661,7
21661,2
21661,5
21661,1
21662,6
21663,3
21664,7
21664,2
21664,5
21664,1
21664,3
21665,6
21666,7
21666,2
21666,5
21666,1
21666,3
21667,6
21667,4
21668,6
21668,4
21669,7
21669,2
21669,5
21669,1
21669,3
21670,6
21671,1
21672,4
21673,4
21674,6
21674,4
21675,5
21675,1
21676,4
21677,7
21678,5
21679,6
21680,2
21681,2
21682,3
21683,2
21684,3
21685,4
21686,1
21687,3
21688,1
21689,6
21690,5
21691,7
21691,2
21691,5
21691,1
21691,3
21692,1
21693,4
21694,6
21695,1
21696,7
21697,6
21698,1
21699,2
21700,7
21701,1
21702,5
21703,2
21704,7
21705,7
21705,2
21705,5
21705,1
21705,3
21706,7
21707,4
21708,3
21709,7
21710,7
21710,2
21710,5
21710,1
21711,7
21711,2
21711,5
21711,1
21712,2
21713,6
21714,6
21715,2
21716,4
21717,3
21718,5
21719,6
21720,7
21721,5
21722,7
21723,5
21724,6
21725,2
21726,5
21727,7
21728,2
21729,4
21730,1
21732,1
21733,2
21734,7
21735,7
21735,2
21735,5
21735,1
21735,3
21736,5
21737,7
21737,2
21737,5
21737,1
21737,3
21738,2
21739,1
21740,7
21741,4
21742,2
21743,7
21744,7
21745,3
21746,5
21747,2
21748,7
21749,1
21750,6
21751,7
21751,2
21752,2
21753,2
21754,2
21755,2
21756,2
21757,2
21758,5
21759,7
21759,2
21759,5
21759,1
21759,3
21759,6
21759,4
21760,7
21761,4
21762,1
21763,4
21764,1
21765,7
21765,2
21765,5
21765,1
21765,3
21766,7
21767,1
21768,5
21769,7
21770,5
21771,5
21772,7
21772,2
21772,5
21772,1
21772,3
21772,6
21772,4
21773,1
21774,7
21774,2
21774,5
21774,1
21775,1
21776,2
21777,7
21777,2
21777,4
21778,1
21779,2
21780,7
21780,2
21780,5
21780,1
21781,6
21782,2
21783,4
21784,5
21784,1
21785,3
21786,4
21787,2
21787,5
21788,2
21789,2
21790,4
21791,3
21792,7
21793,1
21794,4
21795,4
21796,1
21797,5
21798,2
21799,1
21800,1
21801,5
21802,5
21803,3
21803,6
21803,4
21804,6
21805,7
21806,6
21807,7
21807,2
21807,5
21807,1
21808,7
21808,2
21808,5
21808,1
21809,7
21809,5
21809,3
21810,5
21811,1
21812,4
21813,5
21814,5
21815,6
21816,6
21816,4
21817,5
21817,1
21818,1
21819,2
21819,1
21820,1
21821,6
21822,3
21823,1
21824,6
21825,7
21825,2
21825,5
21825,1
21826,6
21826,4
21827,4
21828,7
21828,2
21828,5
21828,1
21828,3
21828,6
21828,4
21829,6
21830,5
21831,4
21832,4
21833,6
21834,2
21835,3
21836,6
21837,6
21837,4
21838,4
21839,5
21840,2
21841,1
21842,7
21843,6
21844,1
21845,1
21846,7
21847,2
21848,3
21849,3
21850,4
21851,4
21852,7
21852,2
21852,5
21852,1
21853,3
21854,5
21855,6
21856,5
21857,7
21858,4
21859,6
21860,7
21861,7
21862,1
21863,2
21864,3
21865,6
21866,4
21867,3
21868,7
21869,6
21870,3
21871,6
21871,4
21872,4
21873,2
21874,2
21875,6
21876,6
21877,7
21878,1
21879,5
21880,1
21881,6
21882,2
21883,2
21884,7
21884,2
21884,5
21884,1
21885,6
21886,7
21887,2
21888,3
21888,6
21889,6
21890,2
21891,7
21892,1
21893,3
21893,6
21894,7
21894,2
21895,3
21896,1
21897,2
21898,7
21899,3
21900,6
21901,2
21903,7
21903,2
21903,5
21903,1
21903,3
21904,3
21905,2
21906,1
21907,5
21908,1
21909,5
21910,7
21910,2
21910,5
21910,1
21912,2
21913,3
21913,6
21914,6
21915,7
21915,2
21915,5
21915,1
21916,7
21917,1
21918,1
21919,4
21920,6
21921,2
21922,3
21923,1
21924,1
21925,3
21926,6
21926,4
21927,7
21927,2
21927,5
21927,1
21927,3
21927,6
21927,4
21928,2
21929,2
21930,3
21931,4
21932,2
21933,3
21934,6
21935,1
21935,3
21936,4
21937,6
21939,1
21940,4
21941,6
21942,7
21942,2
21942,5
21942,1
21943,7
21943,2
21943,5
21943,1
21943,3
21944,2
21945,4
21946,2
21947,3
21948,7
21949,1
21950,7
21950,2
21950,5
21950,1
21950,3
21951,7
21951,2
21951,5
21951,1
21952,5
21952,1
21953,6
21954,3
21955,6
21955,4
21956,4
21957,5
21958,1
21959,6
21960,3
21961,7
21961,2
21961,5
21961,1
21961,3
21962,1
21963,7
21963,2
21963,5
21963,1
21963,3
21964,7
21965,3
21966,7
21966,2
21967,4
21968,4
21969,2
21970,6
21971,4
21972,4
21973,6
21974,6
21975,4
21976,1
21977,7
21978,7
21979,7
21979,2
21979,5
21979,1
21980,7
21981,7
21981,2
21981,5
21981,1
21983,3
21984,4
21985,6
21986,2
21986,5
21986,1
21986,3
21987,2
21987,5
21987,1
21987,3
21988,2
21988,5
21988,1
21988,3
21989,2
21989,5
21989,1
21989,3
21990,2
21991,7
21993,7
21994,2
21995,7
21995,2
21995,5
21995,1
21995,3
21995,6
21996,4
21997,1
21998,1
21999,6
22000,7
22001,2
22002,2
22003,1
22004,2
22005,7
22005,2
22005,5
22005,1
22005,3
22006,1
22007,4
22008,4
22009,4
22010,6
22011,3
22012,7
22012,2
22012,5
22012,1
22012,3
22013,6
22013,4
22014,4
22015,2
22016,5
22017,5
22018,3
22019,2
22020,7
22020,2
22020,5
22020,1
22020,3
22021,5
22022,5
22023,3
22024,4
22025,5
22026,3
22027,2
22028,6
22029,7
22030,1
22031,5
22032,1
22033,2
22034,1
22035,6
22036,2
22037,5
22038,6
22039,4
22040,6
22041,3
22042,7
22042,4
22043,1
22044,2
22045,7
22047,7
22048,4
22049,3
22050,7
22050,2
22050,5
22050,1
22050,3
22051,7
22051,2
22051,5
22051,1
22052,7
22052,2
22052,5
22052,1
22052,3
22053,7
22054,6
22054,4
22055,2
22056,5
22057,7
22057,2
22057,5
22057,1
22057,3
22058,5
22059,4
22060,6
22061,4
22062,1
22063,7
22064,6
22065,3
22066,5
22067,1
22068,3
22069,2
22070,4
22071,2
22072,1
22073,2
22073,5
22073,1
22074,6
22075,3
22076,7
22076,2
22076,4
22077,7
22078,2
22079,6
22079,4
22080,3
22081,4
22082,2
22083,1
22084,2
22085,7
22086,1
22087,5
22088,5
22089,4
22090,4
22091,7
22091,2
22091,5
22091,1
22091,3
22092,7
22092,2
22092,5
22092,1
22093,4
22094,6
22095,6
22096,6
22097,6
22098,7
22098,2
22098,5
22098,1
22100,2
22100,1
22101,5
22102,5
22103,6
22104,5
22105,6
22106,3
22107,7
22107,2
22107,5
22107,1
22107,3
22108,7
22109,1
22110,7
22110,2
22111,7
22111,2
22111,5
22111,1
22111,3
22112,5
22112,1
22113,7
22113,2
22113,5
22113,1
22114,5
22115,6
22116,5
22117,5
22118,5
22119,2
22119,1
22120,2
22121,7
22121,2
22121,5
22121,1
22121,3
22122,3
22123,4
22124,6
22125,2
22126,5
22127,3
22128,7
22128,2
22128,5
22128,1
22128,3
22129,6
22130,5
22131,7
22131,2
22131,5
22131,1
22131,3
22132,2
22133,7
22134,3
22135,2
22136,1
22137,1
22138,1
22139,3
22140,3
22141,7
22142,4
22143,7
22144,7
22145,1
22146,7
22147,5
22148,2
22149,7
22150,7
22151,1
22152,4
22153,7
22154,5
22155,2
22156,7
22156,2
22156,5
22156,1
22156,3
22157,1
22158,2
22159,1
22160,6
22161,5
22162,4
22163,1
22164,7
22164,2
22164,5
22164,1
22164,3
22164,6
22165,5
22166,7
22166,2
22166,5
22166,1
22166,3
22167,3
22168,2
22169,2
22170,1
22171,1
22172,4
22173,7
22173,2
22173,5
22173,1
22173,3
22174,5
22175,6
22176,1
22177,2
22178,7
22179,5
22180,7
22180,2
22180,5
22180,4
22181,4
22182,5
22183,7
22183,2
22183,4
22184,3
22185,7
22185,2
22185,5
22185,1
22186,5
22186,1
22187,7
22187,2
22188,6
22189,5
22190,1
22191,5
22192,7
22192,2
22192,5
22192,1
22193,6
22194,4
22195,3
22196,7
22196,2
22196,5
22196,1
22196,3
22197,1
22198,4
22199,1
22200,2
22201,6
22202,5
22203,6
22204,2
22205,7
22205,2
22205,5
22205,1
22205,3
22205,6
22205,4
22206,7
22206,2
22206,5
22206,1
22206,3
22207,4
22208,4
22209,2
22210,7
22211,3
22211,6
22211,4
22212,7
22212,2
22212,5
22212,1
22212,3
22212,6
22212,4
22213,1
22214,4
22215,3
22216,4
22217,1
22218,7
22218,2
22218,5
22218,1
22219,7
22220,7
22221,7
22222,3
22223,6
22224,3
22225,5
22226,3
22227,7
22228,3
22229,3
22230,7
22231,5
22232,3
22233,7
22234,1
22235,6
22236,2
22237,7
22238,6
22239,6
22240,7
22240,2
22240,5
22240,1
22240,3
22241,6
22242,1
22243,6
22244,3
22245,3
22246,4
22247,7
22247,2
22247,5
22247,1
22247,3
22248,2
22249,7
22250,4
22251,4
22252,2
22252,5
22252,1
22252,3
22253,7
22253,2
22254,7
22254,2
22254,5
22254,1
22254,3
22255,3
22255,6
22256,3
22256,6
22257,6
22257,4
22258,7
22258,2
22259,5
22259,1
22260,7
22260,2
22261,5
22262,2
22263,6
22264,5
22265,2
22265,5
22265,1
22265,3
22266,7
22266,2
22266,5
22266,1
22266,3
22267,3
22268,5
22269,2
22270,5
22271,4
22272,4
22273,1
22274,5
22275,7
22276,5
22276,1
22277,6
22277,4
22278,7
22279,7
22280,7
22281,7
22282,7
22283,1
22284,6
22284,4
22285,7
22285,2
22285,5
22285,1
22285,3
22286,1
22287,5
22288,3
22289,6
22290,3
22291,1
22292,7
22292,5
22292,1
22293,7
22293,2
22293,5
22293,1
22293,3
22294,7
22295,4
22296,7
22297,1
22297,3
22298,2
22299,6
22300,7
22301,3
22302,5
22303,2
22304,4
22305,6
22306,7
22306,2
22306,5
22306,1
22306,3
22307,3
22308,5
22309,3
22310,1
22311,7
22312,7
22312,2
22312,5
22312,1
22312,3
22313,1
22313,3
22314,5
22314,3
22315,7
22315,3
22316,7
22316,2
22316,5
22316,1
22316,3
22316,6
22316,4
22317,1
22318,5
22319,2
22321,5
22322,7
22323,7
22324,7
22324,2
22324,5
22324,1
22325,2
22326,2
22327,4
22328,4
22329,7
22329,2
22329,4
22330,4
22331,4
22332,5
22332,4
22333,5
22334,3
22335,5
22336,5
22337,7
22337,2
22337,5
22337,1
22337,3
22337,6
22337,4
22338,7
22339,5
22340,7
22340,2
22340,5
22340,1
22341,3
22342,5
22343,6
22344,6
22345,7
22346,1
22347,7
22347,2
22347,5
22347,1
22347,3
22348,6
22349,1
22350,5
22351,7
22352,4
22353,6
22354,4
22355,5
22356,2
22357,3
22359,2
22359,5
22359,1
22360,5
22361,7
22361,2
22361,5
22361,1
22362,2
22363,7
22364,5
22365,5
22365,3
22367,2
22368,3
22369,2
22370,5
22371,3
22372,7
22373,4
22374,6
22375,7
22375,2
22375,5
22375,1
22376,7
22376,2
22376,5
22376,1
22377,7
22378,7
22379,1
22380,2
22381,4
22382,5
22383,1
22384,4
22385,1
22386,1
22387,1
22388,2
22389,7
22389,2
22389,5
22389,1
22390,7
22391,7
22392,4
22393,7
22393,2
22393,5
22393,1
22394,1
22395,3
22395,6
22395,4
22396,7
22397,7
22398,6
22399,3
22400,5
22401,7
22402,1
22403,3
22404,6
22405,1
22406,6
22407,2
22408,7
22408,2
22408,5
22408,1
22408,3
22408,6
22408,4
22410,2
22411,3
22412,7
22413,3
22414,1
22415,7
22415,2
22415,5
22415,1
22415,3
22416,3
22417,2
22418,6
22419,3
22420,2
22421,5
22422,7
22422,2
22422,5
22422,1
22423,5
22424,5
22425,4
22426,4
22427,2
22428,5
22429,3
22430,5
22430,1
22430,3
22431,1
22432,1
22433,7
22434,7
22434,2
22434,5
22434,1
22434,3
22435,7
22435,2
22435,5
22435,1
22435,3
22435,6
22435,4
22436,2
22437,3
22438,4
22439,5
22440,7
22440,2
22441,5
22442,7
22442,2
22442,5
22442,1
22442,3
22442,6
22442,4
22443,7
22443,2
22444,2
22445,4
22446,4
22447,1
22447,3
22448,4
22449,7
22449,2
22449,5
22449,1
22451,3
22452,7
22453,1
22454,7
22454,2
22454,5
22454,1
22454,3
22454,6
22454,4
22455,6
22456,3
22457,7
22457,2
22457,5
22457,1
22457,3
22458,7
22458,2
22458,5
22458,1
22458,3
22459,4
22460,3
22461,3
22462,2
22463,6
22464,4
22465,6
22466,6
22467,1
22468,1
22469,2
22470,3
22471,7
22471,2
22471,5
22472,4
22473,1
22474,4
22475,1
22476,7
22477,4
22478,7
22479,4
22480,5
22481,7
22482,7
22482,2
22482,5
22482,1
22483,2
22484,3
22485,1
22486,6
22487,7
22487,2
22487,5
22487,1
22488,6
22489,4
22490,5
22491,1
22492,5
22493,7
22493,2
22493,5
22493,1
22493,3
22494,2
22495,4
22496,1
22497,7
22499,7
22499,2
22499,5
22499,1
22500,4
22501,1
22502,4
22503,5
22504,7
22504,2
22504,5
22504,1
22504,3
22505,2
22506,7
22506,2
22507,7
22508,7
22508,2
22508,5
22508,1
22508,3
22508,6
22508,4
22509,2
22510,5
22511,2
22512,5
22513,7
22513,2
22513,5
22513,1
22513,3
22514,2
22515,4
22516,1
22517,7
22518,5
22519,7
22520,3
22521,7
22521,2
22521,5
22521,1
22521,3
22522,7
22523,7
22523,2
22523,5
22523,1
22523,3
22524,7
22524,2
22524,5
22524,1
22525,6
22526,1
22527,4
22528,7
22529,1
22530,7
22531,7
22532,7
22533,2
22534,7
22535,7
22536,2
22537,7
22537,2
22537,5
22537,1
22537,3
22538,2
22539,7
22539,2
22539,5
22540,7
22540,2
22540,5
22540,1
22540,3
22541,3
22542,7
22542,2
22542,5
22542,1
22543,4
22544,3
22545,7
22546,7
22547,4
22548,7
22549,6
22550,6
22551,4
22552,2
22553,1
22554,7
22554,2
22554,5
22554,1
22555,7
22555,2
22555,5
22555,1
22556,7
22556,2
22556,5
22556,1
22556,3
22556,6
22556,4
22557,4
22558,7
22559,7
22560,6
22560,4
22561,4
22562,7
22563,2
22564,7
22565,6
22566,6
22567,4
22568,5
22569,4
22570,7
22571,6
22572,7
22573,5
22573,1
22573,3
22574,2
22575,1
22575,4
22576,7
22576,2
22576,5
22576,1
22577,5
22577,1
22578,7
22579,7
22579,2
22579,5
22579,1
22579,3
22579,6
22579,4
22580,7
22580,2
22580,5
22580,1
22580,3
22581,7
22582,2
22583,3
22584,7
22584,5
22584,1
22585,7
22586,4
22587,6
22588,7
22589,1
22590,2
22591,4
22592,4
22593,4
22594,1
22595,2
22596,2
22597,4
22598,2
22599,7
22600,2
22601,4
22602,4
22603,6
22604,1
22605,1
22605,3
22606,1
22607,4
22608,1
22609,7
22610,1
22611,7
22611,2
22611,5
22611,1
22611,3
22611,4
22612,6
22613,3
22614,1
22615,5
22616,5
22617,5
22618,5
22619,5
22620,7
22621,7
22622,7
22623,7
22624,7
22625,7
22625,5
22625,4
22626,7
22626,2
22626,5
22626,1
22627,2
22628,2
22629,3
22630,3
22631,7
22632,3
22633,7
22634,5
22635,7
22636,6
22637,6
22638,5
22639,2
22640,2
22641,3
22642,2
22643,4
22644,4
22645,2
22645,5
22646,7
22646,2
22647,2
22648,7
22648,2
22649,1
22650,4
22651,7
22651,2
22651,5
22651,1
22651,3
22652,1
22653,5
22654,1
22655,4
22656,1
22657,2
22658,6
22658,4
22659,6
22660,7
22661,3
22662,3
22663,5
22664,7
22665,2
22666,3
22667,3
22668,4
22669,2
22670,1
22671,4
22672,4
22673,4
22674,4
22675,5
22676,1
22677,6
22678,5
22679,3
22680,4
22681,7
22681,2
22681,5
22681,1
22681,3
22682,2
22683,4
22684,4
22685,1
22686,5
22687,5
22688,7
22689,7
22690,5
22691,4
22692,6
22693,4
22694,4
22695,7
22696,2
22697,7
22698,2
22699,7
22700,3
22701,2
22701,1
22702,2
22702,5
22702,1
22703,6
22704,7
22704,4
22705,3
22706,7
22706,5
22706,3
22708,3
22709,4
22710,5
22710,1
22710,6
22710,4
22711,7
22712,4
22713,6
22713,4
22714,1
22715,4
22716,6
22717,2
22717,5
22717,1
22718,5
22719,6
22720,4
22721,7
22721,2
22721,5
22721,1
22721,3
22722,2
22723,7
22723,2
22723,5
22723,1
22723,3
22724,7
22724,2
22724,5
22724,1
22724,3
22725,1
22726,1
22727,4
22728,4
22729,6
22730,7
22731,2
22732,5
22733,3
22734,5
22735,6
22736,6
22737,7
22737,2
22737,5
22737,1
22737,3
22737,6
22737,4
22738,7
22739,7
22740,2
22741,7
22741,2
22741,5
22741,1
22741,3
22742,4
22743,4
22744,7
22745,6
22746,1
22747,7
22748,1
22749,7
22749,2
22749,5
22749,1
22749,3
22750,3
22750,6
22750,4
22751,7
22752,4
22753,7
22753,2
22753,4
22754,2
22755,6
22756,7
22757,6
22758,7
22758,2
22758,5
22758,1
22758,3
22759,6
22760,1
22761,5
22762,6
22763,7
22764,7
22764,2
22764,5
22764,1
22764,3
22764,6
22764,4
22765,6
22766,2
22767,7
22767,4
22768,4
22769,5
22770,7
22770,2
22770,5
22770,1
22770,3
22770,6
22770,4
22771,7
22771,2
22771,5
22771,1
22771,6
22771,4
22772,7
22772,2
22772,5
22772,1
22772,3
22773,7
22773,4
22774,4
22775,3
22776,6
22777,7
22777,2
22777,5
22777,1
22778,7
22778,2
22778,5
22778,1
22778,3
22779,4
22780,1
22781,6
22782,4
22783,4
22784,6
22785,5
22786,3
22787,7
22788,1
22789,4
22790,1
22791,5
22792,3
22793,3
22794,6
22795,7
22796,4
22797,4
22798,7
22798,4
22799,1
22800,7
22801,3
22802,5
22803,7
22804,2
22805,5
22806,1
22807,3
22808,2
22809,6
22810,2
22811,4
22812,6
22813,1
22814,7
22815,5
22816,4
22817,6
22818,7
22818,2
22818,5
22818,1
22818,3
22818,6
22819,3
22820,7
22822,7
22823,2
22824,5
22825,1
22826,6
22827,7
22828,7
22829,4
22830,7
22831,7
22831,2
22831,5
22831,1
22831,3
22832,7
22832,2
22832,5
22832,1
22832,4
22833,4
22834,7
22835,7
22836,1
22837,1
22838,6
22839,6
22840,7
22840,2
22840,5
22840,1
22840,3
22841,7
22842,7
22843,7
22843,2
22843,5
22843,1
22844,7
22845,4
22846,7
22846,2
22846,5
22846,1
22847,4
22848,7
22848,2
22848,5
22848,1
22849,3
22850,3
22851,7
22851,2
22851,5
22851,1
22852,7
22853,2
22853,4
22854,7
22854,2
22854,5
22854,1
22854,3
22855,7
22855,2
22855,5
22855,1
22855,3
22856,2
22856,5
22857,7
22858,2
22859,2
22860,2
22861,1
22862,7
22863,7
22864,2
22865,1
22866,5
22867,1
22868,7
22869,4
22870,2
22871,1
22872,6
22873,4
22874,4
22875,4
22876,6
22877,7
22877,2
22877,5
22877,1
22877,3
22877,6
22877,4
22878,3
22879,4
22880,4
22881,7
22882,2
22883,5
22884,5
22885,1
22886,7
22887,7
22887,2
22887,5
22887,1
22887,3
22888,4
22889,4
22890,7
22890,2
22890,3
22890,6
22890,4
22891,7
22892,4
22893,7
22893,2
22893,5
22893,1
22893,3
22894,7
22894,2
22894,5
22894,1
22894,3
22895,3
22896,4
22897,6
22898,4
22899,3
22900,7
22900,2
22900,5
22900,1
22900,3
22900,6
22901,3
22901,4
22902,3
22903,4
22904,1
22905,7
22905,2
22905,5
22905,1
22905,3
22905,6
22905,4
22906,3
22907,4
22908,4
22909,5
22910,2
22911,3
22912,3
22913,2
22914,4
22915,4
22916,4
22917,7
22918,5
22919,2
22920,4
22921,1
22922,1
22923,4
22924,6
22925,4
22926,6
22927,6
22928,7
22929,7
22929,2
22929,5
22929,1
22929,3
22930,7
22930,2
22930,4
22931,2
22932,6
22933,4
22934,7
22935,4
22936,4
22937,5
22938,7
22939,7
22940,7
22941,1
22942,7
22943,5
22944,3
22945,7
22945,2
22945,5
22945,1
22945,3
22946,4
22947,7
22948,7
22949,7
22950,7
22951,7
22952,7
22952,2
22952,5
22952,1
22952,3
22953,2
22954,6
22955,2
22956,5
22957,4
22958,3
22959,7
22959,2
22959,5
22959,1
22959,3
22960,7
22960,2
22960,5
22960,1
22961,5
22962,5
22963,3
22964,3
22965,2
22966,4
22967,1
22968,3
22969,1
22970,2
22971,6
22972,2
22972,1
22973,5
22974,2
22975,6
22976,7
22977,7
22978,1
22979,7
22980,7
22981,6
22982,7
22982,2
22982,5
22982,1
22983,5
22984,4
22985,2
22986,7
22986,2
22986,5
22986,1
22986,3
22987,6
22988,5
22989,7
22989,2
22989,5
22989,1
22990,7
22991,5
22992,7
22992,4
22993,5
22994,3
22995,4
22996,1
22997,2
22998,7
22998,2
22998,5
22998,1
22998,3
22998,6
22998,4
22999,1
23000,7
23000,2
23000,5
23000,1
23000,3
23000,6
23000,4
23001,5
23002,6
23003,7
23004,3
23005,6
23006,4
23007,4
23008,7
23009,6
23010,5
23010,3
23011,7
23011,2
23011,5
23011,1
23011,3
23011,6
23011,4
23012,4
23013,5
23014,3
23015,7
23016,5
23017,7
23018,7
23018,2
23018,5
23018,1
23018,3
23019,4
23020,7
23020,2
23020,5
23020,1
23021,7
23021,2
23021,5
23021,1
23022,5
23023,1
23024,4
23025,5
23026,4
23027,7
23027,2
23027,5
23027,1
23028,2
23029,2
23030,5
23031,7
23032,7
23032,2
23032,5
23032,1
23032,3
23032,6
23032,4
23033,1
23034,1
23035,1
23036,4
23037,5
23038,1
23039,2
23040,4
23041,3
23042,5
23043,3
23044,7
23045,7
23046,5
23047,4
23048,1
23049,1
23050,5
23050,1
23051,6
23052,2
23052,5
23053,7
23053,2
23053,5
23053,1
23054,7
23054,2
23054,5
23054,1
23054,3
23055,5
23056,4
23057,3
23058,7
23058,4
23059,5
23060,7
23060,2
23060,5
23060,1
23060,3
23061,7
23061,2
23061,5
23061,1
23061,3
23062,2
23063,7
23063,2
23063,5
23063,1
23063,3
23063,6
23063,4
23064,7
23064,2
23064,5
23064,1
23064,3
23065,6
23066,5
23067,3
23068,2
23068,1
23068,3
23069,5
23070,2
23071,7
23071,2
23071,5
23071,1
23071,3
23071,6
23071,4
23072,5
23073,7
23073,2
23073,5
23073,1
23073,3
23073,6
23073,4
23074,2
23075,7
23075,2
23075,5
23075,1
23075,3
23075,6
23075,4
23076,7
23077,7
23077,2
23077,5
23077,1
23077,3
23077,6
23077,4
23078,2
23079,7
23079,2
23079,5
23079,1
23079,3
23079,6
23079,4
23080,2
23080,1
23081,7
23082,2
23083,7
23083,2
23083,5
23083,1
23083,3
23083,6
23083,4
23084,6
23085,6
23086,2
23087,1
23088,7
23089,6
23090,7
23090,2
23090,5
23090,1
23090,3
23091,3
23092,7
23092,2
23092,5
23092,1
23092,3
23093,4
23094,7
23094,2
23094,5
23094,1
23094,3
23094,6
23094,4
23095,4
23096,7
23096,2
23096,5
23096,1
23096,3
23097,7
23097,2
23097,5
23097,1
23097,3
23098,1
23099,5
23100,7
23100,2
23100,5
23100,1
23101,6
23102,2
23102,5
23103,3
23104,1
23105,1
23106,7
23107,1
23108,6
23109,6
23110,6
23111,2
23112,2
23113,3
23114,7
23115,1
23116,2
23117,3
23118,2
23119,7
23120,1
23121,4
23122,6
23123,5
23124,7
23124,2
23124,5
23124,1
23125,1
23126,1
23127,1
23128,7
23128,2
23128,5
23128,1
23128,3
23128,6
23128,4
23129,7
23130,1
23131,5
23132,3
23133,1
23134,1
23135,7
23135,2
23135,5
23135,1
23135,3
23136,5
23136,1
23136,3
23137,4
23138,6
23138,4
23139,6
23140,1
23141,7
23142,7
23142,2
23142,5
23142,1
23143,3
23144,7
23144,2
23144,5
23144,1
23144,3
23144,6
23144,4
23145,1
23146,7
23146,2
23146,5
23146,1
23146,3
23146,6
23146,4
23147,4
23148,7
23148,2
23148,5
23148,1
23148,3
23148,6
23148,4
23149,1
23150,1
23151,1
23152,1
23153,1
23154,1
23155,5
23156,7
23157,3
23158,1
23159,7
23160,2
23161,2
23162,7
23163,7
23164,3
23165,6
23166,6
23167,3
23168,7
23168,2
23168,5
23168,1
23168,3
23169,7
23170,6
23171,5
23172,4
23173,6
23174,1
23175,4
23176,1
23177,4
23178,2
23179,3
23180,3
23181,1
23182,1
23183,5
23184,1
23185,4
23186,7
23186,2
23186,5
23186,1
23186,3
23187,1
23188,7
23188,2
23188,5
23188,1
23188,3
23189,4
23190,7
23190,2
23190,5
23190,1
23190,3
23190,6
23190,4
23191,4
23192,7
23192,2
23193,7
23194,7
23194,2
23195,6
23196,7
23196,2
23196,5
23196,1
23196,3
23197,7
23197,2
23197,5
23197,1
23197,3
23198,1
23199,7
23199,2
23199,5
23199,1
23199,3
23200,7
23200,2
23200,5
23200,1
23200,3
23201,7
23201,2
23201,3
23202,7
23202,2
23202,5
23202,1
23202,3
23203,2
23203,1
23204,7
23204,2
23204,5
23204,1
23204,3
23204,4
23205,3
23206,3
23207,1
23208,7
23208,2
23208,5
23208,1
23208,3
23209,1
23210,7
23211,2
23212,1
23213,1
23214,3
23215,5
23216,7
23216,2
23216,5
23216,1
23216,3
23217,1
23218,2
23219,6
23220,4
23221,3
23222,5
23223,7
23223,2
23223,5
23223,1
23223,3
23224,3
23225,3
23226,7
23226,5
23226,3
23227,4
23228,5
23229,2
23230,6
23231,7
23232,5
23233,1
23234,3
23235,5
23236,5
23237,7
23238,7
23239,3
23240,4
23241,2
23242,1
23243,1
23244,3
23245,5
23246,1
23247,3
23248,6
23249,2
23250,6
23251,5
23252,2
23253,4
23254,3
23255,4
23256,4
23257,7
23257,5
23257,3
23258,5
23259,2
23260,3
23261,3
23262,3
23263,3
23264,3
23265,6
23266,7
23267,7
23268,3
23269,1
23269,3
23270,3
23271,7
23272,1
23273,6
23274,3
23275,7
23276,3
23277,1
23278,1
23279,4
23280,7
23280,5
23280,1
23281,7
23281,2
23281,5
23281,1
23281,3
23282,3
23283,6
23284,4
23285,1
23286,1
23287,3
23288,5
23289,1
23290,7
23290,2
23290,5
23290,1
23290,3
23290,6
23290,4
23291,6
23292,2
23293,7
23293,2
23293,4
23294,2
23295,5
23296,6
23297,5
23298,2
23299,6
23300,6
23301,4
23302,6
23302,4
23303,6
23304,2
23305,6
23306,1
23307,6
23307,4
23308,3
23309,6
23310,3
23311,2
23312,3
23313,7
23314,2
23315,6
23316,1
23317,6
23318,1
23319,6
23320,4
23321,7
23321,2
23321,5
23321,1
23321,3
23322,3
23323,2
23324,4
23325,3
23326,6
23327,3
23328,3
23329,6
23330,7
23331,5
23332,7
23333,3
23334,5
23335,2
23336,1
23337,2
23338,6
23339,1
23340,3
23341,1
23342,7
23342,2
23342,5
23342,1
23343,1
23344,6
23345,2
23346,1
23347,4
23348,5
23349,1
23350,7
23350,2
23351,7
23352,6
23353,4
23354,4
23355,7
23355,2
23355,5
23355,1
23356,5
23357,6
23358,7
23358,2
23358,5
23358,1
23358,3
23359,3
23360,6
23361,7
23362,7
23362,2
23362,5
23362,1
23362,3
23363,2
23364,2
23365,6
23366,2
23367,2
23368,3
23369,3
23370,6
23371,7
23372,1
23373,2
23374,3
23375,2
23376,2
23377,7
23377,2
23377,5
23377,1
23377,3
23378,7
23378,2
23378,5
23378,1
23378,3
23379,4
23380,1
23381,1
23382,7
23383,1
23384,4
23385,2
23386,1
23387,6
23388,4
23389,2
23390,6
23391,1
23392,3
23393,1
23394,6
23395,2
23396,6
23396,4
23397,1
23398,4
23399,4
23400,6
23401,2
23402,1
23403,2
23404,2
23405,7
23406,5
23407,2
23408,1
23409,7
23410,3
23411,3
23412,4
23413,4
23414,4
23415,3
23416,2
23417,2
23418,7
23419,4
23420,6
23421,5
23421,1
23421,3
23421,6
23422,2
23423,7
23423,2
23423,5
23423,1
23424,4
23425,4
23426,4
23427,4
23428,3
23429,4
23430,4
23431,4
23432,4
23433,2
23434,3
23435,5
23436,4
23437,4
23438,4
23439,1
23440,7
23440,2
23440,5
23440,1
23440,3
23441,7
23441,2
23441,5
23441,1
23441,3
23442,7
23442,2
23442,5
23442,1
23442,3
23443,7
23444,1
23445,7
23445,2
23445,5
23445,1
23445,3
23445,6
23445,4
23446,7
23447,7
23448,7
23449,2
23450,3
23451,1
23452,7
23452,2
23452,5
23452,1
23453,2
23454,2
23455,2
23455,1
23456,2
23457,2
23458,4
23459,2
23460,4
23461,2
23462,7
23463,5
23464,1
23465,5
23466,5
23467,1
23468,5
23469,5
23470,4
23471,6
23472,7
23473,5
23474,1
23476,5
23477,1
23478,7
23478,2
23478,5
23478,1
23478,3
23479,1
23480,1
23481,3
23482,6
23483,7
23484,5
23485,6
23486,2
23487,4
23488,4
23489,5
23490,7
23491,7
23491,2
23491,5
23491,1
23492,3
23493,4
23494,4
23495,7
23496,7
23497,7
23498,2
23499,1
23500,6
23501,4
23502,4
23503,4
23504,4
23505,4
23506,6
23507,6
23508,5
23509,3
23510,4
23511,7
23511,2
23511,5
23511,1
23511,3
23512,4
23513,6
23514,4
23515,4
23516,2
23517,4
23518,6
23519,5
23520,4
23521,6
23522,1
23523,6
23524,6
23525,7
23526,2
23527,2
23528,1
23529,2
23529,1
23530,4
23531,3
23532,3
23533,6
23534,3
23535,6
23536,5
23537,1
23539,7
23539,2
23539,5
23539,1
23539,3
23540,7
23541,7
23541,2
23541,5
23541,1
23542,1
23543,7
23544,7
23544,2
23544,5
23544,1
23544,3
23545,2
23546,1
23547,1
23548,1
23549,3
23550,7
23550,2
23550,5
23550,1
23550,3
23551,7
23551,2
23551,1
23551,3
23552,7
23552,2
23552,5
23552,1
23552,3
23553,2
23554,6
23555,7
23555,2
23555,5
23555,1
23555,3
23555,6
23555,4
23556,4
23557,1
23558,1
23559,7
23559,2
23559,5
23559,1
23560,3
23561,2
23562,7
23562,2
23562,5
23562,1
23562,3
23564,2
23565,4
23566,7
23566,2
23566,5
23566,1
23566,4
23567,5
23568,1
23569,5
23570,5
23571,2
23572,2
23572,5
23572,1
23573,2
23574,5
23575,7
23576,4
23577,7
23577,2
23578,7
23578,2
23578,5
23578,1
23578,3
23578,6
23578,4
23579,7
23580,7
23581,1
23582,4
23583,1
23584,2
23585,1
23586,6
23587,1
23588,5
23589,2
23590,2
23591,7
23591,2
23591,5
23592,6
23593,5
23594,6
23595,3
23595,6
23595,4
23596,3
23596,6
23596,4
23597,6
23598,7
23598,2
23598,5
23598,1
23599,6
23600,5
23601,1
23602,7
23602,2
23602,5
23602,1
23603,7
23603,2
23603,5
23603,1
23603,3
23603,6
23603,4
23604,5
23605,7
23605,2
23605,5
23605,1
23606,7
23606,2
23606,5
23606,1
23606,3
23606,6
23606,4
23607,7
23607,2
23607,5
23607,1
23608,4
23609,5
23610,4
23611,7
23611,2
23611,5
23611,1
23611,3
23611,6
23611,4
23612,3
23613,4
23614,5
23615,3
23616,1
23617,3
23618,7
23619,1
23620,5
23621,5
23622,4
23623,7
23624,4
23625,4
23626,6
23627,2
23628,1
23629,7
23630,7
23631,4
23632,6
23633,5
23634,7
23634,2
23634,5
23634,1
23634,3
23635,5
23636,2
23637,6
23638,5
23639,7
23640,1
23641,3
23642,7
23643,7
23644,7
23644,2
23644,5
23644,1
23645,7
23645,2
23645,5
23645,1
23645,3
23646,2
23647,1
23647,3
23648,4
23649,4
23650,1
23651,7
23651,2
23651,5
23651,1
23652,3
23653,6
23655,7
23655,2
23655,5
23655,1
23655,3
23656,6
23657,6
23658,6
23659,6
23659,4
23660,4
23661,3
23661,4
23662,7
23663,7
23663,2
23663,5
23663,1
23663,3
23664,7
23665,7
23665,2
23665,5
23665,1
23665,3
23666,7
23667,2
23667,3
23668,2
23669,5
23670,5
23671,5
23672,7
23672,2
23672,5
23672,1
23672,3
23673,7
23674,3
23675,3
23676,5
23677,2
23678,4
23679,1
23680,1
23681,2
23681,1
23682,7
23682,2
23682,5
23682,1
23682,3
23683,5
23684,2
23685,7
23686,6
23686,4
23687,6
23688,7
23688,2
23688,5
23688,1
23688,3
23689,5
23690,6
23691,4
23692,6
23693,1
23694,6
23695,7
23695,2
23695,5
23695,1
23695,3
23696,2
23697,2
23698,6
23698,4
23699,5
23700,4
23701,4
23702,4
23703,4
23704,6
23705,5
23706,2
23707,1
23708,1
23709,5
23710,7
23711,5
23712,4
23713,2
23714,6
23715,7
23716,1
23717,5
23718,7
23720,2
23721,1
23722,6
23723,6
23724,6
23725,7
23726,7
23726,2
23726,5
23726,1
23726,3
23727,4
23728,5
23729,5
23730,2
23731,4
23732,7
23732,2
23732,5
23732,1
23732,3
23733,4
23734,7
23735,7
23735,2
23735,5
23735,1
23735,3
23735,6
23735,4
23736,5
23737,4
23738,4
23739,7
23740,7
23741,5
23742,3
23743,2
23743,5
23743,1
23744,4
23745,3
23746,4
23747,3
23748,6
23749,6
23750,6
23751,4
23752,6
23753,6
23754,6
23755,4
23756,6
23757,6
23758,4
23759,4
23760,4
23761,3
23762,1
23763,5
23764,5
23765,4
23766,2
23767,5
23768,6
23769,3
23770,4
23771,1
23772,7
23772,2
23772,5
23772,1
23772,3
23773,7
23773,2
23773,5
23773,1
23773,3
23774,7
23774,2
23774,5
23774,1
23774,3
23775,6
23776,3
23777,7
23778,1
23779,2
23780,1
23781,6
23782,2
23783,1
23784,6
23785,2
23785,1
23786,2
23787,5
23788,7
23789,4
23790,4
23791,3
23792,7
23792,2
23792,5
23792,1
23792,3
23792,6
23792,4
23793,6
23794,6
23795,5
23796,6
23797,2
23798,4
23799,1
23800,7
23801,3
23802,6
23803,4
23804,4
23805,4
23806,7
23806,2
23806,5
23806,1
23806,3
23806,6
23806,4
23807,7
23808,7
23808,2
23808,5
23808,1
23808,3
23809,7
23810,7
23810,2
23810,5
23810,1
23811,6
23812,5
23813,2
23814,3
23815,7
23815,2
23815,5
23815,1
23816,7
23816,2
23816,5
23816,1
23816,3
23817,7
23817,2
23817,5
23817,1
23817,3
23818,7
23818,2
23818,5
23818,1
23818,3
23819,7
23819,2
23819,5
23819,1
23819,3
23820,7
23820,2
23820,5
23820,1
23820,3
23821,7
23821,2
23821,5
23821,1
23821,3
23822,7
23822,2
23822,5
23822,1
23822,3
23823,7
23823,2
23823,5
23823,1
23823,3
23824,5
23825,7
23825,2
23825,5
23825,1
23825,3
23826,7
23826,2
23826,5
23826,1
23826,3
23827,7
23827,2
23827,5
23827,1
23827,3
23828,1
23829,5
23830,7
23831,2
23832,2
23833,2
23834,2
23835,5
23836,1
23837,1
23838,3
23839,6
23840,4
23841,4
23842,4
23843,6
23844,2
23845,3
23846,7
23847,5
23848,7
23848,2
23848,5
23848,1
23848,3
23848,6
23848,4
23849,4
23850,7
23851,3
23852,7
23853,3
23854,4
23855,7
23856,6
23857,7
23857,2
23857,5
23857,1
23857,3
23858,2
23859,7
23860,2
23861,7
23861,2
23861,5
23861,1
23861,3
23862,5
23863,6
23864,7
23864,2
23864,5
23864,1
23864,3
23865,3
23866,5
23867,6
23868,7
23869,3
23870,7
23871,7
23872,1
23873,7
23873,2
23873,5
23873,1
23873,3
23874,7
23874,2
23874,5
23874,1
23874,3
23875,2
23876,2
23877,7
23878,7
23878,2
23878,5
23878,1
23878,3
23879,7
23879,2
23879,4
23880,6
23881,7
23881,2
23881,5
23881,1
23882,7
23882,2
23883,7
23884,2
23885,2
23886,1
23887,7
23887,2
23887,5
23887,1
23887,3
23888,7
23888,2
23888,5
23888,1
23888,3
23889,7
23889,2
23889,5
23889,1
23889,3
23890,7
23890,2
23890,5
23890,1
23890,3
23890,6
23890,4
23891,7
23891,2
23891,5
23891,1
23891,3
23892,7
23892,2
23892,5
23892,1
23892,3
23893,2
23894,7
23895,7
23896,6
23897,1
23898,7
23899,3
23900,7
23900,2
23900,5
23900,1
23901,6
23902,6
23903,5
23904,6
23905,2
23906,1
23907,4
23908,1
23909,6
23910,6
23911,4
23912,7
23912,2
23912,5
23912,1
23912,3
23913,5
23914,7
23914,2
23914,5
23914,1
23914,3
23915,4
23916,2
23916,3
23917,2
23918,4
23919,2
23919,1
23920,7
23920,6
23921,7
23922,4
23923,1
23924,2
23925,3
23926,5
23927,1
23928,4
23929,3
23930,5
23930,3
23930,6
23931,7
23932,7
23932,2
23932,5
23932,1
23932,3
23933,7
23933,2
23933,5
23933,1
23933,3
23934,7
23934,2
23934,5
23934,1
23934,3
23935,6
23936,7
23936,2
23936,3
23937,1
23938,3
23939,2
23939,6
23940,6
23941,3
23942,3
23944,2
23945,1
23946,5
23947,7
23947,2
23947,5
23947,1
23947,3
23948,2
23949,2
23950,7
23950,2
23950,5
23950,1
23950,3
23951,2
23952,2
23953,7
23953,2
23953,5
23953,1
23953,4
23954,6
23955,4
23956,4
23958,6
23959,6
23960,6
23961,4
23962,5
23963,4
23964,1
23965,5
23966,3
23967,1
23968,1
23969,7
23969,2
23969,5
23969,1
23969,3
23971,3
23972,4
23973,6
23974,1
23975,6
23976,4
23977,1
23978,4
23979,4
23980,4
23981,4
23982,7
23982,2
23982,5
23982,1
23982,3
23983,7
23984,6
23985,6
23986,6
23987,3
23988,4
23989,7
23990,5
23991,6
23992,3
23993,4
23994,7
23994,2
23994,5
23994,1
23994,3
23995,7
23995,2
23995,5
23995,1
23995,3
23996,6
23996,4
23997,6
23998,5
23999,6
24000,3
24001,1
24002,5
24002,1
24003,7
24003,2
24003,5
24003,1
24003,3
24003,6
24003,4
24004,2
24005,1
24006,7
24006,2
24006,5
24006,1
24006,3
24006,6
24006,4
24008,4
24009,5
24010,2
24010,5
24010,1
24011,7
24011,2
24011,5
24011,1
24011,3
24012,7
24012,2
24012,5
24012,1
24012,3
24013,7
24013,2
24013,5
24013,1
24013,3
24014,7
24014,2
24014,5
24014,1
24014,3
24015,2
24016,7
24017,7
24017,2
24017,5
24017,1
24017,3
24018,1
24019,3
24020,5
24021,6
24022,7
24023,4
24024,5
24025,6
24026,7
24026,2
24026,5
24026,1
24026,3
24027,7
24028,4
24029,1
24030,7
24030,2
24030,5
24030,1
24030,3
24031,3
24032,7
24032,2
24032,5
24032,1
24032,3
24032,6
24033,2
24034,2
24035,5
24036,1
24037,5
24037,6
24038,1
24039,7
24039,2
24039,5
24039,1
24040,7
24040,2
24040,5
24040,1
24040,3
24040,6
24041,7
24042,7
24043,7
24043,2
24043,5
24043,1
24043,3
24044,7
24044,2
24044,5
24044,1
24044,3
24044,6
24044,4
24045,4
24046,4
24047,5
24048,6
24049,4
24050,4
24051,1
24052,4
24053,4
24054,2
24055,4
24056,4
24057,4
24058,4
24059,7
24059,2
24059,5
24059,1
24059,3
24060,5
24061,7
24062,7
24063,3
24064,4
24065,5
24066,7
24066,2
24066,5
24066,1
24066,3
24066,6
24066,4
24067,4
24068,2
24069,2
24070,7
24070,2
24070,5
24070,1
24070,3
24071,7
24072,3
24073,2
24074,5
24076,6
24077,3
24078,1
24079,4
24080,7
24080,2
24080,5
24080,1
24080,3
24081,7
24082,3
24083,5
24084,5
24085,4
24086,5
24087,4
24088,3
24089,5
24090,6
24091,6
24092,4
24093,4
24094,3
24094,6
24095,4
24096,7
24096,2
24096,1
24096,3
24097,2
24098,2
24099,2
24100,2
24101,2
24102,2
24103,2
24104,2
24105,2
24106,2
24107,5
24108,5
24108,3
24109,4
24110,7
24110,2
24110,5
24110,1
24110,3
24111,5
24112,7
24112,2
24112,5
24112,1
24112,3
24113,2
24114,2
24115,7
24115,4
24116,4
24117,4
24118,4
24119,4
24120,7
24121,5
24122,7
24123,5
24124,4
24125,2
24126,1
24127,1
24128,3
24129,7
24129,2
24129,5
24129,1
24130,3
24130,6
24130,4
24131,6
24132,6
24133,6
24134,5
24135,5
24136,6
24137,6
24138,3
24139,6
24140,5
24142,3
24143,6
24144,3
24145,7
24145,2
24145,5
24145,1
24146,2
24147,4
24148,4
24149,1
24150,2
24151,3
24152,5
24153,1
24154,7
24155,3
24156,2
24157,5
24158,5
24159,6
24160,4
24161,3
24162,4
24163,1
24164,7
24164,2
24164,5
24164,1
24164,3
24164,6
24164,4
24165,2
24165,5
24166,1
24167,4
24168,4
24169,5
24170,1
24171,7
24171,2
24171,5
24171,1
24171,3
24172,7
24172,2
24172,5
24172,1
24172,3
24172,6
24173,1
24174,6
24174,4
24175,6
24175,4
24176,7
24176,2
24177,3
24178,7
24178,2
24178,5
24178,1
24178,3
24179,6
24179,4
24180,6
24180,4
24181,6
24182,7
24182,2
24183,5
24183,1
24184,3
24185,4
24186,7
24187,7
24188,5
24188,1
24188,3
24189,7
24189,2
24189,5
24189,1
24190,7
24191,2
24191,5
24192,6
24192,4
24193,1
24194,7
24195,7
24195,2
24196,3
24197,7
24197,2
24197,5
24197,1
24198,6
24198,4
24199,5
24199,1
24200,4
24201,1
24202,5
24203,4
24204,5
24204,1
24204,3
24205,2
24206,6
24207,7
24207,2
24207,5
24207,1
24207,3
24208,3
24209,3
24210,5
24210,1
24211,6
24211,4
24212,6
24212,4
24213,5
24214,5
24215,2
24216,3
24217,6
24218,7
24218,2
24219,6
24219,4
24220,5
24221,4
24222,5
24223,1
24224,1
24225,1
24226,3
24227,7
24228,3
24229,4
24230,3
24231,1
24232,1
24232,4
24233,5
24234,5
24235,7
24236,5
24237,1
24238,1
24239,3
24240,7
24241,3
24242,2
24243,7
24244,5
24245,5
24246,7
24246,2
24246,5
24246,4
24247,7
24247,2
24247,5
24247,1
24247,3
24248,1
24249,7
24249,2
24249,5
24249,1
24250,6
24251,3
24252,2
24253,5
24254,7
24254,2
24254,5
24254,1
24255,3
24256,2
24257,7
24257,2
24257,5
24257,1
24257,3
24258,5
24259,2
24260,6
24261,1
24262,1
24263,3
24264,3
24265,3
24266,7
24266,2
24267,4
24268,1
24269,7
24270,5
24270,1
24271,7
24271,2
24271,5
24271,4
24272,6
24273,7
24273,2
24273,5
24273,1
24273,3
24274,6
24274,4
24275,2
24277,7
24278,4
24279,7
24280,7
24281,3
24282,1
24283,3
24284,1
24285,5
24286,1
24287,2
24288,1
24289,4
24290,2
24291,1
24292,7
24293,7
24294,4
24295,6
24296,3
24297,4
24298,6
24299,4
24300,1
24301,2
24302,2
24303,6
24304,4
24305,4
24306,6
24307,2
24308,4
24309,2
24310,5
24311,2
24312,4
24313,7
24314,5
24315,4
24316,2
24317,1
24318,4
24319,1
24320,3
24321,4
24322,4
24323,7
24324,1
24325,5
24326,2
24327,1
24328,7
24328,2
24328,5
24328,1
24328,3
24329,5
24330,7
24330,2
24330,5
24330,1
24330,3
24331,7
24332,7
24333,5
24334,3
24335,2
24336,7
24337,2
24338,2
24339,4
24340,2
24341,7
24341,2
24341,5
24342,5
24343,7
24344,5
24345,4
24346,2
24347,4
24348,6
24349,7
24349,2
24349,5
24349,1
24349,3
24349,6
24351,7
24351,2
24351,5
24351,1
24352,2
24353,7
24353,2
24353,5
24353,1
24353,3
24354,7
24354,2
24354,5
24354,1
24354,3
24355,7
24355,2
24355,5
24355,1
24355,3
24356,7
24356,2
24356,5
24356,1
24356,3
24357,3
24358,3
24359,7
24359,2
24359,5
24359,1
24359,3
24360,7
24360,2
24360,5
24360,1
24360,3
24361,3
24362,6
24363,4
24364,7
24364,2
24364,4
24365,2
24365,6
24365,4
24366,6
24366,4
24367,7
24368,2
24368,4
24369,4
24370,4
24371,7
24371,2
24371,5
24371,4
24372,7
24372,2
24372,4
24373,7
24373,2
24373,4
24374,4
24375,7
24375,2
24375,5
24375,1
24375,3
24376,2
24376,5
24376,1
24376,3
24377,7
24377,2
24377,5
24377,1
24378,6
24379,7
24379,2
24379,5
24379,1
24379,3
24379,6
24379,4
24380,2
24381,7
24382,7
24382,2
24382,5
24382,4
24383,7
24383,2
24383,5
24383,1
24383,3
24384,7
24384,2
24384,5
24384,1
24384,3
24385,7
24385,2
24385,5
24385,1
24385,3
24386,2
24387,7
24388,7
24389,3
24390,1
24391,3
24392,4
24393,7
24393,2
24393,5
24393,1
24393,3
24393,6
24393,4
24394,2
24395,4
24396,4
24397,4
24398,4
24399,1
24400,3
24401,6
24402,6
24403,4
24404,1
24405,5
24406,4
24407,7
24408,6
24409,1
24410,5
24411,5
24412,3
24412,6
24412,4
24413,7
24413,2
24413,5
24413,1
24413,3
24413,6
24413,4
24414,6
24415,1
24416,7
24416,2
24417,2
24418,2
24419,2
24420,2
24421,7
24421,5
24421,3
24422,4
24423,5
24424,6
24424,4
24425,3
24426,6
24427,2
24428,3
24429,4
24430,3
24431,4
24432,4
24433,3
24434,6
24435,3
24436,3
24437,4
24438,2
24439,4
24440,3
24441,7
24442,2
24443,7
24443,2
24443,5
24443,1
24443,3
24444,7
24444,2
24444,5
24444,1
24444,3
24445,2
24446,5
24446,4
24447,6
24448,4
24449,6
24450,7
24450,2
24450,5
24450,1
24450,3
24451,4
24452,6
24453,5
24454,3
24455,7
24456,7
24456,2
24456,5
24456,1
24456,3
24457,3
24458,6
24459,7
24459,2
24459,5
24459,1
24459,3
24460,1
24461,7
24462,2
24463,5
24464,5
24465,7
24466,2
24467,4
24468,2
24469,3
24469,6
24470,7
24470,2
24470,5
24470,1
24470,3
24471,3
24471,6
24472,5
24473,6
24474,7
24475,2
24476,5
24477,2
24478,3
24479,3
24480,7
24480,2
24481,6
24482,1
24483,2
24484,7
24484,2
24486,2
24487,2
24488,7
24488,2
24488,5
24488,1
24488,3
24488,6
24488,4
24489,7
24489,2
24490,4
24491,5
24492,4
24493,4
24494,6
24494,4
24495,4
24496,5
24496,1
24497,7
24498,2
24499,5
24500,5
24501,7
24502,5
24503,1
24503,3
24504,1
24504,3
24505,1
24505,3
24506,1
24507,1
24508,1
24509,1
24510,1
24511,1
24512,3
24513,3
24514,3
24515,3
24516,1
24517,7
24517,2
24517,5
24517,1
24517,3
24518,7
24518,4
24519,2
24520,7
24520,2
24520,5
24520,1
24520,3
24521,7
24521,2
24521,5
24521,1
24521,3
24522,3
24523,3
24524,5
24524,3
24525,1
24526,2
24527,3
24527,6
24528,5
24529,2
24530,6
24531,7
24531,2
24531,5
24531,1
24531,3
24531,6
24531,4
24532,3
24533,3
24534,6
24534,4
24535,7
24536,1
24537,5
24538,2
24539,2
24540,1
24541,2
24542,7
24543,7
24544,2
24545,1
24546,4
24547,1
24548,7
24548,2
24548,5
24548,1
24548,3
24549,1
24550,5
24551,1
24552,5
24553,5
24554,7
24554,2
24554,5
24555,2
24556,2
24557,7
24558,1
24559,7
24559,4
24560,7
24560,2
24560,5
24560,1
24560,3
24561,7
24561,2
24561,4
24562,3
24563,2
24563,5
24563,1
24564,4
24565,4
24566,2
24567,4
24568,7
24569,2
24570,2
24571,2
24572,7
24573,3
24574,4
24575,2
24576,1
24576,3
24577,4
24578,2
24578,4
24579,7
24579,2
24579,5
24579,1
24579,3
24580,5
24580,3
24580,4
24581,2
24582,7
24582,2
24583,3
24584,7
24585,6
24586,2
24587,7
24587,2
24587,5
24587,1
24588,6
24589,2
24590,2
24591,7
24591,3
24592,6
24593,7
24594,7
24595,2
24596,4
24597,7
24597,2
24597,5
24597,1
24597,3
24598,7
24599,7
24600,1
24601,7
24601,2
24601,5
24601,1
24601,3
24602,1
24603,7
24604,3
24605,4
24606,7
24606,2
24606,5
24606,1
24606,3
24606,6
24606,4
24607,7
24607,2
24607,5
24607,1
24607,3
24608,5
24609,2
24610,2
24611,5
24612,7
24612,2
24612,5
24612,1
24613,5
24614,6
24615,7
24616,2
24617,1
24618,7
24619,7
24619,2
24619,5
24619,1
24619,3
24620,7
24620,2
24620,5
24620,1
24620,3
24621,7
24622,1
24623,1
24624,1
24625,7
24625,2
24625,5
24625,1
24625,3
24625,6
24625,4
24626,7
24627,2
24628,6
24629,3
24630,3
24631,7
24631,2
24631,5
24631,1
24631,3
24632,6
24632,4
24633,7
24633,2
24633,5
24633,1
24633,3
24634,7
24634,2
24634,5
24634,1
24634,3
24634,6
24634,4
24635,6
24635,4
24636,7
24637,4
24638,7
24638,2
24638,5
24638,1
24639,5
24640,6
24641,3
24642,1
24643,1
24644,2
24645,7
24646,2
24646,4
24647,7
24647,2
24647,5
24647,1
24648,3
24649,7
24650,7
24651,2
24652,7
24652,2
24652,5
24652,1
24653,7
24653,2
24653,5
24653,1
24654,4
24655,7
24655,2
24655,5
24655,1
24655,3
24656,7
24657,7
24658,4
24659,7
24659,4
24660,7
24660,2
24660,5
24660,1
24660,3
24661,7
24661,2
24661,5
24661,1
24661,3
24662,1
24663,7
24664,4
24665,1
24666,7
24666,2
24666,5
24666,1
24666,4
24667,2
24667,5
24667,1
24668,7
24669,5
24670,7
24671,7
24672,3
24673,7
24673,2
24673,5
24673,1
24673,3
24673,6
24673,4
24674,3
24675,2
24676,3
24677,3
24677,6
24677,4
24678,1
24679,4
24680,7
24681,2
24682,6
24682,4
24683,7
24684,4
24685,1
24686,2
24687,2
24688,3
24688,6
24689,6
24690,7
24691,6
24692,2
24693,5
24694,2
24695,4
24696,3
24697,6
24698,7
24698,2
24698,5
24698,1
24698,3
24699,7
24700,5
24701,3
24702,7
24702,2
24702,5
24702,1
24702,3
24703,2
24703,1
24704,1
24705,4
24706,3
24707,5
24708,7
24709,7
24709,2
24709,5
24709,1
24710,5
24711,2
24711,5
24711,1
24711,3
24712,5
24713,5
24714,2
24715,4
24716,7
24717,7
24717,2
24717,5
24717,1
24718,3
24719,7
24720,7
24720,2
24720,5
24720,1
24720,3
24721,5
24722,1
24723,6
24724,1
24725,6
24726,7
24726,2
24726,5
24726,1
24726,3
24727,3
24728,2
24728,1
24728,3
24729,1
24730,7
24730,2
24730,5
24730,1
24730,3
24731,7
24732,7
24732,2
24732,5
24732,1
24732,3
24733,2
24734,2
24735,6
24736,7
24737,5
24738,6
24739,1
24740,4
24741,3
24742,4
24743,5
24744,7
24745,7
24746,4
24747,1
24748,2
24749,1
24750,1
24751,4
24752,5
24753,7
24754,4
24755,7
24756,3
24757,7
24758,7
24758,2
24758,5
24758,1
24758,3
24759,7
24759,2
24759,5
24759,1
24759,3
24760,4
24761,1
24762,7
24762,2
24762,5
24762,1
24762,3
24762,6
24762,4
24763,2
24764,7
24765,6
24766,1
24767,4
24768,5
24769,4
24770,3
24771,7
24771,2
24771,5
24771,1
24771,3
24772,4
24773,5
24774,2
24775,6
24776,7
24776,2
24776,5
24776,1
24776,3
24777,6
24777,4
24778,7
24778,5
24778,1
24779,3
24780,1
24781,5
24782,6
24783,1
24784,7
24785,4
24786,5
24787,3
24788,4
24789,1
24790,7
24791,6
24792,6
24793,4
24794,6
24795,6
24796,7
24796,3
24797,7
24798,3
24799,3
24800,6
24801,6
24802,7
24802,2
24803,5
24803,1
24804,3
24806,1
24807,3
24808,7
24808,2
24809,7
24809,2
24810,7
24810,2
24810,5
24810,1
24810,3
24811,2
24811,1
24812,7
24813,4
24814,5
24815,2
24816,4
24817,7
24817,3
24818,3
24819,5
24820,4
24821,3
24822,3
24823,5
24824,5
24825,6
24826,6
24827,4
24828,7
24828,2
24828,5
24828,1
24828,3
24829,5
24830,5
24831,2
24832,1
24833,4
24834,2
24835,7
24836,3
24837,7
24837,2
24838,4
24839,1
24840,7
24841,4
24842,1
24843,1
24844,3
24845,7
24845,2
24845,5
24846,6
24847,5
24848,3
24849,5
24849,1
24850,4
24851,4
24852,6
24853,5
24854,6
24855,2
24856,5
24857,4
24858,7
24858,2
24858,5
24858,1
24858,3
24858,6
24858,4
24859,6
24860,7
24860,2
24860,5
24860,1
24860,3
24861,5
24862,2
24863,2
24864,5
24865,4
24866,5
24868,7
24869,7
24869,2
24869,5
24869,1
24869,3
24870,7
24870,2
24870,5
24870,1
24870,3
24871,2
24872,5
24873,2
24874,7
24874,2
24874,5
24874,1
24874,3
24874,6
24874,4
24875,7
24875,6
24875,4
24876,5
24877,7
24878,5
24879,2
24880,5
24881,5
24882,5
24883,5
24884,5
24885,1
24886,7
24886,2
24887,4
24888,5
24889,6
24890,4
24891,2
24891,5
24892,1
24893,7
24893,2
24894,2
24895,5
24896,7
24896,2
24897,7
24898,7
24899,7
24901,2
24902,7
24903,7
24903,2
24903,5
24903,1
24903,3
24903,6
24903,4
24904,1
24905,4
24906,4
24907,6
24908,1
24909,2
24910,1
24911,7
24912,2
24913,7
24914,4
24915,7
24916,5
24917,7
24917,2
24917,5
24917,1
24917,3
24918,7
24918,2
24918,5
24918,1
24918,3
24919,4
24920,7
24920,2
24920,5
24920,1
24920,3
24921,4
24922,4
24923,7
24923,2
24923,5
24923,1
24923,3
24924,1
24925,4
24926,7
24926,2
24926,5
24926,1
24926,3
24927,2
24928,3
24929,7
24929,2
24929,5
24929,1
24929,3
24930,3
24931,7
24932,3
24933,7
24934,1
24935,4
24936,2
24937,2
24938,5
24939,5
24940,2
24941,7
24942,4
24943,7
24944,4
24945,4
24946,7
24946,2
24946,5
24946,1
24946,3
24947,5
24948,3
24949,5
24950,2
24950,5
24951,6
24952,5
24952,1
24953,7
24954,7
24954,2
24954,5
24954,1
24954,3
24955,4
24956,3
24957,1
24958,7
24959,7
24960,7
24960,2
24960,5
24960,1
24960,3
24961,2
24962,7
24962,2
24962,5
24962,1
24962,3
24963,1
24964,7
24965,1
24966,3
24967,7
24967,2
24967,5
24967,1
24967,3
24968,6
24969,5
24970,5
24971,7
24971,2
24971,5
24971,1
24971,3
24972,5
24973,4
24974,1
24975,2
24976,4
24977,1
24978,5
24979,4
24980,5
24981,7
24981,2
24981,5
24981,1
24981,3
24982,4
24983,1
24984,7
24984,2
24984,5
24984,1
24984,3
24984,6
24985,5
24986,4
24987,5
24988,5
24989,7
24989,2
24989,5
24989,1
24989,3
24990,4
24991,3
24992,3
24993,5
24994,7
24995,2
24996,4
24997,1
24998,7
24999,7
25000,7
25001,7
25003,2
25004,2
25004,5
25005,3
25006,5
25007,1
25008,3
25009,3
25010,5
25011,1
25012,7
25013,6
25014,1
25014,3
25015,5
25016,4
25017,1
25018,2
25019,4
25020,7
25021,2
25022,3
25023,7
25024,7
25024,5
25025,2
25026,5
25027,7
25028,7
25028,2
25028,5
25028,1
25028,3
25029,7
25030,5
25031,3
25032,1
25033,3
25034,2
25035,5
25036,5
25037,1
25037,3
25038,1
25039,2
25040,2
25041,1
25042,7
25042,2
25042,5
25042,1
25042,3
25043,1
25044,1
25045,7
25046,2
25047,7
25048,1
25048,3
25049,4
25050,4
25051,7
25052,7
25053,7
25054,2
25055,4
25056,2
25057,2
25058,7
25058,2
25059,1
25060,6
25061,3
25062,3
25063,4
25064,1
25065,2
25066,1
25067,4
25068,2
25069,5
25070,3
25071,3
25072,2
25073,5
25073,1
25074,4
25075,7
25076,5
25077,7
25078,7
25079,5
25079,1
25080,7
25081,5
25082,3
25083,4
25084,5
25085,7
25086,6
25087,2
25087,5
25088,7
25089,2
25090,6
25091,7
25091,2
25091,5
25091,1
25091,3
25092,6
25093,6
25094,5
25094,1
25095,1
25096,7
25096,2
25096,5
25096,1
25096,3
25096,6
25096,4
25097,1
25098,3
25099,4
25100,6
25100,4
25101,7
25101,2
25101,5
25101,1
25102,4
25103,2
25103,5
25104,2
25105,5
25105,1
25106,2
25107,1
25108,2
25109,2
25110,2
25111,5
25112,2
25113,2
25114,3
25115,2
25116,1
25117,1
25118,7
25119,5
25120,3
25121,4
25122,7
25123,7
25123,2
25123,5
25123,1
25123,3
25124,1
25125,7
25126,4
25127,7
25127,2
25127,5
25127,1
25127,3
25128,7
25128,2
25128,5
25128,1
25129,6
25129,4
25130,7
25130,2
25130,5
25130,1
25130,3
25131,7
25131,2
25131,5
25131,1
25131,3
25132,6
25133,7
25134,4
25135,7
25135,2
25135,5
25135,1
25135,3
25136,7
25136,2
25136,5
25136,1
25136,3
25137,4
25139,4
25140,4
25141,3
25142,5
25143,5
25144,3
25145,3
25146,5
25147,7
25148,7
25149,4
25150,3
25151,1
25152,7
25153,2
25154,2
25155,1
25156,4
25157,5
25157,1
25158,7
25158,2
25158,5
25158,1
25158,3
25158,6
25158,4
25159,5
25160,5
25161,5
25162,2
25163,7
25163,2
25163,5
25163,1
25163,3
25164,1
25165,2
25166,1
25167,7
25167,2
25167,5
25167,1
25167,3
25168,7
25168,2
25168,5
25168,1
25168,3
25169,5
25170,7
25170,2
25170,5
25170,1
25170,3
25171,4
25172,2
25173,7
25174,6
25174,4
25175,7
25175,2
25175,5
25175,1
25175,3
25176,5
25176,1
25177,5
25177,1
25178,4
25179,7
25179,2
25180,2
25181,7
25181,2
25181,5
25181,1
25181,3
25182,7
25182,2
25183,7
25184,6
25185,1
25186,5
25186,1
25187,5
25187,1
25188,7
25188,2
25189,4
25190,5
25190,1
25191,3
25192,7
25192,2
25193,5
25193,1
25194,4
25195,5
25195,1
25196,7
25196,2
25196,5
25196,1
25196,3
25197,7
25197,2
25197,5
25197,1
25197,3
25198,7
25198,2
25198,5
25198,1
25198,3
25199,7
25199,2
25199,5
25199,1
25199,3
25200,7
25200,2
25200,1
25200,3
25201,6
25201,4
25202,7
25202,2
25203,7
25203,2
25204,7
25204,2
25204,5
25204,1
25204,3
25205,6
25206,7
25206,2
25206,5
25206,1
25207,6
25208,4
25209,3
25210,6
25211,3
25211,6
25211,4
25212,7
25213,7
25213,2
25213,5
25213,1
25213,3
25214,7
25214,2
25214,5
25214,1
25214,4
25215,6
25216,6
25217,2
25218,6
25219,7
25220,1
25221,7
25221,2
25221,5
25221,1
25221,3
25222,7
25222,2
25222,5
25222,1
25222,3
25223,7
25223,2
25223,5
25223,1
25223,3
25224,7
25224,2
25224,5
25224,1
25224,3
25225,7
25225,2
25225,5
25225,1
25225,3
25226,5
25227,7
25227,2
25227,5
25227,1
25227,3
25228,7
25228,2
25228,5
25228,1
25228,3
25228,6
25228,4
25229,7
25229,2
25229,5
25229,1
25229,3
25230,7
25230,2
25230,5
25230,1
25230,3
25231,7
25231,2
25231,5
25231,1
25231,3
25232,5
25233,3
25234,3
25234,6
25235,1
25236,1
25237,5
25238,7
25238,2
25238,5
25238,1
25238,3
25239,5
25240,2
25241,7
25241,2
25241,5
25241,1
25241,3
25242,2
25243,7
25243,2
25243,5
25243,1
25243,3
25243,6
25243,4
25244,1
25245,7
25245,2
25245,5
25245,1
25245,3
25246,2
25247,5
25248,7
25249,5
25250,2
25251,7
25251,2
25251,5
25251,1
25251,3
25252,1
25253,1
25254,7
25254,2
25254,5
25254,1
25255,4
25256,2
25257,5
25258,6
25258,4
25259,6
25259,4
25260,7
25261,7
25261,2
25261,5
25261,1
25261,3
25262,5
25263,7
25264,7
25264,2
25265,6
25265,4
25266,6
25267,5
25268,7
25268,2
25268,5
25268,1
25268,3
25269,7
25269,2
25269,5
25269,1
25269,3
25269,6
25270,7
25270,2
25270,5
25270,1
25270,3
25271,7
25271,2
25271,5
25271,1
25271,3
25272,1
25273,5
25274,5
25275,6
25276,7
25276,2
25276,5
25276,1
25277,3
25278,7
25278,2
25278,5
25278,1
25278,3
25279,5
25280,7
25281,7
25282,7
25282,2
25282,5
25282,1
25282,3
25283,7
25283,2
25284,7
25284,2
25284,5
25284,1
25284,3
25285,7
25285,2
25285,5
25285,1
25285,3
25286,6
25286,4
25287,1
25288,7
25289,5
25289,1
25290,2
25291,4
25292,3
25293,7
25293,2
25293,5
25293,1
25293,3
25294,5
25294,1
25295,7
25296,5
25297,7
25298,5
25299,2
25300,3
25301,5
25302,5
25303,7
25304,2
25304,5
25305,2
25306,1
25307,1
25308,4
25309,2
25310,2
25311,2
25312,7
25313,5
25314,7
25315,1
25316,4
25317,4
25318,7
25318,1
25319,1
25320,2
25321,4
25322,4
25323,6
25324,3
25324,6
25325,7
25326,3
25327,7
25327,2
25327,5
25327,1
25327,3
25328,6
25329,6
25330,1
25331,7
25332,7
25332,2
25332,5
25332,1
25332,3
25333,5
25334,3
25335,7
25336,7
25337,5
25338,4
25339,5
25340,7
25340,2
25340,5
25340,1
25340,3
25341,7
25342,1
25343,6
25344,7
25344,2
25344,5
25344,1
25344,3
25345,7
25346,5
25347,7
25347,2
25347,5
25347,1
25347,3
25348,1
25349,2
25350,6
25351,7
25352,2
25353,4
25354,3
25355,6
25356,2
25357,1
25358,3
25359,1
25360,6
25361,7
25361,2
25361,5
25361,1
25361,3
25361,6
25361,4
25362,7
25362,2
25362,5
25362,1
25362,3
25362,6
25362,4
25363,4
25364,1
25365,7
25365,2
25365,5
25365,1
25365,3
25366,2
25367,4
25368,5
25369,7
25369,2
25369,5
25369,1
25369,3
25370,5
25371,7
25371,2
25371,5
25371,1
25371,3
25372,2
25373,3
25374,2
25375,7
25376,5
25377,4
25378,7
25379,6
25380,2
25381,1
25382,2
25383,7
25384,7
25385,7
25386,7
25386,5
25387,5
25388,1
25389,5
25390,1
25391,7
25391,2
25391,5
25391,1
25392,5
25393,2
25394,5
25395,4
25396,7
25396,2
25397,5
25398,5
25399,7
25400,2
25401,4
25402,3
25403,7
25404,7
25405,5
25406,2
25407,5
25408,7
25409,4
25410,1
25411,3
25412,5
25413,5
25414,5
25415,4
25416,7
25417,2
25418,7
25419,1
25420,1
25421,5
25422,1
25423,2
25424,7
25424,1
25425,7
25425,2
25425,5
25425,1
25425,3
25426,5
25427,1
25428,5
25429,2
25429,1
25429,3
25430,4
25431,2
25431,5
25432,7
25432,2
25432,5
25432,1
25432,3
25433,7
25434,1
25435,7
25436,4
25437,7
25438,3
25439,5
25440,7
25440,2
25440,5
25440,1
25440,3
25441,7
25442,6
25443,6
25445,5
25446,4
25447,3
25448,2
25449,2
25450,7
25451,2
25452,5
25453,1
25454,5
25455,4
25456,4
25457,1
25458,7
25459,4
25460,4
25461,2
25462,7
25463,2
25464,7
25465,5
25466,7
25467,4
25468,2
25469,7
25469,2
25469,5
25470,5
25471,1
25472,3
25473,2
25474,1
25475,7
25476,7
25476,2
25476,5
25476,1
25477,4
25478,6
25479,7
25479,2
25479,5
25479,1
25479,3
25480,7
25481,3
25482,5
25483,7
25484,5
25485,4
25486,7
25486,2
25486,5
25486,1
25486,3
25487,2
25488,6
25489,7
25490,7
25491,7
25491,2
25491,5
25491,1
25491,3
25492,7
25492,2
25493,5
25494,7
25495,4
25496,5
25497,5
25498,6
25499,7
25499,2
25499,5
25499,1
25499,3
25500,7
25500,2
25500,5
25500,1
25500,3
25501,3
25502,7
25502,2
25502,5
25502,1
25502,3
25502,6
25502,4
25503,3
25504,7
25504,2
25505,4
25506,3
25507,7
25508,2
25509,7
25510,1
25511,5
25512,4
25513,1
25514,3
25515,1
25516,1
25517,4
25518,5
25519,7
25519,2
25519,5
25519,1
25519,3
25520,3
25521,7
25521,2
25521,5
25521,1
25521,3
25522,2
25522,5
25522,1
25522,3
25522,6
25522,4
25523,3
25524,7
25524,2
25524,5
25524,1
25525,5
25526,7
25526,2
25526,5
25526,1
25527,7
25528,3
25529,6
25529,4
25530,7
25531,6
25532,6
25533,5
25534,1
25535,2
25536,7
25537,1
25538,7
25539,4
25540,7
25541,6
25542,1
25543,4
25544,1
25545,2
25546,2
25547,3
25548,7
25549,2
25550,5
25551,1
25552,2
25553,7
25554,3
25555,5
25555,1
25556,5
25557,2
25558,2
25559,6
25560,1
25561,7
25561,2
25562,6
25563,5
25564,1
25565,4
25566,4
25567,7
25567,2
25567,5
25567,1
25567,3
25568,6
25569,2
25569,1
25570,1
25571,3
25571,6
25571,4
25572,3
25573,5
25573,1
25574,7
25575,2
25575,5
25576,2
25577,2
25578,7
25578,4
25579,7
25580,4
25581,5
25582,4
25583,4
25584,1
25585,5
25586,1
25586,3
25587,3
25587,4
25588,2
25589,5
25589,1
25590,1
25591,2
25592,4
25593,7
25594,4
25595,3
25596,6
25597,6
25598,3
25599,4
25600,6
25601,4
25602,7
25603,7
25603,2
25603,5
25603,1
25603,3
25604,7
25604,2
25604,5
25604,1
25604,3
25604,6
25604,4
25605,1
25606,3
25607,5
25608,5
25609,3
25610,7
25611,2
25612,5
25613,4
25614,1
25615,4
25616,7
25617,4
25618,6
25619,6
25620,5
25621,7
25622,5
25623,7
25623,5
25623,3
25624,7
25624,2
25624,5
25624,1
25624,3
25624,6
25624,4
25625,5
25625,1
25626,5
25626,1
25627,6
25627,4
25628,7
25629,5
25630,1
25631,6
25632,7
25633,2
25634,4
25635,7
25636,5
25637,2
25638,2
25639,4
25640,6
25641,7
25642,7
25642,2
25642,5
25642,1
25642,3
25643,6
25644,6
25645,1
25646,3
25647,5
25648,7
25649,6
25650,7
25651,7
25652,7
25653,4
25654,1
25655,6
25656,7
25656,2
25656,5
25656,1
25656,3
25657,5
25658,3
25659,3
25660,2
25661,5
25662,1
25663,1
25664,7
25665,5
25667,7
25668,5
25669,7
25670,4
25671,7
25671,2
25671,5
25671,1
25671,3
25672,7
25672,2
25672,5
25672,1
25672,3
25672,6
25672,4
25673,2
25673,5
25673,1
25674,2
25675,7
25676,3
25677,6
25677,4
25678,4
25679,6
25679,4
25680,2
25681,6
25682,7
25682,2
25682,5
25682,1
25682,3
25683,1
25684,6
25684,4
25685,6
25685,4
25686,3
25687,6
25688,5
25689,2
25690,7
25691,7
25692,7
25693,4
25694,4
25695,7
25696,7
25696,2
25696,5
25696,1
25697,5
25698,3
25699,1
25700,7
25700,2
25700,5
25701,7
25702,6
25703,4
25704,5
25705,4
25706,5
25707,3
25708,2
25709,2
25710,7
25710,2
25710,4
25711,1
25712,7
25713,5
25713,3
25714,7
25715,7
25715,2
25715,5
25715,1
25715,3
25715,6
25715,4
25716,2
25717,7
25717,2
25717,5
25717,1
25717,3
25718,4
25719,3
25720,7
25720,2
25720,5
25720,1
25720,3
25721,3
25722,6
25723,5
25724,2
25725,3
25726,4
25727,1
25728,6
25729,3
25730,5
25731,3
25732,5
25733,3
25734,4
25735,7
25736,5
25737,3
25738,5
25739,6
25740,2
25741,7
25741,2
25741,5
25741,1
25741,3
25742,7
25742,2
25742,5
25742,1
25743,3
25744,6
25745,7
25746,7
25747,5
25748,6
25749,1
25750,7
25751,3
25752,2
25753,4
25754,7
25754,6
25755,4
25756,7
25757,2
25758,4
25759,7
25759,2
25759,5
25759,1
25759,3
25760,6
25761,4
25762,5
25763,2
25764,3
25765,3
25766,1
25767,7
25767,2
25767,5
25767,1
25767,3
25768,3
25769,7
25770,7
25770,2
25770,5
25770,1
25771,2
25772,6
25773,1
25774,2
25775,7
25776,2
25777,4
25778,7
25779,1
25780,3
25781,5
25782,5
25783,7
25784,5
25785,7
25786,3
25787,7
25787,2
25787,5
25787,1
25787,3
25788,3
25789,7
25789,2
25789,5
25789,1
25789,3
25789,6
25790,3
25791,7
25792,2
25793,4
25794,2
25795,4
25796,1
25797,2
25798,4
25799,7
25799,2
25799,5
25799,1
25800,5
25801,6
25802,7
25802,2
25802,5
25802,1
25803,4
25804,4
25805,7
25805,2
25805,5
25805,1
25805,3
25806,4
25807,1
25808,7
25809,7
25810,7
25811,7
25811,2
25811,5
25811,1
25811,3
25812,6
25813,1
25814,2
25815,4
25816,5
25817,1
25818,2
25819,5
25820,3
25821,6
25822,2
25823,1
25824,6
25825,2
25826,5
25827,3
25828,2
25829,1
25830,4
25831,6
25833,1
25834,7
25834,2
25835,2
25836,4
25837,6
25838,4
25839,1
25841,4
25842,7
25842,2
25842,5
25842,1
25842,3
25843,7
25843,2
25843,5
25843,1
25844,7
25845,7
25845,2
25845,5
25845,1
25846,1
25847,7
25847,2
25847,5
25847,1
25848,2
25849,4
25850,4
25851,5
25852,3
25853,7
25853,2
25853,5
25853,1
25853,3
25854,1
25855,2
25856,5
25857,7
25858,2
25859,1
25860,5
25861,1
25862,3
25863,2
25864,5
25865,5
25866,2
25867,5
25868,2
25869,5
25870,7
25871,7
25871,2
25871,5
25871,1
25871,3
25872,7
25872,2
25872,5
25872,1
25872,3
25873,7
25874,7
25875,1
25876,6
25877,1
25878,1
25879,1
25880,6
25881,6
25882,5
25882,4
25883,7
25883,2
25883,5
25883,1
25883,3
25884,7
25884,2
25884,5
25884,1
25884,3
25885,7
25885,2
25885,5
25885,1
25885,3
25886,2
25887,4
25888,4
25889,7
25889,2
25889,5
25889,1
25889,3
25890,7
25891,1
25892,7
25893,1
25894,4
25895,1
25896,2
25897,2
25898,7
25899,4
25900,5
25901,4
25902,4
25903,4
25904,3
25905,4
25906,5
25907,3
25908,1
25909,5
25910,6
25911,7
25912,4
25913,2
25914,7
25915,1
25916,2
25917,5
25918,5
25919,3
25920,1
25921,5
25922,2
25923,5
25924,4
25925,1
25926,2
25927,5
25928,1
25929,6
25930,6
25931,7
25932,2
25933,5
25934,1
25935,2
25937,6
25938,5
25939,5
25940,7
25940,2
25940,5
25940,1
25940,3
25941,1
25942,2
25943,1
25944,4
25945,5
25946,4
25947,7
25948,7
25949,4
25950,4
25951,1
25952,7
25953,5
25954,3
25955,3
25956,2
25957,7
25957,2
25957,5
25957,1
25957,3
25957,6
25957,4
25958,4
25959,5
25960,3
25961,1
25962,2
25963,7
25963,2
25963,5
25963,1
25963,3
25964,7
25965,4
25966,5
25967,7
25967,2
25967,5
25967,1
25967,3
25968,7
25969,2
25970,6
25971,4
25972,5
25973,2
25974,1
25975,3
25976,6
25977,1
25978,6
25979,7
25979,2
25979,5
25979,1
25979,3
25980,2
25981,3
25982,3
25983,2
25984,1
25985,2
25986,6
25987,7
25987,2
25987,5
25987,1
25988,5
25989,6
25990,6
25991,7
25992,4
25993,1
25994,2
25995,2
25996,2
25997,7
25998,7
25998,2
25998,5
25998,1
25998,3
25999,1
26000,5
26001,1
26002,7
26003,3
26004,4
26005,7
26005,2
26005,5
26005,1
26005,3
26006,7
26007,4
26008,7
26009,7
26010,6
26011,7
26012,7
26012,2
26012,5
26012,1
26012,3
26013,6
26014,7
26015,2
26016,7
26016,2
26016,5
26016,1
26016,3
26016,6
26017,7
26018,3
26019,2
26020,2
26021,3
26022,3
26023,2
26024,7
26025,7
26026,5
26027,6
26028,7
26028,2
26028,5
26028,1
26028,3
26029,7
26030,7
26031,1
26032,6
26033,7
26034,7
26034,2
26034,5
26034,1
26035,3
26036,5
26037,5
26038,2
26039,5
26040,7
26041,7
26042,7
26043,1
26044,1
26045,7
26046,2
26047,7
26048,4
26049,6
26050,6
26051,4
26052,6
26053,4
26054,7
26054,2
26054,5
26054,1
26054,3
26055,2
26056,7
26057,2
26058,7
26058,5
26058,3
26059,3
26060,5
26061,7
26062,1
26063,5
26064,2
26065,4
26066,4
26067,5
26068,2
26069,3
26070,5
26071,3
26072,1
26073,4
26074,3
26075,7
26076,2
26076,5
26077,3
26078,4
26079,1
26080,2
26081,2
26082,5
26083,5
26084,1
26085,1
26086,3
26087,3
26088,5
26089,3
26090,6
26091,2
26092,6
26093,6
26094,2
26095,2
26096,2
26097,3
26098,7
26099,7
26100,5
26101,2
26102,7
26102,2
26102,5
26102,1
26102,3
26103,2
26103,6
26104,2
26105,1
26106,6
26107,1
26108,5
26109,4
26110,2
26111,2
26112,7
26113,6
26114,5
26115,7
26115,2
26115,5
26115,1
26116,3
26117,4
26118,2
26118,5
26118,1
26118,3
26119,6
26119,4
26120,1
26121,6
26122,4
26123,5
26124,3
26125,3
26126,5
26127,2
26128,5
26129,7
26129,2
26129,5
26129,1
26130,1
26131,7
26131,2
26131,5
26131,1
26131,3
26131,6
26131,4
26132,7
26133,6
26134,1
26135,3
26136,1
26137,6
26138,7
26139,5
26140,4
26141,5
26142,5
26143,6
26144,1
26145,5
26146,1
26147,2
26148,7
26149,6
26150,7
26150,2
26150,5
26150,1
26150,3
26151,7
26151,2
26151,5
26151,1
26151,3
26152,5
26153,7
26153,2
26153,5
26153,1
26153,3
26154,7
26154,2
26154,5
26154,1
26154,3
26154,6
26154,4
26155,4
26156,7
26156,2
26156,5
26156,1
26156,3
26157,7
26157,2
26157,5
26157,1
26157,3
26158,6
26159,1
26160,6
26161,2
26162,6
26163,4
26164,7
26164,2
26164,5
26164,1
26164,3
26164,6
26164,4
26165,7
26165,2
26165,5
26165,1
26165,3
26165,6
26165,4
26166,4
26167,4
26168,3
26169,5
26170,6
26171,2
26172,2
26173,3
26174,7
26174,2
26174,5
26174,1
26174,3
26175,4
26176,1
26177,7
26177,2
26177,5
26177,1
26177,3
26178,4
26179,2
26180,7
26180,4
26181,7
26182,7
26182,2
26182,5
26182,1
26182,3
26183,7
26183,2
26183,5
26183,1
26183,3
26183,6
26183,4
26184,4
26185,3
26186,4
26187,5
26188,7
26188,2
26188,5
26188,1
26188,3
26188,6
26188,4
26189,7
26190,7
26191,7
26191,2
26191,5
26191,1
26191,3
26192,7
26192,2
26192,5
26192,1
26192,3
26193,7
26193,2
26193,5
26193,1
26193,3
26194,5
26194,1
26195,5
26196,7
26197,4
26198,3
26199,4
26200,6
26200,4
26201,3
26202,7
26202,2
26202,5
26202,1
26202,3
26203,7
26203,2
26204,6
26204,4
26205,7
26205,2
26206,5
26206,1
26207,6
26207,4
26208,2
26209,6
26209,4
26210,7
26210,2
26210,5
26210,1
26210,3
26210,6
26211,4
26212,5
26213,6
26214,7
26215,5
26216,1
26217,6
26218,2
26219,5
26220,4
26221,3
26222,5
26223,7
26224,7
26225,7
26226,7
26227,1
26228,4
26229,3
26230,7
26230,2
26230,5
26230,1
26230,3
26231,7
26232,7
26233,2
26234,7
26235,7
26235,2
26236,1
26237,7
26237,2
26238,6
26239,7
26239,2
26239,5
26239,1
26240,2
26241,4
26242,5
26243,3
26244,3
26245,1
26246,3
26247,7
26247,2
26247,5
26247,1
26248,4
26249,7
26249,2
26249,5
26249,1
26249,3
26250,7
26250,2
26250,5
26250,1
26250,3
26251,6
26252,7
26252,2
26252,5
26252,1
26252,3
26253,1
26253,3
26253,6
26254,7
26255,4
26256,2
26257,7
26257,2
26257,5
26257,1
26257,3
26258,3
26259,7
26259,2
26259,5
26259,1
26259,3
26259,6
26260,6
26260,4
26261,5
26261,1
26262,7
26262,2
26263,5
26263,1
26264,1
26265,7
26265,2
26265,5
26265,1
26265,3
26266,6
26267,7
26267,2
26267,5
26267,1
26267,3
26268,6
26270,7
26270,2
26270,5
26270,1
26270,3
26270,6
26270,4
26272,7
26272,2
26272,5
26272,1
26272,3
26272,6
26272,4
26273,1
26274,3
26275,5
26276,6
26277,7
26277,2
26277,5
26277,1
26277,3
26278,3
26279,5
26280,2
26280,5
26280,1
26280,3
26281,5
26282,7
26282,2
26282,5
26282,1
26282,3
26283,3
26284,7
26285,7
26285,2
26285,5
26285,4
26286,6
26287,7
26288,7
26288,2
26288,5
26288,1
26288,3
26289,7
26290,7
26290,2
26290,5
26290,1
26290,3
26291,7
26291,2
26291,5
26291,1
26291,3
26292,3
26293,5
26294,7
26294,2
26294,5
26294,1
26295,1
26296,4
26297,7
26297,2
26297,5
26297,1
26298,7
26298,2
26298,5
26298,1
26298,3
26298,6
26298,4
26299,7
26300,7
26300,2
26300,5
26300,1
26300,3
26301,2
26302,7
26302,2
26303,7
26303,2
26303,5
26303,1
26303,3
26303,6
26304,7
26304,2
26304,5
26304,1
26304,3
26305,2
26306,7
26306,2
26306,5
26306,1
26307,7
26308,3
26308,6
26308,4
26309,5
26309,1
26310,7
26310,2
26310,5
26310,1
26311,6
26311,4
26312,6
26312,4
26313,6
26313,4
26314,5
26315,7
26316,5
26317,7
26317,2
26317,5
26317,1
26317,3
26319,7
26319,2
26319,5
26319,1
26319,3
26320,7
26320,2
26320,5
26320,1
26320,3
26321,1
26322,4
26323,7
26323,2
26323,5
26323,1
26324,7
26324,2
26325,3
26326,7
26326,2
26326,5
26326,1
26326,3
26327,2
26328,5
26329,3
26330,7
26330,2
26330,5
26330,1
26330,3
26330,6
26330,4
26331,1
26332,5
26333,1
26334,1
26335,1
26336,1
26337,7
26337,2
26337,5
26337,1
26337,3
26338,4
26339,7
26340,7
26341,6
26342,6
26343,6
26343,4
26344,1
26346,4
26347,5
26348,6
26349,7
26350,5
26351,7
26351,2
26351,5
26351,1
26351,3
26352,7
26352,2
26352,5
26352,1
26352,3
26353,1
26354,5
26355,4
26356,7
26357,1
26358,1
26359,5
26360,7
26361,1
26362,1
26363,2
26364,3
26365,1
26366,7
26366,2
26366,5
26366,1
26366,3
26367,4
26368,2
26368,5
26368,1
26368,3
26369,6
26370,6
26370,4
26371,1
26372,7
26372,2
26372,5
26372,1
26373,2
26374,2
26375,7
26376,5
26376,1
26377,4
26378,2
26379,4
26380,4
26381,4
26382,7
26383,4
26384,7
26384,2
26384,5
26384,1
26384,3
26385,7
26386,7
26387,4
26388,2
26389,7
26389,2
26391,7
26391,2
26391,5
26391,1
26391,3
26392,7
26393,4
26394,1
26395,2
26396,7
26397,6
26398,7
26399,4
26400,1
26401,7
26401,2
26401,5
26401,1
26401,3
26402,7
26402,2
26402,5
26402,1
26403,7
26403,2
26403,5
26403,1
26404,7
26404,2
26404,5
26404,1
26405,7
26405,2
26405,5
26405,1
26406,7
26406,2
26406,5
26406,1
26407,7
26407,2
26407,5
26407,1
26408,7
26408,2
26408,5
26408,1
26409,6
26411,2
26411,5
26411,1
26412,2
26413,2
26414,7
26414,2
26414,5
26414,1
26414,4
26415,7
26415,2
26415,5
26415,1
26415,3
26416,6
26417,1
26418,4
26419,4
26420,7
26420,2
26420,5
26420,1
26421,7
26421,2
26421,5
26421,1
26422,6
26423,7
26423,2
26423,5
26423,1
26423,3
26424,1
26425,5
26426,5
26427,4
26428,2
26429,7
26429,2
26429,5
26429,1
26429,3
26430,4
26431,5
26432,3
26433,4
26434,4
26435,4
26436,1
26437,4
26438,5
26439,3
26440,7
26440,2
26441,6
26442,5
26443,4
26444,4
26445,6
26446,1
26447,7
26448,2
26449,3
26450,5
26451,4
26452,6
26453,4
26454,6
26455,6
26456,5
26457,2
26458,7
26458,2
26458,5
26458,1
26458,3
26459,7
26460,6
26461,6
26462,2
26463,1
26464,4
26465,3
26466,7
26466,3
26467,5
26468,2
26469,4
26470,6
26471,6
26472,3
26473,7
26473,5
26474,1
26475,7
26475,2
26475,5
26475,1
26475,4
26477,2
26478,1
26479,1
26480,7
26480,2
26480,5
26480,1
26481,2
26481,1
26482,3
26483,2
26484,2
26485,7
26485,2
26485,5
26485,1
26485,3
26486,7
26486,2
26486,5
26486,1
26486,3
26487,2
26488,5
26489,2
26490,3
26491,6
26492,7
26492,2
26492,5
26492,1
26492,3
26493,4
26494,1
26494,3
26495,6
26496,6
26497,5
26498,4
26499,2
26500,2
26501,2
26503,4
26504,7
26505,1
26506,7
26506,2
26506,5
26506,1
26507,3
26508,4
26509,5
26510,5
26511,4
26512,5
26513,1
26514,2
26515,7
26516,4
26517,7
26518,6
26519,4
26520,1
26521,6
26522,2
26523,3
26524,7
26525,2
26526,5
26527,2
26528,7
26529,5
26530,1
26531,6
26532,2
26533,2
26534,7
26534,2
26534,5
26534,1
26534,3
26535,2
26536,3
26537,4
26538,4
26539,2
26540,3
26541,1
26542,2
26543,4
26544,3
26545,1
26546,3
26547,1
26548,1
26549,1
26550,1
26551,2
26552,5
26553,7
26553,2
26553,5
26553,1
26553,3
26553,6
26554,4
26555,5
26556,7
26557,3
26558,5
26559,1
26560,5
26561,3
26562,2
26563,2
26564,4
26565,3
26566,7
26567,4
26568,7
26568,2
26568,5
26568,1
26568,3
26568,6
26568,4
26569,7
26569,2
26569,5
26569,1
26569,3
26570,4
26571,7
26571,2
26571,5
26571,1
26572,2
26573,4
26574,5
26575,6
26576,3
26577,1
26578,6
26579,1
26580,1
26581,5
26582,6
26583,2
26584,6
26585,7
26585,2
26585,5
26585,1
26585,3
26585,6
26585,4
26586,7
26586,2
26586,5
26586,1
26587,3
26588,3
26589,4
26590,2
26591,6
26592,4
26593,7
26593,2
26593,5
26593,1
26593,3
26594,2
26595,7
26595,2
26595,5
26595,1
26595,3
26595,6
26595,4
26596,3
26597,7
26597,2
26597,5
26597,1
26598,7
26598,2
26598,5
26598,1
26599,2
26600,7
26601,1
26602,2
26603,2
26604,7
26604,2
26604,5
26604,1
26604,3
26605,1
26606,7
26606,2
26606,5
26607,4
26608,7
26608,2
26608,5
26608,1
26608,3
26608,6
26608,4
26609,6
26610,2
26611,3
26612,5
26613,5
26614,3
26615,7
26615,2
26615,5
26615,1
26615,3
26615,6
26616,7
26617,3
26617,6
26617,4
26618,7
26618,2
26618,5
26618,1
26618,3
26619,6
26620,3
26620,6
26620,4
26621,7
26621,2
26622,5
26623,7
26623,2
26623,5
26623,1
26623,3
26624,6
26625,7
26625,2
26625,5
26625,1
26625,3
26626,7
26626,2
26626,5
26626,1
26627,7
26627,2
26628,6
26629,4
26630,7
26631,1
26632,2
26632,5
26633,4
26634,4
26635,7
26636,7
26637,7
26637,2
26637,5
26637,1
26638,6
26639,3
26640,7
26640,2
26640,5
26640,1
26640,3
26641,7
26641,2
26641,5
26641,1
26641,3
26642,6
26642,4
26643,7
26643,2
26643,5
26643,1
26643,3
26644,7
26644,6
26645,6
26645,4
26646,5
26647,3
26648,6
26649,5
26649,1
26650,1
26651,5
26651,1
26652,7
26652,2
26652,5
26652,1
26652,3
26653,7
26653,2
26654,7
26654,2
26654,5
26654,1
26654,3
26655,4
26656,6
26657,6
26658,7
26658,2
26658,5
26658,1
26659,3
26660,6
26661,2
26662,4
26663,1
26664,5
26665,7
26665,2
26665,5
26665,1
26665,3
26666,5
26667,7
26667,2
26667,5
26667,1
26667,3
26667,6
26667,4
26668,3
26669,2
26670,5
26671,6
26672,6
26673,7
26673,2
26673,5
26673,1
26673,3
26674,7
26674,2
26674,5
26674,1
26675,4
26676,7
26677,6
26678,6
26679,4
26680,3
26681,7
26682,4
26683,4
26684,7
26684,2
26684,5
26684,1
26684,3
26685,7
26685,2
26685,5
26685,1
26685,3
26686,4
26687,1
26688,7
26689,2
26690,4
26691,6
26691,4
26692,4
26693,5
26693,4
26694,2
26694,5
26695,5
26696,4
26697,7
26697,4
26698,7
26698,4
26699,7
26700,7
26701,3
26702,1
26703,5
26703,3
26704,4
26705,5
26706,4
26707,7
26707,5
26707,3
26708,6
26709,7
26710,5
26711,3
26712,1
26713,2
26714,2
26715,6
26716,1
26717,2
26718,5
26719,2
26720,2
26721,2
26722,2
26723,2
26724,2
26725,7
26726,7
26727,7
26728,1
26729,5
26730,1
26731,3
26732,7
26732,2
26732,5
26732,1
26732,3
26733,6
26734,5
26735,4
26736,5
26737,2
26737,5
26738,1
26740,2
26741,7
26741,2
26741,5
26741,1
26741,3
26742,7
26743,7
26743,6
26743,4
26744,7
26744,2
26744,5
26744,1
26744,3
26745,3
26746,7
26747,6
26748,7
26749,2
26750,6
26751,5
26752,7
26752,3
26753,4
26754,3
26755,3
26756,7
26756,2
26757,7
26757,2
26757,5
26757,1
26757,3
26759,5
26760,6
26760,4
26761,5
26761,1
26762,5
26762,1
26763,7
26764,1
26765,7
26765,2
26765,4
26766,5
26767,1
26768,5
26769,5
26769,1
26770,6
26771,6
26772,7
26772,2
26772,5
26772,1
26772,3
26773,7
26774,7
26774,2
26774,5
26774,1
26774,3
26774,6
26775,7
26775,2
26775,5
26775,1
26775,3
26775,6
26776,6
26776,4
26777,7
26777,2
26777,5
26777,1
26778,4
26779,4
26780,2
26781,6
26782,7
26782,2
26783,5
26783,1
26784,4
26785,7
26786,7
26787,4
26788,5
26788,1
26789,5
26789,1
26790,5
26791,7
26791,2
26791,5
26791,1
26792,7
26792,2
26792,5
26792,1
26792,3
26792,6
26793,6
26794,7
26794,2
26795,4
26796,1
26796,4
26797,4
26798,7
26798,2
26798,5
26798,1
26798,3
26798,6
26799,7
26800,6
26801,7
26801,2
26801,5
26801,1
26801,3
26802,7
26802,2
26802,5
26802,1
26803,7
26803,2
26803,5
26803,1
26804,2
26805,7
26805,2
26805,5
26805,1
26805,3
26805,6
26805,4
26806,2
26807,7
26807,2
26807,5
26807,1
26807,3
26808,3
26809,2
26810,3
26811,3
26812,5
26813,7
26813,2
26813,5
26813,1
26814,5
26815,4
26816,5
26817,1
26818,7
26818,2
26818,5
26818,1
26818,3
26819,4
26820,2
26821,7
26821,2
26822,2
26823,6
26824,4
26825,2
26826,4
26827,5
26828,5
26829,1
26830,5
26831,1
26832,6
26833,4
26834,1
26835,7
26835,2
26835,5
26835,1
26835,3
26836,3
26837,1
26838,7
26838,2
26838,5
26838,1
26838,3
26839,5
26840,3
26841,4
26842,7
26842,2
26842,5
26842,1
26842,3
26842,6
26842,4
26843,7
26844,6
26845,7
26846,4
26847,6
26848,1
26849,2
26850,4
26851,4
26852,7
26852,2
26852,5
26852,1
26852,3
26853,5
26854,7
26855,5
26856,7
26857,2
26858,6
26858,4
26859,6
26859,4
26860,6
26861,6
26862,2
26863,5
26863,1
26864,7
26864,2
26864,5
26864,1
26864,3
26865,7
26865,2
26865,5
26865,1
26865,3
26866,7
26866,2
26866,5
26866,1
26866,3
26867,7
26867,2
26867,5
26867,1
26867,3
26868,1
26869,7
26870,7
26870,2
26870,5
26870,1
26870,3
26871,6
26872,3
26873,5
26874,2
26875,5
26876,1
26877,2
26877,5
26878,5
26878,1
26878,3
26879,7
26880,5
26881,6
26882,4
26883,5
26884,3
26884,4
26885,3
26886,4
26887,6
26888,7
26888,2
26888,5
26888,1
26888,3
26889,3
26890,5
26891,6
26892,4
26893,6
26894,5
26895,2
26896,5
26898,1
26899,7
26899,2
26899,5
26899,1
26900,7
26900,2
26900,5
26900,1
26901,7
26901,2
26901,5
26901,1
26902,7
26902,2
26902,5
26902,1
26903,7
26904,3
26905,1
26906,3
26907,4
26908,6
26909,3
26910,5
26911,3
26912,6
26913,7
26914,7
26914,2
26914,5
26914,1
26915,7
26915,2
26915,5
26915,1
26916,7
26916,2
26916,5
26916,4
26917,7
26917,2
26917,5
26917,1
26918,7
26918,2
26918,5
26918,1
26918,3
26919,1
26920,2
26921,7
26921,2
26921,5
26921,1
26921,3
26922,1
26922,3
26923,7
26923,2
26923,5
26923,1
26923,3
26924,7
26925,2
26926,2
26927,2
26928,7
26928,2
26928,5
26928,1
26929,7
26929,2
26929,5
26929,1
26930,7
26930,1
26931,5
26932,1
26932,3
26933,7
26933,2
26934,2
26934,5
26934,1
26934,3
26935,7
26935,2
26935,5
26935,1
26935,3
26935,6
26935,4
26936,4
26937,7
26937,2
26937,5
26937,1
26937,3
26938,7
26938,2
26938,5
26938,1
26939,7
26939,2
26939,5
26939,1
26939,3
26940,5
26941,7
26941,2
26941,5
26941,1
26942,3
26943,3
26944,7
26944,2
26944,5
26944,1
26945,6
26946,7
26946,2
26946,5
26946,1
26946,3
26947,7
26947,2
26947,5
26947,1
26947,3
26948,7
26949,3
26950,3
26951,2
26952,7
26952,2
26952,5
26952,1
26953,3
26954,7
26954,2
26954,5
26954,1
26954,3
26954,6
26954,4
26955,1
26956,7
26957,3
26958,4
26959,4
26960,1
26961,2
26962,1
26963,1
26964,5
26965,1
26966,1
26967,5
26968,7
26969,7
26969,2
26969,5
26969,1
26969,3
26970,1
26971,7
26971,2
26972,7
26973,4
26974,7
26974,2
26974,5
26974,1
26974,3
26975,4
26976,7
26976,2
26976,5
26976,1
26976,3
26978,7
26979,7
26980,7
26980,2
26980,5
26980,1
26980,3
26981,1
26982,3
26983,3
26984,7
26985,7
26985,2
26985,5
26985,1
26986,5
26986,1
26987,6
26987,4
26988,6
26989,7
26990,3
26991,6
26992,5
26993,6
26994,2
26995,7
26995,2
26995,5
26995,1
26995,3
26996,5
26997,7
26997,2
26997,5
26997,1
26997,3
26998,4
26999,1
27000,4
27001,7
27001,2
27001,5
27001,1
27002,7
27002,2
27002,5
27002,1
27003,1
27004,7
27005,2
27006,6
27007,3
27008,3
27009,6
27010,6
27011,6
27012,6
27013,6
27014,2
27015,2
27016,7
27017,7
27017,2
27017,5
27017,1
27018,5
27019,7
27020,6
27021,1
27022,3
27023,6
27024,5
27024,1
27025,5
27026,4
27027,1
27028,7
27029,3
27030,6
27031,4
27032,7
27032,5
27032,4
27033,6
27034,4
27035,6
27036,3
27037,6
27038,5
27039,7
27039,2
27039,5
27039,1
27039,3
27039,6
27039,4
27040,4
27041,7
27042,1
27043,5
27043,1
27044,1
27045,1
27046,5
27047,6
27048,3
27049,4
27050,4
27051,2
27052,7
27053,6
27054,7
27054,2
27054,5
27054,1
27054,3
27054,6
27054,4
27055,3
27056,5
27057,3
27058,7
27058,2
27058,5
27058,1
27058,3
27059,2
27060,1
27061,7
27061,2
27061,5
27061,1
27061,3
27062,1
27063,4
27064,1
27065,6
27066,2
27067,1
27068,5
27069,7
27070,7
27070,2
27070,5
27070,1
27070,3
27071,7
27072,3
27073,2
27074,2
27075,2
27076,4
27077,5
27078,4
27079,2
27080,5
27081,7
27081,2
27082,7
27082,2
27082,5
27082,1
27082,3
27083,2
27084,2
27085,1
27086,7
27086,2
27086,5
27086,1
27086,3
27087,4
27088,1
27089,5
27090,6
27091,7
27092,4
27093,7
27093,2
27093,5
27093,1
27093,3
27094,2
27095,4
27096,7
27096,2
27096,5
27096,1
27096,3
27097,2
27098,7
27099,2
27100,7
27101,2
27102,7
27102,2
27102,5
27102,1
27103,6
27104,2
27104,5
27104,1
27104,3
27105,3
27106,3
27107,5
27108,6
27109,1
27110,7
27110,2
27110,5
27110,1
27110,3
27111,2
27112,2
27112,5
27112,1
27113,7
27113,2
27113,5
27113,1
27113,3
27114,7
27114,2
27114,5
27114,1
27114,3
27114,6
27114,4
27115,3
27116,2
27117,3
27118,5
27119,1
27120,5
27121,7
27122,7
27123,5
27125,5
27125,1
27126,4
27127,5
27128,6
27129,4
27130,6
27130,4
27131,5
27132,1
27133,3
27134,7
27134,2
27135,5
27136,7
27136,2
27137,7
27138,3
27139,7
27140,4
27141,6
27142,1
27143,3
27144,3
27145,7
27145,2
27145,5
27145,1
27145,3
27146,7
27146,2
27146,5
27146,1
27146,3
27147,6
27148,1
27149,1
27150,3
27151,1
27152,1
27153,5
27154,4
27155,7
27155,2
27155,5
27155,1
27155,3
27156,7
27157,7
27157,2
27157,5
27157,1
27157,3
27158,4
27159,3
27160,5
27161,5
27162,7
27162,2
27162,5
27162,1
27162,3
27163,7
27163,2
27163,5
27163,1
27163,3
27164,5
27165,7
27166,3
27167,3
27168,3
27169,2
27170,7
27170,2
27170,5
27170,1
27170,3
27171,5
27172,3
27173,7
27173,2
27173,5
27173,1
27173,3
27173,6
27173,4
27174,5
27175,2
27176,2
27177,3
27178,6
27178,4
27179,6
27180,1
27181,3
27182,5
27183,4
27184,5
27184,1
27185,7
27185,2
27185,5
27185,1
27185,3
27185,6
27185,4
27186,4
27187,5
27187,3
27188,1
27189,1
27190,7
27191,6
27192,7
27193,3
27194,3
27195,3
27196,3
27197,7
27198,6
27199,4
27200,4
27201,5
27201,1
27202,7
27202,2
27202,5
27202,1
27203,4
27204,6
27204,4
27205,4
27206,6
27207,7
27207,2
27207,5
27208,7
27209,4
27210,2
27211,1
27212,1
27213,2
27214,6
27214,4
27215,5
27216,7
27216,2
27216,5
27216,1
27216,3
27217,3
27218,7
27218,3
27219,4
27220,4
27221,5
27222,7
27222,2
27222,5
27222,1
27222,3
27222,6
27222,4
27223,6
27224,4
27225,4
27226,7
27227,6
27228,4
27229,3
27230,4
27231,5
27232,4
27233,1
27234,5
27235,6
27236,7
27236,2
27236,5
27236,1
27236,3
27237,6
27238,1
27239,6
27240,2
27241,7
27242,1
27243,4
27244,7
27244,2
27244,5
27244,1
27244,3
27244,6
27244,4
27245,7
27246,6
27247,3
27248,7
27249,4
27250,7
27251,2
27252,1
27253,2
27254,6
27255,6
27255,4
27256,5
27256,1
27257,4
27258,7
27259,5
27260,7
27260,2
27261,7
27261,2
27261,5
27262,7
27263,7
27263,2
27263,5
27263,1
27263,3
27264,4
27265,7
27265,2
27265,5
27265,1
27266,3
27267,1
27267,6
27267,4
27268,7
27268,2
27269,5
27269,1
27270,7
27270,2
27271,3
27272,2
27273,2
27274,7
27275,6
27277,7
27277,2
27277,5
27277,1
27277,3
27278,2
27279,4
27280,6
27281,6
27282,2
27283,5
27284,7
27284,2
27284,5
27284,1
27284,3
27285,6
27286,2
27286,3
27287,6
27288,3
27289,7
27289,2
27289,5
27289,1
27289,3
27289,6
27289,4
27290,7
27291,2
27292,2
27293,7
27293,2
27293,5
27294,5
27295,7
27295,2
27295,4
27296,1
27297,4
27298,4
27299,7
27299,2
27299,5
27299,1
27299,3
27300,3
27301,1
27302,3
27303,7
27304,5
27305,4
27306,3
27307,1
27307,3
27307,6
27308,6
27309,6
27310,5
27311,5
27312,4
27313,2
27314,4
27315,7
27316,2
27317,7
27317,2
27318,2
27319,4
27320,1
27321,5
27322,3
27323,5
27324,7
27325,7
27325,2
27325,5
27325,1
27325,3
27325,4
27326,4
27327,7
27327,2
27327,5
27327,1
27327,3
27328,4
27329,6
27330,7
27331,7
27332,6
27333,7
27333,2
27333,5
27334,7
27334,2
27334,5
27334,1
27334,3
27334,6
27334,4
27335,4
27336,7
27337,3
27337,6
27337,4
27338,3
27338,6
27339,5
27339,1
27340,3
27341,5
27341,1
27342,7
27342,2
27343,7
27343,2
27344,7
27344,5
27344,3
27345,4
27346,4
27347,6
27347,4
27348,7
27349,4
27350,6
27351,2
27352,3
27353,7
27353,2
27353,5
27353,1
27353,3
27353,6
27353,4
27354,2
27355,7
27356,6
27357,4
27358,3
27359,2
27360,1
27361,7
27362,5
27363,3
27364,6
27365,7
27365,2
27366,6
27367,1
27368,5
27369,1
27370,7
27371,2
27372,7
27373,5
27374,7
27375,1
27376,5
27377,7
27378,1
27379,6
27380,7
27381,3
27382,5
27383,4
27384,6
27385,6
27386,3
27387,3
27388,3
27389,4
27390,6
27391,7
27391,5
27391,1
27391,6
27391,4
27392,2
27393,7
27393,2
27393,5
27393,1
27393,3
27393,6
27393,4
27394,5
27395,1
27396,7
27396,2
27397,3
27397,6
27398,4
27399,4
27400,5
27400,1
27400,3
27401,7
27402,7
27403,4
27404,1
27405,3
27406,7
27407,4
27408,4
27409,3
27410,4
27411,7
27412,2
27413,5
27414,5
27415,3
27416,5
27417,4
27418,4
27419,3
27420,6
27421,5
27421,6
27422,1
27423,7
27424,3
27425,2
27426,6
27427,3
27428,7
27429,2
27430,4
27431,4
27432,7
27432,2
27432,5
27432,1
27432,3
27433,7
27433,2
27433,5
27433,1
27433,3
27434,6
27434,4
27435,1
27436,5
27437,5
27438,7
27439,7
27439,2
27439,5
27439,1
27439,3
27440,7
27440,2
27440,5
27440,1
27440,3
27441,5
27442,2
27443,7
27443,2
27444,5
27445,5
27445,1
27446,5
27446,1
27447,7
27448,7
27448,2
27448,5
27448,1
27448,3
27449,3
27450,2
27451,1
27452,7
27452,2
27452,5
27452,1
27452,3
27452,6
27453,2
27454,5
27455,7
27455,2
27455,5
27455,1
27455,4
27456,2
27457,7
27457,2
27457,5
27457,1
27457,3
27457,6
27457,4
27458,4
27459,1
27460,5
27461,2
27462,2
27463,1
27464,5
27464,1
27465,2
27466,5
27466,4
27467,7
27468,7
27469,7
27470,3
27471,1
27472,3
27473,7
27474,7
27474,2
27474,5
27474,1
27474,3
27475,7
27476,6
27477,2
27478,5
27479,5
27479,1
27480,7
27480,2
27481,7
27481,2
27482,1
27483,5
27484,7
27485,5
27486,3
27487,7
27488,7
27488,2
27488,5
27488,1
27488,3
27489,5
27490,4
27491,5
27492,7
27493,6
27494,4
27495,7
27496,2
27497,5
27498,7
27498,2
27498,5
27498,1
27498,3
27498,6
27498,4
27499,7
27499,4
27500,1
27501,6
27502,7
27502,2
27503,2
27504,3
27505,2
27506,7
27506,4
27507,4
27508,7
27508,2
27508,5
27508,1
27508,4
27509,5
27510,1
27511,6
27512,3
27513,7
27513,2
27513,5
27513,1
27513,3
27514,4
27515,7
27515,2
27515,5
27515,1
27516,6
27517,6
27518,6
27519,7
27519,2
27519,5
27519,1
27519,3
27520,7
27520,4
27521,7
27521,2
27521,5
27521,1
27522,7
27522,2
27522,5
27522,1
27523,6
27524,7
27524,2
27525,1
27526,4
27527,4
27528,3
27529,1
27530,2
27530,4
27531,1
27532,3
27532,6
27533,6
27533,4
27534,5
27535,4
27536,3
27537,7
27537,2
27537,5
27537,1
27537,3
27538,7
27538,4
27539,7
27539,2
27539,5
27539,1
27539,3
27540,7
27541,2
27542,7
27543,6
27544,3
27545,5
27546,7
27546,2
27547,5
27547,1
27548,5
27548,1
27549,2
27550,3
27550,4
27551,2
27552,1
27553,1
27554,1
27555,6
27556,3
27557,5
27558,7
27559,2
27560,6
27561,1
27562,3
27563,4
27564,6
27565,4
27566,1
27567,7
27568,1
27569,6
27570,3
27571,2
27572,5
27573,2
27574,7
27575,5
27576,7
27576,2
27576,5
27576,1
27576,3
27576,4
27577,6
27578,1
27579,2
27580,6
27581,5
27582,2
27582,5
27582,1
27582,3
27583,6
27584,5
27585,3
27586,7
27586,2
27586,5
27586,1
27586,3
27586,6
27586,4
27587,4
27588,4
27589,3
27590,7
27590,2
27590,5
27590,1
27590,3
27591,1
27592,2
27593,4
27594,4
27595,6
27596,1
27597,5
27598,4
27599,5
27600,7
27601,7
27601,2
27601,5
27601,1
27601,3
27601,6
27601,4
27602,1
27603,7
27603,2
27603,5
27603,1
27604,4
27605,4
27606,6
27607,4
27608,7
27609,3
27610,4
27612,7
27613,3
27614,2
27615,4
27617,2
27618,4
27619,5
27620,2
27621,5
27622,7
27623,7
27623,5
27623,3
27624,4
27625,4
27626,1
27627,5
27628,3
27629,2
27630,5
27631,2
27632,6
27633,7
27633,2
27633,5
27633,1
27633,3
27634,7
27634,2
27634,5
27634,1
27635,6
27636,4
27637,6
27638,7
27638,2
27638,5
27638,1
27639,5
27640,4
27641,6
27642,4
27643,4
27644,5
27645,4
27646,1
27647,2
27648,3
27649,1
27650,5
27651,6
27652,5
27654,5
27655,2
27656,5
27657,5
27658,3
27659,2
27660,4
27661,7
27662,2
27663,7
27664,7
27665,4
27666,4
27667,7
27667,2
27667,5
27667,1
27668,3
27669,1
27670,7
27671,5
27672,3
27673,6
27674,5
27675,3
27675,4
27676,2
27677,5
27678,4
27679,2
27680,3
27681,6
27682,4
27683,6
27684,6
27685,6
27686,6
27687,4
27688,6
27689,3
27690,6
27691,1
27692,7
27693,1
27694,3
27695,7
27695,2
27695,5
27695,1
27696,3
27697,7
27697,2
27697,5
27697,1
27697,3
27698,7
27698,2
27698,5
27698,1
27698,3
27699,7
27699,2
27699,5
27699,1
27699,3
27700,5
27701,4
27702,5
27703,5
27704,6
27705,6
27705,4
27706,7
27707,2
27708,7
27708,2
27708,5
27708,1
27709,1
27710,6
27711,5
27711,1
27712,7
27712,2
27713,2
27714,5
27714,1
27715,3
27716,7
27717,1
27718,5
27719,1
27720,5
27721,7
27722,6
27723,2
27724,2
27725,7
27725,1
27726,3
27727,7
27728,2
27729,4
27730,7
27731,3
27732,6
27733,7
27733,2
27733,5
27733,1
27734,7
27734,2
27734,5
27734,1
27734,3
27735,3
27736,3
27737,3
27738,7
27738,2
27738,5
27738,1
27738,3
27738,6
27739,2
27740,6
27741,6
27742,7
27742,2
27742,5
27742,1
27742,3
27743,2
27744,1
27745,4
27746,6
27747,4
27748,7
27748,2
27748,5
27748,1
27749,2
27749,5
27749,1
27749,3
27750,4
27751,5
27752,5
27753,7
27753,2
27753,5
27753,1
27753,3
27753,6
27754,6
27755,6
27756,1
27757,5
27758,6
27759,2
27760,7
27761,3
27763,1
27764,4
27765,5
27766,1
27767,1
27768,2
27769,5
27770,2
27771,1
27772,7
27772,2
27772,5
27773,5
27774,7
27775,3
27776,1
27777,1
27778,4
27779,5
27780,7
27780,2
27780,5
27780,1
27780,3
27781,7
27782,7
27783,7
27783,2
27783,5
27783,1
27784,6
27785,3
27786,6
27787,7
27787,2
27787,5
27787,1
27787,3
27788,2
27789,2
27790,7
27791,7
27792,4
27793,7
27794,7
27795,4
27796,2
27797,7
27798,7
27798,2
27799,2
27800,7
27800,2
27800,5
27800,1
27800,3
27800,6
27800,4
27801,5
27802,6
27802,4
27803,4
27804,7
27805,3
27806,6
27807,1
27808,4
27809,5
27809,1
27810,4
27811,1
27812,1
27813,4
27814,4
27815,6
27816,7
27817,3
27818,1
27819,2
27820,5
27821,6
27822,6
27823,7
27824,4
27825,4
27826,7
27826,2
27827,3
27828,4
27829,3
27830,7
27831,4
27832,1
27833,3
27834,7
27834,5
27835,2
27836,3
27837,4
27838,7
27838,2
27838,5
27838,1
27838,3
27839,7
27839,2
27839,5
27839,1
27839,3
27839,6
27840,6
27841,3
27842,5
27843,3
27844,3
27845,7
27845,2
27845,5
27845,1
27845,3
27846,4
27847,2
27848,3
27849,2
27850,2
27851,2
27852,2
27853,7
27854,2
27855,1
27856,7
27856,2
27856,5
27856,1
27856,3
27856,6
27856,4
27857,2
27858,7
27859,2
27860,2
27861,1
27862,5
27863,3
27864,7
27865,2
27866,7
27866,2
27866,5
27866,1
27866,3
27867,2
27868,5
27869,5
27870,5
27871,7
27871,2
27871,5
27871,1
27871,3
27872,4
27873,2
27874,2
27875,4
27876,7
27876,2
27876,5
27876,1
27876,3
27877,3
27878,5
27879,3
27880,2
27881,2
27882,7
27883,2
27884,7
27884,2
27884,5
27884,1
27885,5
27886,7
27886,2
27886,5
27886,1
27886,3
27887,3
27888,5
27889,7
27890,7
27891,7
27891,2
27891,5
27891,1
27891,3
27892,7
27893,7
27894,5
27895,3
27896,5
27897,7
27898,1
27899,7
27900,7
27900,2
27900,5
27900,1
27900,3
27901,5
27902,7
27902,2
27902,5
27902,1
27902,3
27903,2
27904,3
27905,6
27906,3
27907,7
27907,2
27907,5
27907,1
27907,3
27908,7
27908,2
27908,5
27908,1
27908,3
27908,6
27908,4
27909,4
27910,3
27911,3
27912,3
27913,6
27914,7
27915,2
27916,7
27916,2
27916,5
27916,1
27916,3
27917,7
27918,1
27919,3
27920,6
27921,2
27922,7
27923,4
27924,2
27925,4
27926,4
27927,4
27928,1
27929,6
27929,4
27930,1
27931,3
27932,7
27932,2
27932,5
27932,1
27932,3
27933,3
27934,3
27935,2
27936,7
27936,2
27936,5
27936,1
27936,3
27937,1
27938,5
27939,6
27940,5
27941,1
27942,5
27943,2
27944,6
27945,4
27946,2
27947,7
27947,2
27947,5
27947,1
27948,6
27950,7
27951,2
27952,7
27952,2
27952,5
27952,1
27952,3
27953,2
27954,7
27954,2
27954,5
27954,1
27954,3
27955,4
27956,5
27957,1
27958,5
27959,7
27959,2
27959,5
27959,1
27960,5
27961,4
27962,6
27963,3
27964,7
27965,5
27966,7
27966,2
27966,5
27966,1
27967,1
27968,7
27968,2
27968,5
27968,1
27968,3
27969,3
27970,3
27971,7
27971,2
27971,5
27971,1
27972,7
27972,2
27972,5
27972,1
27973,6
27974,6
27975,5
27976,5
27977,5
27979,5
27980,5
27981,1
27982,3
27983,3
27984,2
27985,3
27986,7
27986,2
27986,5
27986,1
27986,3
27987,7
27988,1
27989,1
27990,3
27991,7
27991,2
27991,5
27991,1
27991,3
27991,6
27991,4
27992,5
27993,4
27994,7
27994,2
27994,5
27994,1
27994,3
27994,6
27994,4
27995,2
27996,3
27997,6
27998,7
27998,2
27998,5
27998,1
27998,3
27999,4
28000,1
28001,5
28002,3
28003,7
28003,2
28003,5
28003,1
28003,3
28003,6
28004,3
28005,7
28005,4
28006,3
28007,2
28008,7
28009,1
28010,6
28011,3
28012,3
28013,2
28014,5
28015,4
28016,2
28017,4
28018,7
28019,7
28019,2
28019,5
28019,1
28019,3
28020,4
28021,4
28022,2
28023,6
28024,7
28024,2
28024,5
28024,1
28024,3
28025,3
28027,5
28028,4
28029,5
28030,7
28030,2
28030,5
28030,1
28030,3
28030,6
28030,4
28031,3
28032,7
28033,1
28034,4
28035,7
28036,5
28037,5
28038,3
28039,6
28040,4
28041,7
28042,2
28043,2
28043,1
28044,1
28045,7
28046,2
28047,7
28048,4
28049,3
28050,6
28051,1
28052,7
28052,4
28053,1
28054,3
28055,5
28056,6
28057,2
28058,6
28059,6
28060,4
28061,1
28062,7
28063,7
28064,3
28065,2
28066,5
28067,1
28068,7
28068,2
28068,5
28068,1
28068,3
28069,4
28070,4
28071,1
28072,7
28072,2
28072,5
28072,1
28072,3
28073,7
28074,2
28075,4
28076,2
28076,5
28076,1
28077,4
28078,7
28078,2
28078,5
28079,2
28080,7
28080,2
28080,5
28081,7
28082,6
28083,5
28084,5
28085,7
28086,1
28087,3
28088,5
28089,2
28090,2
28091,5
28091,4
28092,1
28093,7
28094,7
28094,4
28095,6
28096,1
28097,2
28098,6
28099,2
28100,4
28101,2
28101,5
28102,1
28103,4
28104,4
28105,1
28106,2
28107,1
28108,2
28109,7
28110,3
28111,1
28112,6
28113,6
28114,3
28115,3
28116,1
28117,2
28118,7
28118,2
28118,5
28118,1
28119,5
28119,1
28120,6
28121,1
28122,7
28123,3
28124,6
28125,1
28125,3
28126,7
28127,5
28128,6
28129,5
28130,7
28131,6
28132,5
28133,6
28134,6
28135,7
28135,4
28136,3
28137,4
28138,7
28139,2
28140,3
28141,6
28142,4
28143,7
28144,6
28145,7
28146,2
28147,7
28147,2
28147,5
28147,1
28148,2
28149,3
28150,4
28151,4
28152,1
28154,2
28155,4
28156,3
28157,1
28158,7
28159,1
28160,3
28161,1
28162,3
28163,5
28163,3
28164,7
28164,2
28164,5
28164,1
28164,3
28165,5
28166,7
28166,2
28166,5
28166,1
28166,3
28167,4
28168,6
28169,2
28170,3
28171,2
28172,7
28172,2
28172,5
28172,1
28173,1
28174,4
28175,3
28176,7
28176,2
28176,5
28176,1
28176,3
28177,6
28178,7
28179,1
28180,7
28180,2
28180,4
28181,4
28182,4
28183,4
28184,7
28184,2
28184,5
28184,1
28185,7
28185,2
28185,5
28185,1
28185,3
28186,1
28187,6
28188,6
28189,4
28190,7
28191,4
28192,7
28192,2
28192,4
28193,4
28194,7
28195,1
28196,2
28197,4
28198,7
28200,7
28200,2
28200,5
28200,1
28201,3
28202,2
28204,3
28205,1
28205,6
28205,4
28206,7
28207,2
28208,3
28209,7
28210,4
28211,7
28212,1
28213,4
28214,7
28214,2
28214,5
28214,1
28215,7
28215,2
28215,5
28215,1
28215,3
28216,2
28217,1
28218,1
28219,5
28219,1
28219,3
28220,4
28221,1
28221,3
28223,7
28223,2
28223,5
28223,1
28224,1
28225,7
28225,2
28225,5
28225,1
28226,7
28227,4
28228,7
28228,2
28228,5
28228,1
28228,3
28229,3
28230,2
28231,5
28232,7
28233,5
28234,3
28235,7
28236,4
28237,4
28238,7
28239,5
28239,1
28239,4
28240,6
28241,5
28242,3
28243,5
28244,1
28245,7
28245,2
28245,5
28245,1
28246,7
28246,2
28246,5
28246,1
28247,7
28247,2
28247,5
28247,1
28247,3
28248,7
28248,2
28248,5
28248,1
28248,3
28249,6
28250,2
28251,4
28252,4
28253,2
28254,5
28255,7
28256,4
28257,1
28258,3
28259,7
28260,2
28261,5
28262,2
28263,7
28264,6
28265,6
28266,2
28267,7
28267,2
28267,5
28267,1
28267,3
28268,5
28269,2
28270,6
28271,5
28272,1
28273,7
28273,2
28273,5
28273,1
28273,3
28274,7
28274,2
28274,5
28274,1
28274,3
28275,6
28276,7
28277,2
28278,7
28279,2
28280,4
28281,1
28282,6
28283,1
28284,7
28284,2
28284,5
28284,1
28284,3
28285,7
28285,2
28285,5
28285,1
28285,3
28286,5
28287,5
28287,1
28288,5
28288,1
28289,7
28289,2
28289,5
28289,1
28289,3
28290,7
28290,2
28291,7
28291,2
28292,5
28293,6
28294,7
28295,5
28296,2
28297,5
28298,6
28299,5
28300,2
28301,4
28302,4
28303,4
28304,1
28305,1
28306,3
28307,1
28308,7
28309,5
28310,2
28311,2
28312,3
28313,7
28313,2
28313,5
28313,1
28313,3
28314,4
28315,3
28316,2
28317,6
28318,1
28319,2
28320,5
28321,1
28322,2
28323,7
28323,2
28323,5
28323,1
28323,3
28323,6
28323,4
28324,2
28325,2
28326,7
28327,6
28328,6
28329,7
28329,6
28330,7
28331,7
28331,2
28331,5
28331,1
28331,3
28332,6
28333,4
28334,4
28335,6
28336,6
28337,7
28338,7
28339,1
28340,6
28341,3
28342,5
28343,7
28344,7
28344,2
28345,3
28346,5
28347,7
28347,4
28348,7
28348,2
28348,5
28349,1
28350,7
28350,2
28350,5
28350,1
28350,3
28351,5
28352,4
28353,4
28354,7
28354,2
28355,7
28355,2
28355,5
28355,1
28355,3
28356,2
28357,5
28358,2
28360,7
28360,2
28360,5
28360,1
28360,3
28361,5
28361,1
28362,7
28362,2
28362,5
28362,1
28362,3
28363,7
28363,2
28363,5
28363,1
28363,3
28364,4
28365,7
28365,2
28365,5
28366,7
28366,2
28366,5
28367,7
28367,2
28367,5
28367,1
28367,3
28368,3
28369,7
28371,7
28371,2
28371,5
28371,1
28371,3
28371,6
28371,4
28372,2
28373,2
28374,4
28375,7
28375,2
28375,5
28375,1
28375,3
28376,5
28377,5
28378,6
28379,6
28380,1
28381,5
28382,3
28383,5
28384,2
28385,7
28386,3
28387,6
28388,1
28389,6
28389,4
28390,7
28390,2
28390,5
28390,1
28390,3
28391,2
28392,6
28392,4
28393,6
28394,2
28395,6
28395,4
28396,6
28397,1
28398,2
28399,6
28399,4
28400,7
28400,2
28400,5
28400,1
28400,3
28401,7
28402,7
28402,2
28402,5
28402,1
28402,3
28402,6
28402,4
28403,2
28403,5
28403,1
28403,3
28403,6
28404,7
28404,2
28404,5
28404,1
28405,4
28406,5
28407,6
28407,4
28408,6
28408,4
28409,7
28409,2
28409,5
28409,1
28410,2
28411,6
28412,5
28413,6
28414,6
28415,4
28416,3
28417,2
28418,6
28419,6
28420,6
28421,6
28422,6
28423,1
28424,3
28425,7
28425,2
28425,5
28425,1
28425,3
28426,7
28427,7
28427,2
28427,5
28427,1
28428,4
28429,7
28429,2
28429,5
28429,1
28429,3
28429,6
28429,4
28430,4
28431,5
28432,2
28433,4
28434,2
28434,5
28434,1
28434,3
28434,6
28435,2
28436,2
28437,6
28438,1
28439,6
28439,4
28440,6
28441,2
28442,2
28443,4
28444,7
28445,3
28446,1
28447,6
28448,6
28448,4
28449,7
28450,7
28450,2
28450,5
28450,1
28450,3
28450,6
28450,4
28451,4
28452,7
28453,2
28454,7
28455,5
28456,2
28457,5
28458,6
28459,2
28460,1
28461,4
28462,6
28463,6
28464,7
28464,2
28464,5
28464,1
28465,7
28465,2
28465,5
28466,1
28466,3
28468,2
28468,3
28468,4
28469,2
28470,2
28470,5
28471,4
28472,3
28473,7
28473,2
28474,7
28474,2
28474,5
28474,1
28474,3
28475,3
28476,7
28476,2
28476,5
28476,1
28476,3
28477,4
28478,1
28479,5
28480,4
28481,3
28482,3
28483,2
28484,1
28485,2
28486,7
28486,2
28486,5
28486,1
28487,6
28487,4
28488,7
28489,6
28490,7
28490,2
28490,5
28490,1
28491,6
28492,6
28493,6
28494,6
28495,6
28496,6
28497,4
28498,4
28499,3
28500,4
28501,7
28501,2
28501,5
28501,1
28501,3
28501,6
28501,4
28503,5
28503,4
28504,7
28505,4
28506,3
28507,2
28508,6
28509,5
28510,3
28511,3
28512,6
28513,1
28515,5
28516,1
28517,1
28518,3
28519,4
28520,7
28521,2
28522,7
28522,2
28522,5
28522,1
28522,3
28523,7
28523,2
28523,5
28523,1
28524,7
28524,2
28524,5
28524,1
28525,7
28525,2
28525,5
28525,1
28525,3
28526,2
28526,5
28527,6
28528,2
28529,3
28530,4
28531,6
28532,5
28533,6
28534,7
28535,6
28536,3
28537,7
28538,1
28539,1
28540,7
28540,2
28540,5
28540,1
28541,1
28542,2
28543,2
28544,7
28544,2
28544,5
28544,1
28545,2
28546,7
28546,2
28546,5
28546,1
28546,3
28546,6
28546,4
28547,2
28547,5
28547,1
28548,6
28549,7
28549,2
28549,5
28549,1
28549,3
28550,6
28551,1
28552,2
28553,2
28554,3
28555,6
28556,7
28557,7
28557,2
28557,5
28557,1
28557,3
28557,6
28557,4
28558,7
28559,2
28560,7
28560,4
28561,1
28562,6
28562,4
28563,6
28564,5
28565,5
28566,7
28566,2
28566,5
28566,1
28566,3
28566,6
28566,4
28567,4
28568,5
28569,7
28569,2
28569,5
28569,1
28569,3
28569,6
28569,4
28570,1
28571,7
28572,7
28572,2
28573,7
28574,7
28575,3
28576,1
28577,2
28578,7
28578,2
28578,5
28578,1
28578,3
28579,6
28579,4
28580,6
28581,4
28582,2
28582,6
28583,6
28584,3
28585,7
28585,2
28585,5
28585,1
28585,3
28586,7
28586,2
28586,5
28586,1
28586,3
28586,6
28586,4
28587,6
28587,4
28588,6
28589,4
28590,2
28591,6
28592,2
28593,5
28594,1
28595,1
28596,3
28597,6
28598,7
28599,6
28600,4
28601,2
28602,2
28603,4
28604,7
28605,7
28605,2
28605,5
28606,6
28607,1
28608,2
28609,6
28610,2
28611,4
28612,7
28613,2
28614,1
28615,4
28616,3
28617,7
28618,4
28619,2
28620,6
28621,7
28621,2
28621,5
28621,1
28621,3
28621,6
28621,4
28622,7
28622,2
28622,5
28622,1
28623,7
28623,2
28623,5
28623,1
28624,6
28625,7
28625,2
28625,5
28625,1
28625,3
28626,7
28626,2
28626,5
28626,1
28626,6
28626,4
28627,2
28627,5
28628,6
28629,7
28629,4
28630,7
28631,7
28631,2
28631,5
28631,1
28631,3
28631,6
28631,4
28632,7
28632,2
28632,5
28632,1
28632,3
28633,7
28634,4
28635,3
28636,7
28637,2
28637,1
28637,4
28638,4
28639,5
28640,5
28641,5
28642,7
28643,4
28644,7
28645,6
28646,5
28647,6
28648,1
28649,7
28650,7
28650,2
28650,5
28650,1
28650,3
28651,6
28651,4
28652,7
28652,2
28652,5
28652,1
28653,4
28654,7
28655,7
28655,2
28655,5
28655,1
28655,3
28655,6
28655,4
28656,1
28657,6
28657,4
28658,4
28659,6
28660,6
28661,4
28662,7
28663,5
28664,7
28665,7
28665,2
28665,5
28665,1
28666,7
28667,4
28668,7
28668,2
28668,5
28668,1
28668,3
28669,2
28670,3
28671,2
28672,2
28673,7
28673,2
28673,5
28673,1
28674,7
28674,2
28674,5
28674,1
28674,3
28674,6
28674,4
28675,3
28676,7
28676,2
28676,5
28676,1
28676,3
28676,6
28676,4
28677,7
28677,2
28677,5
28678,5
28679,5
28679,1
28680,5
28681,6
28682,7
28683,6
28684,1
28685,1
28686,1
28687,7
28687,2
28687,5
28687,1
28687,3
28687,6
28687,4
28688,7
28688,4
28689,3
28690,6
28691,1
28692,7
28692,2
28692,5
28692,1
28692,3
28693,4
28694,4
28695,5
28696,6
28696,4
28697,4
28698,1
28699,1
28700,2
28701,1
28702,4
28703,2
28704,7
28704,2
28704,5
28704,1
28705,2
28706,7
28707,7
28707,2
28707,5
28707,1
28708,7
28708,2
28708,5
28708,1
28710,7
28710,2
28710,5
28710,1
28711,6
28711,4
28712,7
28712,2
28712,5
28712,1
28712,3
28713,4
28714,7
28714,2
28714,5
28714,1
28715,7
28715,2
28715,5
28715,1
28715,3
28716,7
28716,2
28716,5
28716,1
28717,4
28718,2
28719,5
28720,7
28721,6
28722,3
28723,7
28723,2
28724,6
28724,4
28725,7
28725,2
28726,6
28727,7
28727,2
28728,5
28728,1
28729,5
28729,1
28730,6
28731,7
28731,2
28732,7
28732,2
28733,7
28733,2
28734,6
28734,4
28735,5
28735,1
28736,7
28736,2
28737,6
28737,4
28738,5
28739,6
28739,4
28740,5
28740,1
28741,7
28741,2
28742,7
28742,2
28743,5
28743,1
28744,6
28745,6
28746,6
28747,7
28747,2
28747,5
28747,1
28748,7
28748,2
28748,5
28748,1
28749,7
28749,2
28749,5
28749,1
28750,7
28750,2
28750,5
28750,1
28751,7
28751,2
28751,5
28751,1
28752,7
28752,2
28752,5
28752,1
28752,3
28753,7
28753,2
28753,5
28753,1
28754,4
28755,1
28756,6
28757,4
28758,4
28759,2
28760,2
28760,4
28761,7
28762,5
28763,2
28764,2
28765,2
28766,1
28767,7
28768,4
28769,2
28770,3
28771,6
28772,7
28772,2
28772,5
28772,1
28773,7
28774,5
28775,6
28776,6
28777,1
28778,7
28779,1
28780,5
28781,4
28782,7
28783,6
28784,7
28784,6
28785,2
28786,6
28787,6
28788,7
28789,4
28790,1
28791,6
28792,4
28793,4
28794,1
28795,6
28795,4
28796,6
28797,5
28798,5
28798,1
28799,2
28800,1
28801,4
28802,1
28803,7
28803,2
28803,5
28803,1
28803,3
28804,1
28805,7
28805,2
28805,5
28805,1
28806,2
28807,6
28808,6
28809,6
28810,1
28811,6
28812,7
28812,2
28812,5
28812,1
28812,3
28813,7
28814,1
28815,2
28816,1
28817,5
28818,4
28819,4
28820,2
28821,5
28822,5
28823,5
28823,1
28824,5
28825,5
28826,7
28826,2
28826,5
28826,1
28827,2
28827,5
28827,1
28828,2
28829,1
28830,5
28831,5
28832,7
28833,3
28834,3
28835,7
28835,2
28835,5
28835,1
28835,3
28836,6
28836,4
28837,5
28838,7
28838,2
28838,5
28838,1
28838,3
28838,6
28838,4
28839,7
28839,2
28839,5
28839,1
28839,3
28839,6
28839,4
28840,7
28840,2
28840,5
28840,1
28840,3
28840,6
28840,4
28841,6
28842,4
28843,3
28843,6
28844,6
28844,4
28845,7
28846,2
28847,6
28848,7
28849,7
28849,2
28849,5
28849,1
28849,3
28850,5
28850,4
28851,4
28852,2
28853,2
28854,7
28855,7
28856,7
28857,5
28858,5
28859,7
28860,5
28861,5
28862,6
28863,2
28864,2
28865,1
28866,2
28867,4
28868,7
28868,2
28868,5
28868,1
28868,3
28869,5
28870,4
28871,2
28872,5
28873,4
28874,3
28875,7
28875,2
28875,5
28875,1
28877,4
28878,7
28879,5
28880,5
28882,7
28882,2
28882,5
28882,1
28883,5
28884,1
28885,3
28886,2
28887,7
28888,5
28889,4
28890,1
28891,5
28892,4
28893,4
28895,5
28896,4
28897,5
28899,5
28900,7
28900,4
28901,7
28901,2
28901,5
28901,1
28901,3
28902,2
28903,5
28904,7
28904,2
28904,5
28904,1
28904,3
28904,6
28904,4
28905,7
28905,2
28905,5
28905,1
28906,7
28907,7
28907,2
28907,5
28907,1
28907,3
28908,5
28908,1
28908,3
28909,4
28910,2
28911,5
28912,6
28912,4
28913,1
28914,1
28914,3
28915,2
28916,7
28917,7
28918,6
28919,6
28920,4
28921,6
28922,6
28923,4
28924,4
28925,4
28926,3
28927,3
28927,6
28928,6
28929,6
28930,6
28930,4
28931,7
28931,2
28931,5
28931,1
28931,3
28932,5
28932,1
28933,6
28934,6
28935,7
28935,2
28935,5
28935,1
28936,6
28938,5
28939,3
28940,3
28941,4
28942,6
28943,7
28944,6
28945,7
28946,6
28947,5
28948,6
28949,7
28949,2
28949,5
28949,1
28949,3
28950,7
28951,7
28951,2
28952,2
28953,5
28954,7
28954,2
28954,5
28954,1
28954,3
28954,6
28954,4
28955,1
28956,4
28957,7
28958,4
28959,4
28960,7
28960,2
28961,6
28962,7
28962,2
28962,5
28962,1
28962,3
28963,5
28963,1
28964,6
28965,4
28966,3
28967,7
28967,2
28967,5
28967,1
28967,3
28968,7
28968,2
28968,5
28968,1
28968,3
28969,6
28970,5
28970,1
28971,4
28972,4
28973,7
28973,2
28973,5
28973,1
28974,5
28975,5
28975,1
28975,3
28976,2
28977,7
28978,5
28979,1
28980,6
28981,7
28981,2
28981,5
28981,1
28981,3
28982,7
28983,2
28984,7
28984,2
28984,5
28984,1
28984,3
28984,6
28985,1
28986,7
28986,2
28986,5
28986,1
28986,3
28987,5
28987,1
28988,5
28989,6
28990,3
28991,5
28992,7
28992,2
28992,5
28992,1
28992,3
28993,1
28994,3
28995,3
28996,3
28997,6
28998,4
28999,7
28999,2
28999,5
28999,1
28999,3
29000,5
29001,6
29002,6
29003,5
29003,1
29004,7
29004,2
29004,5
29004,1
29004,3
29004,6
29004,4
29005,7
29005,2
29006,5
29006,1
29007,3
29008,6
29009,4
29010,7
29010,2
29011,5
29011,1
29012,5
29013,5
29013,1
29014,3
29014,6
29014,4
29015,4
29016,5
29017,5
29018,2
29019,4
29020,3
29021,1
29022,7
29022,2
29022,5
29022,1
29022,3
29023,4
29024,2
29025,1
29026,6
29027,4
29028,4
29029,2
29030,1
29031,4
29032,5
29033,5
29034,7
29035,5
29036,4
29037,5
29038,5
29039,1
29040,3
29041,7
29042,2
29043,5
29044,6
29045,7
29046,7
29047,4
29048,3
29049,7
29049,2
29049,5
29049,1
29050,3
29051,2
29052,4
29053,6
29053,4
29054,7
29055,5
29056,1
29057,1
29058,2
29059,1
29060,2
29060,4
29061,7
29061,2
29061,5
29061,1
29061,3
29062,2
29063,6
29064,2
29065,5
29066,3
29067,6
29068,6
29069,5
29070,7
29071,4
29072,2
29073,2
29074,2
29074,1
29075,7
29076,7
29077,7
29077,2
29077,5
29077,1
29078,2
29079,5
29080,6
29081,5
29081,1
29082,7
29082,2
29082,5
29082,1
29082,3
29083,4
29084,6
29085,4
29086,4
29087,7
29087,2
29087,5
29087,1
29088,1
29089,6
29090,6
29091,4
29092,7
29093,3
29094,6
29095,7
29095,2
29095,5
29095,1
29095,3
29096,7
29096,2
29096,5
29096,1
29096,3
29097,6
29099,7
29100,2
29101,3
29102,5
29103,4
29104,1
29105,7
29105,2
29105,5
29105,1
29105,3
29105,6
29106,7
29107,6
29108,2
29109,7
29110,4
29111,1
29112,3
29113,7
29113,2
29113,5
29113,1
29113,3
29113,6
29113,4
29114,7
29114,2
29114,5
29114,1
29114,3
29115,3
29116,2
29117,1
29118,5
29119,5
29120,6
29121,7
29121,2
29121,5
29121,4
29122,4
29123,4
29124,7
29124,2
29124,5
29124,1
29125,5
29126,7
29126,2
29127,4
29128,4
29129,6
29130,6
29130,4
29131,6
29132,1
29133,3
29134,7
29134,2
29134,5
29134,1
29134,3
29135,6
29136,7
29137,7
29138,3
29139,7
29139,2
29139,5
29139,1
29139,3
29140,1
29141,5
29142,1
29143,1
29144,3
29145,6
29146,5
29147,1
29148,7
29149,7
29150,3
29151,7
29151,2
29151,5
29151,1
29151,3
29152,2
29153,2
29154,3
29155,4
29156,7
29157,7
29157,2
29158,1
29159,7
29160,7
29160,2
29160,5
29160,1
29160,3
29161,4
29162,7
29162,2
29162,5
29162,1
29163,6
29164,1
29165,5
29166,3
29167,7
29168,3
29169,3
29170,3
29171,6
29172,3
29173,1
29174,7
29174,2
29174,5
29174,1
29174,3
29174,6
29175,3
29176,5
29177,3
29178,4
29179,3
29180,4
29181,5
29182,7
29182,2
29182,4
29183,3
29184,7
29184,2
29184,5
29184,1
29185,3
29186,1
29187,4
29188,4
29189,7
29189,2
29189,5
29189,1
29189,3
29190,2
29191,6
29192,4
29193,3
29194,7
29195,5
29196,7
29196,2
29196,5
29196,1
29196,3
29197,6
29198,1
29199,7
29199,2
29199,5
29199,1
29199,3
29200,7
29200,2
29200,5
29200,1
29201,7
29201,2
29201,5
29201,1
29202,6
29203,4
29204,7
29204,2
29204,5
29204,1
29205,6
29206,2
29207,2
29208,7
29208,2
29209,2
29210,7
29210,2
29210,5
29210,4
29211,6
29212,1
29213,5
29214,7
29215,5
29216,1
29217,7
29218,7
29218,2
29218,5
29218,1
29218,3
29219,1
29220,1
29221,5
29221,1
29221,3
29221,6
29221,4
29222,4
29223,3
29224,5
29225,6
29226,7
29227,5
29227,6
29228,3
29229,4
29230,6
29231,7
29231,2
29231,5
29231,1
29233,7
29233,2
29233,5
29233,1
29233,3
29234,7
29234,2
29235,6
29235,4
29236,4
29237,1
29238,3
29239,5
29240,3
29241,2
29242,5
29243,2
29244,3
29245,3
29246,6
29247,5
29248,7
29248,2
29248,5
29248,1
29249,6
29250,3
29251,7
29251,2
29251,5
29251,1
29251,3
29252,6
29253,7
29253,2
29253,5
29253,1
29253,3
29254,3
29255,7
29255,2
29255,5
29255,1
29255,3
29256,1
29257,2
29258,3
29259,7
29259,2
29259,5
29259,1
29259,3
29260,4
29261,7
29262,2
29262,5
29262,1
29262,3
29263,4
29264,3
29265,7
29265,2
29266,6
29267,7
29267,2
29267,5
29267,1
29267,3
29267,6
29267,4
29268,4
29269,6
29270,1
29271,7
29272,7
29272,2
29272,5
29272,1
29273,6
29274,5
29275,5
29276,5
29277,7
29278,1
29279,7
29280,7
29280,2
29280,5
29280,1
29281,5
29282,3
29283,2
29284,4
29285,4
29286,4
29287,1
29288,5
29289,7
29289,2
29289,5
29289,1
29289,3
29289,6
29289,4
29290,5
29291,1
29292,7
29293,6
29294,7
29294,2
29295,6
29295,4
29296,7
29296,2
29296,5
29296,1
29296,3
29297,5
29297,1
29298,7
29299,4
29300,7
29300,2
29300,5
29300,1
29300,3
29300,6
29300,4
29301,3
29302,1
29303,7
29303,1
29303,6
29304,5
29305,5
29306,5
29307,7
29308,1
29309,5
29310,7
29311,1
29312,4
29313,3
29314,3
29315,2
29316,7
29316,2
29316,5
29316,1
29316,3
29316,6
29317,6
29317,4
29318,7
29318,2
29319,7
29319,2
29319,5
29319,1
29319,3
29320,7
29320,2
29320,5
29320,1
29320,3
29321,5
29321,1
29322,7
29322,2
29322,5
29322,1
29322,3
29322,6
29322,4
29323,1
29324,7
29325,5
29326,2
29327,6
29328,3
29329,2
29330,1
29331,7
29331,2
29331,5
29331,1
29331,3
29331,6
29331,4
29332,6
29333,3
29334,1
29335,5
29336,7
29337,2
29338,7
29339,4
29340,6
29341,3
29342,7
29342,2
29342,5
29342,1
29343,5
29344,7
29344,2
29344,1
29345,5
29346,7
29346,2
29346,5
29346,1
29346,3
29346,6
29346,4
29347,3
29348,1
29349,7
29349,2
29349,5
29349,1
29349,3
29349,6
29350,7
29350,2
29350,5
29350,1
29350,3
29351,7
29351,2
29351,5
29351,1
29351,3
29352,2
29353,2
29353,5
29354,7
29354,2
29354,5
29354,1
29354,3
29355,5
29355,4
29356,7
29357,2
29358,5
29359,2
29360,7
29360,2
29361,4
29362,6
29363,3
29364,7
29364,2
29364,5
29364,1
29364,3
29364,6
29364,4
29365,2
29366,5
29367,7
29368,5
29369,6
29370,7
29370,2
29370,5
29370,1
29370,3
29371,3
29372,4
29373,7
29373,2
29373,5
29373,1
29373,3
29374,4
29375,2
29376,1
29377,5
29379,2
29380,4
29381,6
29382,3
29383,4
29384,5
29384,1
29385,3
29386,5
29386,1
29387,7
29387,2
29388,2
29389,7
29389,2
29390,7
29390,2
29390,5
29390,1
29390,3
29391,7
29391,2
29391,5
29391,1
29392,6
29392,4
29393,3
29394,3
29395,4
29396,1
29397,5
29398,5
29399,7
29400,6
29401,1
29402,7
29402,2
29402,5
29402,1
29403,7
29403,2
29403,5
29403,1
29404,7
29404,2
29405,6
29405,4
29406,4
29407,5
29408,2
29409,7
29410,7
29411,5
29412,3
29413,1
29413,4
29414,3
29415,4
29416,4
29417,3
29418,6
29419,3
29420,7
29420,4
29421,7
29421,2
29421,5
29421,1
29422,3
29423,3
29424,7
29424,2
29424,5
29424,1
29424,3
29425,7
29425,2
29425,5
29425,1
29425,3
29426,7
29426,2
29426,5
29426,1
29426,3
29426,6
29427,7
29427,2
29427,5
29427,1
29427,3
29427,6
29428,1
29429,4
29430,1
29431,4
29432,1
29433,7
29433,2
29433,5
29433,1
29433,3
29433,6
29433,4
29434,4
29435,2
29436,3
29437,7
29437,2
29437,5
29437,1
29437,3
29438,7
29438,2
29438,5
29438,1
29438,3
29438,6
29438,4
29439,6
29440,5
29441,4
29442,4
29443,5
29444,6
29445,4
29446,4
29447,7
29447,2
29447,5
29447,1
29447,3
29447,6
29447,4
29451,4
29453,7
29453,2
29453,5
29453,1
29454,2
29455,4
29456,7
29457,4
29458,7
29458,2
29458,5
29458,1
29458,3
29459,2
29460,2
29461,2
29462,2
29463,1
29464,7
29465,4
29466,4
29467,6
29467,4
29468,7
29468,2
29468,5
29468,1
29468,3
29469,6
29470,3
29471,4
29472,7
29472,2
29472,5
29472,1
29472,3
29473,1
29474,3
29475,2
29476,7
29477,2
29478,7
29478,2
29478,5
29478,1
29479,6
29480,3
29481,2
29482,7
29482,2
29482,5
29482,1
29483,3
29484,6
29485,3
29486,4
29487,1
29487,3
29488,2
29489,2
29490,7
29490,2
29490,5
29490,1
29490,3
29491,6
29492,7
29492,2
29492,5
29492,1
29493,7
29493,2
29493,5
29493,1
29493,3
29493,6
29493,4
29494,5
29495,5
29496,5
29497,5
29498,5
29499,7
29500,3
29501,4
29502,3
29503,7
29503,2
29503,5
29503,1
29503,3
29504,7
29505,7
29506,7
29506,2
29506,5
29506,1
29506,3
29507,5
29508,7
29508,2
29509,1
29510,7
29511,2
29512,6
29513,6
29514,7
29514,2
29514,5
29514,1
29514,3
29515,4
29516,6
29517,4
29518,4
29519,6
29520,6
29521,7
29521,2
29521,5
29521,1
29521,3
29522,6
29523,6
29524,7
29525,4
29526,4
29527,7
29528,1
29529,2
29530,2
29530,3
29530,6
29531,5
29532,3
29533,3
29534,6
29535,5
29535,1
29536,7
29536,4
29537,7
29537,2
29537,5
29537,1
29537,3
29537,6
29538,4
29539,6
29540,4
29541,7
29542,2
29543,7
29543,2
29544,4
29545,7
29545,2
29546,5
29546,1
29547,7
29548,7
29548,2
29548,5
29548,1
29549,5
29550,7
29551,1
29552,5
29553,3
29554,3
29555,7
29555,2
29555,5
29555,1
29555,3
29555,6
29555,4
29556,1
29557,7
29557,2
29557,5
29557,1
29557,3
29557,6
29557,4
29558,1
29559,6
29560,3
29561,3
29562,3
29563,2
29564,4
29565,5
29566,5
29567,1
29568,7
29568,2
29568,5
29568,1
29568,3
29569,1
29570,4
29571,3
29572,5
29573,1
29574,6
29575,1
29576,5
29577,5
29578,2
29579,3
29580,4
29581,7
29581,2
29581,5
29581,1
29581,3
29581,6
29581,4
29582,7
29582,2
29582,5
29582,1
29582,3
29583,1
29584,4
29585,7
29586,7
29587,5
29588,1
29589,1
29590,7
29590,2
29590,5
29590,1
29590,3
29591,2
29592,4
29593,4
29594,5
29595,7
29596,1
29597,3
29598,3
29600,7
29600,2
29600,5
29600,1
29600,3
29600,6
29600,4
29601,1
29602,2
29603,7
29603,2
29603,5
29603,1
29603,3
29604,4
29605,7
29606,3
29607,6
29608,4
29609,2
29610,3
29611,7
29611,2
29611,5
29611,1
29611,3
29612,5
29613,5
29614,5
29614,1
29615,6
29616,2
29617,5
29618,2
29619,2
29620,2
29621,3
29622,7
29623,7
29623,2
29623,5
29623,1
29623,3
29624,5
29625,3
29626,1
29627,7
29627,2
29627,5
29627,1
29628,6
29629,7
29629,2
29629,5
29629,1
29629,3
29630,2
29631,2
29632,2
29633,4
29634,4
29635,6
29635,4
29636,5
29636,1
29637,5
29638,7
29638,2
29638,5
29638,1
29639,7
29639,2
29639,5
29639,1
29640,6
29641,1
29642,3
29643,4
29644,7
29644,2
29644,5
29644,1
29645,6
29645,4
29646,4
29647,5
29647,1
29648,7
29649,4
29650,7
29651,6
29652,7
29653,2
29654,5
29655,1
29656,4
29657,5
29658,4
29659,7
29660,3
29661,3
29662,6
29663,1
29664,2
29665,7
29665,2
29665,5
29665,1
29665,3
29666,2
29667,1
29668,3
29670,5
29671,7
29672,2
29673,1
29674,6
29675,7
29676,4
29677,3
29678,1
29679,1
29680,6
29681,7
29681,2
29681,5
29681,1
29682,4
29683,6
29683,4
29684,5
29685,7
29685,2
29685,5
29685,1
29685,4
29686,5
29687,6
29688,2
29689,7
29689,2
29689,5
29689,1
29689,3
29689,6
29690,7
29690,2
29690,5
29690,1
29690,3
29690,6
29690,4
29691,7
29692,7
29693,5
29693,1
29694,7
29694,2
29694,5
29694,1
29694,3
29695,7
29696,6
29697,3
29698,7
29698,2
29698,5
29698,1
29699,1
29700,5
29701,1
29702,7
29702,2
29702,5
29702,1
29702,3
29703,2
29704,3
29705,1
29706,4
29707,2
29708,6
29709,6
29710,7
29710,2
29710,5
29710,1
29710,3
29710,6
29710,4
29711,7
29711,2
29711,5
29711,1
29711,3
29712,7
29712,2
29712,5
29712,1
29712,3
29712,6
29712,4
29713,3
29714,6
29715,5
29716,4
29717,1
29718,5
29719,4
29720,4
29721,6
29722,6
29723,3
29724,1
29725,7
29725,2
29725,5
29725,1
29725,3
29726,5
29727,7
29728,5
29729,7
29729,2
29729,5
29729,1
29730,2
29731,2
29731,4
29732,5
29733,4
29734,4
29735,5
29736,7
29736,2
29736,5
29736,1
29736,3
29737,7
29737,1
29738,6
29739,4
29740,6
29741,7
29741,2
29741,5
29742,4
29743,6
29744,7
29744,2
29744,5
29744,1
29744,3
29744,6
29744,4
29745,2
29746,7
29747,7
29748,1
29749,4
29750,7
29751,6
29752,4
29753,4
29754,5
29755,5
29756,1
29757,3
29758,6
29759,6
29760,4
29761,1
29762,3
29763,7
29763,2
29764,7
29765,1
29766,2
29767,2
29768,7
29768,2
29769,3
29770,5
29771,1
29772,6
29773,7
29773,2
29773,5
29773,1
29773,3
29774,5
29775,2
29776,2
29776,1
29777,1
29778,7
29778,2
29778,5
29778,1
29778,3
29779,2
29779,5
29779,1
29780,6
29781,1
29782,3
29783,5
29784,1
29784,3
29785,1
29786,3
29787,7
29787,2
29787,5
29787,1
29787,3
29788,5
29789,4
29790,7
29790,2
29790,5
29790,1
29790,3
29791,3
29792,4
29793,7
29793,2
29793,5
29793,1
29793,3
29793,6
29793,4
29794,6
29795,1
29796,7
29796,2
29796,5
29796,1
29796,3
29796,6
29796,4
29797,7
29797,2
29797,5
29797,1
29797,3
29797,6
29797,4
29798,4
29799,2
29800,7
29800,2
29800,5
29800,1
29800,3
29801,6
29802,6
29803,7
29803,2
29803,5
29803,1
29803,3
29803,6
29803,4
29804,5
29805,6
29806,6
29807,2
29808,1
29809,6
29810,2
29811,1
29812,2
29813,7
29813,2
29813,5
29813,1
29813,3
29814,4
29815,7
29815,2
29815,5
29815,1
29815,3
29815,6
29815,4
29816,4
29817,4
29818,3
29819,4
29820,1
29821,5
29822,7
29823,3
29824,6
29825,3
29826,1
29827,7
29828,4
29829,7
29829,2
29829,5
29829,1
29829,3
29830,7
29831,5
29832,3
29833,7
29834,7
29834,2
29834,5
29834,1
29835,7
29836,2
29837,6
29838,2
29838,5
29838,1
29839,1
29840,1
29841,3
29842,1
29843,1
29844,2
29845,7
29845,2
29845,5
29845,1
29845,3
29845,6
29845,4
29846,7
29847,2
29848,7
29848,2
29848,5
29848,1
29848,3
29849,6
29850,6
29851,3
29852,4
29853,1
29854,2
29855,7
29856,6
29857,6
29858,3
29858,6
29859,2
29860,7
29860,2
29860,5
29860,1
29861,5
29861,6
29862,7
29862,2
29862,5
29862,1
29863,1
29864,1
29865,4
29866,7
29866,5
29866,3
29867,7
29867,2
29867,5
29867,1
29867,3
29867,6
29867,4
29868,5
29869,3
29870,1
29871,5
29872,4
29873,5
29873,1
29874,7
29874,2
29874,1
29874,3
29875,7
29875,2
29875,5
29876,1
29877,7
29877,2
29877,5
29877,1
29877,3
29878,6
29879,1
29880,5
29881,4
29882,3
29883,5
29884,1
29885,5
29886,6
29887,1
29888,4
29889,3
29890,2
29891,5
29892,7
29893,4
29894,3
29895,1
29896,5
29897,4
29898,1
29899,4
29900,4
29901,7
29902,2
29903,4
29904,5
29905,1
29906,7
29908,3
29909,5
29910,4
29911,5
29912,4
29913,4
29914,2
29915,2
29916,2
29917,5
29917,1
29918,5
29919,5
29920,7
29921,2
29922,7
29923,1
29924,7
29925,2
29926,7
29927,3
29928,7
29929,7
29930,3
29931,5
29931,4
29932,5
29933,3
29934,7
29935,4
29936,4
29937,2
29938,1
29939,1
29940,7
29940,2
29940,5
29940,1
29940,3
29941,2
29941,3
29942,1
29943,4
29944,4
29945,5
29945,4
29946,6
29947,7
29948,2
29949,7
29950,2
29951,1
29952,7
29953,7
29954,2
29955,1
29956,1
29957,1
29958,2
29959,1
29961,7
29961,2
29961,5
29961,1
29961,3
29961,6
29961,4
29962,5
29963,4
29964,7
29965,4
29966,4
29967,3
29968,1
29969,6
29970,7
29970,2
29970,5
29970,1
29971,7
29972,2
29973,3
29974,1
29975,7
29975,2
29975,5
29975,1
29975,3
29975,6
29976,7
29976,2
29976,5
29976,1
29976,3
29976,6
29976,4
29977,5
29978,6
29979,4
29980,7
29980,2
29980,5
29980,1
29981,7
29982,7
29983,6
29984,7
29985,4
29986,2
29987,2
29988,2
29989,2
29989,1
29990,4
29991,3
29992,1
29993,2
29993,3
29994,7
29995,4
29996,7
29996,2
29997,3
29998,7
29999,5
30000,2
30001,4
30002,5
30003,3
30004,1
30005,2
30006,2
30007,7
30007,2
30007,5
30007,1
30007,3
30008,7
30009,7
30010,5
30011,3
30012,1
30012,3
30013,5
30014,2
30015,7
30016,1
30017,7
30018,3
30018,6
30019,7
30019,2
30020,7
30021,7
30021,4
30022,5
30023,6
30023,4
30024,5
30025,3
30026,6
30026,4
30027,1
30027,3
30028,4
30029,5
30029,1
30030,1
30031,7
30032,4
30033,5
30034,7
30034,4
30035,1
30036,2
30037,3
30038,3
30039,7
30039,3
30040,7
30041,5
30043,6
30044,7
30044,2
30044,5
30044,1
30045,2
30046,2
30047,7
30047,2
30048,5
30049,1
30050,1
30051,1
30052,3
30053,1
30054,7
30054,2
30054,5
30054,1
30054,3
30054,6
30055,7
30055,2
30055,5
30055,1
30055,3
30055,6
30055,4
30056,6
30057,5
30058,5
30058,3
30059,4
30060,4
30061,1
30061,3
30061,6
30061,4
30062,3
30063,7
30063,2
30063,5
30063,1
30063,3
30064,7
30064,5
30064,1
30064,3
30064,6
30064,4
30065,1
30066,5
30067,4
30068,3
30069,7
30069,1
30070,7
30070,4
30071,1
30072,2
30073,5
30074,7
30074,2
30074,5
30074,1
30074,3
30075,7
30076,7
30077,2
30077,5
30078,1
30079,7
30080,2
30081,2
30082,7
30082,2
30083,4
30084,4
30085,7
30086,7
30087,2
30088,5
30088,1
30089,5
30090,6
30091,2
30092,1
30093,3
30094,3
30095,7
30096,7
30096,3
30097,7
30097,2
30097,5
30097,1
30097,3
30098,5
30099,6
30100,7
30101,5
30102,1
30103,4
30104,6
30105,2
30106,5
30106,1
30107,7
30107,2
30107,4
30108,5
30109,5
30110,4
30111,4
30112,5
30112,1
30112,3
30113,1
30113,6
30114,7
30115,4
30116,1
30117,1
30118,6
30119,1
30120,3
30120,4
30122,4
30123,3
30124,1
30125,1
30126,6
30127,4
30128,6
30129,6
30130,4
30131,4
30132,2
30132,1
30132,4
30133,2
30134,4
30135,4
30136,6
30137,7
30137,2
30137,5
30137,1
30137,3
30138,1
30139,6
30140,6
30141,7
30142,3
30143,7
30143,2
30143,5
30143,1
30143,3
30143,6
30143,4
30144,7
30144,2
30144,5
30144,1
30144,3
30145,3
30146,4
30147,7
30148,5
30149,3
30150,6
30151,1
30152,7
30152,2
30152,5
30152,1
30152,3
30153,5
30154,3
30155,1
30156,5
30157,1
30158,2
30159,3
30160,7
30161,1
30162,7
30163,6
30164,6
30165,2
30166,6
30167,7
30167,2
30167,5
30167,1
30168,3
30169,7
30170,7
30171,2
30171,5
30172,6
30173,7
30173,2
30173,5
30173,1
30173,3
30173,6
30173,4
30174,1
30175,4
30176,1
30177,1
30178,4
30179,4
30180,7
30180,2
30180,1
30180,3
30180,6
30180,4
30181,6
30182,7
30182,2
30183,3
30184,7
30185,7
30186,6
30187,2
30188,2
30189,5
30190,2
30190,5
30190,1
30190,3
30190,6
30192,2
30193,2
30193,5
30194,5
30195,7
30195,2
30195,5
30195,1
30195,3
30195,6
30195,4
30196,7
30196,2
30196,5
30196,1
30196,3
30197,7
30197,2
30197,5
30197,1
30197,3
30198,7
30199,2
30200,6
30201,4
30202,6
30203,6
30204,7
30204,2
30204,5
30204,1
30204,3
30205,7
30206,4
30207,2
30208,2
30209,4
30210,1
30211,3
30212,5
30213,2
30214,5
30215,2
30216,6
30217,1
30217,3
30218,2
30219,7
30219,2
30219,5
30219,1
30219,3
30220,4
30221,3
30221,6
30222,7
30222,2
30222,5
30222,1
30222,3
30223,1
30224,1
30224,6
30225,3
30226,7
30227,5
30228,7
30229,4
30230,5
30231,5
30232,7
30232,2
30232,5
30233,7
30233,2
30233,5
30234,2
30235,7
30236,1
30237,7
30238,7
30239,7
30240,1
30241,7
30241,2
30241,5
30242,1
30243,2
30246,4
30247,7
30248,7
30248,2
30248,5
30248,1
30249,1
30250,1
30251,7
30251,2
30251,5
30251,1
30252,7
30252,2
30252,5
30252,1
30253,6
30254,3
30255,5
30256,3
30257,5
30258,1
30259,7
30260,7
30261,1
30262,5
30263,5
30264,7
30265,7
30266,7
30267,2
30268,1
30269,4
30270,2
30271,4
30272,2
30273,3
30274,7
30274,2
30274,5
30274,1
30275,4
30276,7
30276,2
30276,5
30276,1
30277,3
30278,1
30279,5
30280,4
30281,6
30282,1
30283,1
30284,2
30285,3
30286,5
30287,6
30288,2
30289,4
30290,4
30291,6
30292,7
30292,2
30292,5
30292,1
30292,3
30293,2
30293,1
30294,7
30294,2
30294,5
30294,1
30294,3
30294,6
30295,7
30295,2
30296,7
30296,2
30296,5
30297,7
30297,2
30297,5
30297,1
30297,3
30297,6
30297,4
30298,6
30299,2
30300,5
30301,4
30302,6
30302,4
30303,1
30304,7
30304,2
30304,5
30304,1
30304,3
30305,7
30306,7
30306,2
30307,5
30307,1
30308,7
30308,2
30308,1
30308,3
30309,5
30310,4
30311,2
30312,2
30313,5
30314,7
30314,2
30315,7
30316,6
30317,2
30318,4
30319,6
30319,4
30320,2
30321,2
30321,3
30322,4
30323,7
30324,7
30325,5
30326,1
30327,7
30327,2
30327,5
30327,1
30327,3
30328,7
30328,2
30328,5
30328,1
30328,3
30329,7
30329,2
30329,5
30329,1
30330,7
30330,2
30330,5
30330,1
30331,7
30331,2
30331,5
30331,1
30332,6
30332,4
30333,3
30334,7
30334,2
30334,5
30334,1
30334,3
30335,7
30335,2
30336,1
30337,2
30338,3
30339,3
30340,6
30341,7
30341,2
30341,5
30341,1
30341,3
30341,6
30341,4
30342,7
30343,5
30344,5
30345,2
30346,1
30347,7
30347,2
30347,5
30347,1
30348,6
30349,1
30350,1
30351,2
30352,6
30352,4
30353,3
30354,6
30355,7
30355,2
30355,5
30355,1
30355,3
30356,1
30357,5
30358,7
30358,2
30358,5
30358,1
30358,3
30358,6
30358,4
30359,7
30359,2
30359,5
30359,1
30360,2
30361,4
30362,7
30363,6
30364,4
30365,7
30366,5
30367,4
30368,7
30369,1
30370,1
30371,7
30372,7
30372,2
30372,5
30373,1
30374,5
30375,7
30376,6
30377,7
30377,2
30377,5
30377,1
30377,3
30378,4
30379,2
30380,2
30381,1
30382,6
30383,7
30384,7
30384,2
30384,5
30384,1
30384,3
30385,5
30386,7
30386,2
30386,5
30386,1
30386,3
30386,6
30386,4
30387,1
30388,7
30389,7
30390,7
30391,2
30392,7
30393,6
30394,7
30395,3
30396,6
30397,7
30398,6
30398,4
30399,3
30400,2
30401,1
30402,1
30403,4
30404,7
30404,2
30404,5
30404,1
30404,3
30404,6
30404,4
30405,2
30406,6
30407,2
30408,2
30409,7
30410,2
30411,7
30412,6
30414,3
30415,2
30416,3
30417,6
30418,6
30419,7
30419,2
30419,5
30419,1
30419,3
30419,6
30419,4
30420,2
30421,2
30421,5
30421,1
30422,4
30423,2
30423,5
30423,1
30423,3
30424,4
30425,2
30426,2
30426,5
30426,1
30426,3
30427,6
30428,3
30429,7
30430,4
30431,5
30432,7
30432,2
30432,5
30432,1
30432,3
30433,7
30434,3
30435,4
30436,7
30436,4
30437,4
30438,4
30439,4
30440,4
30441,2
30442,7
30443,5
30444,2
30445,7
30446,5
30447,7
30447,2
30447,5
30447,1
30448,7
30449,1
30450,2
30451,7
30453,6
30454,4
30455,4
30456,6
30457,7
30457,2
30457,5
30457,1
30457,3
30458,6
30459,3
30460,1
30461,1
30462,5
30463,3
30464,1
30465,7
30465,2
30465,5
30465,1
30465,3
30466,3
30467,1
30468,2
30469,7
30469,2
30470,5
30471,6
30472,7
30473,5
30474,7
30475,2
30476,5
30476,1
30477,7
30477,2
30477,5
30477,1
30477,3
30477,6
30477,4
30478,2
30479,2
30480,7
30481,5
30482,4
30483,2
30484,3
30485,6
30486,4
30487,7
30488,7
30489,1
30490,7
30490,2
30490,5
30490,1
30490,3
30490,6
30490,4
30491,7
30491,2
30491,5
30491,1
30491,3
30491,6
30491,4
30492,7
30492,2
30492,5
30492,1
30492,3
30493,7
30494,5
30495,5
30496,2
30497,7
30498,4
30499,5
30500,5
30501,5
30502,1
30503,5
30504,1
30505,5
30506,7
30506,2
30506,5
30506,1
30506,3
30506,6
30506,4
30507,4
30508,5
30509,5
30510,7
30510,2
30510,5
30510,1
30510,3
30510,6
30510,4
30511,7
30511,2
30511,5
30511,1
30512,2
30513,2
30514,2
30515,2
30516,7
30516,2
30516,5
30516,1
30517,1
30518,7
30519,1
30520,2
30521,1
30522,7
30523,7
30524,5
30525,7
30525,2
30525,5
30526,6
30527,2
30528,4
30529,2
30531,2
30532,3
30533,5
30534,4
30535,6
30536,4
30537,6
30538,6
30539,1
30540,5
30541,4
30542,1
30543,4
30544,1
30545,5
30546,1
30547,3
30548,1
30549,1
30550,1
30551,6
30552,7
30552,2
30552,5
30552,1
30552,3
30553,6
30554,5
30555,5
30556,1
30557,4
30558,3
30559,4
30560,2
30561,5
30562,2
30563,3
30564,7
30565,7
30566,5
30567,7
30568,7
30568,2
30568,5
30568,1
30568,3
30569,6
30570,2
30570,5
30571,7
30572,1
30573,5
30574,2
30575,7
30576,2
30577,7
30577,2
30577,5
30577,1
30577,3
30577,6
30577,4
30578,4
30579,7
30579,2
30579,5
30579,1
30579,3
30580,1
30581,2
30582,4
30583,5
30584,2
30585,1
30586,3
30587,5
30588,2
30589,2
30590,2
30591,4
30592,4
30593,4
30594,1
30595,1
30596,6
30597,7
30597,2
30597,5
30597,1
30597,3
30597,6
30597,4
30598,2
30599,3
30600,5
30601,4
30602,4
30603,3
30604,4
30605,5
30606,5
30607,7
30608,2
30609,5
30610,3
30611,3
30612,6
30613,1
30614,7
30615,1
30616,7
30617,2
30618,4
30619,7
30620,7
30621,7
30621,2
30621,5
30621,1
30621,3
30621,6
30621,4
30622,1
30623,3
30624,7
30624,2
30624,5
30624,1
30625,2
30626,1
30627,3
30628,3
30629,6
30630,3
30631,1
30633,3
30634,1
30635,5
30636,4
30637,6
30638,7
30639,6
30640,5
30641,3
30642,2
30643,3
30644,5
30645,5
30646,7
30646,2
30646,5
30646,1
30646,3
30647,5
30648,7
30649,3
30650,4
30651,7
30651,2
30651,5
30651,1
30651,3
30652,1
30653,5
30654,7
30655,4
30656,1
30657,4
30658,4
30659,4
30660,4
30661,4
30662,7
30662,4
30663,7
30664,2
30665,3
30666,1
30666,3
30667,6
30668,5
30668,1
30669,5
30669,1
30670,5
30670,1
30671,5
30671,1
30672,6
30672,4
30673,3
30673,6
30674,6
30674,4
30675,6
30676,4
30677,3
30678,5
30678,1
30679,2
30680,3
30680,6
30681,7
30681,2
30682,2
30683,2
30683,5
30684,5
30685,5
30686,5
30687,4
30688,5
30689,3
30690,4
30691,6
30692,7
30693,7
30693,2
30694,7
30694,2
30694,5
30694,1
30694,3
30695,7
30695,2
30695,5
30695,1
30695,3
30696,2
30697,7
30697,2
30697,5
30697,1
30697,3
30698,5
30699,2
30699,1
30699,4
30700,7
30701,2
30702,5
30703,3
30704,2
30704,4
30705,7
30706,5
30707,2
30708,5
30709,7
30709,2
30709,5
30709,1
30710,6
30711,1
30712,5
30713,5
30714,5
30715,2
30716,2
30717,4
30718,7
30719,3
30720,6
30721,6
30722,3
30723,7
30723,2
30723,5
30724,4
30725,7
30726,2
30727,7
30728,5
30729,6
30730,5
30731,7
30732,3
30733,3
30734,3
30735,3
30736,2
30737,3
30738,2
30739,5
30740,1
30741,3
30742,4
30743,1
30744,2
30745,2
30746,1
30747,3
30748,4
30749,4
30750,1
30751,3
30752,4
30753,7
30753,3
30754,1
30755,7
30755,2
30755,5
30755,1
30755,3
30756,2
30757,5
30758,4
30759,7
30759,2
30760,7
30760,2
30760,5
30760,1
30760,3
30761,1
30762,7
30762,2
30763,4
30764,5
30765,3
30766,2
30767,2
30768,1
30769,4
30770,2
30771,1
30772,7
30773,7
30774,2
30775,5
30776,1
30777,4
30778,2
30779,1
30780,7
30781,3
30782,3
30783,3
30784,1
30785,1
30786,4
30787,5
30788,6
30789,6
30790,5
30791,6
30792,4
30793,3
30794,3
30795,7
30796,5
30797,1
30798,7
30799,7
30799,2
30800,7
30800,2
30800,5
30800,1
30800,3
30800,6
30800,4
30801,4
30802,3
30803,2
30804,5
30805,2
30806,3
30807,4
30808,7
30808,2
30808,5
30808,1
30808,3
30808,4
30809,3
30810,1
30811,5
30812,5
30813,7
30814,3
30815,5
30816,4
30817,2
30818,7
30819,7
30819,2
30819,5
30819,1
30820,3
30820,6
30820,4
30821,4
30822,4
30823,2
30824,7
30824,2
30824,5
30824,1
30824,3
30825,3
30826,6
30827,4
30828,2
30829,5
30830,4
30831,4
30832,3
30833,7
30833,2
30833,5
30833,1
30833,4
30834,2
30835,7
30836,4
30837,2
30838,1
30839,5
30840,4
30841,3
30842,6
30843,2
30844,2
30845,7
30846,6
30847,2
30848,3
30849,3
30850,7
30850,2
30850,5
30850,1
30850,3
30851,6
30852,4
30853,7
30853,2
30853,5
30853,1
30853,3
30854,2
30854,5
30854,1
30855,5
30856,6
30857,2
30858,6
30859,7
30859,2
30860,6
30862,7
30863,4
30864,2
30865,6
30866,6
30866,4
30867,7
30867,2
30867,5
30867,1
30867,3
30868,2
30869,5
30870,6
30871,1
30871,3
30872,4
30873,4
30874,2
30875,7
30876,6
30877,1
30878,7
30878,2
30878,5
30878,1
30879,2
30880,7
30881,7
30882,2
30883,2
30884,5
30885,1
30886,3
30887,1
30888,6
30889,2
30890,2
30891,7
30891,2
30891,5
30891,1
30891,3
30892,3
30893,4
30894,7
30894,2
30894,5
30894,1
30894,3
30895,2
30896,6
30897,3
30898,2
30898,5
30898,1
30898,3
30899,7
30900,7
30901,3
30902,7
30902,2
30902,5
30902,1
30903,7
30903,2
30903,5
30903,1
30903,3
30904,7
30904,2
30904,5
30904,1
30905,7
30905,2
30905,5
30905,1
30906,7
30907,7
30907,2
30907,5
30907,1
30907,3
30907,6
30907,4
30908,6
30909,7
30909,2
30909,5
30909,1
30909,3
30910,5
30911,3
30911,6
30912,5
30913,4
30914,2
30914,5
30914,1
30915,5
30916,7
30917,4
30918,2
30919,2
30920,3
30921,7
30922,2
30923,1
30923,3
30924,7
30925,5
30926,4
30927,3
30928,2
30929,6
30930,4
30931,3
30932,7
30933,4
30934,4
30935,7
30936,1
30937,3
30938,6
30939,7
30940,1
30941,3
30942,7
30942,2
30943,6
30944,5
30944,1
30945,7
30946,7
30947,3
30948,1
30948,3
30949,7
30949,2
30950,4
30951,4
30952,7
30952,2
30952,5
30952,1
30952,3
30952,6
30952,4
30953,7
30953,2
30953,1
30953,3
30953,6
30954,7
30955,2
30956,2
30957,6
30958,6
30959,4
30960,6
30961,7
30961,2
30961,5
30961,1
30961,3
30962,7
30962,2
30963,5
30964,7
30964,2
30965,7
30966,7
30966,2
30967,7
30967,2
30968,5
30969,7
30969,2
30969,5
30969,1
30969,3
30970,6
30971,7
30971,2
30971,5
30971,1
30971,3
30972,5
30973,7
30973,2
30974,7
30974,2
30975,3
30975,6
30975,4
30976,7
30976,4
30977,7
30977,2
30977,1
30977,3
30978,5
30979,6
30979,4
30980,3
30981,7
30982,7
30982,2
30982,5
30982,1
30982,3
30983,2
30984,3
30985,7
30986,7
30987,4
30988,7
30988,2
30989,6
30990,7
30990,2
30991,3
30992,1
30993,4
30994,2
30995,5
30996,1
30997,1
30998,2
30999,7
30999,2
31000,3
31001,2
31002,4
31003,4
31004,3
31005,5
31006,7
31006,2
31006,5
31006,1
31007,7
31007,2
31007,5
31007,1
31008,5
31009,3
31010,4
31011,3
31012,1
31013,7
31013,2
31013,5
31013,1
31013,3
31013,6
31013,4
31014,7
31014,5
31014,1
31014,3
31014,6
31014,4
31015,3
31015,6
31015,4
31016,5
31016,1
31017,2
31017,1
31018,2
31019,7
31020,2
31021,1
31022,1
31023,7
31024,3
31025,6
31026,3
31027,4
31028,4
31029,2
31030,2
31030,5
31030,1
31031,7
31032,7
31032,2
31032,5
31032,1
31032,3
31033,3
31035,2
31036,1
31037,3
31038,7
31039,5
31040,6
31041,2
31042,5
31043,6
31044,6
31045,7
31045,1
31045,6
31046,2
31047,5
31048,5
31049,7
31049,2
31049,5
31049,1
31050,6
31051,7
31051,2
31051,5
31051,1
31051,3
31052,7
31052,2
31052,5
31052,1
31052,3
31053,7
31054,2
31055,4
31056,7
31057,1
31058,6
31059,2
31060,4
31061,7
31061,2
31062,7
31062,2
31063,7
31063,2
31064,2
31065,1
31066,7
31067,7
31067,2
31067,4
31068,3
31069,5
31070,2
31071,2
31072,5
31073,5
31074,2
31075,3
31076,7
31076,2
31076,5
31076,1
31077,4
31078,7
31079,7
31079,2
31079,5
31080,4
31081,5
31082,7
31082,4
31083,5
31084,2
31084,5
31084,1
31085,3
31086,5
31087,6
31088,3
31089,1
31090,7
31090,2
31091,7
31091,2
31091,5
31091,1
31092,5
31092,1
31093,3
31094,6
31095,4
31096,2
31097,7
31097,2
31097,5
31097,1
31097,3
31098,1
31099,7
31099,2
31099,5
31099,1
31100,4
31101,4
31102,1
31103,6
31104,2
31105,2
31106,1
31107,2
31108,5
31109,4
31110,4
31111,5
31112,7
31112,2
31112,5
31112,1
31113,3
31114,7
31114,2
31114,5
31114,1
31114,3
31115,4
31116,1
31117,5
31117,1
31118,6
31119,7
31119,2
31119,5
31119,1
31119,3
31120,7
31120,2
31121,4
31122,3
31123,4
31124,7
31124,2
31125,7
31125,2
31126,4
31127,2
31128,2
31128,5
31129,5
31130,7
31130,2
31130,5
31130,1
31130,3
31131,6
31132,6
31132,4
31133,3
31134,4
31135,4
31136,1
31137,7
31137,2
31137,5
31137,1
31138,6
31139,4
31140,4
31141,7
31141,2
31141,5
31141,1
31141,3
31142,7
31142,2
31142,5
31142,1
31142,3
31142,6
31142,4
31143,7
31143,2
31144,6
31145,2
31146,6
31147,7
31147,2
31147,5
31147,1
31147,3
31148,1
31149,7
31150,2
31150,5
31150,1
31150,3
31151,2
31153,4
31154,4
31155,5
31156,4
31157,7
31158,2
31159,5
31160,4
31161,2
31162,6
31163,5
31164,4
31165,4
31166,7
31166,2
31166,5
31166,1
31166,3
31167,7
31168,4
31169,2
31170,7
31170,4
31171,1
31172,7
31173,3
31174,6
31175,4
31176,7
31176,2
31176,5
31176,1
31176,3
31177,7
31178,6
31179,2
31180,7
31180,2
31180,5
31180,1
31180,3
31181,4
31182,7
31182,2
31183,7
31183,2
31183,5
31183,1
31183,3
31184,6
31184,4
31185,6
31186,4
31187,6
31188,6
31189,7
31189,2
31189,5
31189,1
31189,3
31190,1
31191,7
31191,2
31191,5
31191,1
31191,3
31191,6
31191,4
31192,6
31193,2
31193,5
31193,1
31194,3
31195,2
31196,1
31197,3
31198,6
31199,7
31200,1
31201,3
31202,6
31203,7
31203,4
31204,5
31205,5
31205,1
31206,2
31206,1
31207,5
31208,6
31209,2
31210,3
31210,6
31211,7
31211,2
31211,5
31211,1
31212,1
31213,7
31213,2
31213,5
31213,1
31213,3
31214,6
31215,3
31216,7
31216,2
31216,5
31216,1
31216,3
31216,6
31216,4
31217,5
31218,2
31219,1
31220,7
31221,5
31221,1
31221,3
31222,5
31222,1
31222,3
31223,3
31224,2
31225,1
31226,5
31227,3
31228,5
31229,1
31230,4
31231,3
31232,6
31233,5
31234,7
31234,2
31235,7
31235,2
31235,5
31235,1
31235,3
31236,6
31237,5
31238,5
31239,2
31240,2
31241,4
31242,7
31242,2
31242,1
31242,3
31243,7
31244,7
31244,2
31244,5
31244,1
31244,3
31245,3
31246,6
31247,7
31247,2
31248,7
31248,2
31249,4
31250,1
31251,3
31252,4
31253,4
31254,4
31255,4
31256,7
31257,3
31258,7
31259,7
31260,5
31261,3
31262,2
31263,3
31264,3
31265,6
31266,3
31267,3
31268,4
31269,4
31270,4
31271,5
31272,7
31272,2
31272,5
31272,1
31272,3
31273,7
31273,2
31274,5
31275,4
31276,2
31277,6
31278,7
31278,2
31278,5
31278,1
31278,3
31279,4
31280,7
31281,7
31281,2
31281,5
31281,1
31281,3
31281,6
31281,4
31282,5
31282,1
31283,6
31284,2
31285,2
31286,7
31286,2
31286,5
31286,1
31286,3
31287,4
31288,7
31288,2
31289,7
31289,2
31289,5
31289,1
31289,3
31290,7
31290,2
31290,5
31290,1
31290,3
31291,2
31292,1
31293,2
31294,3
31295,4
31296,1
31297,4
31298,7
31299,5
31300,5
31301,3
31302,6
31303,4
31304,3
31305,2
31306,5
31307,7
31307,2
31307,5
31307,1
31307,3
31308,1
31309,1
31310,6
31311,4
31312,7
31312,2
31312,5
31312,1
31312,3
31313,4
31314,4
31315,1
31316,3
31317,7
31317,2
31317,5
31317,1
31317,3
31318,7
31318,2
31318,5
31318,1
31318,3
31319,5
31319,1
31320,4
31321,4
31322,5
31322,1
31323,5
31324,7
31324,2
31324,5
31324,1
31324,3
31325,1
31326,5
31327,1
31328,7
31328,2
31328,5
31328,1
31328,3
31328,6
31328,4
31329,1
31330,5
31331,4
31332,5
31333,1
31334,5
31335,4
31336,4
31337,4
31338,4
31339,4
31340,7
31340,2
31340,5
31340,1
31340,3
31341,4
31342,7
31343,2
31344,2
31345,7
31345,2
31345,5
31345,1
31345,3
31346,7
31346,2
31346,5
31346,1
31346,3
31346,6
31346,4
31347,4
31348,4
31349,5
31350,6
31351,3
31352,6
31352,4
31353,7
31353,2
31353,5
31353,1
31353,3
31354,5
31355,7
31356,7
31357,7
31358,2
31359,1
31360,1
31361,6
31362,2
31363,6
31364,7
31364,2
31364,5
31364,1
31364,3
31365,5
31366,7
31367,4
31368,7
31369,2
31370,4
31371,5
31372,7
31372,2
31372,1
31373,6
31374,7
31375,7
31376,4
31377,2
31377,5
31377,1
31378,2
31379,6
31380,1
31381,2
31382,1
31383,6
31384,1
31385,1
31386,1
31387,7
31388,1
31389,4
31390,7
31390,2
31390,5
31390,1
31390,3
31391,1
31392,3
31393,3
31394,7
31394,2
31394,5
31394,3
31395,2
31396,7
31397,5
31398,4
31399,6
31400,7
31400,2
31401,1
31402,2
31403,5
31403,1
31404,3
31405,4
31406,4
31407,3
31408,4
31409,6
31410,6
31411,3
31412,7
31412,2
31412,5
31412,1
31412,3
31413,5
31414,1
31415,2
31415,4
31416,4
31417,7
31418,5
31419,6
31420,7
31421,7
31422,2
31423,7
31423,2
31423,5
31423,1
31424,7
31425,7
31426,7
31426,2
31426,5
31426,1
31426,3
31427,5
31428,2
31429,4
31430,1
31431,4
31432,1
31433,2
31434,4
31435,3
31436,6
31437,7
31437,2
31437,5
31437,1
31437,3
31437,6
31437,4
31438,6
31439,4
31440,7
31440,2
31440,5
31440,1
31440,3
31440,6
31441,7
31441,2
31441,5
31441,1
31441,3
31441,6
31441,4
31442,3
31443,6
31444,6
31445,7
31446,4
31447,6
31448,4
31449,4
31450,7
31450,2
31450,5
31450,1
31450,3
31451,5
31452,1
31453,1
31454,2
31455,4
31456,1
31457,7
31458,3
31459,5
31459,1
31460,1
31461,7
31461,2
31462,2
31463,1
31464,1
31465,5
31466,7
31467,7
31468,3
31469,2
31469,5
31470,7
31471,3
31472,7
31472,2
31472,5
31472,1
31472,3
31473,6
31474,1
31475,7
31476,6
31477,4
31478,5
31479,4
31480,5
31481,7
31481,1
31482,6
31483,3
31484,3
31485,1
31486,3
31487,5
31488,7
31489,2
31490,7
31491,7
31491,2
31491,5
31491,1
31491,3
31492,2
31493,1
31494,4
31495,5
31496,6
31497,7
31498,5
31499,6
31499,4
31500,7
31501,5
31502,4
31503,3
31504,2
31505,7
31506,3
31507,5
31508,7
31508,2
31508,5
31508,1
31508,3
31509,2
31510,3
31511,4
31512,7
31513,1
31514,7
31514,2
31514,5
31514,1
31515,5
31516,4
31517,3
31518,7
31519,4
31520,3
31521,3
31522,3
31523,4
31524,7
31524,2
31525,6
31526,7
31527,7
31528,6
31528,4
31529,5
31530,4
31531,1
31532,2
31533,2
31534,7
31535,2
31536,4
31537,4
31538,4
31539,6
31540,3
31541,1
31542,1
31543,3
31544,2
31545,7
31545,2
31546,6
31547,5
31548,3
31549,5
31550,7
31551,7
31552,6
31553,5
31554,5
31554,1
31555,2
31556,7
31556,2
31557,6
31557,4
31558,1
31559,7
31559,2
31560,7
31560,2
31561,5
31561,1
31562,2
31563,7
31564,1
31565,4
31566,1
31567,7
31568,2
31569,5
31569,1
31570,2
31571,7
31571,2
31571,5
31572,5
31572,1
31573,2
31574,4
31575,4
31576,4
31577,3
31578,2
31579,7
31579,2
31580,3
31581,2
31582,7
31582,2
31582,5
31582,1
31583,1
31584,7
31585,5
31585,1
31586,7
31587,2
31588,1
31589,7
31590,3
31591,7
31591,2
31591,5
31591,1
31591,3
31591,6
31591,4
31592,1
31593,5
31593,1
31594,3
31595,6
31595,4
31596,5
31597,1
31598,2
31599,7
31599,2
31600,3
31601,5
31602,6
31603,7
31604,7
31605,4
31606,7
31606,2
31606,5
31606,1
31607,6
31608,4
31609,5
31610,2
31611,6
31612,3
31613,1
31614,5
31615,4
31616,3
31617,4
31618,3
31619,6
31620,5
31621,5
31621,1
31622,1
31623,2
31624,7
31625,1
31626,2
31627,2
31628,4
31629,4
31630,7
31630,2
31630,5
31630,1
31630,3
31631,2
31632,6
31633,5
31634,6
31635,6
31636,5
31637,5
31637,1
31638,5
31638,1
31639,2
31640,2
31641,5
31642,5
31643,3
31644,3
31645,7
31646,2
31647,5
31647,1
31648,4
31649,2
31650,1
31651,3
31652,7
31653,6
31654,7
31656,7
31657,5
31658,5
31659,4
31660,1
31661,5
31662,6
31663,4
31664,6
31664,4
31665,5
31666,3
31667,2
31668,7
31668,4
31670,7
31671,3
31672,2
31673,5
31674,4
31675,6
31676,7
31677,4
31678,2
31679,4
31680,1
31681,7
31682,2
31683,1
31683,3
31683,6
31684,7
31685,4
31686,4
31687,6
31687,4
31688,6
31689,6
31690,7
31691,1
31692,4
31693,3
31694,1
31695,5
31696,1
31697,1
31698,4
31699,6
31700,2
31701,2
31702,6
31703,1
31704,7
31704,2
31704,5
31704,1
31705,5
31706,1
31707,4
31708,5
31709,5
31710,7
31711,6
31712,5
31712,1
31713,7
31713,2
31713,5
31713,1
31713,3
31714,5
31714,1
31715,3
31716,1
31717,7
31718,1
31719,5
31719,1
31720,6
31721,7
31721,2
31721,5
31721,1
31721,3
31721,6
31721,4
31722,4
31723,2
31724,3
31725,1
31726,6
31727,4
31728,6
31729,6
31730,4
31731,3
31732,1
31733,5
31734,5
31734,1
31734,3
31735,7
31736,7
31736,2
31737,5
31737,1
31738,7
31738,2
31739,7
31739,2
31740,7
31740,4
31741,6
31741,4
31742,1
31743,7
31743,2
31743,1
31743,3
31744,6
31745,4
31746,1
31747,3
31748,3
31749,7
31750,1
31751,1
31752,4
31753,1
31754,3
31755,3
31756,1
31757,1
31758,1
31759,2
31760,1
31761,5
31762,1
31763,2
31764,7
31765,6
31766,4
31767,3
31768,1
31769,1
31770,2
31771,4
31772,4
31773,3
31774,1
31775,7
31776,1
31777,5
31778,6
31779,2
31780,2
31781,7
31781,2
31782,7
31783,7
31784,7
31784,2
31784,5
31784,1
31784,3
31785,3
31786,3
31787,7
31788,5
31789,7
31790,1
31791,2
31792,6
31793,3
31794,4
31795,1
31796,7
31796,2
31796,5
31796,1
31797,4
31798,6
31798,4
31799,5
31800,5
31801,6
31802,6
31803,4
31804,7
31805,5
31806,4
31807,1
31808,3
31809,3
31810,3
31811,3
31811,6
31811,4
31812,3
31813,7
31813,2
31813,5
31813,1
31814,5
31815,3
31816,3
31817,6
31818,1
31819,7
31820,4
31821,6
31822,5
31823,5
31824,5
31825,1
31826,7
31826,2
31826,5
31826,1
31827,6
31828,4
31829,4
31830,5
31831,7
31832,2
31832,5
31832,1
31833,1
31834,7
31834,2
31835,2
31836,2
31837,1
31838,7
31839,5
31840,7
31841,5
31842,5
31843,3
31844,2
31845,6
31846,5
31847,4
31848,7
31848,2
31848,5
31848,1
31848,3
31849,4
31850,3
31851,3
31852,6
31853,7
31853,2
31853,5
31853,1
31853,3
31853,6
31853,4
31854,7
31855,5
31855,4
31856,6
31857,1
31858,7
31859,6
31860,2
31861,7
31861,2
31861,5
31861,1
31861,3
31862,5
31863,7
31863,2
31863,5
31863,1
31863,3
31864,7
31864,2
31864,5
31864,1
31864,3
31865,6
31865,4
31867,1
31868,7
31868,2
31868,5
31868,1
31868,3
31868,6
31868,4
31869,7
31869,2
31869,5
31869,1
31869,3
31869,6
31869,4
31870,5
31871,6
31872,3
31873,5
31873,1
31874,7
31874,2
31874,5
31874,1
31874,3
31874,6
31874,4
31875,7
31875,2
31875,5
31875,1
31876,3
31877,7
31877,2
31877,5
31877,1
31877,3
31878,7
31878,2
31878,5
31878,1
31878,3
31879,7
31879,2
31879,5
31879,1
31879,3
31880,7
31881,2
31882,7
31882,2
31882,5
31882,1
31882,3
31883,6
31884,7
31885,7
31886,7
31886,2
31886,5
31886,1
31887,6
31888,5
31889,7
31890,2
31891,2
31892,7
31893,6
31894,7
31895,2
31896,7
31897,4
31898,6
31899,2
31899,3
31900,7
31900,2
31900,5
31900,1
31900,3
31901,5
31902,6
31903,4
31904,5
31905,7
31906,5
31907,4
31908,5
31909,7
31910,5
31911,7
31911,2
31911,5
31911,1
31911,3
31911,6
31912,2
31913,7
31914,3
31915,6
31916,3
31917,5
31917,1
31917,3
31918,7
31918,2
31918,5
31918,1
31919,3
31920,2
31921,1
31922,6
31923,4
31924,5
31925,4
31926,5
31927,6
31928,4
31929,6
31930,1
31931,4
31932,6
31933,5
31934,7
31935,6
31936,3
31937,7
31937,2
31937,4
31938,7
31939,1
31940,7
31940,2
31940,5
31940,1
31940,3
31940,6
31940,4
31941,4
31942,7
31943,1
31944,2
31944,5
31944,1
31945,1
31946,4
31947,3
31948,6
31949,4
31950,7
31950,2
31950,5
31950,1
31950,3
31950,6
31950,4
31951,7
31951,2
31951,5
31951,1
31951,3
31952,1
31953,1
31954,7
31955,4
31956,6
31957,2
31958,5
31959,2
31960,2
31961,4
31962,4
31963,4
31964,1
31965,6
31966,3
31967,3
31968,5
31969,7
31970,4
31971,7
31972,4
31973,7
31974,2
31975,6
31976,5
31977,5
31977,1
31978,7
31978,2
31978,5
31978,1
31978,3
31979,2
31979,1
31980,1
31981,7
31982,1
31983,7
31984,6
31985,1
31986,4
31987,7
31988,7
31988,2
31988,5
31988,1
31989,1
31990,4
31991,7
31991,2
31991,5
31991,1
31992,7
31993,7
31993,4
31994,4
31995,7
31996,6
31997,6
31998,7
31998,2
31998,5
31998,1
31998,3
31999,6
32000,3
32001,4
32002,4
32003,5
32004,1
32005,3
32006,7
32007,7
32008,7
32008,2
32008,5
32008,1
32009,5
32010,1
32011,4
32012,4
32013,6
32014,5
32015,7
32016,3
32017,6
32018,7
32019,7
32020,7
32020,2
32020,5
32020,1
32020,3
32021,5
32022,5
32023,7
32023,2
32023,5
32023,1
32024,1
32024,6
32025,7
32025,4
32026,7
32026,2
32026,5
32026,1
32027,7
32028,3
32029,7
32030,7
32030,2
32030,5
32031,1
32031,3
32032,2
32033,7
32033,2
32033,5
32033,1
32034,6
32035,7
32036,5
32037,7
32037,2
32037,5
32037,1
32038,1
32039,2
32040,4
32041,1
32042,7
32042,2
32042,5
32042,1
32042,3
32043,7
32043,2
32043,5
32043,1
32044,7
32045,6
32046,1
32047,7
32048,1
32048,3
32049,1
32050,5
32051,7
32051,5
32051,6
32052,3
32052,6
32052,4
32053,4
32054,3
32055,2
32056,7
32057,7
32057,2
32057,5
32057,1
32058,5
32059,3
32060,7
32060,2
32060,5
32060,1
32060,3
32061,2
32062,1
32062,3
32063,5
32064,4
32065,7
32065,2
32065,5
32065,1
32065,3
32065,6
32065,4
32066,2
32067,1
32068,5
32069,4
32070,7
32071,7
32071,2
32071,5
32072,4
32073,2
32074,4
32075,7
32075,2
32075,5
32075,1
32076,4
32077,2
32078,4
32079,4
32080,1
32080,3
32080,6
32080,4
32081,4
32082,6
32083,5
32084,7
32085,7
32086,7
32087,3
32088,2
32089,1
32090,1
32091,7
32092,4
32093,6
32094,5
32095,3
32096,3
32097,5
32098,2
32099,3
32100,4
32101,3
32102,5
32103,1
32104,2
32105,5
32106,2
32106,5
32106,1
32107,7
32107,2
32107,5
32107,1
32107,3
32107,6
32107,4
32108,3
32109,5
32110,7
32111,6
32112,6
32113,7
32114,6
32115,1
32116,5
32117,5
32117,6
32118,1
32119,3
32120,6
32121,1
32122,7
32123,7
32123,4
32124,5
32125,4
32126,1
32127,2
32128,2
32129,6
32130,5
32131,1
32132,3
32133,5
32134,3
32135,6
32136,2
32137,3
32138,7
32139,4
32140,7
32141,7
32141,4
32142,1
32143,4
32144,2
32144,5
32145,3
32146,4
32147,1
32148,1
32149,1
32150,7
32151,4
32152,1
32153,4
32154,5
32155,1
32156,7
32156,2
32156,5
32156,1
32156,3
32157,7
32157,2
32158,5
32158,1
32159,1
32160,1
32161,4
32162,3
32163,3
32164,6
32165,3
32166,3
32167,1
32168,1
32169,2
32169,3
32170,6
32171,1
32172,6
32173,4
32174,2
32175,7
32176,7
32177,2
32178,1
32179,7
32179,4
32180,5
32181,7
32182,3
32183,7
32184,7
32185,4
32186,7
32187,7
32187,2
32187,5
32187,1
32188,4
32189,2
32190,5
32191,7
32192,5
32192,1
32193,3
32194,4
32195,7
32196,2
32197,6
32198,3
32199,2
32200,4
32201,7
32201,2
32201,5
32201,1
32201,3
32202,4
32203,3
32204,5
32205,4
32206,4
32207,3
32208,3
32209,3
32210,3
32211,1
32212,7
32212,2
32212,5
32212,1
32212,3
32212,4
32213,2
32214,3
32215,7
32216,5
32217,7
32217,2
32217,5
32217,1
32218,2
32218,4
32219,7
32219,2
32219,5
32219,1
32219,3
32219,6
32219,4
32220,7
32221,1
32222,1
32223,4
32224,7
32225,7
32225,2
32225,5
32225,1
32226,3
32227,4
32228,2
32229,7
32229,2
32229,5
32229,4
32230,1
32230,3
32231,5
32232,4
32233,1
32234,6
32235,2
32236,7
32236,2
32236,5
32236,1
32236,3
32237,6
32238,4
32239,7
32240,3
32241,1
32242,2
32243,4
32244,6
32245,7
32246,1
32247,7
32247,2
32247,5
32247,1
32247,3
32247,6
32247,4
32248,6
32249,7
32250,5
32251,4
32252,5
32253,7
32254,2
32255,3
32256,7
32257,2
32258,3
32259,5
32260,4
32261,6
32262,5
32263,4
32264,5
32264,1
32265,3
32266,3
32267,7
32268,4
32269,2
32270,5
32271,1
32272,6
32273,5
32273,1
32274,7
32275,5
32276,1
32277,1
32278,1
32279,5
32280,3
32281,4
32282,3
32283,7
32283,2
32283,5
32283,1
32283,3
32284,7
32284,2
32284,5
32284,1
32284,3
32284,6
32284,4
32285,3
32286,3
32287,7
32287,2
32287,5
32287,1
32287,3
32288,4
32289,3
32290,2
32291,6
32292,2
32293,1
32293,4
32294,6
32295,6
32295,4
32296,7
32297,3
32298,2
32299,7
32300,1
32301,3
32302,6
32303,4
32304,7
32305,7
32306,7
32307,2
32308,4
32309,6
32310,3
32311,4
32312,3
32313,6
32314,1
32315,4
32316,7
32317,3
32318,2
32318,3
32319,7
32319,2
32319,5
32319,1
32319,3
32319,6
32319,4
32320,7
32320,2
32320,5
32320,1
32320,3
32321,3
32322,2
32322,5
32322,1
32323,2
32324,3
32325,5
32326,6
32327,5
32328,7
32328,2
32328,5
32328,1
32328,3
32328,6
32328,4
32329,2
32330,7
32330,2
32330,5
32330,1
32331,3
32331,6
32331,4
32332,7
32332,2
32332,5
32332,1
32333,5
32334,7
32335,1
32336,7
32336,2
32336,5
32336,1
32336,3
32336,6
32336,4
32337,6
32338,3
32339,3
32340,6
32341,2
32342,2
32343,7
32343,2
32343,5
32343,1
32343,3
32344,2
32344,5
32344,1
32345,3
32346,7
32346,2
32346,5
32346,1
32346,3
32347,6
32348,6
32348,4
32349,3
32350,3
32351,4
32352,1
32353,5
32354,7
32354,2
32354,5
32354,1
32354,3
32355,7
32355,2
32355,5
32355,1
32355,3
32355,6
32356,7
32356,2
32356,5
32356,1
32357,2
32358,3
32359,3
32360,7
32360,2
32361,5
32362,7
32363,7
32363,2
32363,5
32363,1
32364,6
32364,4
32365,7
32365,2
32366,7
32366,2
32366,5
32366,1
32366,3
32367,3
32368,6
32369,1
32370,6
32371,7
32372,7
32372,2
32372,5
32372,1
32372,3
32373,7
32374,6
32375,7
32375,2
32375,5
32375,1
32375,3
32376,1
32377,7
32377,2
32377,5
32377,1
32378,1
32379,7
32379,2
32379,5
32379,4
32380,1
32381,1
32382,1
32383,6
32384,2
32385,2
32386,7
32387,1
32388,7
32388,2
32388,5
32388,1
32388,3
32389,7
32389,2
32389,5
32389,1
32389,3
32390,1
32392,1
32393,2
32394,7
32395,4
32396,4
32397,6
32398,5
32399,6
32399,4
32400,7
32400,2
32400,5
32400,1
32400,3
32401,6
32402,7
32403,2
32404,1
32405,7
32405,2
32405,5
32405,1
32405,3
32406,5
32406,1
32407,4
32408,1
32409,3
32410,1
32411,4
32412,6
32413,7
32413,2
32414,7
32415,7
32415,4
32416,4
32417,3
32418,4
32419,6
32420,7
32421,5
32422,5
32423,6
32424,3
32425,2
32426,6
32426,4
32427,3
32428,5
32429,5
32430,7
32430,2
32431,3
32431,6
32432,6
32432,4
32433,3
32434,2
32435,1
32436,4
32437,7
32437,2
32437,5
32437,1
32438,3
32439,3
32440,3
32441,7
32442,7
32442,2
32442,5
32442,1
32443,4
32444,7
32444,2
32444,5
32444,1
32444,3
32445,7
32446,1
32447,1
32448,4
32449,7
32450,1
32451,7
32452,5
32453,6
32454,7
32454,2
32454,5
32454,1
32454,3
32454,6
32454,4
32455,5
32456,5
32457,1
32458,2
32458,3
32459,2
32460,2
32461,5
32462,7
32463,4
32464,1
32465,7
32465,2
32465,5
32465,1
32465,3
32466,6
32467,5
32468,3
32469,7
32469,2
32470,2
32470,5
32470,1
32471,1
32472,6
32472,4
32473,3
32474,5
32475,1
32476,7
32476,2
32476,5
32476,1
32476,3
32477,3
32478,7
32478,2
32479,7
32479,2
32479,5
32479,1
32479,3
32480,5
32481,3
32482,7
32482,2
32482,5
32482,1
32482,3
32482,6
32482,4
32483,7
32483,2
32483,5
32483,1
32483,3
32483,6
32483,4
32484,1
32485,1
32486,4
32487,6
32488,7
32489,4
32490,7
32490,2
32490,5
32490,1
32490,3
32491,2
32491,5
32491,1
32491,3
32492,6
32493,7
32494,1
32495,5
32496,5
32497,7
32498,2
32499,5
32500,3
32501,5
32502,7
32502,2
32502,5
32503,4
32504,6
32505,7
32505,2
32505,5
32505,1
32505,3
32505,6
32505,4
32506,3
32507,2
32508,7
32508,2
32508,5
32508,1
32508,3
32508,6
32508,4
32509,4
32510,3
32511,1
32512,3
32513,2
32514,3
32515,5
32516,7
32516,2
32516,5
32516,1
32517,7
32517,2
32517,5
32518,3
32518,6
32519,5
32520,6
32521,1
32522,1
32523,7
32524,5
32525,4
32526,7
32526,2
32526,5
32526,1
32526,3
32527,7
32527,2
32527,5
32527,1
32528,2
32529,5
32530,7
32530,2
32530,5
32530,1
32531,4
32532,2
32533,7
32534,6
32535,5
32536,7
32537,1
32538,5
32539,2
32540,4
32541,1
32542,7
32542,2
32542,5
32542,1
32542,3
32543,1
32544,6
32545,6
32546,4
32547,6
32547,4
32548,7
32549,7
32549,2
32549,5
32549,1
32549,3
32549,6
32549,4
32550,1
32551,7
32551,2
32551,5
32551,1
32551,3
32551,6
32551,4
32552,7
32552,2
32552,5
32552,1
32552,3
32553,5
32554,2
32555,2
32555,5
32556,1
32557,5
32558,4
32559,2
32560,7
32561,7
32561,2
32561,5
32561,1
32561,3
32562,5
32563,2
32564,7
32565,1
32566,4
32567,2
32568,1
32569,7
32569,2
32570,7
32570,2
32571,5
32572,2
32573,7
32574,2
32575,2
32576,7
32576,2
32576,5
32576,1
32576,3
32577,6
32578,2
32579,2
32580,2
32580,1
32581,4
32582,5
32583,4
32584,6
32585,5
32585,1
32585,3
32586,4
32587,3
32588,4
32589,6
32590,4
32591,7
32592,7
32593,7
32594,6
32595,7
32595,2
32595,5
32595,1
32595,3
32596,5
32597,2
32598,5
32599,1
32599,3
32600,6
32601,6
32601,4
32602,3
32603,7
32604,2
32605,2
32606,7
32606,3
32607,4
32608,7
32609,6
32610,7
32611,7
32612,4
32613,3
32614,5
32615,5
32616,7
32616,2
32617,6
32617,4
32618,7
32619,2
32619,5
32619,1
32620,3
32621,7
32622,1
32623,7
32624,3
32625,1
32626,7
32627,1
32628,1
32629,1
32630,5
32631,7
32632,1
32633,7
32633,2
32633,5
32633,1
32634,7
32634,2
32634,5
32634,1
32634,3
32635,7
32635,2
32635,5
32635,1
32635,3
32636,1
32637,3
32638,4
32639,6
32640,3
32641,6
32642,6
32643,4
32644,1
32645,1
32646,5
32647,1
32648,1
32649,7
32649,2
32649,5
32649,1
32649,3
32650,4
32651,4
32652,7
32653,3
32654,4
32655,1
32656,4
32657,7
32657,2
32657,5
32657,1
32657,3
32658,7
32659,4
32660,6
32661,1
32662,5
32662,1
32662,3
32663,3
32663,6
32663,4
32664,7
32664,2
32664,5
32664,1
32664,3
32664,6
32664,4
32665,3
32665,6
32665,4
32666,7
32666,2
32666,5
32666,1
32666,3
32667,2
32668,1
32668,3
32669,5
32670,7
32670,2
32670,5
32670,1
32670,3
32670,6
32670,4
32671,7
32671,2
32671,5
32671,1
32672,7
32673,7
32673,2
32674,3
32675,1
32676,5
32677,7
32677,2
32678,6
32679,5
32680,7
32680,2
32681,5
32682,3
32683,3
32684,7
32685,4
32686,2
32687,7
32687,2
32687,5
32687,1
32688,2
32689,6
32690,6
32691,2
32692,7
32693,7
32693,2
32693,5
32693,1
32694,7
32694,2
32694,5
32694,1
32695,7
32695,2
32695,5
32695,1
32695,3
32695,6
32695,4
32696,4
32697,7
32697,2
32697,4
32698,7
32699,2
32700,2
32701,5
32702,5
32703,7
32704,5
32705,2
32706,5
32707,2
32708,1
32709,1
32710,1
32711,1
32712,1
32713,1
32714,7
32714,2
32714,5
32714,1
32714,3
32714,6
32714,4
32715,3
32716,2
32716,5
32716,1
32716,3
32717,6
32718,7
32718,2
32718,5
32718,1
32718,3
32719,5
32719,1
32720,2
32721,2
32722,3
32723,1
32724,5
32725,3
32726,1
32727,5
32728,4
32729,4
32730,4
32731,7
32731,1
32732,6
32732,4
32733,7
32733,2
32734,1
32735,7
32735,2
32735,5
32735,1
32735,3
32736,7
32736,2
32736,5
32736,1
32736,3
32737,7
32737,2
32737,5
32737,1
32737,3
32738,7
32738,2
32738,5
32738,1
32738,3
32739,7
32739,2
32739,5
32739,1
32739,3
32740,7
32740,2
32740,5
32740,1
32740,3
32741,1
32742,7
32742,2
32742,5
32742,1
32742,3
32743,7
32743,2
32743,5
32743,1
32743,3
32744,7
32744,2
32744,5
32744,1
32744,3
32745,7
32745,2
32745,5
32745,1
32745,3
32746,7
32746,2
32746,5
32746,1
32746,3
32747,7
32748,4
32749,2
32749,4
32750,1
32751,2
32752,5
32753,7
32754,7
32755,5
32756,6
32757,6
32758,7
32758,2
32758,5
32758,1
32758,3
32759,7
32760,7
32761,5
32761,1
32762,4
32763,5
32763,1
32763,3
32764,3
32764,6
32765,5
32765,3
32766,2
32767,7
32767,2
32767,5
32767,1
32768,6
32769,2
32770,3
32771,7
32771,2
32772,3
32773,7
32773,2
32773,5
32773,1
32773,3
32773,6
32773,4
32774,7
32774,2
32774,5
32775,3
32776,7
32777,5
32778,7
32779,7
32780,2
32781,7
32782,7
32782,2
32782,5
32782,1
32782,3
32783,6
32783,4
32784,7
32784,2
32785,5
32785,1
32786,7
32786,2
32787,4
32788,6
32789,7
32790,7
32791,3
32792,2
32793,2
32794,2
32795,7
32795,2
32795,4
32796,7
32797,3
32798,7
32798,2
32798,5
32798,1
32798,3
32799,7
32799,2
32799,5
32799,1
32800,6
32801,1
32802,7
32802,2
32802,5
32802,1
32803,1
32804,4
32805,5
32806,1
32806,3
32807,7
32807,2
32807,5
32807,1
32807,3
32808,1
32809,7
32809,2
32809,5
32809,1
32810,2
32811,7
32812,6
32813,6
32814,7
32814,2
32814,5
32814,1
32814,3
32815,5
32816,1
32817,3
32818,5
32819,3
32820,7
32820,2
32820,5
32820,1
32821,5
32822,6
32823,3
32824,2
32825,3
32826,5
32827,1
32828,6
32829,2
32830,4
32831,2
32832,6
32833,1
32834,6
32835,7
32835,2
32835,5
32835,1
32835,3
32836,7
32837,1
32838,6
32839,7
32840,3
32841,5
32842,4
32843,4
32844,1
32845,1
32846,3
32847,2
32848,2
32849,3
32850,4
32851,1
32852,3
32853,7
32853,2
32853,5
32853,1
32854,7
32854,2
32854,5
32854,1
32855,1
32856,4
32857,3
32858,7
32858,1
32858,3
32858,6
32859,6
32860,2
32861,7
32862,5
32863,3
32864,2
32865,2
32866,5
32867,5
32868,4
32869,5
32869,1
32870,1
32871,4
32872,5
32873,5
32874,5
32875,4
32876,7
32876,2
32876,5
32876,1
32877,7
32877,4
32878,7
32878,2
32878,5
32878,1
32878,3
32878,6
32878,4
32879,6
32880,2
32881,1
32882,4
32883,6
32884,1
32885,3
32886,7
32886,2
32886,5
32886,1
32887,4
32888,1
32889,7
32889,2
32890,7
32890,2
32890,5
32890,1
32891,2
32891,5
32891,1
32891,3
32892,7
32892,2
32893,7
32894,4
32895,7
32895,2
32895,5
32895,1
32896,4
32897,4
32898,6
32899,4
32900,4
32901,6
32902,6
32903,4
32904,6
32905,1
32906,5
32907,2
32908,7
32909,5
32910,1
32911,2
32912,5
32913,5
32914,5
32915,4
32916,1
32917,1
32918,7
32919,3
32920,6
32921,1
32922,4
32923,3
32924,6
32926,7
32926,2
32926,5
32926,1
32926,3
32927,6
32928,4
32929,7
32930,4
32931,7
32931,4
32932,2
32932,3
32933,2
32934,4
32935,4
32936,2
32937,7
32938,4
32939,2
32940,6
32941,5
32942,5
32942,1
32942,3
32943,4
32944,7
32945,7
32945,2
32945,5
32945,1
32945,3
32946,5
32947,3
32948,7
32948,2
32948,5
32948,1
32948,3
32949,5
32950,3
32951,3
32952,6
32953,5
32954,2
32955,4
32956,1
32957,1
32958,7
32959,7
32960,7
32961,4
32962,5
32963,4
32964,4
32965,4
32966,2
32967,5
32968,6
32969,1
32969,3
32970,6
32970,4
32971,7
32971,2
32971,5
32971,1
32972,1
32973,6
32973,4
32974,1
32975,7
32975,2
32975,5
32975,1
32975,3
32976,6
32977,6
32978,7
32979,2
32980,1
32980,6
32981,7
32981,2
32981,5
32981,1
32981,3
32981,6
32981,4
32982,3
32983,4
32984,7
32985,3
32986,7
32986,2
32986,5
32986,1
32986,3
32987,7
32987,2
32987,5
32987,1
32988,2
32989,4
32990,7
32990,2
32990,5
32990,1
32991,2
32992,4
32993,5
32993,1
32994,4
32995,1
32996,7
32996,2
32996,5
32996,1
32996,3
32997,7
32997,2
32997,5
32997,1
32997,3
32998,5
32999,5
33000,3
33001,7
33001,2
33001,5
33001,1
33001,3
33002,4
33003,7
33003,2
33003,5
33003,1
33003,3
33004,6
33004,4
33005,7
33005,2
33005,5
33005,1
33005,3
33006,3
33007,7
33007,2
33007,5
33007,1
33007,3
33007,6
33008,7
33008,2
33008,5
33008,1
33008,3
33009,7
33009,4
33010,7
33011,4
33012,7
33013,5
33014,6
33014,4
33015,1
33016,7
33016,2
33016,4
33017,7
33017,2
33017,5
33017,1
33017,3
33018,7
33019,3
33020,6
33021,1
33022,2
33023,5
33024,7
33025,4
33026,1
33027,6
33028,5
33029,4
33030,6
33031,4
33032,7
33032,2
33032,5
33032,1
33032,3
33033,1
33034,5
33035,2
33037,7
33038,6
33039,4
33040,4
33041,1
33042,7
33042,5
33043,4
33044,6
33045,6
33046,7
33046,2
33046,5
33046,1
33046,3
33047,3
33048,4
33049,3
33050,5
33050,1
33051,3
33052,1
33053,4
33054,4
33056,6
33057,3
33058,2
33059,2
33060,1
33061,7
33062,7
33062,2
33062,5
33062,1
33062,3
33063,5
33063,1
33064,5
33064,1
33065,3
33066,6
33067,3
33068,2
33069,1
33070,1
33071,3
33072,5
33073,5
33074,7
33074,2
33074,5
33074,1
33075,7
33075,2
33075,5
33075,1
33076,4
33077,6
33077,4
33078,7
33078,2
33078,5
33078,1
33079,7
33080,2
33080,5
33080,3
33081,7
33081,2
33081,5
33081,1
33082,1
33083,2
33084,5
33085,4
33086,5
33086,1
33087,5
33087,1
33088,7
33089,1
33090,4
33091,2
33092,2
33093,2
33094,7
33094,2
33094,5
33094,1
33094,3
33094,6
33094,4
33095,7
33096,3
33097,6
33098,7
33098,2
33098,5
33098,1
33098,3
33098,6
33098,4
33099,7
33099,2
33099,5
33099,1
33099,3
33100,2
33101,2
33102,5
33103,2
33104,3
33105,2
33106,1
33107,1
33108,2
33109,1
33110,6
33111,2
33112,5
33112,1
33113,7
33113,2
33113,5
33113,1
33113,3
33114,7
33114,2
33114,5
33114,1
33115,6
33116,7
33116,2
33116,5
33116,1
33116,3
33117,4
33118,5
33119,1
33120,7
33120,2
33120,5
33120,1
33120,3
33121,7
33121,2
33121,5
33121,1
33121,3
33122,5
33122,1
33122,3
33123,7
33124,2
33124,1
33125,7
33125,2
33125,5
33125,1
33125,3
33126,6
33126,4
33127,5
33128,6
33129,7
33130,4
33131,5
33132,1
33132,3
33133,5
33134,4
33135,7
33135,2
33135,5
33135,1
33135,3
33135,6
33135,4
33136,7
33136,1
33137,7
33138,3
33139,1
33140,7
33141,2
33142,2
33143,7
33143,2
33143,5
33143,1
33143,3
33144,2
33145,7
33146,6
33147,4
33148,7
33148,2
33148,5
33148,1
33148,3
33149,5
33150,7
33150,2
33150,5
33150,1
33150,3
33150,6
33150,4
33151,2
33152,5
33153,2
33154,3
33155,2
33156,2
33157,1
33158,5
33159,7
33160,4
33161,7
33161,2
33161,5
33161,1
33161,4
33162,5
33163,6
33163,4
33164,5
33165,4
33166,3
33167,1
33168,2
33169,2
33170,4
33171,1
33172,2
33173,7
33173,2
33174,7
33175,7
33176,7
33177,3
33178,1
33179,5
33180,7
33181,7
33182,3
33183,1
33184,7
33185,5
33186,7
33186,2
33186,5
33186,1
33186,3
33187,6
33188,3
33189,7
33190,4
33191,1
33192,7
33192,2
33192,5
33192,1
33192,3
33193,4
33194,7
33195,5
33195,1
33196,5
33197,1
33198,4
33199,3
33200,2
33201,3
33202,3
33202,4
33203,7
33204,5
33205,7
33205,2
33205,5
33205,1
33205,3
33206,5
33207,2
33208,1
33209,1
33210,7
33211,4
33212,6
33213,4
33214,1
33215,6
33216,3
33217,3
33218,3
33219,3
33220,5
33221,2
33222,6
33223,2
33224,3
33225,2
33226,6
33227,1
33228,4
33229,7
33229,4
33230,3
33231,7
33233,3
33234,4
33235,2
33236,7
33237,7
33238,7
33239,6
33240,2
33241,7
33242,4
33243,2
33244,7
33244,2
33244,5
33244,1
33245,7
33245,2
33245,5
33245,1
33246,2
33247,7
33248,7
33248,2
33248,5
33248,1
33248,3
33249,7
33249,2
33249,5
33249,1
33250,7
33250,2
33250,5
33250,1
33250,3
33251,2
33252,2
33253,7
33253,2
33253,5
33253,1
33253,3
33253,6
33253,4
33254,7
33254,2
33255,4
33256,1
33257,3
33258,1
33259,3
33259,6
33260,1
33261,1
33262,5
33263,6
33264,1
33265,3
33266,7
33267,1
33268,6
33269,1
33270,1
33271,7
33271,2
33271,5
33271,1
33271,3
33272,5
33272,1
33273,5
33274,3
33275,1
33276,7
33277,2
33278,2
33279,1
33280,5
33281,3
33282,2
33283,4
33284,4
33285,7
33285,2
33285,5
33285,1
33285,3
33286,7
33287,6
33288,7
33288,2
33288,5
33288,1
33288,3
33289,4
33290,2
33291,2
33292,5
33293,3
33294,4
33295,6
33295,4
33296,7
33297,7
33297,2
33297,5
33297,1
33297,3
33298,7
33299,1
33300,1
33301,4
33302,2
33303,1
33304,7
33304,2
33304,5
33304,1
33304,3
33305,7
33305,2
33305,5
33305,1
33305,3
33305,6
33305,4
33306,7
33306,2
33306,5
33306,1
33306,3
33306,6
33306,4
33307,7
33307,2
33307,5
33307,1
33307,3
33308,6
33309,7
33309,4
33310,7
33310,2
33310,5
33310,1
33310,3
33311,1
33312,7
33313,3
33314,1
33315,4
33316,4
33317,4
33318,4
33319,6
33320,7
33321,6
33322,7
33323,1
33324,7
33325,4
33326,4
33327,6
33328,1
33329,2
33330,6
33331,3
33332,4
33333,6
33334,6
33334,4
33335,1
33336,1
33337,2
33338,2
33339,7
33339,2
33339,4
33340,7
33340,2
33340,5
33340,1
33340,3
33340,4
33341,5
33342,7
33342,2
33342,5
33342,1
33343,7
33343,2
33343,5
33343,1
33344,7
33344,2
33344,5
33344,1
33345,3
33346,2
33347,7
33348,4
33349,1
33350,4
33351,2
33352,7
33353,3
33354,3
33355,2
33356,3
33357,5
33358,2
33359,5
33361,7
33362,7
33362,2
33362,5
33362,1
33362,3
33363,1
33364,4
33365,7
33366,6
33367,5
33368,6
33369,2
33370,4
33371,5
33372,1
33373,4
33374,6
33375,1
33376,5
33377,5
33378,7
33379,7
33380,1
33381,4
33382,1
33383,3
33384,2
33386,7
33387,1
33388,6
33389,2
33389,5
33389,4
33390,7
33390,2
33390,5
33390,1
33390,4
33391,3
33392,2
33393,5
33394,2
33395,7
33396,1
33397,7
33397,2
33397,5
33397,1
33397,3
33398,1
33399,1
33400,7
33400,2
33400,5
33400,1
33400,3
33400,6
33400,4
33401,2
33402,7
33403,1
33404,7
33405,3
33406,4
33407,3
33408,3
33409,7
33409,2
33409,5
33409,1
33409,3
33410,7
33410,2
33410,5
33410,1
33410,3
33411,1
33412,5
33413,3
33414,7
33414,2
33414,5
33414,1
33414,3
33415,6
33416,2
33416,5
33417,5
33418,6
33419,7
33419,2
33419,5
33419,1
33419,3
33420,2
33421,7
33422,2
33423,3
33424,2
33425,2
33426,7
33427,7
33427,2
33427,5
33427,1
33427,3
33428,6
33429,1
33430,6
33431,1
33432,7
33433,6
33434,7
33435,4
33436,1
33437,6
33438,7
33438,2
33439,3
33440,4
33441,4
33442,4
33443,2
33444,7
33445,5
33446,5
33447,6
33448,5
33449,3
33450,2
33450,5
33450,1
33451,5
33452,5
33453,2
33454,5
33455,5
33456,2
33457,3
33458,7
33459,5
33460,1
33461,7
33462,7
33463,5
33464,4
33465,4
33466,2
33467,3
33468,3
33469,4
33470,5
33471,7
33471,2
33471,5
33471,1
33472,7
33472,2
33473,7
33473,2
33473,5
33473,1
33473,3
33474,1
33475,7
33475,2
33475,5
33476,6
33477,7
33477,2
33477,5
33477,1
33477,3
33477,6
33477,4
33478,7
33479,4
33480,3
33480,6
33480,4
33481,3
33482,4
33483,7
33484,2
33485,2
33486,5
33487,5
33488,5
33489,7
33490,5
33491,7
33492,4
33494,7
33494,2
33494,5
33494,1
33495,6
33496,6
33497,2
33498,1
33499,5
33500,5
33501,5
33502,2
33503,3
33504,2
33505,3
33506,3
33507,2
33508,1
33509,5
33510,6
33511,7
33512,6
33513,4
33514,3
33515,1
33516,7
33517,4
33518,2
33519,7
33519,2
33519,5
33519,1
33520,7
33521,6
33522,7
33523,4
33524,2
33525,7
33526,7
33526,2
33526,5
33526,1
33526,3
33526,6
33526,4
33527,6
33528,1
33529,4
33530,7
33531,3
33532,7
33532,2
33533,1
33534,2
33535,4
33536,7
33537,7
33537,2
33537,5
33537,1
33537,3
33538,7
33538,2
33538,5
33538,1
33538,3
33539,6
33540,6
33541,4
33542,5
33543,2
33544,5
33545,1
33546,1
33547,7
33548,1
33549,5
33550,6
33551,6
33552,1
33553,7
33554,7
33555,5
33556,6
33557,3
33558,6
33559,1
33560,6
33561,6
33562,7
33563,6
33564,1
33565,5
33566,3
33567,1
33568,1
33569,7
33570,6
33571,7
33571,2
33571,5
33571,1
33571,3
33572,6
33573,4
33574,5
33575,2
33576,2
33577,1
33578,1
33579,7
33579,2
33579,4
33580,6
33581,1
33582,7
33582,2
33582,5
33582,1
33582,3
33582,6
33582,4
33583,1
33584,5
33585,4
33586,1
33587,3
33588,4
33589,1
33589,3
33589,6
33590,7
33590,2
33590,5
33590,1
33590,3
33591,2
33591,5
33591,1
33591,3
33592,3
33593,3
33594,2
33594,5
33594,1
33595,3
33596,1
33597,1
33598,3
33599,3
33600,1
33601,7
33602,2
33602,5
33602,1
33603,4
33604,1
33605,5
33606,7
33607,1
33608,5
33609,3
33610,7
33610,2
33611,7
33611,2
33611,5
33611,1
33611,3
33612,2
33612,5
33613,3
33613,6
33613,4
33614,1
33615,5
33616,1
33616,6
33617,3
33618,3
33619,6
33621,5
33622,7
33622,2
33622,5
33622,1
33623,3
33624,7
33624,2
33624,5
33624,1
33625,5
33625,1
33626,1
33627,7
33628,7
33629,2
33630,4
33631,7
33631,2
33631,5
33631,1
33631,3
33631,6
33632,7
33632,2
33632,5
33632,1
33633,7
33633,2
33633,5
33633,1
33634,5
33635,7
33635,2
33636,6
33637,5
33638,3
33639,6
33640,7
33641,3
33641,4
33642,3
33643,4
33644,4
33645,7
33646,7
33646,2
33646,5
33646,1
33646,3
33647,7
33647,2
33647,5
33647,1
33647,3
33648,1
33649,1
33650,3
33651,2
33652,7
33652,2
33652,5
33652,1
33653,4
33654,7
33655,5
33656,4
33657,3
33657,6
33657,4
33658,3
33659,7
33659,2
33659,5
33659,1
33659,3
33660,4
33661,3
33662,1
33663,6
33664,7
33664,1
33664,3
33664,4
33665,7
33665,2
33665,5
33665,1
33665,3
33665,6
33665,4
33666,7
33666,2
33666,5
33666,1
33666,3
33666,6
33667,2
33668,7
33669,1
33670,7
33670,2
33670,5
33670,1
33670,3
33671,6
33672,7
33672,2
33672,5
33672,1
33672,3
33673,7
33673,2
33674,1
33675,4
33676,4
33677,6
33678,7
33678,2
33678,5
33678,1
33678,3
33679,7
33680,5
33681,7
33681,2
33681,5
33681,1
33681,3
33682,4
33683,5
33684,7
33684,2
33685,3
33686,5
33687,3
33688,2
33689,2
33690,1
33691,1
33692,1
33693,5
33694,7
33694,2
33694,5
33695,2
33696,7
33696,2
33696,5
33696,1
33696,3
33696,6
33696,4
33697,4
33698,6
33699,6
33700,1
33701,7
33702,1
33703,2
33704,1
33705,6
33705,4
33706,4
33707,1
33708,3
33709,5
33710,5
33711,6
33712,4
33713,1
33714,6
33715,7
33716,6
33717,7
33718,4
33719,7
33720,5
33721,7
33721,2
33721,5
33721,1
33722,7
33723,3
33724,4
33725,7
33726,6
33727,4
33728,1
33729,7
33730,5
33731,2
33732,7
33732,5
33732,3
33733,4
33734,6
33735,1
33736,4
33737,4
33738,3
33739,7
33739,2
33739,5
33739,1
33739,3
33740,2
33740,5
33741,2
33742,2
33742,5
33743,3
33743,6
33743,4
33744,1
33745,1
33746,5
33747,1
33748,2
33749,7
33749,2
33749,5
33749,1
33749,3
33750,4
33751,3
33752,3
33753,7
33753,2
33753,5
33753,1
33753,3
33754,3
33755,4
33756,7
33756,2
33756,5
33756,1
33756,3
33757,6
33758,5
33759,3
33760,1
33761,2
33761,1
33762,7
33762,2
33763,4
33764,5
33765,6
33766,3
33766,6
33766,4
33767,7
33767,2
33767,5
33767,1
33767,3
33768,3
33769,3
33770,7
33771,7
33771,2
33771,5
33771,1
33771,3
33772,3
33772,6
33773,7
33773,2
33773,5
33773,1
33773,3
33773,6
33773,4
33774,7
33774,2
33774,5
33774,1
33775,3
33776,7
33776,2
33776,5
33776,1
33777,7
33777,2
33777,5
33777,1
33777,3
33778,7
33778,2
33778,5
33778,1
33779,5
33780,1
33781,4
33782,7
33782,2
33782,5
33782,1
33782,3
33783,3
33783,6
33783,4
33784,7
33785,2
33786,3
33787,5
33788,6
33789,4
33790,3
33791,4
33792,5
33793,7
33794,7
33795,4
33796,7
33796,2
33796,5
33796,1
33797,3
33798,1
33799,4
33800,4
33801,5
33802,7
33802,2
33802,5
33802,1
33802,3
33802,6
33802,4
33803,2
33804,1
33805,7
33805,2
33805,5
33805,1
33805,3
33805,6
33805,4
33806,1
33807,3
33808,4
33809,2
33809,5
33810,4
33811,7
33811,2
33812,7
33812,2
33812,5
33812,1
33812,3
33813,3
33814,7
33815,7
33815,2
33815,5
33815,1
33816,2
33817,7
33818,7
33819,1
33820,1
33821,5
33821,3
33821,6
33822,7
33823,7
33823,2
33823,5
33823,1
33823,3
33823,6
33823,4
33824,7
33825,1
33826,1
33827,7
33827,2
33827,5
33827,1
33828,7
33829,4
33830,7
33831,6
33832,4
33833,6
33834,3
33835,7
33835,2
33835,5
33835,1
33835,3
33836,5
33837,7
33837,2
33837,5
33837,1
33838,2
33839,7
33839,2
33839,5
33840,1
33841,3
33842,2
33842,5
33842,1
33843,5
33844,5
33845,6
33846,7
33846,2
33847,7
33848,2
33849,7
33849,2
33849,5
33849,1
33849,3
33850,7
33850,2
33850,5
33850,1
33850,3
33851,6
33852,1
33853,4
33854,3
33855,7
33855,2
33855,5
33855,1
33855,3
33856,7
33856,2
33856,5
33856,1
33856,3
33857,7
33857,2
33857,5
33857,1
33857,3
33858,6
33859,7
33859,2
33859,6
33859,4
33860,4
33861,7
33861,2
33861,5
33861,4
33862,7
33862,2
33862,5
33862,1
33862,3
33863,4
33864,7
33864,2
33864,5
33864,1
33864,3
33865,7
33866,7
33866,2
33866,5
33866,1
33866,6
33867,1
33867,3
33867,6
33867,4
33868,7
33868,2
33868,5
33868,1
33868,3
33869,2
33870,6
33871,5
33871,1
33872,3
33873,6
33874,6
33875,3
33876,2
33876,5
33876,1
33877,6
33878,7
33878,2
33878,5
33878,1
33878,3
33878,6
33878,4
33879,2
33879,5
33879,1
33880,6
33881,5
33882,6
33883,1
33884,5
33885,7
33885,2
33885,5
33885,1
33885,3
33886,4
33887,5
33888,1
33889,3
33890,6
33891,4
33892,1
33893,7
33893,2
33893,5
33893,1
33894,3
33895,3
33896,4
33897,1
33898,3
33899,7
33900,4
33901,7
33901,2
33902,1
33902,3
33903,2
33904,5
33905,4
33906,7
33907,7
33908,7
33908,2
33908,5
33908,1
33908,3
33908,6
33908,4
33909,7
33909,2
33910,7
33910,2
33910,5
33910,1
33911,5
33911,1
33912,3
33912,6
33912,4
33913,7
33913,2
33914,3
33914,6
33914,4
33915,2
33916,5
33917,7
33917,2
33917,5
33917,1
33917,3
33917,6
33917,4
33918,6
33919,5
33920,7
33920,2
33920,5
33920,1
33920,3
33920,6
33920,4
33921,3
33922,2
33923,5
33924,4
33925,5
33926,4
33927,2
33928,3
33929,2
33930,4
33931,6
33932,1
33933,2
33934,3
33935,6
33936,6
33937,5
33938,1
33939,2
33940,1
33941,7
33942,6
33943,3
33944,5
33945,7
33946,6
33947,3
33948,7
33949,7
33949,2
33949,5
33949,1
33950,7
33950,2
33950,5
33950,1
33951,4
33952,7
33952,2
33953,4
33954,7
33954,2
33954,5
33954,1
33955,6
33956,6
33957,7
33958,4
33959,7
33959,2
33959,5
33959,1
33959,3
33960,5
33960,1
33961,7
33961,2
33962,5
33962,1
33963,7
33963,5
33963,3
33963,4
33964,7
33964,2
33964,5
33964,1
33965,4
33966,7
33966,2
33966,5
33967,6
33967,4
33968,7
33968,2
33968,5
33968,1
33968,3
33968,6
33968,4
33969,7
33969,2
33970,6
33971,5
33972,3
33973,6
33974,3
33975,3
33977,5
33977,1
33977,3
33978,6
33979,7
33979,2
33979,5
33979,1
33979,3
33979,6
33979,4
33980,7
33980,2
33980,5
33980,1
33980,3
33980,6
33980,4
33981,7
33982,4
33983,5
33984,5
33985,7
33985,2
33985,5
33986,3
33987,1
33988,2
33989,3
33990,6
33991,6
33993,6
33994,2
33994,5
33995,4
33996,6
33997,4
33998,4
33999,5
34000,2
34001,1
34002,2
34003,4
34004,7
34005,2
34006,4
34007,2
34008,7
34008,2
34008,5
34008,1
34008,3
34008,6
34008,4
34009,7
34009,2
34009,5
34009,1
34009,3
34009,4
34010,5
34011,7
34012,2
34013,7
34013,2
34013,5
34013,1
34013,3
34014,6
34015,5
34016,4
34017,7
34017,2
34017,5
34017,1
34018,7
34018,2
34018,5
34018,1
34018,3
34018,6
34018,4
34019,1
34019,3
34020,5
34021,4
34022,4
34023,4
34024,4
34025,7
34026,4
34027,6
34028,5
34029,3
34030,6
34030,4
34031,5
34031,1
34032,7
34032,2
34032,5
34032,1
34032,3
34033,7
34034,7
34034,2
34035,3
34036,4
34037,3
34038,5
34039,7
34040,5
34041,7
34042,7
34042,2
34042,5
34042,1
34042,3
34042,6
34042,4
34043,4
34044,5
34045,5
34046,6
34046,4
34047,4
34048,3
34049,3
34050,6
34051,7
34052,7
34053,4
34054,1
34055,2
34056,5
34057,2
34058,7
34058,2
34058,5
34058,1
34059,1
34060,2
34061,4
34062,2
34063,4
34064,4
34065,3
34066,4
34067,4
34068,7
34069,5
34070,7
34071,3
34072,1
34073,2
34074,5
34075,3
34076,7
34076,2
34076,5
34076,1
34076,3
34077,4
34078,5
34079,7
34079,2
34079,5
34079,1
34079,3
34079,6
34079,4
34080,7
34081,6
34082,4
34083,7
34084,3
34085,6
34086,2
34087,3
34088,1
34089,7
34089,5
34090,7
34092,1
34093,3
34094,5
34095,3
34096,7
34096,2
34096,5
34096,1
34096,3
34096,6
34096,4
34097,4
34098,1
34099,4
34100,7
34101,7
34102,3
34102,6
34103,5
34103,1
34104,5
34104,4
34105,7
34106,2
34107,5
34107,6
34108,7
34109,1
34110,5
34111,5
34112,2
34113,6
34114,7
34114,2
34114,5
34114,1
34114,3
34115,7
34115,2
34115,5
34115,1
34115,3
34116,7
34116,6
34117,1
34117,4
34118,7
34118,2
34118,5
34118,1
34118,3
34118,6
34119,5
34120,2
34120,5
34120,1
34120,3
34121,2
34121,5
34121,1
34121,3
34122,7
34122,2
34122,5
34122,1
34122,3
34122,6
34123,3
34124,7
34124,2
34124,5
34124,1
34124,3
34124,6
34125,2
34125,5
34125,1
34126,4
34127,5
34128,3
34128,6
34129,5
34129,1
34130,5
34130,1
34131,3
34131,6
34132,6
34133,7
34133,2
34134,7
34134,2
34135,5
34135,1
34136,6
34136,4
34137,7
34137,2
34138,5
34138,1
34139,4
34140,3
34140,6
34141,7
34142,6
34143,4
34144,5
34145,7
34145,2
34145,5
34145,1
34145,3
34145,6
34145,4
34146,6
34147,7
34148,6
34149,7
34150,3
34151,6
34152,7
34153,7
34153,2
34153,4
34154,1
34155,1
34156,2
34157,2
34158,1
34159,7
34160,6
34161,2
34162,4
34163,3
34164,7
34165,4
34166,7
34166,2
34166,5
34166,1
34167,7
34167,2
34167,5
34167,1
34168,4
34169,5
34170,5
34171,4
34172,4
34173,4
34174,4
34175,5
34176,4
34177,7
34177,2
34177,5
34177,1
34178,6
34179,7
34179,2
34179,5
34179,1
34180,1
34181,7
34181,2
34181,5
34181,1
34181,3
34182,7
34182,2
34183,3
34183,6
34183,4
34184,7
34184,2
34184,5
34184,1
34184,3
34184,6
34184,4
34185,7
34185,2
34186,7
34186,2
34186,5
34186,1
34186,3
34187,2
34188,3
34189,3
34190,7
34190,2
34190,5
34190,1
34191,2
34192,7
34192,2
34192,5
34192,1
34192,3
34193,2
34194,7
34194,2
34194,5
34194,1
34194,3
34195,5
34196,6
34198,7
34198,2
34198,5
34198,1
34198,3
34200,6
34201,6
34202,1
34203,4
34204,1
34205,6
34206,5
34207,1
34208,7
34208,2
34208,5
34208,1
34208,3
34208,6
34208,4
34209,2
34210,7
34210,6
34210,4
34211,7
34212,6
34213,4
34214,7
34215,1
34216,6
34216,4
34217,6
34218,4
34219,4
34220,4
34221,4
34222,1
34223,7
34223,2
34223,5
34223,1
34224,7
34224,2
34224,5
34224,1
34225,6
34226,3
34227,5
34228,5
34229,3
34230,7
34230,2
34230,5
34230,1
34231,5
34232,6
34233,7
34233,2
34233,5
34233,1
34233,3
34234,1
34235,4
34236,7
34237,7
34237,2
34237,5
34237,1
34238,3
34239,4
34240,3
34241,6
34242,6
34243,7
34243,2
34243,5
34243,1
34244,6
34245,3
34246,7
34247,6
34248,6
34249,3
34250,7
34250,2
34250,5
34250,1
34250,3
34251,3
34252,3
34253,6
34254,4
34255,1
34256,7
34256,2
34256,5
34256,1
34257,4
34258,6
34259,5
34260,1
34261,7
34261,2
34261,5
34261,1
34262,7
34262,2
34262,5
34262,1
34262,3
34263,1
34264,4
34265,7
34265,2
34265,5
34265,1
34266,2
34266,3
34267,6
34268,5
34269,6
34270,5
34271,2
34272,7
34272,2
34272,5
34272,1
34273,4
34274,7
34274,2
34274,5
34274,1
34275,7
34275,2
34275,5
34275,1
34275,3
34276,5
34277,2
34278,3
34279,6
34280,2
34281,6
34282,4
34283,1
34284,7
34284,2
34284,5
34284,1
34285,6
34286,2
34287,7
34287,2
34287,5
34287,1
34287,3
34288,7
34288,2
34288,5
34288,1
34288,3
34289,2
34290,4
34291,7
34291,2
34291,5
34291,1
34291,3
34291,6
34291,4
34292,5
34293,4
34294,2
34295,4
34296,4
34297,5
34298,7
34299,5
34300,3
34301,5
34302,7
34303,5
34304,5
34305,2
34306,3
34307,5
34308,2
34309,2
34310,5
34311,2
34312,2
34313,4
34314,3
34315,5
34316,3
34317,1
34318,1
34319,6
34320,7
34320,3
34321,3
34322,6
34322,4
34323,1
34324,4
34325,7
34325,2
34325,5
34325,1
34325,3
34326,7
34327,4
34328,7
34328,2
34328,5
34328,1
34328,3
34329,6
34330,1
34331,4
34332,7
34333,7
34334,5
34335,2
34336,5
34337,1
34338,4
34339,5
34340,1
34341,2
34342,1
34343,7
34343,5
34344,2
34345,5
34346,7
34346,2
34346,5
34346,1
34347,6
34348,1
34349,2
34350,3
34351,7
34352,5
34352,1
34353,6
34353,4
34354,1
34355,6
34356,1
34357,7
34358,6
34359,3
34360,5
34361,4
34362,4
34363,5
34364,6
34365,7
34365,2
34365,5
34365,1
34365,3
34366,3
34367,4
34368,1
34369,2
34370,6
34371,2
34372,7
34373,7
34373,4
34374,1
34375,7
34375,2
34375,5
34375,1
34375,3
34376,3
34377,3
34378,7
34378,2
34378,5
34378,1
34379,2
34380,7
34380,2
34380,5
34380,1
34380,3
34381,7
34382,1
34383,5
34384,3
34385,2
34386,5
34387,6
34389,2
34390,2
34391,5
34392,6
34393,7
34393,2
34394,5
34394,1
34395,2
34396,1
34397,5
34398,4
34399,7
34400,1
34401,5
34402,1
34403,4
34404,4
34405,1
34406,1
34407,6
34408,7
34409,2
34410,1
34411,4
34412,5
34413,2
34414,2
34415,7
34415,4
34416,1
34417,6
34418,3
34419,6
34420,6
34421,7
34422,1
34423,3
34424,3
34425,6
34426,1
34427,7
34427,2
34428,3
34429,1
34429,3
34429,6
34430,7
34430,2
34430,5
34430,1
34430,3
34431,7
34431,2
34431,5
34431,1
34432,7
34432,2
34432,5
34432,1
34432,3
34433,7
34433,2
34433,5
34433,1
34433,3
34434,1
34435,4
34436,7
34437,7
34437,2
34437,5
34437,1
34437,3
34438,2
34439,3
34440,5
34441,6
34442,7
34443,6
34444,6
34445,1
34446,7
34447,5
34448,5
34449,4
34450,1
34451,7
34451,2
34451,5
34451,1
34451,3
34452,7
34452,2
34452,5
34452,1
34452,3
34453,2
34454,2
34455,7
34456,4
34457,2
34458,3
34459,6
34460,2
34461,7
34462,2
34463,7
34463,2
34464,2
34465,1
34466,4
34467,4
34468,6
34469,7
34469,2
34469,5
34469,1
34470,1
34470,3
34471,6
34472,4
34473,3
34474,7
34475,2
34476,4
34477,2
34478,6
34479,6
34480,6
34481,7
34482,7
34483,7
34484,6
34485,7
34485,2
34485,5
34485,1
34485,3
34486,2
34487,7
34488,2
34489,1
34490,1
34491,7
34491,2
34491,5
34491,1
34491,3
34492,6
34493,7
34494,3
34495,4
34496,3
34497,7
34498,7
34499,7
34500,4
34501,5
34502,3
34503,7
34504,6
34505,5
34506,1
34507,6
34508,2
34509,5
34510,2
34511,4
34512,1
34513,6
34514,2
34515,6
34516,6
34517,6
34518,1
34519,6
34520,6
34521,1
34522,7
34523,4
34524,3
34525,6
34526,4
34527,4
34528,4
34529,6
34530,5
34531,7
34531,2
34531,5
34531,1
34532,7
34533,4
34534,6
34535,1
34536,3
34537,7
34537,2
34538,4
34539,3
34540,1
34541,6
34542,6
34543,7
34543,2
34543,5
34543,1
34544,5
34545,2
34546,7
34546,2
34547,4
34548,4
34549,5
34550,1
34551,3
34552,6
34552,4
34553,4
34554,7
34554,2
34554,5
34554,4
34555,7
34556,7
34556,2
34556,5
34556,1
34556,3
34556,6
34556,4
34557,6
34558,7
34558,2
34558,5
34558,1
34558,3
34558,6
34558,4
34559,2
34560,4
34561,6
34562,7
34563,4
34564,4
34565,2
34565,1
34566,3
34567,7
34567,2
34567,5
34567,1
34567,3
34569,1
34570,1
34571,3
34572,7
34573,7
34574,2
34575,7
34575,2
34575,5
34575,1
34575,3
34576,4
34577,2
34578,5
34579,4
34580,4
34581,2
34581,5
34581,1
34582,5
34583,7
34584,2
34585,3
34586,7
34586,4
34587,3
34588,7
34588,2
34588,5
34588,1
34589,4
34590,6
34591,7
34591,2
34591,5
34591,1
34592,5
34592,1
34593,7
34593,2
34593,5
34593,1
34594,7
34594,2
34594,5
34594,1
34595,4
34596,4
34597,4
34598,4
34599,7
34599,2
34599,5
34599,1
34599,3
34599,6
34599,4
34600,7
34601,7
34601,2
34601,5
34601,1
34602,4
34603,4
34604,2
34605,6
34606,4
34607,7
34607,2
34607,5
34607,1
34607,3
34608,3
34609,6
34610,6
34611,6
34612,1
34613,1
34614,7
34615,4
34616,6
34617,6
34618,1
34619,1
34620,7
34620,2
34620,5
34620,1
34621,7
34621,4
34622,7
34623,7
34623,2
34623,5
34623,1
34623,3
34624,6
34625,5
34626,5
34627,2
34628,4
34629,1
34630,1
34631,4
34632,5
34633,7
34633,2
34633,5
34633,1
34633,3
34635,4
34636,7
34636,2
34636,5
34636,1
34636,3
34636,6
34636,4
34637,5
34638,5
34639,1
34640,7
34641,2
34642,6
34643,7
34643,2
34643,5
34643,1
34644,2
34645,6
34645,4
34646,1
34647,3
34648,6
34649,1
34650,7
34651,7
34652,1
34653,7
34653,2
34653,5
34653,1
34653,4
34654,2
34655,6
34656,3
34657,3
34658,5
34659,4
34660,1
34661,4
34662,6
34663,7
34663,2
34663,5
34663,1
34664,7
34664,2
34664,5
34664,1
34664,3
34665,7
34666,7
34667,1
34668,5
34668,3
34668,4
34669,5
34670,5
34671,1
34672,6
34673,7
34673,2
34673,5
34673,1
34674,4
34675,7
34676,7
34677,4
34678,2
34679,2
34680,7
34680,2
34680,5
34680,1
34680,3
34681,1
34682,2
34682,5
34683,1
34684,3
34685,2
34685,5
34686,2
34687,5
34688,6
34689,7
34690,2
34691,7
34691,2
34691,5
34691,1
34691,3
34691,6
34691,4
34692,7
34692,2
34692,5
34693,5
34694,2
34695,1
34696,7
34697,1
34698,6
34699,2
34700,7
34701,1
34702,3
34703,3
34704,4
34705,7
34706,1
34707,5
34707,1
34708,2
34708,5
34709,1
34710,1
34711,7
34712,5
34713,4
34714,3
34715,5
34716,7
34717,4
34718,1
34719,7
34719,2
34719,5
34719,1
34720,5
34721,6
34722,2
34723,7
34723,2
34723,5
34723,1
34724,3
34725,4
34726,6
34727,4
34728,5
34729,2
34730,6
34731,4
34732,7
34733,7
34734,1
34735,3
34736,6
34737,5
34738,2
34739,5
34740,1
34741,3
34742,2
34743,1
34744,1
34745,7
34745,2
34745,5
34745,1
34745,3
34746,2
34747,5
34748,5
34749,2
34750,5
34751,2
34752,2
34753,5
34753,1
34754,7
34754,2
34755,3
34755,6
34755,4
34756,6
34757,1
34758,7
34758,5
34759,5
34760,7
34760,2
34760,5
34760,1
34761,7
34761,2
34761,5
34761,1
34762,1
34763,7
34763,2
34763,5
34763,1
34764,1
34765,1
34766,4
34767,7
34768,7
34769,5
34770,1
34771,7
34771,2
34771,5
34771,1
34772,5
34773,7
34774,4
34775,4
34776,7
34776,2
34776,5
34777,3
34778,7
34778,2
34778,5
34778,1
34778,3
34779,7
34779,4
34780,5
34781,2
34782,4
34783,4
34784,5
34785,4
34786,5
34787,7
34787,2
34787,5
34787,1
34787,3
34788,7
34788,2
34788,5
34788,1
34788,3
34789,7
34789,2
34789,5
34789,1
34789,3
34790,3
34791,5
34792,7
34792,1
34793,4
34794,1
34795,3
34796,2
34796,5
34796,1
34797,6
34798,6
34799,7
34800,5
34801,7
34802,2
34803,7
34803,2
34803,5
34803,1
34804,3
34805,5
34806,5
34806,3
34807,4
34808,4
34809,2
34809,5
34810,4
34811,7
34812,4
34813,2
34814,7
34814,2
34814,5
34814,1
34814,3
34814,6
34814,4
34815,7
34815,2
34815,5
34815,1
34815,3
34815,6
34815,4
34816,2
34817,7
34818,4
34819,2
34820,7
34820,2
34820,5
34820,1
34820,3
34821,7
34822,7
34822,2
34822,5
34822,1
34822,3
34823,6
34824,7
34824,2
34824,5
34824,1
34824,3
34825,5
34826,1
34827,7
34827,2
34828,7
34828,2
34829,4
34830,6
34831,7
34831,2
34831,5
34831,1
34832,6
34833,7
34833,2
34833,5
34833,1
34833,3
34834,7
34835,7
34835,2
34835,5
34835,1
34836,1
34837,2
34838,2
34839,7
34840,1
34841,4
34842,6
34843,6
34843,4
34844,5
34845,4
34846,2
34847,7
34847,2
34847,5
34847,1
34847,3
34848,1
34849,1
34850,1
34851,1
34851,6
34852,7
34853,7
34853,2
34853,5
34853,1
34853,3
34854,2
34854,5
34854,1
34854,3
34855,5
34856,3
34857,7
34857,2
34857,5
34857,1
34857,3
34857,6
34857,4
34858,1
34859,1
34860,2
34861,7
34861,2
34861,5
34861,1
34861,3
34861,6
34861,4
34862,5
34863,7
34864,3
34865,4
34866,2
34867,7
34868,6
34869,7
34869,2
34869,5
34870,3
34870,6
34871,3
34872,5
34873,3
34873,6
34874,4
34875,5
34875,1
34876,5
34877,5
34878,4
34879,4
34880,4
34881,6
34882,3
34883,5
34884,6
34885,2
34886,7
34886,2
34886,5
34886,1
34886,3
34887,4
34888,4
34889,2
34889,1
34890,5
34891,4
34892,3
34893,4
34894,4
34895,3
34896,3
34897,6
34897,4
34898,4
34899,7
34899,2
34899,5
34899,1
34899,3
34900,1
34901,4
34902,2
34902,5
34902,1
34902,3
34903,6
34904,3
34905,6
34906,7
34906,2
34906,5
34906,1
34906,3
34907,4
34908,7
34908,2
34908,5
34908,1
34909,6
34910,2
34911,4
34912,7
34913,3
34914,1
34915,6
34916,7
34917,5
34918,4
34919,7
34919,1
34920,1
34921,7
34921,2
34921,5
34921,1
34921,3
34922,7
34922,2
34922,5
34922,1
34922,3
34922,6
34922,4
34923,5
34923,1
34924,1
34925,7
34926,4
34927,5
34928,5
34929,7
34929,2
34929,5
34929,1
34929,3
34929,6
34929,4
34930,3
34931,7
34931,2
34931,5
34931,1
34931,3
34932,2
34933,7
34934,7
34934,2
34934,5
34935,7
34935,2
34936,7
34936,2
34936,5
34936,1
34936,3
34937,6
34938,1
34939,5
34940,7
34941,3
34942,4
34943,3
34944,7
34945,3
34946,5
34946,1
34946,4
34947,2
34948,1
34949,6
34950,3
34951,4
34952,2
34953,1
34954,7
34954,2
34954,5
34954,1
34955,3
34956,3
34957,7
34957,2
34957,5
34957,1
34958,6
34959,7
34959,2
34959,5
34959,1
34960,7
34960,2
34960,5
34960,1
34960,3
34961,6
34962,6
34964,4
34965,4
34966,7
34966,2
34966,5
34966,1
34966,3
34967,1
34968,1
34969,7
34970,6
34971,6
34972,4
34973,6
34974,3
34975,5
34976,6
34977,5
34978,1
34979,6
34979,4
34980,7
34980,2
34980,5
34980,1
34980,3
34981,7
34981,2
34982,6
34983,5
34984,2
34985,5
34986,2
34987,1
34988,7
34988,2
34988,5
34988,1
34988,3
34989,4
34990,3
34991,1
34992,1
34993,7
34993,2
34993,5
34993,1
34994,5
34995,5
34996,4
34997,1
34998,7
34998,2
34998,5
34998,1
34998,3
34999,3
35000,7
35001,2
35002,2
35003,7
35003,2
35003,5
35003,1
35003,3
35004,4
35005,3
35006,4
35007,7
35008,1
35009,5
35010,4
35011,1
35012,3
35013,6
35014,7
35015,7
35016,4
35017,4
35018,6
35019,4
35020,6
35021,7
35022,6
35023,4
35024,5
35025,5
35026,7
35026,2
35026,1
35026,3
35027,5
35028,2
35029,7
35029,2
35029,5
35029,1
35029,3
35030,6
35031,7
35031,2
35031,5
35031,1
35032,7
35033,4
35034,6
35035,1
35035,3
35035,6
35036,3
35037,7
35038,7
35039,7
35039,2
35039,5
35039,1
35039,3
35040,4
35041,6
35042,5
35043,3
35044,2
35044,5
35044,1
35045,6
35045,4
35046,5
35046,1
35047,5
35047,1
35048,4
35049,4
35050,4
35051,6
35053,7
35054,7
35054,2
35054,5
35054,1
35054,3
35054,6
35055,7
35055,2
35055,5
35055,1
35055,3
35056,7
35057,4
35058,7
35058,2
35058,5
35058,1
35059,4
35060,7
35060,2
35060,5
35060,1
35060,3
35061,1
35062,5
35063,7
35063,2
35063,5
35063,1
35064,3
35065,2
35066,7
35066,2
35066,5
35066,1
35067,3
35068,5
35069,3
35070,7
35071,7
35072,4
35073,4
35074,3
35075,4
35076,7
35076,2
35076,5
35076,1
35076,3
35076,6
35076,4
35078,4
35079,7
35079,2
35079,5
35079,1
35079,3
35079,6
35079,4
35080,2
35081,6
35082,5
35083,4
35084,6
35085,7
35085,2
35085,5
35085,1
35085,6
35086,2
35087,7
35087,2
35087,5
35087,1
35087,3
35087,6
35087,4
35088,1
35089,7
35089,2
35089,5
35089,1
35089,3
35090,6
35091,3
35092,1
35093,1
35094,5
35095,7
35096,5
35097,7
35097,2
35097,5
35097,1
35098,1
35099,2
35099,5
35100,2
35101,7
35101,2
35102,7
35103,7
35103,2
35103,5
35103,1
35103,3
35104,2
35105,6
35106,7
35107,2
35108,1
35109,3
35110,2
35111,2
35112,3
35113,1
35114,7
35114,2
35114,5
35114,1
35114,3
35114,6
35114,4
35115,5
35115,1
35115,3
35116,5
35117,7
35117,2
35117,5
35117,1
35117,3
35118,3
35119,6
35119,4
35120,7
35120,2
35120,5
35120,1
35120,3
35121,7
35121,2
35121,5
35122,3
35123,6
35124,1
35125,7
35126,3
35127,7
35128,3
35129,5
35130,4
35131,1
35132,7
35132,2
35132,5
35132,1
35132,3
35133,7
35133,2
35133,5
35133,1
35133,3
35134,7
35134,2
35134,5
35134,1
35134,3
35135,6
35136,2
35137,7
35137,2
35137,5
35137,1
35137,3
35138,4
35139,2
35140,4
35141,7
35141,4
35142,1
35143,1
35144,7
35144,2
35144,5
35144,1
35145,7
35145,2
35145,5
35145,1
35145,3
35146,1
35147,5
35148,2
35149,2
35149,5
35149,1
35150,1
35151,3
35152,1
35153,6
35154,6
35155,4
35156,6
35157,2
35158,6
35159,7
35159,5
35159,3
35160,3
35161,7
35161,2
35161,5
35161,1
35161,3
35161,6
35161,4
35162,5
35163,5
35163,1
35163,3
35164,5
35165,7
35166,1
35167,6
35168,2
35169,4
35170,7
35170,2
35170,5
35170,1
35170,3
35170,6
35170,4
35171,7
35171,2
35171,5
35171,1
35171,3
35171,6
35171,4
35173,3
35174,6
35175,7
35175,3
35175,6
35175,4
35176,1
35177,2
35178,5
35179,5
35180,2
35181,6
35182,7
35182,2
35183,7
35184,7
35184,2
35184,5
35184,1
35184,3
35185,7
35185,2
35185,5
35185,1
35185,3
35185,6
35185,4
35186,7
35186,2
35186,5
35186,1
35186,3
35187,7
35187,2
35187,5
35187,1
35188,5
35189,4
35190,7
35190,2
35190,5
35190,1
35190,3
35191,7
35192,7
35192,2
35192,5
35192,1
35192,3
35193,7
35193,2
35193,5
35193,1
35193,3
35193,6
35193,4
35194,7
35195,7
35196,7
35196,2
35196,5
35196,1
35196,3
35197,1
35198,5
35199,7
35200,3
35201,4
35202,2
35203,5
35204,6
35205,5
35206,6
35207,7
35207,2
35207,5
35207,1
35207,3
35207,6
35207,4
35208,2
35209,7
35209,2
35209,5
35209,1
35209,3
35209,6
35209,4
35210,7
35210,2
35211,5
35211,1
35212,4
35213,7
35214,7
35215,3
35216,3
35217,3
35218,6
35219,7
35219,2
35220,3
35221,1
35222,5
35223,1
35224,4
35225,1
35226,7
35227,1
35228,7
35229,7
35230,6
35231,7
35231,2
35231,5
35231,1
35231,3
35232,1
35233,6
35234,7
35234,2
35234,5
35234,1
35234,3
35235,4
35236,4
35238,1
35239,3
35240,3
35241,2
35242,5
35243,7
35244,4
35245,3
35246,3
35247,7
35247,2
35247,5
35247,1
35247,3
35247,6
35247,4
35248,3
35249,1
35250,7
35251,1
35252,1
35253,2
35254,3
35255,5
35256,3
35256,6
35256,4
35257,2
35258,3
35259,7
35259,2
35259,5
35259,1
35259,3
35259,6
35259,4
35260,3
35261,2
35262,6
35263,7
35263,2
35263,5
35263,1
35263,3
35263,6
35263,4
35264,7
35264,2
35264,5
35264,1
35265,7
35265,2
35265,5
35265,1
35265,3
35266,1
35267,4
35268,7
35268,2
35268,5
35268,1
35268,3
35268,6
35268,4
35269,1
35270,5
35271,1
35272,7
35272,2
35272,5
35272,1
35272,3
35273,7
35273,2
35274,7
35274,2
35274,5
35274,1
35274,3
35275,7
35275,3
35275,6
35275,4
35276,7
35276,1
35276,6
35276,4
35277,6
35278,5
35278,1
35279,7
35279,2
35279,5
35279,1
35280,7
35281,5
35282,7
35283,1
35284,3
35285,5
35286,5
35287,4
35288,7
35288,2
35288,5
35288,1
35289,7
35290,7
35290,2
35290,5
35290,1
35290,3
35291,3
35292,7
35292,2
35292,5
35292,1
35292,3
35293,2
35294,4
35295,2
35296,4
35297,5
35297,1
35298,5
35298,1
35299,7
35299,2
35300,6
35300,4
35301,7
35301,2
35302,5
35302,1
35303,1
35304,5
35304,1
35305,7
35305,2
35306,2
35307,6
35308,7
35308,2
35308,5
35308,1
35308,3
35309,7
35309,2
35309,5
35309,1
35309,3
35310,2
35311,1
35312,2
35313,3
35314,2
35315,7
35315,2
35316,4
35317,7
35318,4
35319,1
35320,4
35321,5
35322,3
35323,7
35323,2
35323,5
35323,1
35323,3
35324,3
35325,5
35325,3
35326,2
35327,7
35328,6
35329,1
35330,4
35331,1
35332,5
35333,7
35333,2
35333,5
35333,1
35333,3
35334,3
35334,4
35335,7
35335,2
35335,5
35335,1
35335,3
35335,6
35335,4
35336,2
35336,5
35336,1
35336,3
35337,7
35337,2
35337,5
35337,1
35338,7
35339,5
35340,1
35341,1
35342,5
35343,1
35344,5
35345,4
35346,7
35346,5
35346,1
35347,4
35348,3
35349,2
35350,3
35351,5
35352,7
35353,1
35354,7
35355,4
35356,4
35357,1
35358,3
35359,6
35360,2
35360,5
35361,5
35362,3
35363,3
35364,6
35365,4
35366,4
35368,5
35369,7
35370,7
35371,2
35372,7
35373,2
35374,6
35375,6
35376,7
35376,2
35376,5
35376,1
35376,3
35377,4
35378,7
35378,2
35378,5
35379,2
35380,3
35381,4
35382,1
35383,7
35384,4
35385,5
35385,3
35385,6
35386,7
35387,3
35388,3
35389,5
35390,4
35391,7
35392,7
35393,4
35394,6
35395,6
35396,3
35397,4
35398,2
35399,7
35399,2
35399,5
35399,1
35399,3
35399,6
35399,4
35400,2
35401,4
35402,1
35403,7
35403,2
35403,5
35403,1
35403,3
35404,2
35405,7
35405,2
35405,5
35405,1
35405,3
35405,6
35405,4
35406,6
35407,6
35408,6
35409,4
35410,6
35411,3
35412,2
35414,7
35414,2
35414,5
35414,1
35415,5
35416,7
35416,2
35416,5
35416,1
35416,3
35416,6
35416,4
35417,4
35418,5
35419,1
35420,4
35421,7
35421,2
35422,4
35423,1
35424,2
35425,6
35426,5
35427,3
35428,6
35429,6
35430,7
35431,6
35432,1
35433,3
35434,6
35435,7
35436,1
35437,5
35438,7
35438,2
35438,5
35438,1
35439,6
35440,4
35441,4
35442,5
35443,7
35443,2
35443,5
35443,1
35443,3
35443,6
35444,7
35445,1
35446,3
35447,4
35448,1
35448,3
35448,6
35449,2
35450,1
35451,6
35452,6
35453,2
35453,5
35453,1
35453,3
35454,7
35454,2
35454,5
35454,1
35455,6
35455,4
35456,4
35457,7
35457,2
35457,5
35457,1
35457,3
35458,5
35459,4
35460,4
35461,5
35462,5
35463,1
35464,5
35465,4
35466,2
35467,3
35468,6
35469,2
35470,3
35471,4
35472,4
35473,2
35474,5
35475,7
35476,5
35477,3
35478,5
35478,6
35479,3
35479,6
35479,4
35480,7
35480,2
35480,5
35480,1
35480,3
35480,6
35480,4
35481,7
35481,2
35481,5
35482,5
35483,4
35484,3
35484,6
35485,4
35486,7
35486,2
35486,5
35486,1
35486,3
35487,7
35487,2
35487,5
35487,1
35487,3
35488,7
35488,2
35488,5
35488,1
35488,3
35489,6
35490,4
35491,1
35492,1
35493,4
35494,6
35495,1
35496,6
35497,3
35498,4
35499,6
35500,4
35501,1
35502,1
35503,3
35504,1
35505,7
35505,2
35505,5
35505,1
35505,3
35505,4
35506,4
35507,7
35507,5
35508,3
35509,1
35510,3
35511,6
35511,4
35512,2
35513,4
35514,5
35515,5
35515,1
35516,7
35517,5
35518,1
35519,7
35520,7
35521,6
35522,3
35523,7
35524,6
35525,4
35526,7
35526,2
35526,5
35526,1
35526,3
35526,6
35526,4
35527,7
35527,2
35528,7
35528,2
35528,5
35528,1
35528,3
35529,7
35529,2
35529,5
35529,1
35529,3
35530,7
35530,2
35530,5
35530,1
35530,3
35530,6
35530,4
35531,7
35531,2
35531,5
35531,1
35531,3
35531,6
35531,4
35532,6
35533,7
35533,2
35533,5
35533,1
35534,1
35535,7
35535,2
35535,5
35535,1
35536,4
35537,4
35538,2
35539,7
35540,4
35541,7
35542,5
35543,7
35543,2
35543,5
35543,1
35543,3
35544,7
35544,2
35544,5
35544,1
35544,3
35545,7
35545,2
35545,5
35545,1
35545,3
35545,6
35545,4
35546,7
35546,2
35546,5
35546,1
35547,7
35547,2
35547,5
35547,1
35547,3
35548,3
35549,7
35549,2
35549,5
35549,1
35549,3
35550,5
35551,1
35552,7
35552,2
35552,5
35552,1
35552,3
35553,6
35554,5
35555,5
35556,5
35557,7
35557,2
35557,5
35557,1
35557,3
35558,2
35559,2
35560,5
35560,1
35561,3
35561,6
35562,7
35563,1
35565,5
35566,6
35567,1
35568,5
35569,4
35570,7
35571,5
35572,1
35573,3
35574,5
35575,7
35575,2
35576,6
35576,4
35577,7
35577,2
35578,6
35579,6
35580,2
35581,7
35582,6
35583,3
35584,7
35584,2
35585,1
35586,7
35586,2
35586,5
35586,1
35586,3
35587,7
35588,7
35589,1
35590,7
35591,4
35592,7
35593,1
35594,7
35595,7
35595,2
35596,2
35596,1
35597,3
35598,7
35599,5
35600,1
35601,7
35602,1
35603,5
35604,3
35605,2
35606,3
35607,1
35608,1
35609,4
35610,7
35611,5
35612,6
35612,4
35613,5
35614,6
35615,5
35616,4
35617,5
35618,2
35619,1
35620,7
35621,5
35622,2
35623,4
35624,7
35625,1
35626,5
35626,3
35628,5
35629,5
35629,1
35629,3
35629,6
35630,7
35630,2
35630,5
35630,1
35630,3
35630,6
35630,4
35631,7
35631,2
35631,5
35631,1
35631,3
35632,7
35632,2
35632,5
35632,1
35632,3
35632,6
35632,4
35633,7
35633,2
35633,5
35633,1
35633,3
35633,6
35633,4
35634,4
35635,7
35635,2
35635,5
35635,1
35635,3
35636,6
35637,5
35638,4
35639,1
35640,6
35641,2
35642,2
35643,1
35644,5
35645,7
35645,2
35645,5
35645,1
35646,3
35647,7
35647,2
35647,5
35647,1
35647,3
35649,1
35650,4
35651,7
35652,4
35653,2
35654,7
35654,2
35654,5
35654,1
35654,3
35654,6
35654,4
35655,3
35655,6
35655,4
35656,6
35657,7
35657,2
35657,5
35657,1
35658,7
35658,2
35658,5
35658,1
35659,3
35659,6
35659,4
35660,4
35661,4
35662,6
35663,3
35663,6
35664,7
35665,2
35666,5
35666,1
35667,4
35668,1
35669,5
35670,1
35671,1
35672,1
35673,4
35674,3
35675,4
35676,1
35677,1
35678,3
35679,7
35680,7
35680,2
35680,5
35680,1
35680,3
35680,6
35680,4
35681,7
35681,2
35681,5
35681,1
35681,3
35681,6
35681,4
35682,7
35682,2
35682,5
35682,1
35682,3
35683,7
35683,2
35683,5
35683,1
35683,3
35683,6
35683,4
35684,6
35685,3
35686,5
35687,1
35688,7
35688,2
35688,5
35689,4
35690,7
35691,7
35691,2
35691,5
35691,1
35691,3
35692,7
35692,2
35692,5
35692,1
35692,3
35692,6
35692,4
35693,6
35694,1
35695,5
35696,5
35697,5
35698,4
35699,7
35699,2
35699,5
35699,1
35699,3
35699,6
35699,4
35700,4
35701,2
35702,2
35702,5
35702,1
35703,5
35704,1
35705,6
35706,3
35707,7
35707,2
35707,1
35707,3
35707,6
35707,4
35708,4
35709,7
35709,2
35709,5
35709,1
35709,3
35710,3
35711,7
35711,2
35711,5
35711,1
35712,5
35713,3
35714,2
35715,5
35716,1
35717,2
35717,1
35718,2
35719,7
35720,1
35721,1
35722,3
35723,7
35724,4
35725,6
35726,4
35727,7
35727,2
35727,5
35728,3
35729,6
35730,4
35731,7
35732,2
35733,4
35734,3
35734,4
35735,7
35736,4
35737,3
35738,4
35739,7
35740,7
35741,3
35742,7
35743,1
35744,1
35745,7
35746,1
35747,4
35748,5
35749,7
35750,7
35751,2
35752,7
35753,5
35754,2
35754,1
35755,1
35756,6
35757,2
35758,1
35759,5
35760,7
35761,7
35761,2
35761,5
35761,1
35761,3
35761,6
35761,4
35762,7
35762,2
35762,5
35762,1
35762,3
35762,6
35762,4
35763,3
35764,5
35764,6
35765,4
35766,6
35767,6
35768,1
35769,2
35770,4
35771,2
35772,3
35773,2
35774,1
35775,1
35776,2
35777,2
35778,7
35779,3
35780,7
35781,7
35782,1
35783,7
35783,2
35783,5
35783,1
35784,2
35785,6
35786,7
35786,2
35786,5
35787,1
35788,5
35789,6
35790,2
35791,4
35792,2
35793,4
35794,5
35795,7
35796,3
35797,6
35798,2
35799,6
35800,7
35800,5
35800,4
35801,2
35802,5
35803,7
35804,2
35805,7
35805,2
35805,5
35805,1
35805,3
35805,6
35805,4
35806,4
35807,4
35808,3
35809,7
35810,6
35811,1
35812,7
35813,4
35814,5
35814,1
35815,6
35816,4
35817,5
35818,7
35819,4
35820,2
35821,3
35822,1
35823,5
35824,6
35824,4
35825,3
35825,6
35826,2
35827,3
35827,6
35828,7
35828,2
35829,5
35829,1
35830,4
35831,2
35832,2
35833,5
35834,5
35835,7
35835,2
35835,5
35835,1
35836,7
35837,5
35838,5
35839,1
35840,4
35841,1
35842,7
35843,2
35844,5
35845,3
35846,4
35847,3
35848,5
35849,2
35850,2
35851,7
35852,1
35853,1
35853,3
35854,2
35855,7
35855,2
35855,5
35855,1
35855,3
35856,4
35857,7
35857,2
35857,5
35857,1
35858,7
35858,2
35858,5
35858,1
35858,3
35858,6
35858,4
35859,2
35859,5
35859,1
35860,7
35860,2
35860,5
35860,1
35861,5
35862,5
35863,7
35864,6
35865,5
35866,7
35866,2
35866,5
35866,1
35866,3
35867,6
35868,7
35869,1
35870,3
35871,6
35872,5
35873,1
35874,1
35874,3
35875,1
35876,5
35877,6
35878,7
35879,2
35880,3
35881,6
35882,7
35882,2
35882,5
35882,1
35883,4
35884,2
35885,7
35885,4
35886,6
35887,4
35888,5
35889,4
35890,1
35891,7
35892,2
35893,2
35894,3
35895,5
35896,1
35897,4
35898,1
35899,4
35900,1
35901,7
35901,2
35901,5
35901,1
35901,3
35901,6
35901,4
35902,1
35903,6
35903,4
35904,7
35904,2
35904,4
35905,5
35906,7
35906,2
35906,5
35906,1
35907,7
35907,1
35907,4
35908,7
35908,2
35908,5
35908,1
35908,3
35909,5
35909,1
35910,5
35910,1
35911,6
35912,2
35913,6
35913,4
35914,5
35914,1
35915,5
35916,5
35917,4
35918,5
35919,7
35919,2
35919,5
35919,1
35920,7
35920,2
35921,1
35922,4
35923,4
35924,6
35924,4
35925,7
35925,2
35925,5
35925,1
35925,3
35925,6
35925,4
35926,7
35927,7
35927,2
35928,6
35928,4
35929,7
35929,2
35929,6
35929,4
35930,4
35931,3
35932,7
35933,6
35934,4
35935,6
35936,3
35937,2
35938,6
35938,4
35939,6
35939,4
35940,3
35941,7
35941,2
35941,5
35941,1
35942,7
35943,7
35943,2
35943,5
35943,1
35944,1
35945,7
35945,2
35945,5
35945,1
35945,3
35946,4
35947,4
35948,2
35949,3
35950,3
35951,7
35951,2
35951,5
35951,1
35951,3
35952,2
35953,6
35954,2
35955,7
35955,2
35955,5
35956,7
35956,2
35956,5
35956,1
35956,3
35956,6
35956,4
35957,7
35958,5
35959,6
35960,3
35961,7
35962,1
35963,5
35964,2
35965,5
35966,6
35967,3
35968,2
35969,4
35970,1
35971,4
35972,1
35973,3
35974,5
35975,1
35976,1
35977,7
35977,2
35977,5
35977,1
35977,3
35977,6
35977,4
35978,7
35979,1
35980,7
35981,7
35982,5
35983,6
35984,6
35985,6
35986,6
35987,7
35987,2
35987,5
35987,1
35987,3
35988,6
35989,6
35990,4
35991,4
35992,6
35992,4
35993,5
35993,1
35994,7
35994,2
35995,1
35995,3
35995,6
35996,7
35996,4
35997,6
35998,2
35999,5
36000,2
36001,2
36002,6
36003,2
36004,5
36005,3
36006,7
36006,2
36006,5
36006,1
36007,3
36008,7
36008,2
36008,5
36008,1
36008,3
36009,4
36010,5
36011,7
36012,4
36013,7
36014,7
36014,2
36014,5
36014,1
36015,5
36016,7
36016,2
36016,5
36016,1
36016,3
36016,6
36016,4
36017,4
36018,2
36019,2
36020,6
36021,1
36021,3
36022,3
36023,6
36023,4
36024,3
36025,7
36025,2
36025,5
36025,1
36025,3
36026,7
36026,2
36027,7
36028,6
36029,6
36030,4
36031,3
36032,1
36033,7
36034,1
36035,5
36036,1
36037,1
36038,7
36039,1
36040,4
36041,5
36042,3
36043,5
36044,4
36045,1
36046,1
36047,1
36049,6
36050,4
36051,7
36051,2
36052,2
36053,7
36054,2
36055,6
36056,6
36057,4
36058,7
36059,7
36059,2
36059,5
36059,1
36059,3
36059,6
36059,4
36060,3
36061,7
36062,1
36063,5
36064,7
36064,2
36064,5
36064,3
36065,7
36066,5
36067,7
36068,3
36069,1
36070,2
36071,6
36072,5
36072,1
36072,3
36073,7
36074,2
36075,5
36075,1
36076,1
36077,2
36078,3
36079,4
36080,7
36080,5
36081,7
36082,5
36083,3
36084,5
36085,7
36085,2
36085,5
36085,1
36085,3
36086,7
36086,2
36086,5
36086,1
36086,3
36087,7
36087,2
36088,4
36089,1
36090,3
36091,7
36091,2
36092,6
36093,1
36094,1
36095,3
36096,3
36097,7
36097,2
36097,4
36098,1
36099,5
36100,1
36101,4
36102,6
36103,4
36104,5
36105,7
36105,2
36106,6
36106,4
36107,5
36107,1
36108,7
36108,2
36109,2
36110,6
36111,3
36112,7
36113,7
36113,2
36113,5
36113,1
36113,3
36114,2
36115,7
36115,2
36115,5
36115,1
36116,6
36117,4
36118,7
36119,2
36119,5
36119,1
36120,7
36121,7
36121,2
36121,5
36121,1
36122,6
36123,7
36124,6
36125,2
36125,5
36125,1
36126,1
36127,4
36128,2
36129,3
36130,1
36131,6
36132,7
36133,4
36134,4
36135,2
36135,5
36136,2
36136,5
36137,7
36137,2
36138,2
36139,7
36139,2
36140,5
36140,1
36141,3
36141,6
36141,4
36142,5
36143,1
36143,3
36144,4
36145,5
36146,1
36147,4
36148,4
36149,1
36150,7
36150,2
36150,5
36150,1
36150,3
36151,5
36152,4
36153,7
36153,2
36153,5
36153,1
36153,3
36154,7
36155,4
36156,5
36157,7
36158,7
36159,2
36159,5
36159,1
36159,3
36160,4
36161,4
36162,2
36163,2
36164,5
36165,5
36166,4
36167,1
36168,1
36169,3
36170,7
36170,2
36171,6
36172,1
36173,1
36174,1
36175,4
36176,1
36177,1
36178,3
36179,5
36180,6
36181,2
36182,1
36183,5
36183,6
36184,4
36185,3
36186,3
36187,1
36188,2
36189,3
36190,7
36190,2
36190,1
36190,3
36191,7
36192,2
36193,6
36194,7
36195,4
36196,3
36197,3
36198,1
36199,1
36200,7
36201,4
36202,3
36203,4
36204,6
36205,3
36206,4
36207,7
36207,2
36207,5
36207,1
36207,3
36208,7
36208,2
36208,5
36208,1
36208,3
36209,7
36209,1
36210,7
36211,7
36212,7
36212,2
36212,5
36212,1
36212,3
36213,4
36214,5
36215,7
36216,4
36217,5
36218,7
36218,2
36218,5
36218,1
36219,5
36219,1
36220,6
36221,4
36222,6
36223,1
36224,6
36225,3
36225,6
36225,4
36226,3
36226,6
36226,4
36227,3
36227,6
36227,4
36228,3
36228,6
36228,4
36229,4
36230,6
36231,5
36231,1
36232,2
36233,6
36234,2
36235,2
36236,1
36237,2
36238,7
36238,2
36238,5
36238,1
36238,3
36239,7
36239,2
36239,5
36239,1
36239,3
36239,6
36239,4
36240,4
36241,3
36242,1
36243,2
36243,5
36243,1
36244,7
36245,1
36246,3
36247,2
36248,5
36248,1
36249,5
36250,5
36251,5
36252,7
36252,2
36253,7
36253,2
36253,5
36253,1
36253,3
36254,2
36255,7
36256,1
36257,7
36258,2
36259,4
36260,6
36261,7
36261,2
36261,5
36261,1
36262,3
36263,7
36264,5
36264,3
36265,3
36265,6
36266,7
36266,2
36266,5
36266,1
36266,3
36266,6
36266,4
36267,2
36268,4
36269,3
36270,2
36270,5
36270,1
36271,3
36272,1
36273,1
36274,5
36275,1
36276,7
36277,7
36277,2
36277,5
36277,1
36277,3
36277,6
36277,4
36278,7
36278,2
36278,5
36278,1
36278,3
36279,7
36279,2
36279,5
36279,1
36279,3
36279,6
36279,4
36280,4
36281,7
36282,2
36283,7
36283,2
36283,5
36283,1
36284,7
36285,5
36286,3
36287,5
36288,5
36289,1
36290,1
36291,6
36292,3
36293,1
36294,4
36295,7
36296,5
36296,1
36296,3
36297,1
36298,3
36299,7
36299,2
36299,5
36299,1
36299,3
36300,2
36301,7
36301,2
36301,5
36301,1
36301,3
36301,6
36301,4
36302,6
36303,7
36303,2
36303,5
36303,1
36303,3
36304,7
36304,2
36304,5
36304,1
36304,3
36305,6
36305,4
36306,7
36306,2
36306,5
36306,1
36306,3
36306,6
36306,4
36307,7
36307,2
36307,5
36307,4
36308,1
36309,3
36310,7
36311,4
36312,7
36312,2
36312,5
36312,1
36312,3
36313,7
36313,2
36313,5
36313,1
36313,3
36313,6
36314,6
36315,6
36316,4
36317,6
36318,1
36319,3
36320,7
36321,3
36322,2
36323,5
36324,7
36324,2
36324,5
36324,1
36324,3
36325,6
36326,1
36326,3
36326,6
36326,4
36327,3
36328,3
36329,2
36330,7
36330,2
36330,5
36330,1
36331,4
36332,4
36333,7
36334,2
36334,5
36335,3
36336,5
36337,7
36338,4
36339,7
36340,4
36341,7
36342,7
36342,2
36342,5
36342,1
36343,2
36343,5
36343,1
36344,7
36345,1
36346,7
36346,2
36346,5
36346,1
36346,3
36347,1
36348,4
36349,6
36350,3
36351,7
36351,2
36351,5
36351,1
36351,3
36352,7
36352,2
36352,5
36352,1
36352,3
36352,6
36352,4
36353,7
36353,2
36353,5
36353,1
36354,2
36355,7
36356,1
36357,1
36358,7
36358,2
36358,5
36358,1
36358,3
36359,7
36360,4
36361,1
36362,4
36363,7
36364,6
36365,5
36366,7
36367,2
36368,6
36369,5
36370,1
36371,7
36372,7
36372,2
36372,5
36372,1
36372,3
36372,6
36372,4
36373,6
36374,7
36375,3
36376,5
36377,7
36377,2
36377,5
36378,5
36379,5
36380,7
36380,2
36380,5
36380,1
36380,3
36381,1
36382,2
36383,4
36384,6
36385,1
36385,3
36386,7
36387,4
36388,7
36389,7
36389,2
36389,5
36389,1
36390,7
36390,2
36390,5
36390,1
36391,4
36392,5
36393,2
36394,7
36394,2
36394,5
36394,1
36394,3
36395,1
36396,4
36397,7
36398,1
36399,5
36400,1
36401,6
36402,7
36402,2
36402,5
36402,1
36402,3
36403,7
36404,7
36405,2
36406,6
36407,7
36408,1
36409,4
36410,5
36411,4
36412,7
36412,2
36412,5
36412,1
36412,3
36413,6
36414,1
36415,5
36416,2
36417,1
36418,5
36419,5
36420,1
36421,4
36422,6
36423,1
36424,1
36425,3
36426,2
36427,1
36428,5
36429,7
36429,2
36429,5
36429,1
36430,2
36431,3
36432,3
36433,4
36434,4
36435,4
36436,2
36437,4
36438,3
36439,7
36440,3
36441,6
36442,2
36443,5
36444,3
36445,7
36446,3
36447,1
36448,5
36449,2
36449,5
36449,1
36450,2
36452,4
36453,5
36454,7
36454,2
36455,7
36455,2
36455,5
36455,1
36455,3
36456,4
36457,7
36457,2
36457,5
36457,1
36457,3
36457,6
36457,4
36458,6
36459,1
36460,3
36461,4
36462,1
36463,4
36464,3
36465,1
36466,4
36467,3
36468,3
36469,3
36470,3
36470,6
36470,4
36471,7
36471,2
36471,5
36471,1
36471,3
36472,5
36473,6
36474,7
36474,2
36474,5
36474,1
36474,3
36475,6
36477,1
36478,2
36479,2
36480,4
36481,7
36482,7
36482,2
36482,5
36482,1
36482,3
36483,3
36484,7
36485,4
36486,2
36487,3
36488,6
36489,7
36490,1
36491,7
36491,2
36491,5
36491,1
36491,3
36492,7
36492,2
36492,5
36492,1
36493,7
36493,2
36493,5
36493,1
36494,5
36495,6
36496,3
36497,7
36497,2
36497,5
36497,1
36498,1
36499,4
36500,3
36501,6
36502,7
36502,2
36503,6
36504,5
36505,5
36506,7
36507,4
36508,2
36509,3
36510,5
36511,4
36512,5
36512,3
36513,5
36514,1
36515,7
36516,7
36517,5
36518,1
36519,2
36520,3
36521,3
36522,2
36522,1
36522,3
36522,4
36523,5
36524,5
36524,1
36525,4
36526,5
36527,7
36527,2
36527,5
36528,1
36529,7
36530,7
36530,2
36531,4
36532,1
36533,4
36534,7
36535,7
36536,5
36537,7
36538,2
36539,2
36540,1
36541,7
36541,2
36541,5
36541,1
36541,3
36541,6
36541,4
36542,6
36543,7
36544,4
36545,3
36546,3
36547,7
36548,2
36549,5
36550,1
36551,5
36552,2
36553,1
36554,2
36555,5
36555,1
36556,6
36557,7
36557,2
36557,5
36557,1
36557,3
36558,7
36559,2
36560,1
36561,4
36562,4
36563,2
36564,2
36565,5
36566,6
36567,7
36568,3
36569,7
36570,7
36570,1
36571,5
36572,7
36572,2
36572,5
36572,1
36572,3
36573,7
36573,2
36573,5
36573,1
36573,3
36573,6
36573,4
36574,3
36575,4
36576,2
36577,6
36577,4
36578,1
36579,4
36580,3
36581,4
36582,6
36583,6
36584,4
36585,6
36585,4
36586,5
36586,1
36587,7
36587,2
36587,5
36587,1
36588,1
36589,7
36589,2
36589,5
36589,1
36590,2
36591,4
36592,4
36593,6
36593,4
36594,7
36594,2
36594,5
36594,1
36594,3
36595,5
36595,1
36596,2
36597,5
36598,6
36600,4
36601,1
36602,4
36603,5
36604,3
36605,6
36606,7
36606,2
36606,5
36606,1
36606,3
36607,5
36608,7
36609,7
36610,7
36611,3
36612,6
36613,6
36614,1
36615,6
36616,7
36616,2
36616,5
36616,1
36617,1
36618,5
36619,3
36620,4
36621,7
36621,2
36621,5
36621,1
36621,3
36622,5
36623,5
36624,1
36625,2
36626,1
36627,4
36628,7
36629,2
36630,2
36631,2
36632,3
36633,5
36634,5
36634,1
36635,7
36635,5
36635,3
36636,2
36637,2
36638,1
36639,1
36640,2
36641,4
36642,7
36643,7
36643,2
36643,5
36644,3
36645,3
36646,7
36646,2
36647,7
36647,2
36647,5
36647,1
36647,3
36648,6
36649,1
36650,5
36650,1
36651,2
36651,5
36651,1
36652,7
36652,2
36652,5
36652,1
36652,3
36653,4
36654,3
36655,7
36656,2
36657,4
36658,1
36659,5
36660,3
36661,5
36662,7
36663,4
36664,5
36665,2
36666,4
36667,2
36668,3
36669,3
36670,3
36671,7
36671,2
36671,5
36671,1
36671,3
36672,1
36673,5
36674,7
36674,4
36675,1
36676,6
36677,2
36678,4
36679,7
36679,2
36679,5
36679,1
36679,3
36680,7
36680,2
36680,5
36680,1
36681,6
36682,7
36682,2
36682,4
36683,7
36683,2
36683,5
36683,1
36684,1
36685,4
36686,7
36686,2
36686,5
36686,1
36686,3
36687,6
36688,5
36689,6
36690,2
36691,4
36692,7
36692,2
36693,1
36694,4
36695,2
36696,7
36697,7
36698,3
36699,5
36700,4
36701,7
36702,5
36703,4
36704,7
36704,2
36706,2
36707,1
36708,6
36709,2
36709,5
36709,1
36709,3
36710,4
36711,4
36712,7
36712,2
36712,5
36712,1
36712,3
36712,6
36712,4
36713,7
36713,2
36713,5
36713,1
36713,3
36714,5
36715,2
36716,7
36716,2
36716,5
36716,1
36716,3
36716,6
36716,4
36717,2
36718,3
36719,7
36719,2
36719,5
36719,1
36719,3
36720,5
36721,7
36722,3
36723,3
36724,1
36725,5
36726,5
36727,2
36727,5
36727,1
36728,7
36728,2
36728,5
36728,1
36729,7
36730,7
36731,1
36732,7
36732,4
36733,5
36734,4
36735,5
36735,1
36736,3
36737,4
36738,7
36738,2
36738,5
36738,1
36738,3
36739,7
36739,2
36739,5
36739,1
36739,3
36739,6
36739,4
36740,4
36741,3
36742,3
36743,3
36744,6
36745,7
36745,2
36745,5
36745,1
36745,3
36745,6
36745,4
36746,4
36747,7
36748,5
36749,4
36750,3
36751,7
36752,5
36752,1
36752,3
36753,2
36754,2
36755,7
36755,2
36755,5
36756,7
36757,2
36757,5
36758,1
36759,4
36760,3
36761,7
36761,2
36761,5
36761,1
36762,3
36763,5
36764,6
36765,1
36766,6
36766,4
36767,6
36767,4
36768,5
36769,1
36770,7
36770,2
36770,5
36770,1
36770,3
36771,7
36771,2
36771,5
36771,1
36771,3
36772,2
36773,3
36775,4
36776,4
36777,7
36778,5
36779,7
36779,2
36779,5
36779,1
36779,3
36780,6
36781,4
36782,6
36783,1
36784,1
36785,7
36786,4
36787,7
36787,2
36787,5
36787,1
36787,3
36788,1
36789,7
36789,2
36789,5
36789,1
36789,3
36790,2
36791,7
36792,5
36793,4
36794,3
36795,6
36796,4
36797,7
36798,3
36799,1
36800,7
36800,2
36800,5
36800,1
36801,6
36802,1
36803,3
36804,7
36805,4
36806,7
36806,2
36806,5
36807,7
36807,2
36807,4
36808,2
36809,5
36809,1
36810,4
36811,3
36812,3
36812,6
36812,4
36813,1
36813,3
36814,7
36814,2
36814,5
36815,7
36815,2
36815,5
36815,1
36816,7
36816,2
36816,5
36816,1
36816,3
36817,4
36818,5
36819,1
36820,5
36821,3
36822,1
36823,5
36824,7
36825,1
36826,5
36827,5
36828,1
36829,4
36830,5
36831,2
36832,5
36833,1
36833,3
36833,6
36833,4
36834,1
36835,2
36836,6
36837,4
36838,5
36839,7
36840,7
36840,2
36840,5
36840,1
36840,3
36840,6
36840,4
36841,2
36841,5
36841,1
36842,7
36842,2
36842,5
36842,1
36844,3
36845,5
36846,7
36848,1
36849,2
36850,4
36851,7
36852,5
36853,7
36854,4
36855,7
36856,7
36856,2
36856,5
36856,1
36856,3
36856,4
36857,4
36858,1
36859,7
36860,6
36861,5
36862,1
36863,7
36864,2
36865,5
36866,7
36866,2
36866,5
36867,7
36868,5
36869,3
36870,5
36871,7
36872,1
36873,2
36874,6
36875,1
36877,2
36878,4
36879,7
36879,2
36880,7
36880,2
36881,1
36882,3
36883,6
36884,5
36885,1
36886,4
36887,7
36887,2
36887,5
36887,1
36887,3
36887,6
36888,7
36888,2
36888,5
36888,1
36888,3
36888,6
36889,1
36890,7
36891,7
36891,2
36891,5
36891,1
36891,3
36892,1
36893,1
36894,1
36895,5
36896,1
36897,3
36898,2
36898,5
36898,1
36900,1
36901,7
36902,2
36904,4
36905,7
36905,2
36905,5
36905,1
36906,7
36906,2
36906,5
36906,1
36907,7
36907,2
36907,5
36907,1
36908,2
36909,1
36910,1
36911,3
36911,6
36912,6
36913,4
36914,4
36915,6
36916,3
36917,7
36917,2
36917,5
36917,1
36918,2
36919,7
36919,2
36919,5
36919,1
36919,3
36920,4
36921,2
36922,7
36922,2
36922,5
36923,6
36923,4
36924,4
36925,5
36926,5
36927,3
36928,1
36929,2
36930,5
36931,6
36932,7
36932,2
36932,5
36932,1
36932,3
36933,2
36934,4
36935,7
36936,2
36937,7
36937,2
36937,5
36937,1
36937,3
36938,3
36939,5
36940,4
36941,3
36942,3
36943,7
36944,2
36945,4
36946,1
36947,7
36947,2
36947,5
36947,1
36948,3
36949,1
36950,7
36951,1
36952,2
36953,7
36954,7
36954,2
36954,5
36954,1
36954,3
36955,5
36956,1
36957,3
36958,3
36959,7
36960,6
36961,1
36962,5
36963,2
36964,7
36965,1
36966,6
36968,7
36968,2
36969,5
36970,3
36971,7
36971,2
36971,5
36971,1
36971,3
36971,6
36972,6
36973,5
36974,5
36975,2
36976,3
36977,3
36978,5
36979,1
36980,7
36980,2
36980,5
36980,1
36980,3
36980,6
36981,7
36981,2
36981,5
36981,1
36981,3
36981,6
36982,6
36983,7
36983,2
36983,5
36983,1
36984,4
36985,5
36985,1
36986,1
36987,6
36988,3
36989,2
36990,3
36992,4
36993,3
36994,6
36995,4
36996,5
36997,1
36998,1
36999,1
37001,5
37003,1
37004,1
37005,7
37005,2
37005,5
37005,1
37005,3
37006,7
37006,2
37006,5
37006,1
37006,3
37007,7
37007,2
37007,5
37007,1
37007,3
37008,4
37009,3
37010,4
37011,5
37012,7
37013,2
37014,5
37015,3
37016,1
37018,7
37018,2
37018,5
37018,1
37018,3
37019,5
37020,2
37021,7
37022,1
37023,7
37024,1
37025,3
37026,1
37027,5
37028,4
37029,7
37029,2
37029,5
37029,1
37029,3
37030,2
37031,7
37031,2
37031,5
37031,1
37031,3
37032,2
37032,5
37032,6
37033,6
37034,7
37034,2
37034,5
37034,1
37035,6
37036,5
37037,1
37038,7
37039,7
37039,2
37039,5
37039,1
37039,3
37040,7
37040,2
37040,5
37040,1
37041,1
37042,1
37043,3
37044,4
37045,6
37046,7
37047,1
37048,7
37049,3
37050,1
37051,1
37052,3
37053,2
37054,1
37055,6
37056,7
37057,4
37058,7
37058,2
37058,5
37058,1
37058,3
37059,2
37060,3
37061,7
37061,2
37061,5
37061,1
37061,3
37062,5
37063,5
37064,6
37065,2
37066,4
37067,3
37068,6
37069,3
37070,2
37071,7
37071,3
37071,6
37071,4
37072,6
37073,7
37073,2
37074,6
37075,6
37076,3
37077,4
37078,2
37079,1
37080,6
37081,4
37082,7
37083,4
37084,1
37085,4
37086,4
37087,3
37088,5
37089,7
37090,1
37091,4
37092,1
37093,6
37094,6
37095,5
37096,2
37096,5
37096,4
37097,4
37098,6
37099,3
37100,3
37101,7
37102,5
37103,2
37104,7
37105,1
37106,7
37106,2
37106,5
37106,1
37107,5
37108,4
37109,5
37110,5
37111,6
37112,4
37113,5
37114,7
37115,2
37116,1
37117,1
37118,5
37118,1
37119,5
37120,7
37120,2
37120,5
37120,1
37120,3
37120,6
37120,4
37121,2
37122,3
37123,1
37124,1
37125,1
37126,3
37127,2
37128,2
37129,7
37129,2
37129,5
37129,1
37129,3
37130,6
37131,4
37132,7
37132,2
37132,5
37132,1
37132,3
37133,6
37134,1
37135,7
37135,2
37135,5
37135,1
37135,3
37136,3
37137,7
37138,6
37139,3
37140,5
37140,1
37140,3
37141,6
37142,6
37143,7
37143,2
37144,7
37144,2
37144,5
37144,1
37144,4
37145,6
37146,3
37147,4
37148,5
37149,7
37149,2
37149,5
37149,1
37149,3
37150,1
37151,4
37152,6
37153,1
37154,7
37154,2
37154,3
37154,6
37154,4
37155,4
37156,5
37157,4
37158,1
37159,1
37160,2
37161,5
37162,3
37163,4
37164,4
37165,6
37166,1
37167,7
37167,2
37167,5
37167,1
37168,6
37169,4
37170,1
37171,1
37172,2
37173,4
37174,2
37175,7
37176,3
37177,5
37178,5
37179,7
37180,7
37181,4
37182,5
37183,1
37184,2
37185,7
37185,2
37185,5
37185,1
37185,3
37186,7
37186,2
37186,5
37186,1
37186,3
37187,2
37188,7
37189,4
37190,1
37191,1
37192,6
37193,7
37193,2
37193,5
37194,2
37195,5
37196,1
37197,3
37198,1
37198,3
37198,6
37198,4
37199,6
37200,7
37201,7
37202,7
37203,4
37204,5
37205,2
37206,6
37207,3
37208,2
37209,7
37209,2
37209,5
37209,1
37209,3
37209,6
37209,4
37210,7
37211,3
37212,1
37213,3
37214,7
37215,3
37216,4
37217,3
37218,1
37219,4
37220,3
37221,7
37222,2
37223,5
37224,7
37224,2
37224,5
37224,1
37224,3
37224,6
37224,4
37225,7
37225,2
37225,5
37225,1
37226,7
37226,2
37226,5
37226,1
37226,3
37226,6
37226,4
37227,5
37228,3
37229,1
37230,7
37230,2
37230,5
37230,1
37230,3
37230,6
37230,4
37231,2
37232,3
37232,4
37233,7
37234,7
37234,2
37234,5
37234,1
37235,7
37236,7
37237,1
37238,4
37239,4
37240,7
37240,2
37240,5
37240,1
37240,3
37240,6
37240,4
37241,2
37242,6
37242,4
37243,7
37243,2
37244,7
37244,5
37245,3
37246,2
37246,1
37247,3
37248,3
37249,3
37250,4
37251,7
37251,2
37251,5
37251,1
37251,3
37252,5
37253,6
37254,5
37255,4
37256,6
37257,5
37258,1
37259,3
37260,1
37261,7
37261,2
37261,5
37262,4
37263,1
37264,3
37265,1
37266,1
37267,5
37268,7
37269,7
37270,7
37271,7
37271,2
37271,5
37271,1
37271,3
37272,5
37273,7
37273,2
37273,5
37273,1
37273,3
37274,4
37275,7
37275,2
37275,5
37275,1
37275,3
37276,4
37277,2
37278,7
37278,2
37278,5
37278,1
37278,3
37278,6
37278,4
37279,7
37280,1
37281,7
37281,5
37281,1
37281,4
37282,7
37282,2
37282,5
37283,2
37283,5
37284,3
37285,2
37285,5
37286,4
37287,7
37288,5
37289,4
37290,4
37291,7
37292,7
37292,2
37292,5
37293,5
37294,7
37294,2
37294,5
37294,1
37294,3
37294,6
37294,4
37295,7
37295,2
37295,5
37295,1
37295,3
37295,6
37295,4
37296,7
37296,2
37296,5
37296,1
37296,3
37296,6
37296,4
37297,7
37297,1
37298,7
37299,7
37299,2
37299,5
37299,1
37300,3
37301,3
37302,7
37302,2
37302,5
37302,1
37303,7
37303,2
37303,5
37303,1
37304,3
37305,5
37306,7
37306,2
37306,5
37306,1
37306,3
37306,6
37306,4
37307,5
37307,1
37307,3
37307,6
37308,6
37309,7
37310,3
37310,6
37310,4
37311,6
37312,3
37313,3
37314,3
37315,1
37316,6
37317,2
37318,7
37319,1
37320,7
37321,7
37321,2
37322,5
37323,5
37324,2
37325,7
37325,2
37325,5
37325,1
37326,7
37326,2
37326,5
37326,1
37326,3
37326,6
37326,4
37327,2
37327,5
37327,1
37328,1
37329,1
37330,1
37331,3
37332,4
37333,6
37334,5
37334,1
37335,7
37336,7
37336,2
37336,5
37336,1
37336,3
37336,6
37336,4
37337,7
37337,2
37337,5
37337,1
37337,3
37337,6
37337,4
37338,1
37339,7
37340,7
37341,2
37341,5
37342,3
37345,7
37346,1
37347,3
37348,7
37348,2
37348,5
37348,1
37348,3
37350,7
37351,7
37351,2
37352,1
37353,7
37353,2
37353,5
37353,1
37353,3
37353,6
37353,4
37356,3
37357,7
37359,6
37360,3
37361,6
37362,2
37363,6
37364,3
37365,7
37366,6
37367,4
37368,7
37369,7
37370,6
37371,1
37372,5
37373,7
37374,5
37375,3
37376,3
37377,3
37378,4
37379,5
37380,3
37381,4
37382,2
37383,7
37384,6
37384,4
37385,4
37386,5
37387,7
37387,2
37387,5
37387,1
37387,3
37387,6
37387,4
37388,1
37389,7
37390,7
37391,1
37392,7
37393,7
37394,7
37394,2
37394,5
37394,1
37394,3
37395,1
37396,4
37397,4
37398,3
37399,1
37400,5
37400,1
37401,6
37401,4
37402,6
37402,4
37403,7
37403,2
37403,5
37403,1
37403,3
37403,6
37404,6
37404,4
37405,3
37406,6
37406,4
37407,6
37408,3
37409,7
37410,5
37410,3
37411,3
37412,1
37413,1
37414,7
37414,2
37414,5
37414,1
37415,4
37416,5
37417,7
37418,7
37419,3
37420,3
37421,1
37422,7
37422,2
37422,5
37422,1
37422,3
37423,7
37423,2
37423,5
37423,1
37424,1
37425,4
37426,3
37427,3
37428,4
37429,3
37430,6
37431,2
37432,5
37433,7
37434,4
37435,7
37435,2
37436,7
37436,2
37436,5
37436,1
37436,3
37437,2
37438,2
37439,1
37440,4
37441,3
37442,5
37443,3
37444,7
37444,2
37444,5
37444,1
37444,3
37445,7
37446,7
37446,2
37446,5
37446,1
37447,2
37448,3
37449,1
37450,7
37450,2
37450,5
37450,1
37451,2
37452,1
37453,2
37454,3
37455,2
37456,5
37457,7
37457,2
37458,7
37458,1
37458,3
37459,6
37460,2
37461,4
37462,7
37463,1
37464,1
37465,5
37466,4
37467,2
37468,5
37469,7
37470,6
37471,7
37471,2
37471,5
37471,1
37472,5
37473,7
37474,7
37475,7
37475,2
37475,5
37475,1
37475,3
37476,7
37476,2
37476,5
37476,1
37476,3
37477,6
37478,2
37479,7
37479,2
37479,5
37479,1
37480,6
37481,7
37482,3
37483,2
37484,5
37485,6
37486,2
37487,7
37489,4
37490,5
37491,7
37492,7
37493,5
37494,2
37495,2
37496,7
37496,2
37496,5
37496,1
37497,5
37498,5
37498,1
37499,7
37499,2
37499,5
37499,1
37500,2
37501,6
37502,6
37503,4
37504,3
37505,6
37505,4
37506,7
37506,2
37506,5
37506,1
37506,3
37507,3
37508,2
37509,7
37510,5
37511,4
37512,1
37513,7
37513,2
37513,5
37513,1
37513,3
37514,4
37515,3
37516,5
37517,2
37518,2
37519,4
37520,7
37521,6
37522,7
37523,2
37524,3
37525,7
37526,2
37527,3
37528,6
37529,2
37530,2
37531,7
37531,2
37531,5
37531,1
37531,3
37531,6
37531,4
37532,7
37532,2
37532,5
37532,1
37532,3
37532,6
37532,4
37533,7
37533,2
37533,5
37533,1
37533,3
37533,6
37533,4
37534,6
37535,7
37536,4
37537,4
37538,5
37539,4
37540,2
37540,5
37540,1
37540,3
37542,3
37543,3
37544,7
37545,2
37546,3
37547,7
37548,6
37549,7
37549,2
37549,5
37549,1
37549,3
37549,6
37549,4
37550,2
37551,7
37552,3
37553,3
37554,2
37555,6
37556,3
37557,7
37557,2
37557,5
37557,1
37557,3
37558,7
37558,2
37558,5
37558,1
37558,3
37558,6
37558,4
37559,5
37560,7
37560,2
37560,5
37560,1
37560,3
37561,5
37562,7
37563,5
37564,3
37565,7
37566,2
37567,1
37568,5
37569,1
37570,6
37571,5
37572,2
37573,5
37574,7
37575,3
37576,7
37577,1
37577,4
37578,7
37578,2
37578,5
37578,1
37578,3
37578,6
37578,4
37579,3
37580,3
37581,7
37581,2
37581,5
37581,1
37581,3
37581,6
37582,5
37583,3
37584,7
37585,6
37586,3
37586,6
37587,5
37587,1
37588,7
37588,2
37588,5
37588,1
37588,3
37589,2
37589,5
37589,1
37590,7
37590,2
37590,5
37590,1
37590,3
37591,6
37592,7
37592,2
37592,5
37592,1
37592,3
37593,1
37594,7
37595,4
37596,1
37597,1
37598,2
37599,4
37600,1
37601,4
37602,5
37603,2
37604,4
37605,3
37606,2
37607,1
37608,3
37608,6
37608,4
37609,7
37610,5
37611,7
37612,4
37613,1
37614,7
37614,2
37614,5
37614,1
37615,7
37615,2
37615,5
37615,1
37616,5
37617,3
37618,7
37618,4
37619,7
37620,7
37620,2
37620,5
37620,1
37620,3
37620,4
37621,7
37622,7
37623,4
37624,3
37625,1
37626,7
37626,2
37626,5
37626,1
37626,3
37627,7
37627,2
37627,5
37629,1
37630,7
37631,1
37632,7
37632,2
37632,5
37632,1
37632,3
37633,1
37634,2
37634,5
37635,7
37635,2
37635,5
37635,1
37635,3
37635,6
37635,4
37636,3
37637,1
37638,3
37639,6
37639,4
37640,2
37640,1
37642,3
37644,5
37645,7
37646,7
37646,1
37647,7
37647,4
37648,2
37649,2
37650,7
37651,5
37652,6
37653,2
37654,5
37655,7
37656,4
37657,3
37658,2
37658,5
37658,1
37659,1
37659,3
37659,6
37660,7
37660,2
37660,5
37660,1
37660,3
37660,6
37660,4
37661,7
37662,2
37663,3
37664,7
37664,2
37664,5
37664,1
37665,4
37666,7
37666,5
37666,6
37667,5
37668,4
37669,7
37670,5
37671,3
37672,7
37673,1
37674,5
37675,7
37676,4
37677,4
37678,1
37679,7
37680,7
37681,7
37681,2
37681,5
37681,1
37681,3
37681,6
37682,1
37683,5
37684,7
37684,2
37684,5
37684,1
37684,3
37685,6
37686,1
37687,1
37688,3
37689,6
37690,6
37691,7
37691,2
37692,7
37692,1
37693,4
37694,4
37695,5
37696,2
37696,5
37696,6
37697,6
37697,4
37698,4
37699,4
37700,7
37701,7
37702,7
37703,3
37704,6
37705,5
37706,2
37707,7
37708,5
37709,2
37710,4
37711,5
37712,7
37712,3
37713,7
37713,2
37713,5
37713,1
37714,2
37714,5
37714,1
37715,7
37715,2
37715,5
37715,1
37715,3
37716,3
37717,1
37718,2
37719,6
37720,1
37720,3
37720,6
37721,4
37722,7
37723,7
37723,2
37723,5
37723,1
37723,3
37724,7
37725,1
37726,7
37726,4
37727,7
37728,7
37728,2
37728,5
37728,1
37729,3
37730,5
37731,5
37731,1
37731,3
37732,3
37733,6
37734,7
37734,2
37734,5
37734,1
37734,3
37735,1
37736,7
37736,2
37737,7
37737,2
37737,5
37737,1
37737,3
37738,4
37739,6
37739,4
37740,3
37740,6
37741,5
37742,2
37742,5
37742,1
37742,3
37743,4
37744,4
37745,7
37745,2
37745,5
37745,1
37745,3
37746,1
37747,6
37748,5
37749,5
37750,2
37751,5
37752,7
37752,2
37752,5
37752,1
37752,3
37753,3
37754,6
37755,4
37756,1
37757,7
37757,2
37757,5
37757,1
37757,3
37757,6
37757,4
37758,6
37759,7
37760,7
37760,2
37760,5
37760,1
37760,3
37761,4
37762,4
37763,2
37764,7
37764,2
37764,4
37765,5
37766,7
37766,2
37766,5
37766,1
37766,3
37766,6
37766,4
37767,5
37768,7
37769,4
37770,2
37771,5
37771,1
37772,5
37773,3
37774,2
37775,2
37776,7
37777,2
37778,3
37779,1
37780,6
37781,1
37782,3
37783,1
37784,5
37785,2
37786,7
37787,4
37788,2
37788,5
37788,1
37789,7
37790,7
37790,2
37791,5
37792,2
37793,3
37794,7
37795,1
37796,7
37796,2
37796,5
37796,1
37796,3
37797,7
37798,1
37799,4
37800,1
37801,5
37802,4
37803,5
37804,4
37805,5
37806,1
37807,5
37808,7
37809,5
37810,4
37811,7
37811,2
37812,6
37813,3
37814,5
37815,1
37816,7
37816,2
37817,3
37818,2
37818,1
37819,5
37820,7
37821,4
37823,3
37824,2
37824,5
37824,1
37825,5
37826,7
37826,2
37826,5
37826,1
37826,3
37827,2
37828,3
37829,2
37831,1
37832,5
37833,5
37834,5
37835,7
37835,2
37835,5
37835,1
37836,1
37837,6
37838,2
37839,4
37840,6
37841,2
37842,4
37843,6
37844,4
37845,4
37846,2
37846,5
37846,1
37847,5
37848,1
37849,7
37849,2
37849,5
37849,1
37849,3
37850,7
37851,7
37851,4
37852,7
37852,2
37852,5
37852,1
37852,3
37853,7
37853,2
37853,5
37853,1
37853,3
37854,7
37854,2
37854,5
37854,1
37854,3
37855,4
37856,2
37857,3
37858,4
37859,6
37860,5
37861,5
37861,6
37862,3
37863,6
37864,7
37865,3
37866,7
37867,7
37868,5
37869,4
37870,7
37870,2
37870,5
37870,1
37870,3
37870,6
37870,4
37871,7
37871,2
37871,5
37871,1
37871,3
37872,3
37873,6
37874,7
37874,2
37874,5
37874,1
37875,7
37876,4
37877,3
37878,5
37879,4
37880,6
37881,2
37882,1
37883,7
37884,2
37885,7
37886,7
37886,2
37886,5
37886,1
37887,2
37888,4
37889,7
37889,2
37889,5
37889,1
37889,3
37890,2
37891,6
37892,6
37893,4
37894,3
37895,7
37895,2
37896,6
37897,2
37898,6
37899,2
37900,1
37900,3
37900,6
37901,7
37901,2
37902,2
37903,5
37903,1
37903,3
37905,4
37906,5
37907,7
37907,2
37907,5
37907,1
37908,7
37908,2
37908,5
37908,1
37908,3
37909,5
37910,5
37911,1
37912,7
37912,4
37913,7
37913,4
37914,2
37914,4
37915,7
37916,6
37917,6
37918,1
37919,1
37920,6
37921,7
37921,2
37921,5
37921,1
37921,3
37922,3
37923,6
37924,4
37925,5
37926,1
37927,4
37928,3
37929,4
37930,1
37931,1
37932,6
37933,6
37934,3
37935,5
37936,3
37937,1
37938,7
37938,2
37938,5
37938,1
37938,3
37939,7
37940,7
37940,2
37940,5
37940,1
37941,7
37942,1
37943,4
37944,3
37945,6
37946,6
37947,7
37947,2
37947,5
37947,1
37947,3
37948,3
37949,4
37950,2
37951,2
37952,6
37953,6
37954,7
37955,5
37955,1
37955,3
37956,2
37956,5
37956,1
37956,3
37957,1
37958,2
37959,4
37960,4
37961,5
37961,1
37961,3
37962,7
37962,2
37962,5
37962,1
37962,3
37963,7
37963,2
37963,5
37963,1
37963,3
37964,7
37964,2
37965,2
37965,4
37966,5
37966,1
37967,7
37967,4
37968,6
37969,7
37969,1
37970,7
37971,5
37972,3
37973,6
37974,5
37975,7
37976,1
37977,7
37978,1
37979,2
37980,5
37981,7
37982,7
37982,2
37982,5
37982,1
37982,4
37983,4
37984,1
37985,7
37985,4
37986,5
37987,4
37988,7
37989,7
37989,2
37989,5
37989,1
37989,3
37990,3
37991,3
37992,5
37993,1
37994,3
37995,6
37996,1
37997,7
37997,2
37998,7
37998,2
37998,5
37998,1
37999,6
38000,7
38001,4
38002,3
38003,3
38004,1
38005,7
38006,7
38006,4
38007,1
38008,4
38009,7
38010,7
38011,6
38011,4
38012,2
38013,7
38013,2
38013,5
38014,3
38015,3
38016,3
38017,7
38017,1
38018,2
38019,4
38020,3
38020,6
38021,6
38022,1
38023,2
38024,6
38025,7
38026,4
38027,5
38027,1
38028,7
38028,2
38028,5
38029,6
38030,6
38031,7
38031,2
38032,4
38033,7
38033,2
38033,5
38033,1
38033,3
38034,1
38035,1
38036,2
38037,7
38038,6
38039,4
38040,3
38041,3
38042,4
38043,7
38044,6
38045,7
38045,2
38045,5
38046,7
38046,2
38046,5
38047,1
38048,1
38049,5
38050,7
38050,2
38050,5
38050,1
38050,3
38051,6
38052,7
38052,2
38052,5
38053,2
38053,5
38053,1
38054,1
38055,3
38056,7
38056,2
38056,5
38056,1
38057,1
38058,1
38059,5
38060,2
38061,1
38062,1
38063,7
38064,1
38065,7
38065,2
38065,5
38065,1
38065,3
38066,4
38067,5
38068,1
38069,3
38070,3
38071,1
38072,5
38073,7
38073,2
38073,5
38073,1
38073,3
38073,6
38074,7
38075,6
38076,1
38077,4
38078,4
38079,7
38079,2
38079,5
38079,1
38079,3
38079,6
38079,4
38080,5
38081,6
38082,7
38083,7
38083,2
38083,5
38083,1
38083,3
38083,6
38083,4
38084,5
38085,4
38086,6
38087,3
38088,7
38089,1
38090,1
38091,1
38092,2
38093,7
38093,2
38093,5
38093,1
38094,4
38095,6
38096,6
38097,4
38098,5
38098,1
38099,1
38100,4
38101,7
38101,5
38101,3
38101,4
38102,4
38103,7
38103,2
38103,5
38103,1
38104,6
38104,4
38105,6
38106,7
38106,2
38106,5
38106,1
38107,4
38108,7
38108,2
38108,5
38108,1
38108,3
38109,4
38110,4
38111,7
38111,2
38111,5
38111,1
38111,3
38112,2
38113,7
38114,7
38114,2
38114,5
38114,1
38114,3
38115,6
38116,7
38117,6
38118,5
38119,1
38120,2
38121,7
38121,2
38122,6
38123,7
38123,2
38123,5
38123,1
38123,3
38123,6
38124,4
38125,2
38126,1
38127,7
38127,2
38127,5
38127,1
38127,3
38127,6
38127,4
38128,4
38129,3
38130,7
38131,5
38131,1
38132,4
38133,7
38133,2
38133,5
38133,1
38133,3
38134,2
38134,5
38135,7
38135,2
38135,5
38135,1
38136,3
38137,1
38138,1
38139,7
38140,2
38141,5
38142,7
38142,2
38142,5
38142,1
38143,5
38143,1
38144,2
38144,5
38144,1
38145,7
38145,2
38145,5
38145,1
38145,3
38145,6
38145,4
38146,7
38146,2
38146,5
38146,1
38146,3
38146,6
38146,4
38147,2
38148,2
38149,7
38149,1
38149,4
38150,7
38150,2
38150,5
38150,1
38151,7
38151,2
38151,5
38151,1
38152,7
38152,2
38152,5
38152,1
38153,3
38154,7
38154,2
38154,5
38154,1
38154,3
38155,7
38155,2
38155,5
38155,1
38156,1
38157,7
38157,2
38157,5
38157,1
38158,5
38159,1
38160,4
38161,6
38162,7
38162,2
38162,5
38162,1
38162,3
38163,3
38164,7
38164,5
38164,1
38164,3
38165,7
38165,2
38165,5
38165,1
38166,2
38167,7
38167,2
38167,5
38168,5
38169,5
38169,1
38169,3
38169,6
38170,6
38171,7
38171,2
38171,5
38171,1
38171,4
38172,5
38173,6
38174,7
38174,2
38174,5
38174,1
38174,3
38175,1
38176,7
38177,2
38178,4
38179,4
38180,5
38181,1
38182,2
38183,5
38184,7
38185,1
38186,4
38187,5
38187,1
38188,7
38188,2
38188,5
38188,1
38189,2
38189,4
38190,4
38191,1
38192,1
38193,4
38194,4
38195,6
38196,7
38197,1
38198,2
38199,7
38200,3
38201,2
38202,5
38203,4
38204,1
38205,4
38206,5
38207,3
38207,4
38208,3
38209,7
38210,4
38211,7
38211,2
38211,5
38211,1
38211,3
38212,3
38212,6
38212,4
38213,2
38214,2
38215,7
38215,2
38215,5
38215,1
38215,3
38216,7
38217,1
38218,7
38218,1
38219,5
38220,6
38221,2
38222,3
38222,6
38223,6
38224,7
38225,4
38226,7
38226,4
38227,5
38227,1
38227,3
38228,7
38229,5
38230,3
38231,5
38232,7
38232,2
38232,5
38232,1
38232,3
38233,5
38234,1
38235,7
38235,2
38235,5
38235,1
38235,3
38236,3
38237,6
38238,5
38239,1
38240,6
38241,4
38242,4
38243,5
38244,6
38245,3
38246,4
38247,2
38248,7
38248,2
38248,5
38248,1
38248,3
38248,6
38248,4
38249,2
38249,5
38250,4
38251,4
38252,4
38253,7
38254,7
38254,2
38254,5
38254,1
38255,1
38256,7
38257,7
38258,6
38259,3
38260,4
38261,5
38261,1
38262,1
38263,5
38264,7
38265,5
38266,7
38267,7
38268,3
38269,6
38270,3
38270,6
38271,5
38271,1
38272,5
38273,4
38274,4
38275,7
38275,2
38275,5
38275,1
38275,3
38276,4
38277,5
38278,1
38278,6
38279,7
38279,5
38280,2
38280,3
38281,7
38282,5
38283,5
38283,1
38284,4
38285,3
38286,5
38287,7
38288,4
38289,7
38290,7
38290,2
38290,5
38290,1
38290,3
38291,2
38292,6
38293,7
38293,2
38293,5
38293,1
38293,3
38293,6
38293,4
38294,1
38295,7
38295,6
38295,4
38296,4
38298,2
38299,5
38300,5
38301,2
38302,3
38303,1
38304,5
38305,3
38306,1
38306,3
38306,6
38307,3
38307,6
38308,5
38308,1
38309,7
38309,2
38309,5
38309,1
38309,3
38310,6
38311,5
38312,7
38313,4
38314,6
38315,6
38316,5
38317,3
38318,2
38319,7
38319,2
38319,5
38319,1
38319,3
38319,6
38319,4
38320,4
38321,5
38322,7
38322,2
38322,5
38322,1
38322,3
38322,6
38322,4
38323,1
38324,4
38325,5
38326,7
38326,2
38326,5
38326,1
38326,3
38326,6
38326,4
38327,1
38327,4
38328,7
38328,2
38328,5
38328,1
38328,3
38328,6
38328,4
38329,7
38329,2
38329,5
38329,1
38329,3
38329,6
38330,7
38330,2
38330,5
38330,1
38331,7
38331,2
38331,5
38331,1
38332,5
38332,1
38332,3
38333,7
38333,2
38333,5
38333,1
38334,3
38335,7
38336,2
38337,3
38338,5
38339,6
38340,6
38341,3
38342,2
38342,1
38342,4
38343,3
38344,4
38346,4
38347,1
38348,7
38348,4
38349,1
38350,6
38351,3
38352,1
38353,2
38354,3
38355,7
38356,3
38356,6
38357,5
38358,6
38359,4
38360,5
38361,6
38362,5
38363,2
38364,6
38364,4
38366,4
38367,5
38368,7
38368,2
38368,5
38368,1
38368,3
38368,6
38368,4
38369,4
38370,1
38371,3
38372,1
38373,1
38374,5
38375,6
38376,4
38377,2
38378,3
38379,5
38383,3
38383,6
38383,4
38384,7
38385,7
38385,2
38386,7
38386,2
38386,5
38386,1
38386,3
38386,6
38386,4
38387,7
38387,2
38387,5
38387,1
38387,3
38387,6
38387,4
38388,7
38389,5
38390,6
38391,2
38392,5
38393,4
38394,1
38395,7
38395,2
38395,5
38395,1
38395,3
38396,4
38397,6
38398,5
38399,5
38400,7
38400,2
38401,3
38402,2
38403,3
38404,7
38404,2
38404,5
38404,1
38404,3
38404,6
38404,4
38405,5
38406,6
38407,2
38408,7
38408,2
38408,5
38408,1
38408,3
38409,7
38410,6
38411,7
38411,2
38411,5
38411,1
38411,3
38412,7
38412,2
38412,5
38412,1
38412,3
38413,7
38413,2
38413,5
38413,1
38413,3
38414,6
38415,4
38416,2
38417,5
38418,1
38419,6
38420,4
38421,1
38422,4
38423,7
38423,2
38424,6
38424,4
38425,3
38425,6
38426,7
38426,2
38427,4
38428,4
38429,3
38430,3
38432,7
38432,2
38432,5
38432,1
38432,3
38433,7
38434,6
38435,2
38436,1
38437,3
38438,4
38439,5
38440,2
38441,7
38442,6
38443,3
38444,5
38445,7
38446,5
38447,4
38448,2
38449,3
38450,7
38451,3
38452,2
38453,5
38454,6
38455,4
38456,5
38457,4
38458,7
38459,5
38460,4
38461,7
38461,2
38461,5
38461,1
38461,3
38462,7
38462,2
38462,1
38462,3
38463,1
38464,1
38465,1
38466,1
38467,6
38468,3
38469,4
38470,1
38471,2
38472,2
38472,5
38472,1
38473,6
38474,2
38475,2
38476,5
38477,3
38478,1
38479,1
38480,1
38481,4
38482,1
38483,1
38484,3
38485,1
38486,5
38487,4
38488,1
38489,6
38490,5
38491,1
38492,6
38494,6
38495,4
38496,1
38497,7
38498,6
38499,6
38500,3
38501,3
38501,6
38502,7
38502,2
38502,5
38503,7
38503,6
38503,4
38504,7
38505,6
38506,7
38506,2
38506,5
38506,1
38506,3
38507,5
38508,3
38509,5
38510,2
38511,3
38512,7
38512,2
38512,5
38512,1
38513,6
38514,3
38515,6
38516,7
38517,5
38518,5
38519,3
38520,5
38521,7
38521,2
38521,5
38521,1
38521,3
38522,6
38523,1
38524,7
38524,2
38524,5
38524,1
38524,3
38524,6
38524,4
38525,1
38525,3
38525,6
38526,7
38526,2
38526,5
38526,1
38526,3
38526,6
38526,4
38527,5
38528,6
38529,2
38530,7
38530,2
38531,7
38532,6
38532,4
38533,5
38534,2
38535,5
38536,3
38537,4
38538,2
38539,7
38539,2
38539,5
38539,1
38540,6
38540,4
38541,6
38542,3
38543,1
38544,7
38544,2
38544,5
38544,1
38544,3
38545,3
38546,5
38547,2
38548,5
38549,4
38550,6
38551,4
38552,3
38553,6
38554,3
38555,4
38556,2
38557,7
38557,2
38557,5
38557,1
38557,3
38558,5
38559,5
38560,7
38561,4
38562,2
38563,2
38564,5
38565,2
38566,4
38567,2
38568,5
38569,5
38570,5
38571,7
38571,2
38571,5
38571,1
38571,3
38571,6
38571,4
38572,2
38573,2
38574,4
38575,7
38576,7
38577,4
38578,1
38579,1
38580,3
38581,4
38582,2
38583,6
38584,7
38585,7
38586,2
38587,2
38589,6
38590,2
38590,5
38590,1
38590,3
38591,2
38592,3
38593,5
38594,7
38594,2
38594,5
38594,1
38595,5
38596,5
38597,4
38598,7
38598,2
38598,5
38598,1
38598,3
38598,6
38598,4
38599,4
38600,4
38601,4
38602,4
38603,7
38603,4
38604,6
38604,4
38605,7
38605,2
38605,4
38606,2
38607,1
38608,4
38609,7
38609,2
38610,6
38611,3
38611,6
38612,3
38613,1
38614,3
38615,6
38616,5
38617,7
38618,5
38619,4
38620,6
38621,6
38622,7
38622,2
38622,5
38623,2
38623,5
38623,1
38624,6
38625,4
38626,3
38627,3
38628,2
38629,7
38629,2
38629,5
38629,1
38629,3
38630,5
38631,1
38632,4
38633,3
38634,5
38635,2
38635,4
38636,4
38637,7
38638,7
38639,6
38640,1
38641,4
38642,6
38643,3
38644,7
38644,2
38644,5
38644,1
38644,3
38645,2
38646,6
38647,7
38648,1
38648,3
38648,6
38649,3
38650,4
38651,2
38652,6
38653,1
38654,7
38654,2
38654,5
38654,1
38654,3
38655,5
38655,3
38656,7
38656,2
38657,5
38658,7
38658,2
38658,5
38658,1
38658,3
38659,7
38659,2
38659,5
38659,1
38659,3
38660,4
38661,7
38662,6
38663,7
38664,3
38665,7
38665,2
38665,5
38665,1
38665,3
38666,7
38666,2
38666,5
38666,1
38667,4
38668,4
38669,3
38669,6
38670,7
38670,2
38670,5
38670,1
38670,3
38671,5
38672,7
38673,1
38674,7
38674,2
38674,5
38674,1
38674,3
38675,5
38676,1
38677,4
38678,3
38679,7
38679,4
38680,2
38681,7
38681,1
38682,3
38683,7
38684,4
38685,3
38686,7
38686,2
38686,5
38687,2
38688,1
38689,1
38690,4
38691,5
38691,1
38692,7
38692,2
38692,5
38692,1
38693,6
38694,7
38694,2
38694,5
38694,1
38694,3
38694,6
38694,4
38695,6
38696,7
38696,2
38696,5
38696,1
38697,6
38698,2
38699,6
38700,7
38700,2
38700,5
38700,1
38701,7
38702,6
38703,6
38704,6
38705,3
38706,3
38707,4
38708,6
38709,1
38710,5
38711,3
38712,1
38713,1
38714,7
38714,2
38714,5
38714,1
38715,3
38716,5
38717,5
38718,5
38719,1
38720,3
38722,7
38723,4
38724,7
38725,7
38725,2
38725,5
38725,1
38726,3
38727,5
38728,1
38729,7
38730,7
38731,7
38731,2
38731,5
38731,1
38731,3
38732,2
38733,1
38734,5
38735,2
38736,3
38737,5
38738,5
38739,7
38739,2
38739,5
38739,1
38740,7
38741,4
38742,6
38743,4
38744,1
38745,2
38746,4
38747,7
38747,2
38747,5
38747,1
38747,4
38748,2
38748,5
38749,4
38750,4
38751,3
38752,2
38753,2
38754,6
38755,7
38756,7
38756,2
38756,5
38756,1
38757,7
38758,5
38759,7
38759,2
38759,5
38759,1
38759,3
38760,1
38761,4
38762,7
38762,2
38763,6
38763,4
38764,7
38764,2
38764,5
38764,1
38764,3
38764,6
38764,4
38765,7
38766,5
38767,5
38767,1
38768,3
38769,3
38770,2
38770,5
38770,1
38771,7
38771,2
38771,5
38772,6
38773,7
38774,1
38775,5
38776,4
38777,4
38778,1
38779,7
38780,7
38780,2
38780,5
38780,1
38781,3
38782,1
38783,7
38784,2
38785,4
38786,4
38787,6
38788,4
38789,4
38790,7
38791,7
38791,2
38791,5
38791,1
38791,4
38792,5
38793,4
38794,4
38795,5
38796,3
38797,1
38798,7
38799,1
38800,5
38801,5
38802,7
38803,5
38804,2
38804,5
38804,1
38804,3
38805,3
38805,6
38806,7
38806,2
38806,5
38806,1
38807,2
38808,1
38809,1
38810,6
38810,4
38811,7
38811,2
38812,4
38813,6
38814,3
38815,2
38816,5
38817,6
38818,6
38819,6
38820,7
38821,2
38822,1
38823,2
38824,2
38825,7
38825,2
38825,5
38825,1
38825,3
38825,6
38825,4
38826,7
38826,2
38826,5
38826,1
38826,3
38826,6
38826,4
38827,1
38828,4
38829,3
38830,1
38831,7
38831,2
38831,5
38831,1
38831,3
38832,3
38833,3
38834,4
38835,3
38836,1
38837,5
38838,7
38838,5
38839,1
38840,5
38840,6
38841,3
38842,2
38842,1
38843,7
38843,2
38843,5
38843,1
38843,3
38844,7
38844,2
38844,5
38844,1
38844,3
38845,7
38845,2
38845,5
38845,1
38845,3
38846,5
38847,5
38847,1
38848,7
38848,2
38848,5
38848,1
38848,3
38849,3
38850,2
38851,4
38852,4
38853,7
38853,2
38853,5
38853,1
38854,2
38855,4
38857,5
38858,4
38859,7
38859,2
38860,5
38861,1
38862,3
38862,6
38863,7
38865,4
38866,4
38867,5
38868,4
38869,3
38870,7
38870,5
38871,1
38872,7
38872,2
38872,5
38872,1
38873,7
38873,2
38873,5
38873,1
38874,3
38875,7
38875,2
38875,5
38875,1
38876,1
38877,5
38878,7
38878,2
38878,5
38878,1
38878,3
38878,6
38878,4
38879,5
38879,1
38880,5
38881,2
38882,3
38883,1
38884,2
38885,6
38886,3
38887,7
38887,2
38888,6
38889,7
38890,7
38890,2
38890,5
38890,1
38890,3
38891,3
38892,1
38893,2
38894,2
38894,4
38895,6
38896,7
38896,2
38896,5
38896,1
38897,2
38898,6
38899,7
38900,7
38900,2
38900,5
38900,1
38900,3
38900,6
38900,4
38901,3
38902,1
38903,4
38904,2
38904,5
38904,1
38905,5
38906,7
38906,5
38906,4
38907,6
38908,6
38909,4
38910,5
38910,3
38911,5
38911,1
38912,7
38912,2
38912,5
38912,1
38913,7
38913,2
38913,5
38913,1
38914,6
38915,1
38916,4
38917,5
38917,3
38918,1
38919,6
38919,4
38920,5
38920,1
38921,5
38921,1
38922,7
38922,2
38922,5
38922,1
38922,3
38922,6
38922,4
38923,2
38924,5
38924,1
38925,7
38925,2
38925,5
38925,1
38926,3
38927,4
38928,7
38928,2
38928,5
38928,1
38928,3
38929,3
38930,7
38930,2
38930,5
38930,1
38931,4
38932,5
38933,7
38933,2
38933,5
38933,1
38933,3
38934,3
38936,1
38937,6
38938,3
38939,3
38940,5
38940,1
38941,1
38942,7
38942,2
38942,5
38942,1
38943,5
38944,5
38945,3
38946,5
38947,7
38948,3
38949,1
38950,7
38950,2
38950,5
38950,1
38951,7
38952,4
38953,7
38953,4
38954,1
38955,7
38956,3
38957,4
38958,1
38959,4
38960,7
38960,2
38960,5
38960,1
38961,7
38961,2
38961,5
38961,1
38962,3
38963,6
38963,4
38964,7
38964,2
38965,5
38965,1
38966,4
38967,1
38968,7
38968,2
38969,2
38970,2
38971,7
38971,2
38971,5
38971,1
38972,4
38973,4
38974,7
38975,1
38976,1
38977,1
38978,3
38979,7
38980,3
38981,7
38981,2
38981,5
38981,1
38981,3
38982,2
38983,5
38983,1
38983,3
38984,5
38985,6
38986,7
38986,2
38986,5
38986,1
38986,3
38987,7
38987,2
38987,5
38987,1
38988,1
38989,1
38990,5
38991,5
38992,1
38993,5
38993,1
38994,7
38994,2
38995,5
38996,2
38997,1
38999,1
39000,4
39001,5
39002,3
39003,7
39003,2
39003,5
39003,1
39004,6
39004,4
39005,1
39006,7
39006,2
39007,2
39008,3
39009,7
39010,7
39011,1
39012,7
39013,3
39014,4
39015,7
39016,7
39017,3
39018,2
39019,3
39020,3
39021,5
39021,1
39021,3
39022,7
39022,2
39022,5
39022,1
39023,5
39024,4
39025,5
39025,1
39026,7
39026,2
39026,5
39026,1
39026,3
39027,6
39028,4
39029,1
39030,5
39031,5
39032,6
39033,4
39034,7
39034,2
39034,5
39034,1
39035,7
39035,2
39035,5
39035,1
39035,3
39036,5
39037,6
39038,3
39039,4
39040,3
39041,5
39042,7
39042,2
39042,5
39042,1
39043,1
39043,6
39044,6
39045,7
39045,2
39045,5
39045,1
39045,3
39046,7
39046,2
39046,5
39046,1
39046,3
39046,4
39047,7
39048,6
39049,6
39050,3
39051,3
39052,4
39053,4
39054,7
39055,3
39056,6
39057,4
39058,2
39059,7
39060,4
39061,2
39062,4
39064,6
39065,6
39066,4
39067,6
39068,5
39068,1
39068,3
39069,2
39070,3
39070,6
39070,4
39071,4
39072,4
39073,3
39074,3
39075,5
39076,6
39077,6
39078,3
39079,4
39080,1
39081,3
39082,3
39083,3
39084,6
39085,4
39086,4
39087,7
39087,2
39088,3
39088,6
39088,4
39089,4
39090,3
39091,4
39092,4
39093,6
39093,4
39094,6
39095,5
39095,6
39096,7
39096,2
39096,5
39096,1
39096,3
39097,7
39097,2
39097,5
39097,1
39097,3
39098,7
39098,2
39099,5
39100,4
39101,7
39102,1
39103,3
39104,2
39105,2
39106,6
39107,2
39108,4
39109,7
39109,2
39109,5
39110,7
39110,5
39111,6
39112,5
39113,6
39114,7
39115,7
39116,7
39116,2
39116,5
39117,7
39117,2
39117,5
39117,1
39117,3
39118,5
39119,5
39120,3
39121,7
39121,2
39121,5
39121,1
39122,4
39123,1
39124,5
39125,6
39126,5
39127,2
39128,5
39128,1
39129,7
39129,2
39130,4
39131,1
39132,4
39133,6
39134,1
39135,2
39136,7
39136,2
39137,1
39138,6
39138,4
39139,4
39140,2
39141,1
39142,7
39143,3
39144,1
39145,3
39146,3
39147,1
39148,7
39148,2
39148,5
39148,1
39148,3
39149,3
39150,3
39151,5
39152,5
39153,4
39154,7
39156,6
39157,6
39158,3
39159,3
39160,7
39160,2
39160,5
39160,1
39161,7
39161,2
39161,5
39161,1
39162,4
39163,5
39164,1
39165,7
39166,1
39167,7
39167,2
39167,5
39167,1
39168,2
39168,5
39169,1
39170,5
39170,1
39171,4
39172,4
39173,4
39174,4
39175,1
39176,2
39177,1
39178,3
39178,6
39179,7
39180,2
39180,3
39181,3
39182,5
39182,1
39183,6
39184,7
39185,4
39186,7
39186,2
39186,5
39186,1
39186,3
39187,5
39188,7
39188,2
39189,7
39189,2
39189,5
39189,1
39189,4
39190,7
39190,2
39190,5
39190,1
39191,4
39192,2
39193,6
39194,3
39195,5
39195,1
39196,7
39196,2
39196,5
39196,1
39196,3
39197,6
39197,4
39198,6
39199,4
39200,2
39201,2
39202,7
39202,2
39202,5
39202,1
39202,3
39202,6
39202,4
39203,4
39204,2
39205,7
39205,2
39205,5
39205,1
39205,3
39206,7
39207,7
39208,1
39209,3
39210,5
39211,1
39212,7
39212,2
39212,5
39212,1
39212,3
39212,6
39213,5
39214,2
39214,5
39214,1
39214,3
39214,6
39215,5
39217,7
39217,2
39217,5
39217,1
39218,1
39218,3
39218,6
39218,4
39219,7
39219,5
39219,1
39220,7
39220,2
39220,5
39220,1
39220,3
39220,6
39220,4
39221,2
39221,6
39222,6
39223,1
39224,1
39225,1
39226,1
39227,6
39228,4
39229,6
39230,1
39231,6
39231,4
39232,4
39233,5
39234,2
39235,5
39236,3
39237,1
39238,6
39238,4
39239,7
39240,7
39241,3
39242,2
39243,4
39244,7
39245,5
39246,7
39247,1
39248,6
39249,3
39250,2
39250,5
39251,3
39252,5
39253,1
39254,7
39255,2
39256,6
39257,4
39258,7
39259,5
39260,2
39261,7
39261,2
39261,5
39261,1
39262,7
39262,2
39262,5
39262,1
39263,1
39264,2
39265,4
39266,1
39267,7
39267,2
39267,5
39267,1
39267,3
39268,2
39269,7
39270,3
39271,5
39272,2
39273,2
39273,1
39274,3
39275,6
39276,5
39277,1
39278,7
39278,2
39278,5
39278,1
39278,3
39279,4
39280,6
39280,4
39281,7
39282,3
39283,2
39284,7
39284,2
39284,5
39284,1
39284,3
39285,5
39286,7
39286,1
39287,2
39288,7
39288,2
39288,5
39288,1
39288,3
39289,7
39289,2
39289,5
39289,1
39290,7
39290,2
39290,5
39290,1
39291,4
39292,7
39292,2
39292,5
39292,1
39292,3
39293,2
39293,5
39293,1
39293,3
39295,7
39295,2
39295,5
39295,1
39296,2
39296,5
39296,1
39296,3
39297,3
39298,5
39298,6
39299,7
39300,5
39300,1
39300,3
39300,6
39301,7
39301,2
39301,5
39301,1
39302,7
39302,2
39302,5
39302,1
39303,6
39304,7
39304,2
39304,5
39304,1
39304,3
39305,4
39306,3
39307,1
39308,2
39308,5
39308,1
39309,7
39309,2
39309,1
39310,6
39311,7
39311,2
39311,5
39311,1
39311,3
39312,7
39312,2
39312,5
39312,1
39312,3
39312,6
39312,4
39313,5
39313,1
39314,6
39315,3
39316,7
39317,3
39318,3
39319,7
39319,2
39319,5
39319,1
39319,3
39319,6
39319,4
39320,6
39321,6
39322,7
39322,2
39322,5
39322,1
39323,6
39324,7
39324,2
39324,4
39325,7
39326,4
39327,7
39327,2
39327,5
39327,1
39327,3
39328,4
39329,3
39330,3
39331,5
39332,6
39333,7
39334,1
39335,7
39335,2
39335,5
39335,1
39336,4
39337,2
39338,1
39339,1
39340,6
39341,1
39342,1
39343,2
39345,1
39346,1
39346,3
39347,7
39347,2
39347,5
39347,1
39347,3
39347,6
39347,4
39352,3
39353,2
39354,7
39354,2
39354,5
39354,1
39354,3
39354,6
39354,4
39355,6
39356,1
39357,3
39358,6
39359,2
39360,5
39361,6
39362,1
39363,7
39364,3
39365,6
39366,4
39367,5
39368,1
39369,6
39369,4
39370,2
39371,3
39372,2
39373,7
39374,7
39375,4
39376,3
39377,1
39378,5
39379,7
39380,1
39381,1
39381,3
39381,6
39382,4
39383,5
39384,1
39385,4
39386,6
39387,4
39388,7
39388,2
39388,5
39388,1
39388,3
39389,7
39389,2
39389,5
39389,1
39390,3
39390,6
39391,3
39392,3
39393,3
39394,7
39394,2
39394,5
39394,1
39394,3
39395,7
39395,4
39396,7
39397,7
39398,7
39398,2
39398,4
39399,4
39400,7
39401,7
39401,2
39401,5
39401,1
39401,3
39402,5
39403,7
39404,5
39405,6
39406,7
39406,2
39406,5
39406,1
39406,3
39407,7
39407,2
39407,5
39407,1
39407,3
39408,7
39408,2
39408,5
39408,1
39409,3
39410,3
39411,1
39412,5
39413,1
39414,5
39415,7
39415,2
39415,5
39415,1
39415,3
39415,6
39415,4
39416,2
39417,4
39418,5
39419,2
39420,6
39421,1
39422,7
39422,2
39422,5
39422,1
39422,3
39423,2
39424,6
39425,3
39426,4
39427,3
39428,3
39429,3
39430,3
39431,7
39432,7
39432,2
39432,5
39432,1
39432,3
39433,2
39434,3
39437,4
39438,7
39438,2
39438,5
39438,1
39438,3
39439,4
39440,4
39441,6
39442,4
39443,7
39443,2
39443,5
39443,1
39443,3
39444,6
39445,7
39445,2
39445,5
39445,1
39445,3
39446,7
39446,2
39446,5
39446,1
39446,3
39446,6
39446,4
39447,1
39447,3
39448,3
39448,4
39449,1
39450,1
39451,6
39452,7
39452,2
39453,7
39453,2
39453,5
39453,1
39453,3
39453,6
39453,4
39454,2
39455,2
39455,3
39456,6
39457,6
39458,7
39458,2
39458,5
39458,1
39459,5
39460,3
39461,7
39462,6
39462,4
39463,4
39464,7
39464,2
39464,5
39464,1
39464,3
39465,7
39465,2
39465,5
39465,1
39465,3
39466,7
39466,2
39466,5
39466,1
39466,3
39467,4
39468,5
39469,7
39470,7
39471,7
39471,3
39471,6
39471,4
39472,3
39473,1
39474,7
39475,7
39475,2
39475,5
39475,1
39475,3
39476,1
39477,1
39478,1
39479,1
39480,6
39481,1
39482,7
39483,7
39483,2
39483,5
39483,1
39483,3
39484,5
39485,2
39486,5
39486,3
39487,7
39488,1
39489,4
39490,3
39491,7
39491,2
39491,5
39491,1
39491,3
39492,7
39493,1
39494,4
39495,5
39496,3
39497,1
39498,7
39498,2
39498,5
39498,1
39498,3
39498,6
39498,4
39499,7
39500,5
39501,2
39501,5
39501,1
39501,3
39502,4
39503,3
39504,7
39504,2
39504,5
39504,1
39504,3
39505,6
39506,6
39507,7
39507,2
39507,5
39508,1
39509,2
39510,7
39510,2
39510,5
39510,1
39510,3
39511,7
39511,2
39511,5
39511,1
39511,3
39512,1
39513,5
39514,6
39515,2
39516,7
39516,2
39516,5
39516,1
39516,3
39517,5
39517,1
39517,3
39518,1
39519,7
39520,4
39521,7
39521,2
39521,5
39521,1
39521,3
39522,4
39523,1
39524,2
39524,5
39524,1
39525,6
39526,1
39527,3
39528,3
39529,5
39530,7
39531,3
39532,3
39533,2
39534,6
39535,6
39536,4
39537,7
39537,2
39537,5
39537,1
39538,7
39538,2
39538,5
39538,1
39539,1
39540,7
39541,4
39542,7
39542,2
39542,5
39542,1
39542,3
39542,6
39542,4
39543,7
39543,2
39543,5
39543,1
39543,3
39544,3
39544,6
39544,4
39545,7
39546,3
39547,4
39548,6
39549,7
39549,2
39549,5
39549,1
39549,3
39550,7
39551,1
39552,4
39553,3
39554,7
39554,2
39554,5
39554,1
39554,3
39555,7
39555,2
39555,5
39555,1
39555,3
39556,7
39556,2
39556,5
39556,1
39556,3
39557,7
39557,2
39557,5
39557,1
39557,3
39558,7
39558,2
39558,5
39558,1
39558,3
39559,7
39559,2
39559,5
39559,1
39559,3
39560,7
39560,2
39560,5
39560,1
39560,3
39561,7
39561,2
39561,5
39561,1
39561,3
39562,7
39562,2
39562,5
39562,1
39562,3
39563,7
39563,2
39563,5
39563,1
39564,1
39565,7
39565,2
39565,5
39565,1
39565,3
39565,6
39565,4
39566,1
39567,2
39568,7
39569,3
39570,7
39571,7
39572,2
39573,4
39574,7
39574,2
39574,5
39574,1
39575,7
39575,2
39575,5
39575,1
39576,4
39577,2
39577,1
39578,6
39579,7
39579,2
39579,5
39579,1
39580,6
39581,4
39582,1
39583,6
39583,4
39584,7
39584,2
39584,5
39584,1
39584,3
39584,6
39584,4
39585,5
39586,7
39586,2
39586,5
39586,1
39586,3
39586,6
39586,4
39587,1
39587,4
39588,4
39589,5
39589,1
39590,6
39591,6
39592,4
39593,5
39594,2
39595,3
39596,4
39597,5
39598,5
39599,7
39599,5
39600,7
39600,5
39601,5
39602,1
39602,4
39603,7
39604,3
39605,6
39606,7
39607,7
39608,1
39609,1
39610,1
39611,1
39612,7
39613,2
39614,6
39615,7
39615,2
39615,1
39616,1
39617,7
39618,2
39619,3
39620,6
39621,1
39622,7
39623,7
39624,6
39625,3
39626,5
39627,1
39628,7
39629,6
39630,5
39631,3
39632,5
39633,1
39634,5
39634,1
39634,3
39635,1
39636,1
39637,2
39638,6
39639,7
39639,2
39639,5
39639,1
39639,3
39640,7
39640,2
39640,5
39640,1
39640,3
39641,5
39642,4
39643,4
39644,7
39644,2
39644,5
39644,1
39644,3
39645,7
39645,2
39645,5
39646,3
39646,6
39646,4
39647,7
39648,4
39649,1
39650,7
39650,2
39650,5
39650,1
39651,5
39652,2
39653,4
39654,4
39655,5
39656,7
39656,2
39656,5
39657,5
39658,7
39659,5
39660,5
39661,3
39662,4
39663,7
39664,4
39665,5
39666,5
39666,1
39667,7
39667,2
39667,5
39667,1
39667,3
39667,6
39667,4
39668,1
39669,3
39669,6
39669,4
39670,1
39671,4
39672,7
39673,1
39674,4
39675,7
39676,2
39677,7
39677,2
39677,5
39677,1
39677,3
39678,7
39678,2
39678,5
39678,1
39678,3
39678,6
39678,4
39679,7
39680,7
39681,2
39682,4
39683,1
39684,2
39685,7
39686,7
39686,2
39686,5
39687,7
39687,2
39687,5
39687,1
39687,3
39688,3
39689,6
39690,1
39691,6
39691,4
39692,3
39692,4
39693,4
39694,5
39695,7
39695,2
39695,5
39695,1
39695,3
39695,6
39695,4
39696,4
39697,5
39698,7
39699,1
39700,5
39701,2
39702,1
39703,3
39704,2
39705,6
39706,3
39707,4
39708,4
39709,6
39710,1
39711,5
39712,7
39712,2
39712,5
39712,1
39713,1
39714,1
39715,2
39715,5
39715,1
39716,7
39716,2
39716,5
39716,1
39716,3
39716,6
39716,4
39717,3
39718,7
39719,2
39720,6
39721,5
39722,4
39723,4
39724,5
39725,2
39726,2
39727,3
39728,7
39729,3
39730,3
39731,7
39731,2
39731,5
39731,1
39732,4
39733,6
39734,7
39734,2
39734,5
39734,1
39734,3
39735,5
39736,7
39737,4
39738,7
39739,3
39740,4
39741,3
39742,7
39743,7
39743,5
39743,3
39743,4
39744,1
39745,7
39746,3
39747,5
39747,1
39748,7
39749,2
39750,1
39751,7
39752,6
39753,2
39754,6
39755,4
39756,1
39757,4
39758,2
39759,7
39760,4
39761,4
39762,4
39763,7
39763,2
39763,5
39763,1
39763,3
39764,7
39765,7
39765,2
39765,5
39765,1
39765,3
39766,7
39766,2
39766,5
39766,1
39766,3
39766,6
39766,4
39767,7
39767,2
39767,5
39767,1
39767,3
39768,7
39768,2
39768,5
39768,1
39768,3
39769,5
39770,7
39771,2
39771,5
39772,2
39772,1
39773,4
39774,2
39775,7
39775,5
39776,2
39777,5
39778,1
39779,3
39780,5
39781,1
39782,5
39783,2
39784,7
39784,2
39784,5
39784,1
39784,3
39785,2
39786,5
39787,1
39788,1
39789,3
39790,5
39791,6
39792,2
39793,7
39794,5
39795,1
39796,7
39797,7
39797,2
39797,5
39797,1
39797,3
39797,6
39797,4
39798,7
39798,1
39799,5
39799,1
39799,3
39800,7
39801,4
39802,1
39803,4
39804,1
39805,6
39806,4
39807,6
39808,7
39808,2
39808,5
39808,1
39808,3
39809,2
39810,7
39810,2
39810,5
39810,1
39810,3
39811,5
39812,1
39813,7
39813,2
39813,5
39813,1
39813,3
39814,7
39815,5
39816,1
39817,1
39818,4
39819,1
39820,7
39821,7
39821,2
39821,5
39821,1
39821,3
39822,2
39823,7
39823,2
39823,5
39824,7
39824,2
39824,5
39824,1
39824,3
39825,7
39825,2
39825,5
39825,1
39825,3
39826,7
39826,2
39826,5
39826,1
39826,3
39826,6
39827,7
39828,7
39828,2
39828,5
39828,1
39828,3
39829,1
39830,6
39830,4
39831,2
39832,3
39833,4
39834,4
39835,6
39836,3
39837,4
39838,1
39839,5
39840,1
39841,6
39842,7
39843,1
39844,7
39844,2
39844,5
39844,1
39845,1
39846,7
39846,2
39846,5
39846,1
39846,3
39847,7
39848,7
39848,2
39848,5
39848,1
39848,6
39849,1
39850,7
39850,2
39850,5
39850,1
39850,4
39851,5
39852,7
39852,2
39852,5
39852,1
39852,3
39853,5
39854,6
39854,4
39855,1
39856,1
39857,7
39857,2
39857,5
39857,1
39857,3
39858,4
39859,5
39860,7
39861,3
39862,6
39863,7
39864,7
39864,2
39864,5
39865,7
39865,2
39865,5
39865,1
39865,3
39866,4
39867,3
39868,1
39869,6
39870,1
39871,6
39872,4
39873,6
39874,7
39874,2
39874,5
39874,1
39874,3
39875,6
39876,6
39877,6
39878,4
39879,1
39880,3
39881,1
39882,5
39883,4
39884,4
39885,4
39886,4
39887,2
39888,5
39889,1
39890,7
39891,1
39892,6
39893,3
39894,4
39895,2
39896,1
39897,4
39898,7
39899,3
39900,6
39901,4
39902,1
39903,2
39904,7
39904,2
39904,5
39904,1
39904,3
39905,4
39906,5
39907,4
39908,2
39908,5
39908,1
39908,3
39909,7
39909,4
39910,4
39911,7
39911,2
39911,5
39911,1
39912,2
39913,7
39913,2
39913,4
39914,7
39914,2
39914,5
39914,1
39914,3
39915,7
39915,2
39915,5
39915,1
39915,3
39916,4
39917,1
39918,1
39918,3
39919,4
39920,4
39921,6
39922,3
39923,4
39924,1
39925,7
39925,2
39925,5
39925,1
39926,4
39927,6
39928,1
39929,7
39930,4
39931,4
39932,6
39933,7
39934,5
39935,6
39936,3
39936,6
39936,4
39937,6
39938,6
39939,6
39940,7
39940,2
39941,1
39941,3
39941,6
39941,4
39942,7
39942,2
39942,5
39942,1
39942,3
39942,6
39942,4
39943,7
39943,2
39943,5
39943,1
39943,3
39943,6
39943,4
39944,5
39944,3
39945,1
39946,2
39946,5
39947,2
39948,5
39949,3
39950,4
39951,3
39952,7
39952,2
39952,5
39953,3
39954,4
39955,2
39956,6
39957,4
39958,5
39959,3
39960,4
39961,4
39962,5
39962,1
39962,6
39963,1
39964,5
39964,4
39965,7
39965,2
39965,5
39965,1
39966,7
39967,1
39968,7
39968,2
39969,5
39969,3
39970,7
39971,1
39972,3
39973,3
39974,6
39975,5
39976,7
39977,5
39978,6
39979,2
39980,3
39981,7
39982,7
39982,2
39983,2
39984,7
39984,4
39985,7
39986,7
39987,5
39988,3
39989,4
39990,4
39991,7
39991,2
39991,5
39991,1
39991,3
39991,6
39991,4
39992,2
39993,6
39994,1
39995,2
39996,7
39997,3
39998,4
39999,7
40000,7
40001,3
40002,1
40003,6
40004,3
40005,2
40006,6
40007,4
40008,3
40009,7
40009,2
40009,5
40009,1
40010,7
40010,2
40011,7
40011,2
40011,5
40011,1
40011,3
40012,2
40013,7
40013,2
40013,5
40013,1
40014,1
40015,5
40015,4
40016,3
40017,7
40017,2
40017,5
40017,1
40017,3
40017,6
40017,4
40018,6
40019,3
40020,1
40020,3
40020,6
40021,5
40022,3
40023,5
40024,6
40025,5
40025,1
40026,1
40027,7
40028,3
40029,7
40030,7
40031,4
40032,5
40033,7
40033,2
40033,5
40033,1
40033,3
40034,7
40035,7
40036,6
40037,2
40038,1
40039,1
40040,4
40041,7
40041,1
40042,7
40042,2
40042,5
40043,2
40044,2
40045,4
40046,7
40047,6
40048,2
40048,1
40049,4
40050,2
40051,6
40052,4
40053,3
40053,6
40054,5
40054,1
40055,7
40055,2
40056,1
40057,5
40058,7
40059,3
40060,3
40061,7
40062,7
40063,7
40063,2
40063,5
40063,1
40064,2
40065,2
40066,7
40067,5
40068,7
40068,2
40068,5
40068,1
40069,7
40069,2
40069,5
40069,1
40069,3
40070,7
40070,2
40070,5
40070,1
40071,7
40071,2
40071,5
40071,1
40072,7
40073,7
40074,2
40075,7
40075,2
40075,5
40076,7
40077,7
40077,2
40077,5
40077,1
40077,3
40078,3
40079,5
40080,2
40081,1
40081,3
40081,6
40082,6
40083,7
40083,2
40083,5
40083,1
40083,3
40084,4
40085,4
40086,1
40087,2
40088,3
40089,3
40090,7
40090,2
40090,5
40090,1
40090,3
40091,2
40092,5
40093,1
40094,6
40095,4
40096,7
40096,2
40096,5
40096,1
40097,6
40098,3
40099,7
40100,3
40101,3
40102,1
40103,4
40104,7
40104,2
40104,5
40104,1
40104,3
40105,2
40106,5
40107,2
40108,1
40109,5
40109,1
40109,3
40110,6
40111,7
40112,4
40113,7
40113,1
40113,3
40113,6
40113,4
40114,5
40115,7
40115,2
40115,5
40115,1
40115,3
40116,2
40117,5
40118,4
40119,7
40120,2
40121,7
40121,2
40121,5
40121,1
40121,3
40122,7
40122,2
40122,5
40122,1
40122,3
40123,7
40124,5
40125,7
40126,2
40127,7
40128,5
40129,7
40130,2
40131,2
40132,3
40133,6
40134,5
40135,5
40136,5
40137,5
40138,6
40139,3
40140,3
40141,1
40142,1
40143,7
40143,2
40143,5
40143,1
40143,3
40143,6
40143,4
40144,7
40145,7
40146,7
40147,1
40148,4
40149,5
40149,6
40150,4
40151,6
40152,7
40153,7
40154,6
40155,5
40156,7
40156,2
40156,5
40156,1
40157,7
40157,2
40157,5
40157,1
40157,3
40157,6
40157,4
40158,4
40159,4
40160,4
40161,4
40162,1
40162,3
40162,6
40163,7
40164,7
40164,3
40164,6
40164,4
40165,7
40166,6
40167,6
40168,6
40169,2
40170,7
40170,2
40170,5
40170,1
40170,3
40170,6
40170,4
40171,7
40172,7
40172,2
40172,5
40172,1
40172,3
40172,6
40172,4
40173,3
40174,7
40174,2
40174,5
40174,1
40174,3
40174,6
40174,4
40175,5
40176,1
40177,6
40178,2
40179,7
40179,2
40179,5
40179,1
40180,2
40181,5
40182,7
40182,2
40182,5
40182,1
40182,3
40183,1
40184,1
40185,7
40186,1
40187,3
40188,3
40189,7
40190,6
40191,6
40191,4
40192,6
40193,7
40194,7
40195,6
40196,6
40197,3
40198,4
40199,2
40200,7
40200,2
40200,5
40201,3
40202,3
40203,4
40204,6
40205,1
40206,7
40206,2
40206,5
40206,1
40207,4
40208,4
40209,6
40210,1
40210,3
40211,3
40212,7
40212,2
40212,5
40212,1
40212,6
40212,4
40213,7
40214,2
40215,5
40216,7
40216,2
40216,5
40216,1
40216,3
40216,6
40216,4
40217,2
40218,6
40219,6
40220,6
40221,6
40222,5
40223,6
40224,5
40225,7
40225,2
40225,5
40225,1
40225,3
40225,6
40225,4
40226,6
40227,6
40228,6
40229,6
40230,1
40231,5
40232,6
40233,6
40234,6
40235,6
40236,6
40237,5
40238,7
40238,2
40238,5
40238,1
40238,3
40239,7
40240,3
40241,6
40242,6
40243,6
40244,6
40245,5
40246,6
40247,6
40248,4
40249,6
40250,6
40251,1
40252,3
40253,6
40253,4
40254,4
40255,7
40255,2
40255,5
40255,1
40256,7
40256,2
40257,6
40258,5
40259,1
40260,1
40261,2
40262,7
40262,2
40262,5
40262,1
40263,6
40264,5
40265,5
40266,5
40267,2
40268,7
40268,2
40269,7
40269,2
40270,2
40270,1
40271,6
40272,5
40273,4
40274,1
40275,7
40275,2
40275,5
40275,1
40275,3
40276,7
40276,2
40276,5
40276,1
40276,3
40277,7
40278,1
40279,7
40279,2
40279,5
40279,1
40279,3
40280,5
40281,7
40281,2
40281,5
40281,1
40281,3
40282,7
40282,2
40282,5
40282,1
40282,3
40283,7
40284,7
40284,2
40284,5
40284,1
40285,6
40286,2
40287,6
40288,3
40290,2
40291,1
40292,1
40293,1
40294,3
40295,7
40295,2
40295,5
40295,1
40295,3
40296,7
40296,2
40296,5
40296,1
40297,7
40297,2
40297,5
40297,1
40297,3
40298,4
40299,7
40299,2
40299,5
40299,1
40299,3
40300,7
40300,2
40300,5
40300,1
40300,4
40301,2
40302,3
40303,7
40304,2
40304,5
40305,7
40306,5
40306,1
40307,7
40307,2
40307,5
40307,1
40307,3
40308,7
40309,4
40310,5
40311,4
40312,4
40313,6
40314,7
40314,2
40314,5
40314,1
40314,3
40314,6
40314,4
40315,4
40316,4
40317,2
40318,5
40319,7
40319,2
40319,5
40319,1
40319,3
40320,7
40320,2
40320,5
40320,1
40320,3
40321,6
40322,6
40323,6
40324,7
40324,2
40324,5
40324,1
40325,6
40326,4
40327,7
40327,2
40327,5
40327,1
40327,3
40328,4
40329,3
40330,7
40330,2
40330,5
40330,1
40330,3
40331,4
40332,1
40333,1
40334,4
40335,7
40335,2
40335,5
40335,1
40336,1
40337,3
40338,5
40339,4
40340,7
40341,4
40342,4
40343,7
40344,3
40345,2
40346,2
40346,5
40346,1
40346,3
40346,6
40347,1
40348,7
40348,2
40348,5
40348,1
40348,3
40349,1
40349,3
40350,2
40351,5
40352,5
40353,2
40354,5
40355,7
40355,2
40355,5
40355,1
40355,3
40356,7
40356,2
40356,5
40356,1
40356,3
40357,7
40357,2
40357,5
40357,1
40358,6
40359,4
40360,7
40361,6
40362,6
40363,2
40364,4
40365,5
40366,4
40367,4
40368,4
40369,5
40370,4
40371,4
40372,7
40373,7
40373,2
40373,5
40373,1
40373,3
40374,5
40374,1
40375,7
40376,1
40377,5
40378,5
40379,6
40380,7
40380,2
40380,5
40380,1
40381,4
40382,1
40382,4
40383,7
40383,2
40384,1
40385,7
40386,2
40387,2
40388,2
40389,5
40390,7
40390,2
40390,5
40390,1
40390,4
40391,7
40392,2
40393,5
40394,4
40395,4
40396,1
40397,3
40398,4
40399,5
40399,1
40400,6
40401,6
40402,2
40403,2
40404,5
40405,2
40405,5
40405,1
40406,5
40407,7
40407,4
40408,7
40409,7
40410,7
40410,2
40410,5
40410,1
40410,3
40411,1
40412,1
40413,2
40413,1
40414,6
40415,3
40416,7
40416,2
40416,5
40416,1
40416,3
40417,7
40418,7
40418,2
40419,1
40420,3
40421,3
40421,6
40421,4
40422,5
40423,3
40424,1
40425,6
40425,4
40426,5
40426,1
40427,3
40427,6
40428,4
40429,5
40430,7
40430,2
40430,5
40430,1
40430,3
40431,7
40431,2
40431,5
40431,1
40431,3
40432,5
40433,3
40434,6
40435,4
40436,3
40437,4
40438,7
40438,2
40438,5
40438,1
40438,3
40439,7
40439,2
40439,5
40439,1
40440,4
40441,1
40442,3
40443,3
40444,6
40445,1
40446,4
40447,4
40448,6
40449,1
40450,6
40451,4
40452,6
40452,4
40453,6
40454,4
40455,6
40456,7
40456,2
40456,5
40456,1
40456,3
40457,6
40458,4
40459,2
40460,5
40461,1
40462,5
40463,5
40464,1
40465,5
40466,1
40467,3
40468,7
40468,2
40468,5
40468,1
40468,3
40469,3
40470,7
40470,2
40470,5
40470,1
40470,3
40471,2
40472,1
40473,1
40474,7
40474,2
40474,5
40474,1
40474,3
40475,4
40476,7
40476,2
40477,6
40478,7
40479,2
40480,7
40481,5
40482,7
40482,2
40483,7
40484,7
40485,3
40486,7
40486,2
40487,7
40487,2
40487,5
40488,6
40489,6
40490,1
40491,4
40492,7
40492,2
40492,5
40492,1
40492,3
40493,7
40494,5
40494,1
40495,1
40496,4
40497,4
40498,4
40499,5
40500,7
40500,2
40500,5
40500,1
40500,3
40501,7
40502,5
40502,1
40503,6
40503,4
40504,2
40505,2
40506,4
40507,1
40508,1
40509,1
40510,1
40511,7
40512,2
40512,6
40513,6
40514,2
40515,4
40516,3
40517,2
40518,1
40519,5
40520,2
40521,5
40522,1
40523,5
40523,1
40523,3
40524,7
40525,4
40526,7
40527,5
40528,5
40529,4
40530,1
40531,1
40532,4
40533,3
40534,1
40535,2
40536,7
40536,2
40536,5
40536,1
40536,3
40537,5
40538,7
40538,2
40538,5
40538,1
40539,5
40540,7
40540,2
40540,5
40540,1
40541,7
40542,5
40543,4
40544,4
40545,7
40546,7
40547,6
40548,7
40548,2
40548,5
40548,1
40549,1
40550,6
40551,1
40552,1
40553,3
40554,6
40555,1
40556,5
40557,6
40558,5
40559,5
40559,1
40560,7
40560,2
40560,5
40560,1
40560,3
40560,6
40560,4
40561,3
40562,3
40564,4
40565,2
40566,7
40566,2
40567,3
40568,7
40568,2
40568,5
40568,1
40568,3
40569,7
40569,2
40569,5
40569,1
40569,3
40569,6
40569,4
40570,1
40570,3
40570,6
40570,4
40571,1
40572,7
40572,2
40572,5
40573,1
40574,6
40575,3
40576,5
40577,5
40578,7
40578,1
40579,7
40579,2
40579,5
40579,1
40579,3
40580,7
40581,7
40581,2
40581,5
40581,1
40581,3
40582,1
40583,1
40583,3
40584,7
40584,2
40584,5
40584,1
40584,3
40585,3
40586,3
40587,7
40587,2
40587,5
40587,1
40587,3
40587,6
40587,4
40588,4
40589,6
40589,4
40590,2
40591,2
40592,7
40592,2
40593,4
40594,7
40594,2
40594,5
40594,1
40595,4
40596,7
40596,2
40596,5
40596,1
40596,3
40597,4
40598,4
40599,7
40599,2
40599,5
40599,1
40600,7
40600,2
40600,5
40600,1
40600,3
40601,4
40602,7
40603,7
40603,2
40603,5
40603,1
40603,3
40603,6
40604,4
40605,4
40606,7
40607,7
40607,2
40607,5
40607,1
40608,7
40608,2
40608,5
40608,1
40608,3
40608,6
40609,6
40610,5
40611,7
40611,2
40611,5
40611,1
40611,3
40611,6
40611,4
40612,2
40613,7
40613,2
40613,5
40613,1
40613,3
40614,6
40615,6
40616,7
40617,7
40618,4
40619,2
40620,1
40621,3
40622,7
40622,2
40622,5
40622,1
40622,3
40622,6
40622,4
40623,3
40623,4
40624,7
40625,5
40626,2
40627,2
40627,1
40628,7
40629,7
40630,7
40631,7
40631,2
40631,5
40632,4
40633,7
40633,5
40633,3
40634,7
40634,2
40634,5
40634,1
40634,3
40635,7
40635,2
40635,5
40635,1
40635,3
40636,6
40637,3
40638,7
40638,2
40638,5
40638,1
40638,3
40638,6
40638,4
40639,7
40640,7
40641,1
40642,7
40643,5
40643,3
40644,5
40645,2
40646,6
40647,5
40648,6
40649,6
40649,4
40650,7
40650,2
40650,5
40650,1
40650,3
40651,7
40652,5
40653,1
40654,6
40655,7
40655,2
40655,5
40655,1
40656,6
40658,7
40658,2
40658,5
40658,1
40658,3
40659,6
40659,4
40660,6
40661,2
40662,5
40663,2
40664,7
40665,6
40666,6
40666,4
40667,4
40668,7
40668,2
40668,5
40668,1
40668,3
40668,6
40668,4
40669,3
40670,3
40671,1
40672,6
40673,3
40674,7
40675,7
40675,2
40675,5
40675,1
40675,3
40675,6
40675,4
40676,4
40677,2
40678,7
40679,3
40680,5
40681,3
40682,4
40683,5
40684,7
40684,2
40684,5
40684,1
40684,3
40684,6
40684,4
40685,6
40686,4
40687,1
40687,3
40687,6
40687,4
40688,7
40688,5
40689,7
40689,2
40689,5
40689,1
40689,3
40690,6
40691,7
40691,2
40691,5
40691,1
40691,3
40691,6
40692,2
40693,6
40694,4
40695,3
40696,1
40697,2
40698,7
40699,4
40700,5
40701,2
40702,2
40702,3
40703,7
40704,2
40705,6
40706,1
40707,4
40708,3
40709,4
40710,4
40711,1
40712,7
40712,4
40715,6
40716,6
40717,4
40718,4
40719,3
40720,3
40721,7
40721,2
40721,5
40721,1
40721,3
40722,7
40722,2
40723,1
40723,3
40724,7
40725,3
40726,5
40727,7
40728,1
40729,2
40730,7
40731,1
40732,6
40733,6
40734,7
40735,2
40736,4
40737,6
40738,7
40739,2
40740,1
40741,5
40742,7
40742,2
40742,5
40743,6
40744,4
40745,7
40745,2
40745,5
40745,1
40745,3
40746,7
40746,2
40746,5
40746,1
40746,3
40747,6
40748,1
40748,3
40748,6
40749,3
40750,1
40751,3
40752,6
40752,4
40753,5
40754,1
40755,1
40756,1
40757,6
40758,7
40758,2
40759,3
40760,2
40761,4
40762,7
40762,2
40762,5
40762,1
40762,3
40763,5
40764,1
40765,3
40766,3
40767,1
40768,4
40769,7
40769,2
40769,5
40769,1
40770,2
40771,7
40771,2
40771,5
40771,1
40771,3
40771,6
40772,4
40773,2
40774,7
40774,2
40774,5
40774,1
40774,3
40775,4
40776,1
40777,4
40778,2
40778,3
40779,6
40780,1
40781,2
40781,1
40782,1
40783,3
40784,4
40785,7
40785,2
40785,5
40785,1
40785,3
40786,7
40786,2
40786,5
40786,1
40786,3
40787,7
40788,5
40789,2
40790,7
40790,2
40790,5
40790,1
40790,3
40791,6
40792,1
40793,1
40794,5
40795,6
40796,5
40797,7
40798,7
40799,7
40800,7
40801,7
40801,2
40801,5
40801,1
40801,3
40801,6
40801,4
40802,2
40803,2
40804,7
40805,7
40806,4
40807,7
40808,5
40808,1
40809,7
40809,2
40810,7
40811,3
40812,6
40813,6
40814,4
40815,4
40816,7
40817,6
40818,3
40819,6
40820,7
40821,7
40822,7
40823,3
40824,7
40824,2
40825,7
40825,2
40825,5
40825,1
40825,3
40826,5
40827,1
40828,3
40829,7
40829,2
40829,5
40829,1
40829,3
40830,7
40830,2
40830,5
40830,1
40831,6
40832,3
40833,1
40834,2
40834,5
40834,1
40834,3
40835,2
40835,5
40836,5
40837,7
40837,2
40837,5
40837,1
40837,3
40838,6
40839,6
40840,5
40841,7
40842,7
40842,2
40842,5
40842,1
40843,4
40844,3
40844,6
40844,4
40845,1
40845,6
40846,5
40847,5
40848,7
40849,6
40850,4
40851,1
40851,3
40852,7
40852,2
40852,5
40852,1
40852,3
40853,1
40854,6
40854,4
40855,7
40855,2
40856,6
40856,4
40857,2
40857,5
40857,1
40858,6
40858,4
40859,7
40859,2
40860,1
40861,1
40862,2
40863,1
40864,1
40865,5
40865,1
40866,1
40867,4
40868,3
40869,6
40870,7
40870,2
40870,5
40870,1
40870,3
40871,7
40872,7
40873,6
40874,6
40875,6
40875,4
40876,7
40876,2
40876,5
40877,7
40877,2
40878,7
40878,2
40878,5
40878,1
40878,3
40879,1
40879,3
40880,7
40880,2
40880,5
40881,2
40882,7
40882,2
40882,5
40882,1
40882,3
40883,7
40883,2
40883,5
40883,1
40883,3
40884,4
40885,7
40885,2
40885,5
40885,1
40885,3
40885,6
40885,4
40886,7
40886,2
40886,5
40886,1
40886,3
40887,7
40888,7
40888,2
40888,5
40888,1
40888,3
40889,7
40890,7
40890,2
40890,5
40890,1
40890,3
40891,3
40892,7
40892,2
40892,5
40892,1
40892,3
40892,6
40892,4
40893,7
40893,2
40893,5
40893,1
40893,3
40894,6
40895,2
40896,2
40897,1
40898,6
40899,7
40899,2
40899,5
40899,1
40899,3
40900,1
40901,7
40901,2
40901,5
40901,1
40901,3
40902,1
40903,4
40904,3
40905,7
40906,1
40907,7
40907,2
40907,5
40907,1
40907,3
40907,4
40908,6
40909,5
40909,1
40910,5
40911,2
40912,4
40913,7
40913,2
40913,5
40913,1
40913,3
40914,3
40915,6
40916,2
40916,5
40916,1
40916,3
40916,6
40917,2
40918,5
40919,7
40920,6
40921,1
40922,4
40923,4
40924,7
40925,7
40925,2
40925,5
40925,1
40925,3
40926,7
40926,1
40927,2
40928,3
40929,7
40929,2
40929,5
40929,1
40929,3
40930,3
40931,6
40931,4
40932,7
40932,2
40932,5
40932,1
40932,3
40932,6
40933,4
40934,1
40936,5
40936,1
40937,3
40938,7
40938,2
40938,5
40938,1
40938,3
40939,7
40939,4
40940,5
40941,3
40942,7
40942,2
40942,5
40942,1
40942,3
40943,7
40943,2
40943,5
40943,1
40943,3
40944,7
40945,5
40946,1
40947,7
40948,4
40949,4
40950,1
40951,3
40952,3
40952,6
40952,4
40953,7
40953,2
40953,5
40953,1
40953,3
40954,6
40955,7
40955,2
40955,5
40955,1
40955,3
40956,7
40956,2
40956,5
40956,1
40956,3
40957,3
40958,3
40959,5
40960,7
40960,2
40960,5
40960,1
40960,3
40961,5
40962,7
40963,4
40964,7
40965,1
40966,7
40966,2
40966,5
40966,1
40966,3
40967,7
40968,5
40969,5
40970,7
40970,2
40970,4
40971,1
40972,7
40973,4
40974,5
40975,7
40975,2
40975,5
40976,7
40976,2
40976,5
40976,1
40976,3
40977,6
40978,2
40979,1
40980,7
40980,2
40980,5
40980,1
40980,3
40981,6
40982,1
40983,7
40983,2
40983,5
40983,1
40983,3
40984,1
40985,5
40986,1
40987,7
40987,2
40988,1
40988,3
40988,6
40988,4
40989,7
40989,2
40989,5
40989,1
40989,3
40989,6
40990,7
40990,2
40990,5
40990,1
40990,3
40991,4
40992,1
40993,5
40993,1
40993,3
40994,3
40995,7
40996,1
40997,1
40998,7
40999,7
40999,2
40999,5
40999,1
40999,3
40999,6
40999,4
41000,2
41000,1
41001,7
41001,2
41001,5
41001,1
41002,2
41002,5
41002,1
41002,3
41002,6
41003,1
41004,7
41004,2
41004,5
41004,1
41004,3
41004,6
41004,4
41005,7
41005,2
41005,5
41005,1
41005,3
41006,5
41007,7
41008,5
41009,4
41010,7
41011,2
41011,5
41011,1
41012,4
41013,4
41014,7
41014,2
41014,5
41014,1
41014,3
41015,5
41016,7
41016,2
41016,5
41016,1
41016,3
41017,7
41017,2
41017,5
41017,1
41017,3
41018,2
41019,6
41019,4
41020,4
41021,7
41021,4
41022,3
41022,6
41022,4
41023,5
41023,1
41023,3
41023,6
41023,4
41024,7
41024,2
41024,5
41024,1
41024,3
41024,6
41024,4
41025,2
41026,7
41027,1
41028,2
41029,3
41030,3
41031,6
41032,7
41033,1
41034,7
41034,2
41034,5
41034,1
41034,3
41034,6
41034,4
41035,2
41035,5
41035,1
41036,7
41036,2
41037,7
41037,2
41037,5
41037,1
41038,6
41040,7
41040,2
41040,5
41040,1
41040,3
41041,7
41041,2
41041,5
41041,1
41041,3
41042,7
41043,2
41044,4
41045,5
41045,6
41046,5
41046,3
41047,5
41047,1
41047,3
41048,3
41049,4
41050,3
41051,5
41052,4
41053,4
41054,1
41054,3
41056,2
41056,5
41056,1
41057,5
41058,6
41058,4
41059,3
41060,5
41060,1
41061,5
41061,1
41061,3
41062,4
41063,5
41064,5
41065,7
41066,3
41067,5
41068,3
41069,4
41070,7
41070,2
41070,5
41070,1
41070,3
41071,7
41071,2
41071,5
41071,1
41072,7
41073,7
41073,2
41073,5
41073,1
41073,3
41074,6
41075,5
41075,1
41075,3
41076,7
41076,2
41076,5
41078,7
41078,2
41079,2
41080,1
41081,5
41082,7
41082,2
41082,5
41082,1
41082,3
41083,7
41084,7
41084,2
41084,5
41084,1
41084,3
41085,1
41085,3
41085,6
41087,7
41088,7
41088,2
41088,5
41088,1
41088,3
41088,6
41088,4
41089,4
41090,1
41091,5
41092,2
41093,6
41094,7
41094,2
41095,7
41095,2
41096,5
41096,1
41097,2
41098,1
41099,4
41100,7
41100,2
41101,5
41102,7
41103,5
41105,7
41106,2
41107,7
41108,7
41108,2
41108,5
41108,1
41108,3
41108,6
41108,4
41111,7
41112,5
41112,1
41113,3
41114,7
41114,2
41114,5
41114,1
41114,3
41115,7
41115,2
41115,5
41115,1
41115,3
41116,7
41116,2
41116,5
41116,1
41116,3
41118,7
41118,2
41118,5
41118,1
41118,3
41118,6
41118,4
41119,1
41120,7
41120,4
41121,2
41121,5
41121,1
41122,7
41123,7
41124,7
41125,2
41126,6
41127,5
41127,1
41128,6
41128,4
41129,5
41129,1
41130,6
41130,4
41131,5
41131,1
41132,6
41132,4
41133,2
41134,5
41134,1
41135,3
41136,7
41136,2
41137,5
41137,1
41138,4
41139,7
41139,2
41140,7
41140,2
41141,5
41142,2
41143,7
41143,2
41143,5
41144,3
41144,6
41145,7
41145,2
41146,7
41146,2
41146,5
41147,1
41148,7
41148,2
41148,5
41148,1
41148,3
41148,6
41148,4
41149,5
41149,1
41149,3
41150,7
41150,2
41150,5
41151,5
41152,7
41153,4
41154,4
41155,6
41155,4
41156,3
41157,3
41158,6
41159,2
41160,7
41161,7
41161,2
41161,5
41161,1
41161,3
41161,6
41161,4
41162,2
41162,5
41163,7
41163,2
41163,5
41163,1
41163,3
41163,6
41163,4
41164,7
41164,2
41164,5
41164,1
41164,3
41165,7
41165,2
41165,5
41165,1
41165,3
41165,6
41165,4
41166,2
41166,5
41166,1
41167,5
41167,1
41167,3
41168,2
41169,5
41170,6
41171,1
41172,2
41173,5
41173,1
41174,6
41175,6
41176,4
41177,5
41177,1
41177,3
41178,6
41179,3
41180,6
41181,5
41182,7
41182,2
41182,5
41182,1
41182,3
41182,6
41182,4
41183,7
41183,2
41183,5
41183,1
41184,4
41185,1
41186,6
41187,3
41188,6
41188,4
41189,2
41189,5
41189,1
41190,5
41191,2
41191,5
41192,7
41193,7
41193,2
41194,4
41195,7
41195,2
41195,5
41195,1
41196,1
41197,5
41198,4
41199,1
41200,7
41200,5
41200,3
41201,3
41202,6
41203,1
41204,3
41205,3
41206,2
41206,1
41207,4
41208,7
41208,2
41208,5
41208,1
41208,3
41209,7
41209,2
41209,5
41209,1
41209,3
41210,7
41210,2
41210,5
41210,1
41210,3
41211,5
41212,4
41213,4
41214,5
41214,1
41215,2
41216,3
41217,3
41218,5
41219,3
41220,6
41221,4
41222,6
41223,5
41223,1
41223,3
41224,2
41225,2
41226,7
41226,2
41226,5
41226,1
41226,3
41227,6
41228,3
41229,2
41229,1
41230,7
41231,7
41232,4
41233,2
41234,5
41235,4
41236,4
41237,7
41237,2
41237,5
41237,1
41237,3
41237,6
41237,4
41238,7
41241,2
41242,4
41243,7
41244,3
41245,5
41246,3
41247,7
41248,1
41249,7
41250,7
41250,2
41251,2
41252,4
41253,7
41253,2
41253,5
41253,1
41253,3
41254,7
41254,3
41255,3
41256,3
41257,2
41258,7
41258,2
41258,5
41258,1
41258,3
41259,3
41260,3
41261,5
41262,3
41263,4
41264,7
41265,1
41266,1
41267,4
41268,4
41269,1
41270,7
41270,2
41270,5
41270,1
41271,7
41272,3
41273,1
41274,3
41275,5
41276,4
41277,1
41278,6
41279,2
41280,5
41281,7
41281,4
41282,7
41283,5
41283,1
41283,3
41284,3
41284,6
41285,3
41286,1
41287,6
41287,4
41288,1
41289,6
41290,1
41291,1
41292,1
41293,6
41294,6
41295,2
41296,6
41297,7
41297,2
41297,5
41298,3
41299,7
41299,2
41299,5
41299,1
41299,3
41299,6
41299,4
41300,7
41301,6
41302,6
41303,6
41304,1
41305,7
41306,2
41307,1
41308,7
41308,2
41308,5
41308,1
41308,3
41308,6
41308,4
41309,7
41309,2
41309,5
41309,1
41309,3
41310,7
41310,2
41310,5
41310,1
41310,3
41310,6
41310,4
41311,1
41311,4
41312,5
41313,4
41314,3
41314,6
41315,1
41316,3
41317,2
41318,3
41318,6
41318,4
41319,3
41319,6
41319,4
41320,7
41320,2
41321,4
41322,1
41323,1
41324,5
41324,1
41325,3
41326,5
41326,6
41327,3
41328,3
41329,7
41330,7
41331,7
41331,2
41331,5
41331,1
41331,3
41332,7
41333,6
41333,4
41334,5
41335,5
41336,2
41337,5
41337,1
41338,5
41339,5
41339,1
41340,1
41341,1
41342,1
41343,6
41344,2
41345,3
41346,7
41347,3
41348,1
41349,4
41350,3
41351,7
41351,2
41351,5
41351,1
41351,3
41352,5
41353,1
41354,5
41354,1
41355,5
41355,1
41356,6
41357,7
41358,7
41359,7
41360,3
41361,2
41362,3
41363,1
41364,5
41364,1
41365,3
41365,6
41366,3
41366,6
41367,7
41368,2
41369,5
41370,1
41371,7
41371,2
41371,4
41372,5
41373,4
41374,7
41374,2
41374,5
41374,1
41374,3
41375,6
41376,6
41377,3
41378,3
41378,6
41378,4
41379,7
41379,2
41380,4
41381,2
41382,4
41383,2
41384,1
41385,7
41385,2
41385,5
41385,1
41385,3
41385,6
41386,1
41386,3
41386,6
41387,7
41388,7
41388,2
41389,5
41390,7
41391,2
41392,7
41392,2
41393,3
41394,4
41395,3
41396,4
41397,6
41398,1
41399,7
41399,2
41399,5
41399,1
41399,3
41400,1
41401,7
41401,2
41401,5
41401,1
41401,3
41402,3
41403,6
41404,1
41405,5
41406,4
41407,2
41408,2
41408,5
41409,5
41410,6
41411,7
41412,7
41413,4
41414,4
41415,3
41416,6
41417,7
41418,2
41418,5
41418,1
41418,3
41418,6
41419,2
41419,5
41419,1
41420,3
41421,1
41422,3
41422,6
41422,4
41423,7
41423,2
41423,5
41423,1
41423,3
41423,6
41423,4
41424,2
41425,3
41426,5
41427,7
41428,3
41429,1
41430,4
41431,6
41432,7
41433,7
41433,2
41434,2
41434,5
41434,6
41434,4
41435,1
41436,7
41437,4
41438,5
41439,3
41440,7
41440,1
41440,6
41441,6
41442,7
41442,2
41442,5
41442,1
41443,1
41444,2
41445,5
41446,4
41447,6
41448,7
41449,7
41450,7
41450,5
41451,1
41452,7
41452,2
41452,5
41452,1
41452,3
41452,6
41452,4
41453,7
41453,2
41454,2
41455,6
41455,4
41456,6
41457,2
41458,1
41459,1
41460,7
41460,2
41460,5
41460,1
41460,3
41461,3
41462,1
41463,3
41464,1
41465,7
41466,4
41467,2
41468,4
41469,4
41470,3
41471,3
41472,7
41472,2
41472,5
41472,1
41472,3
41473,5
41474,3
41475,3
41476,2
41477,7
41477,2
41477,5
41477,1
41477,3
41478,3
41479,4
41480,7
41481,7
41483,1
41484,1
41485,3
41486,7
41487,7
41487,2
41488,7
41488,2
41488,5
41489,7
41489,2
41490,4
41491,7
41491,2
41491,5
41491,1
41491,3
41491,6
41491,4
41492,7
41493,4
41494,3
41495,7
41495,2
41495,5
41495,1
41495,3
41496,2
41496,3
41497,7
41497,2
41497,5
41497,1
41497,3
41498,7
41498,2
41498,5
41498,1
41499,4
41500,5
41501,1
41502,6
41503,7
41504,5
41505,5
41506,4
41507,6
41508,4
41509,3
41510,5
41511,4
41512,1
41513,2
41514,5
41514,1
41514,4
41515,7
41515,2
41516,2
41517,6
41518,1
41519,7
41519,2
41520,6
41521,7
41522,4
41523,7
41524,5
41525,5
41526,3
41527,1
41528,3
41529,2
41531,3
41532,5
41532,1
41533,3
41533,6
41533,4
41534,3
41534,6
41534,4
41535,4
41536,6
41537,1
41538,5
41539,6
41540,7
41540,2
41540,5
41540,1
41540,3
41540,6
41540,4
41541,7
41542,7
41543,4
41544,7
41545,1
41546,6
41547,2
41548,4
41549,7
41549,2
41550,5
41551,7
41551,4
41552,7
41553,7
41553,2
41554,1
41555,7
41555,2
41556,2
41556,5
41557,1
41558,1
41559,5
41560,1
41561,1
41562,4
41563,1
41564,2
41565,2
41566,2
41567,3
41568,2
41569,2
41570,5
41571,6
41572,4
41573,4
41574,2
41576,7
41576,2
41576,5
41576,1
41576,3
41578,3
41579,3
41580,1
41581,3
41582,7
41583,7
41584,1
41585,3
41586,2
41587,7
41588,7
41590,5
41591,7
41591,2
41591,5
41591,1
41591,3
41592,7
41594,2
41595,2
41596,5
41596,1
41596,3
41597,1
41598,7
41598,2
41598,5
41598,1
41599,3
41600,7
41601,7
41601,2
41601,5
41601,1
41601,3
41601,6
41601,4
41602,6
41604,3
41606,5
41606,1
41608,6
41609,7
41609,2
41609,5
41609,1
41609,3
41610,2
41611,6
41612,7
41612,2
41612,5
41612,1
41612,3
41612,6
41612,4
41613,7
41613,2
41614,7
41614,2
41615,7
41615,5
41618,1
41618,4
41619,1
41620,6
41622,6
41623,6
41624,3
41625,7
41626,2
41627,4
41628,4
41629,4
41630,7
41633,7
41634,7
41635,2
41636,4
41637,7
41638,7
41639,7
41639,2
41639,5
41640,7
41640,2
41640,5
41640,1
41640,3
41640,6
41640,4
41641,2
41642,3
41643,3
41644,3
41645,1
41646,1
41647,3
41648,1
41649,1
41650,1
41651,5
41652,7
41653,7
41654,3
41654,6
41655,2
41658,1
41659,2
41660,1
41661,4
41662,7
41663,3
41664,7
41664,2
41664,5
41664,1
41664,3
41664,6
41665,6
41666,2
41667,2
41667,5
41668,7
41671,1
41672,2
41672,5
41672,1
41673,3
41674,4
41675,4
41676,5
41677,4
41678,7
41679,1
41680,7
41680,2
41680,5
41680,1
41680,3
41682,5
41682,1
41683,5
41684,3
41686,1
41687,7
41687,2
41687,5
41687,1
41688,4
41689,4
41690,6
41691,7
41691,2
41691,5
41692,7
41696,7
41696,2
41696,5
41696,1
41697,4
41698,1
41699,7
41699,2
41699,5
41699,1
41699,3
41700,3
41701,6
41702,7
41703,5
41704,2
41705,2
41706,7
41710,7
41710,2
41710,5
41710,1
41711,1
41712,5
41713,6
41714,6
41715,1
41716,7
41716,2
41716,5
41716,1
41717,6
41718,6
41719,7
41719,2
41719,5
41719,1
41719,3
41720,5
41720,1
41721,6
41721,4
41722,7
41723,2
41724,7
41724,4
41725,2
41725,5
41725,1
41726,7
41726,2
41726,5
41726,1
41726,3
41726,6
41726,4
41727,7
41727,2
41727,5
41727,1
41727,3
41727,6
41727,4
41729,6
41729,4
41731,5
41731,1
41732,4
41733,1
41734,7
41734,2
41734,5
41734,1
41734,3
41735,7
41735,2
41735,5
41735,1
41735,3
41735,6
41736,7
41736,2
41736,5
41736,1
41736,3
41737,5
41738,7
41739,6
41740,1
41741,7
41742,7
41742,2
41742,5
41742,1
41743,3
41744,7
41745,3
41746,7
41747,3
41748,6
41748,4
41749,5
41750,7
41750,2
41750,5
41750,1
41751,4
41752,6
41753,1
41754,7
41755,5
41756,6
41757,7
41759,5
41759,6
41760,5
41761,1
41762,5
41763,5
41765,4
41766,2
41767,5
41768,1
41769,5
41769,1
41769,3
41770,7
41771,6
41772,7
41773,2
41774,6
41775,2
41776,6
41777,4
41778,5
41779,1
41780,5
41780,1
41781,1
41782,7
41783,6
41784,4
41785,4
41786,6
41787,5
41787,1
41787,3
41788,7
41788,2
41788,5
41788,1
41788,3
41788,6
41788,4
41789,7
41790,7
41790,2
41790,5
41790,1
41791,7
41791,2
41791,5
41791,1
41791,3
41792,5
41793,5
41794,3
41795,7
41795,2
41795,5
41795,1
41796,7
41797,4
41798,1
41799,3
41800,1
41801,1
41802,2
41802,5
41802,1
41803,4
41804,5
41805,3
41806,6
41807,2
41807,1
41808,1
41808,3
41808,6
41808,4
41809,7
41809,2
41809,5
41809,1
41811,2
41811,5
41812,2
41813,7
41814,3
41815,7
41815,2
41815,5
41815,1
41816,4
41817,2
41817,5
41818,4
41819,3
41820,7
41820,2
41820,5
41820,1
41821,7
41821,2
41821,5
41822,4
41823,7
41823,2
41823,5
41823,1
41824,2
41825,2
41826,7
41826,2
41826,4
41827,6
41828,6
41829,5
41829,1
41831,7
41831,2
41831,5
41831,1
41831,3
41832,5
41833,2
41834,7
41834,2
41834,5
41834,1
41834,3
41835,7
41835,2
41835,5
41835,1
41835,3
41836,7
41836,2
41837,7
41837,2
41837,5
41837,1
41838,7
41839,7
41839,2
41839,5
41839,1
41839,3
41840,3
41841,1
41841,3
41842,1
41843,5
41844,5
41844,1
41846,7
41846,2
41847,4
41848,7
41848,2
41848,5
41848,4
41849,6
41849,4
41850,1
41851,6
41852,6
41853,4
41854,1
41855,3
41856,7
41856,2
41856,5
41856,1
41856,3
41859,4
41860,7
41860,2
41860,5
41860,1
41860,3
41861,7
41861,2
41861,5
41861,1
41861,3
41862,1
41862,3
41862,6
41862,4
41863,4
41865,1
41866,7
41866,2
41867,2
41868,6
41868,4
41869,3
41870,4
41871,4
41872,7
41873,6
41874,1
41875,2
41876,5
41876,1
41876,3
41877,5
41878,6
41879,2
41879,5
41879,1
41880,7
41880,2
41880,5
41880,1
41880,3
41881,1
41881,4
41882,5
41883,3
41884,1
41885,5
41885,1
41885,3
41886,7
41886,2
41887,4
41888,1
41889,6
41890,3
41891,7
41891,2
41891,5
41891,1
41892,1
41893,7
41897,2
41898,3
41899,1
41900,4
41901,4
41902,6
41903,3
41904,5
41905,7
41905,2
41905,5
41905,1
41905,3
41905,6
41905,4
41910,7
41910,2
41910,5
41910,1
41910,3
41911,6
41912,3
41912,4
41913,1
41913,6
41914,7
41914,2
41915,1
41916,1
41917,6
41917,4
41918,6
41918,4
41919,2
41920,5
41920,1
41920,3
41921,7
41921,2
41921,5
41921,1
41921,3
41921,6
41921,4
41922,1
41923,4
41925,3
41925,6
41928,7
41928,4
41929,4
41930,2
41931,2
41932,3
41933,4
41934,1
41935,7
41935,2
41935,5
41935,1
41935,3
41935,6
41938,3
41939,5
41940,2
41941,3
41942,3
41943,7
41943,2
41943,5
41944,7
41944,2
41944,5
41944,1
41945,1
41946,7
41947,1
41948,5
41949,3
41952,7
41953,1
41954,7
41955,2
41956,7
41956,2
41956,5
41956,1
41957,6
41958,7
41959,7
41959,4
41960,7
41960,2
41960,5
41960,1
41960,3
41960,6
41960,4
41961,3
41962,6
41963,3
41964,7
41964,2
41964,5
41964,1
41964,3
41965,5
41966,5
41967,3
41968,7
41968,2
41968,5
41968,1
41968,3
41968,6
41968,4
41969,4
41970,3
41971,2
41972,7
41972,2
41972,5
41972,1
41973,4
41974,7
41975,7
41976,7
41976,5
41977,7
41977,2
41977,5
41977,1
41978,3
41979,1
41980,1
41981,1
41982,1
41983,1
41984,7
41984,4
41985,2
41988,5
41989,5
41990,3
41991,6
41992,6
41995,7
41996,3
41997,5
41999,7
42000,1
42001,2
42002,2
42003,5
42003,1
42003,3
42004,1
42004,3
42005,2
42006,2
42007,6
42008,4
42009,7
42009,2
42009,5
42009,1
42010,3
42011,7
42012,7
42012,2
42012,5
42012,1
42012,3
42012,6
42012,4
42013,7
42013,1
42014,6
42018,2
42019,7
42020,7
42021,5
42022,3
42023,4
42024,3
42025,2
42026,2
42026,4
42027,3
42028,2
42029,6
42029,4
42030,7
42034,6
42035,3
42036,7
42036,2
42036,5
42037,6
42038,6
42039,7
42039,2
42039,5
42039,1
42039,3
42039,6
42039,4
42040,2
42040,1
42041,1
42042,7
42042,2
42042,5
42042,1
42042,3
42043,7
42043,5
42044,4
42045,6
42046,6
42047,1
42049,3
42050,3
42051,2
42051,5
42055,7
42055,2
42056,6
42057,7
42057,2
42057,5
42057,1
42057,3
42057,6
42057,4
42060,4
42062,2
42062,1
42063,4
42064,6
42065,5
42066,5
42066,1
42067,6
42068,6
42069,6
42070,2
42070,5
42071,6
42072,6
42073,7
42073,2
42073,5
42073,1
42074,7
42075,7
42075,2
42075,5
42075,1
42075,3
42076,7
42076,2
42076,5
42076,1
42077,3
42077,4
42078,3
42078,6
42079,1
42079,3
42079,6
42080,1
42081,4
42082,1
42083,5
42087,1
42088,1
42091,5
42092,7
42093,6
42094,3
42095,7
42096,6
42097,7
42097,2
42097,5
42097,1
42097,3
42099,7
42099,2
42099,5
42099,1
42099,3
42099,6
42099,4
42100,1
42100,3
42100,6
42103,7
42107,7
42107,2
42108,2
42108,5
42110,7
42110,2
42110,5
42110,1
42111,2
42112,5
42113,1
42114,6
42115,1
42116,2
42123,7
42124,4
42125,1
42129,7
42130,2
42131,5
42133,3
42135,4
42140,4
42142,4
42143,6
42144,5
42145,7
42145,2
42145,5
42145,1
42145,3
42146,1
42147,1
42151,5
42152,7
42152,2
42152,5
42152,1
42153,5
42153,1
42153,3
42154,4
42155,4
42157,1
42158,4
42159,7
42160,4
42161,1
42162,2
42165,4
42166,3
42167,2
42167,5
42167,1
42167,3
42168,4
42169,7
42169,2
42169,5
42170,3
42171,3
42172,7
42172,2
42172,5
42172,1
42172,3
42172,6
42172,4
42174,3
42175,6
42176,3
42177,5
42177,1
42177,3
42178,4
42179,2
42179,5
42180,1
42180,3
42180,6
42181,2
42182,4
42183,2
42187,7
42187,2
42187,5
42187,1
42188,7
42189,5
42189,3
42190,3
42191,3
42192,2
42192,5
42192,1
42193,3
42196,4
42197,2
42198,3
42199,6
42200,1
42201,4
42202,4
42203,4
42204,4
42205,4
42206,7
42206,2
42206,5
42206,1
42206,3
42206,6
42206,4
42207,4
42208,5
42208,1
42211,7
42212,7
42213,3
42214,4
42215,4
42219,3
42220,7
42221,4
42222,4
42224,3
42226,3
42227,1
42228,4
42229,5
42230,7
42230,2
42230,5
42230,1
42231,2
42232,4
42233,7
42233,2
42233,5
42233,1
42233,3
42234,6
42237,4
42238,7
42239,2
42239,5
42240,7
42241,4
42242,1
42244,1
42245,2
42246,1
42247,1
42250,6
42250,4
42251,1
42252,6
42253,2
42254,2
42256,2
42256,5
42256,1
42257,5
42258,2
42259,2
42260,2
42261,5
42262,5
42264,7
42265,5
42266,5
42267,5
42268,1
42269,3
42270,7
42270,2
42270,5
42270,1
42270,3
42272,3
42273,7
42278,6
42279,7
42280,4
42281,3
42282,5
42283,7
42283,5
42283,3
42283,4
42284,1
42285,3
42286,6
42287,4
42290,6
42290,4
42291,5
42291,1
42292,7
42292,2
42292,5
42292,1
42292,3
42293,6
42296,3
42297,3
42298,7
42298,4
42302,5
42302,1
42302,3
42302,6
42303,3
42304,2
42305,4
42306,3
42307,5
42308,7
42309,6
42310,7
42310,4
42311,6
42312,4
42313,7
42314,6
42315,3
42315,6
42315,4
42316,7
42320,2
42321,1
42322,3
42323,4
42324,3
42326,7
42326,2
42326,5
42326,1
42326,3
42331,6
42332,1
42333,7
42334,6
42335,7
42336,5
42337,5
42337,1
42337,3
42338,2
42338,5
42338,1
42338,3
42338,6
42339,7
42339,2
42339,5
42339,1
42339,3
42340,2
42341,1
42342,7
42343,7
42343,2
42343,5
42343,1
42343,3
42344,7
42344,2
42344,5
42344,1
42344,3
42345,4
42346,4
42347,3
42351,6
42352,7
42352,2
42352,5
42352,1
42352,3
42353,4
42354,3
42355,7
42356,4
42357,4
42358,5
42359,7
42359,2
42359,5
42359,1
42359,3
42360,7
42360,2
42360,5
42360,1
42360,3
42361,5
42361,1
42362,3
42363,3
42364,7
42365,7
42366,7
42366,2
42366,5
42366,1
42366,3
42366,6
42367,7
42368,3
42373,2
42374,5
42375,5
42376,5
42377,2
42378,5
42379,5
42380,7
42380,2
42380,5
42380,1
42380,3
42381,7
42381,2
42381,5
42381,1
42381,3
42381,6
42381,4
42382,7
42383,1
42384,2
42385,4
42386,5
42387,7
42388,4
42389,1
42390,3
42391,7
42391,2
42391,5
42391,1
42391,3
42391,6
42391,4
42394,7
42394,2
42394,5
42394,1
42394,3
42396,7
42396,2
42396,5
42396,1
42396,3
42397,1
42398,3
42399,5
42399,1
42399,3
42400,3
42400,6
42400,4
42401,7
42401,2
42402,2
42403,7
42403,4
42404,7
42404,2
42404,5
42404,1
42404,3
42405,2
42406,1
42407,7
42408,7
42408,2
42408,5
42409,3
42410,3
42411,7
42411,2
42411,5
42411,1
42411,3
42412,3
42413,4
42414,7
42414,2
42414,5
42414,1
42415,4
42416,3
42417,7
42417,2
42417,5
42417,1
42418,5
42419,7
42420,4
42421,7
42421,2
42421,5
42421,1
42421,3
42421,6
42421,4
42422,1
42423,1
42425,1
42426,5
42426,1
42426,3
42427,7
42428,2
42429,4
42430,7
42430,2
42430,5
42430,1
42430,3
42430,6
42430,4
42431,1
42432,7
42432,2
42432,5
42432,1
42432,3
42433,6
42434,7
42434,5
42434,3
42435,7
42436,2
42440,7
42440,2
42440,5
42440,1
42440,3
42441,7
42442,7
42442,4
42443,2
42443,5
42443,4
42444,2
42444,4
42445,7
42445,4
42447,7
42447,2
42448,7
42448,2
42449,7
42449,4
42450,7
42450,2
42450,4
42451,7
42451,4
42452,5
42452,1
42452,3
42453,1
42454,3
42455,7
42455,2
42455,5
42455,1
42455,3
42456,3
42457,4
42458,4
42459,7
42460,3
42461,1
42462,1
42463,2
42463,4
42464,7
42464,4
42465,2
42465,4
42466,7
42466,4
42467,7
42467,2
42467,4
42468,7
42468,4
42469,7
42469,2
42469,4
42470,2
42470,4
42471,5
42472,5
42473,7
42473,2
42473,4
42474,7
42474,4
42475,7
42479,5
42479,1
42480,1
42481,5
42481,1
42481,3
42481,6
42482,3
42483,5
42484,7
42484,1
42485,4
42486,1
42487,2
42488,7
42488,2
42488,4
42489,7
42493,4
42494,7
42494,2
42494,5
42495,1
42496,3
42497,3
42498,4
42499,1
42500,7
42500,2
42500,4
42501,5
42502,1
42503,7
42503,2
42503,5
42503,6
42503,4
42504,7
42504,2
42504,5
42504,1
42504,3
42504,6
42504,4
42505,7
42505,2
42505,5
42505,1
42505,3
42505,6
42505,4
42506,7
42506,2
42506,5
42506,1
42506,3
42506,6
42506,4
42507,2
42508,4
42509,1
42510,1
42511,2
42512,3
42513,4
42514,4
42515,4
42516,7
42516,2
42516,5
42516,1
42516,3
42516,6
42516,4
42517,7
42517,2
42517,5
42517,1
42517,3
42517,6
42517,4
42518,7
42518,2
42518,5
42518,1
42518,3
42518,6
42518,4
42519,7
42519,2
42521,7
42521,2
42521,5
42521,1
42521,3
42521,6
42521,4
42522,1
42523,2
42527,3
42528,3
42529,6
42530,3
42531,7
42531,2
42532,2
42532,5
42532,1
42532,3
42533,7
42533,2
42533,5
42533,1
42533,3
42533,6
42533,4
42534,7
42534,2
42534,5
42534,1
42534,3
42534,6
42534,4
42535,4
42536,7
42536,2
42536,5
42536,4
42537,1
42538,7
42538,2
42539,7
42539,4
42540,5
42541,1
42542,1
42542,3
42542,4
42543,7
42543,2
42544,7
42544,5
42545,2
42546,7
42547,3
42548,2
42548,3
42549,1
42549,3
42549,4
42550,7
42551,2
42551,5
42552,5
42553,5
42554,6
42555,1
42556,1
42557,7
42557,2
42558,4
42559,1
42560,3
42561,7
42561,4
42562,7
42562,4
42563,2
42563,4
42564,7
42564,2
42564,5
42564,1
42564,3
42565,2
42565,4
42566,7
42566,2
42566,5
42566,4
42567,1
42568,7
42569,2
42569,4
42570,7
42570,4
42571,7
42571,4
42572,3
42573,7
42573,2
42573,5
42573,1
42574,1
42579,4
42580,4
42581,7
42581,2
42581,5
42582,7
42583,7
42583,5
42583,4
42584,2
42584,1
42585,7
42585,4
42586,2
42586,5
42587,2
42587,4
42588,7
42588,2
42588,5
42588,1
42588,3
42589,5
42589,1
42590,6
42591,4
42592,7
42592,2
42592,5
42592,1
42593,7
42594,2
42595,3
42596,7
42596,2
42599,7
42599,3
42600,2
42601,6
42602,3
42603,2
42604,7
42604,2
42604,1
42606,5
42607,2
42607,4
42611,7
42611,4
42612,2
42612,4
42613,1
42614,7
42614,4
42615,7
42615,4
42616,3
42617,7
42617,2
42617,5
42617,1
42617,3
42617,6
42617,4
42618,7
42618,5
42618,4
42619,7
42619,4
42620,6
42621,5
42622,7
42622,2
42622,5
42622,1
42622,3
42622,6
42622,4
42623,6
42624,7
42624,2
42624,5
42624,1
42624,3
42624,6
42624,4
42625,7
42625,2
42625,5
42625,1
42625,3
42625,6
42625,4
42626,4
42627,1
42628,2
42628,4
42629,1
42630,5
42630,1
42631,7
42631,2
42631,4
42632,2
42632,5
42633,4
42634,4
42635,3
42636,6
42637,4
42638,6
42639,6
42640,7
42640,2
42640,5
42640,1
42640,3
42641,3
42642,7
42642,2
42642,5
42642,1
42643,5
42644,1
42645,3
42646,5
42647,7
42647,2
42648,7
42649,3
42650,7
42651,1
42652,1
42653,6
42654,2
42655,5
42656,3
42657,2
42657,5
42658,1
42659,2
42660,4
42661,1
42662,1
42663,2
42664,4
42665,6
42666,5
42667,6
42668,7
42669,7
42670,2
42671,4
42672,5
42673,2
42676,5
42677,4
42678,7
42678,2
42679,7
42679,2
42680,5
42681,1
42682,7
42682,4
42683,6
42684,7
42685,7
42686,3
42687,2
42688,1
42689,3
42690,3
42691,5
42692,7
42692,2
42692,5
42692,1
42693,7
42693,2
42694,7
42694,2
42694,5
42694,1
42694,3
42694,6
42694,4
42695,2
42696,1
42697,3
42698,5
42699,2
42699,5
42700,5
42701,4
42705,4
42706,4
42707,5
42708,5
42709,4
42710,3
42711,2
42712,7
42713,7
42713,2
42713,5
42713,1
42713,3
42714,7
42714,2
42714,5
42714,1
42714,3
42715,6
42716,7
42716,2
42716,5
42716,1
42717,4
42718,4
42719,7
42719,2
42719,5
42719,1
42719,3
42719,6
42719,4
42720,7
42721,7
42721,2
42722,5
42723,3
42727,6
42728,2
42729,7
42729,2
42729,5
42729,1
42730,1
42731,3
42732,3
42733,7
42734,4
42735,3
42736,1
42739,4
42740,5
42741,4
42742,6
42742,4
42743,7
42744,7
42745,5
42746,6
42747,6
42748,2
42751,3
42752,7
42752,2
42752,5
42752,6
42752,4
42753,7
42753,2
42753,5
42753,1
42753,3
42753,6
42753,4
42754,7
42754,2
42754,5
42754,1
42755,4
42756,5
42757,5
42758,3
42759,5
42760,4
42761,2
42762,6
42763,1
42764,1
42765,7
42765,2
42765,4
42766,6
42767,7
42767,2
42767,5
42767,1
42768,5
42772,3
42773,1
42774,7
42775,4
42776,7
42776,4
42777,1
42778,7
42778,2
42779,7
42779,2
42779,5
42779,1
42779,3
42779,6
42779,4
42780,4
42781,7
42781,2
42782,4
42783,7
42784,7
42785,3
42786,2
42787,7
42787,2
42787,5
42787,1
42787,3
42787,6
42787,4
42788,7
42789,5
42790,2
42791,5
42792,4
42793,5
42794,3
42795,1
42796,4
42797,2
42798,7
42802,7
42803,7
42804,7
42804,2
42804,5
42804,1
42805,2
42805,4
42806,5
42807,1
42808,7
42809,7
42810,5
42810,1
42811,4
42812,1
42816,4
42817,4
42818,1
42819,1
42820,1
42821,5
42822,3
42823,7
42824,1
42825,1
42826,5
42827,2
42828,5
42829,6
42830,7
42831,1
42832,2
42833,1
42834,1
42835,5
42836,6
42837,2
42838,3
42838,6
42839,6
42840,5
42841,1
42842,1
42843,6
42843,4
42844,7
42845,1
42846,4
42847,7
42847,2
42847,5
42847,6
42847,4
42848,7
42848,4
42849,7
42850,4
42851,1
42852,1
42853,6
42854,6
42855,3
42856,7
42860,7
42862,5
42863,3
42864,5
42865,5
42865,1
42865,3
42866,4
42867,5
42868,3
42869,3
42870,5
42870,1
42871,2
42872,2
42873,4
42874,1
42874,3
42874,6
42874,4
42875,5
42876,7
42876,2
42876,5
42877,7
42878,7
42883,7
42885,7
42886,7
42886,4
42887,5
42887,1
42888,3
42889,1
42890,2
42890,5
42890,1
42891,3
42892,7
42893,7
42893,2
42893,5
42893,1
42893,3
42894,7
42894,2
42895,3
42895,6
42896,1
42897,2
42897,5
42897,1
42897,3
42898,7
42898,2
42898,5
42899,4
42900,4
42901,1
42902,6
42903,7
42903,2
42903,5
42903,1
42904,1
42905,1
42906,7
42907,5
42908,2
42909,5
42910,5
42911,6
42912,3
42917,6
42918,4
42919,3
42920,5
42921,2
42922,2
42923,1
42924,5
42925,6
42926,4
42927,4
42928,4
42929,3
42930,1
42931,3
42932,6
42933,5
42933,4
42934,1
42935,4
42936,7
42936,2
42938,3
42942,7
42943,1
42944,7
42945,3
42946,1
42947,1
42948,2
42949,5
42949,1
42949,3
42949,6
42949,4
42950,2
42951,7
42951,2
42952,2
42953,2
42954,1
42955,2
42956,1
42957,2
42957,5
42958,7
42959,4
42960,4
42961,7
42962,1
42963,3
42964,1
42965,6
42966,5
42967,1
42968,7
42969,5
42970,6
42970,4
42971,7
42971,2
42971,5
42971,1
42971,3
42972,6
42973,2
42974,2
42974,5
42974,1
42975,7
42976,4
42977,7
42977,2
42977,5
42977,1
42977,3
42978,5
42979,1
42980,1
42981,2
42981,5
42981,1
42982,2
42983,4
42984,7
42985,3
42986,7
42986,2
42986,5
42986,1
42986,3
42987,7
42987,2
42987,5
42987,1
42987,3
42987,4
42988,3
42989,7
42990,7
42991,7
42991,2
42991,5
42991,1
42991,3
42991,6
42992,7
42992,2
42992,5
42992,1
42992,3
42992,6
42992,4
42993,5
42994,2
42994,5
42994,1
42995,3
42996,5
42997,4
42998,1
42999,4
43000,2
43000,1
43001,5
43002,7
43002,2
43003,3
43004,2
43005,4
43006,1
43006,3
43007,3
43008,5
43008,1
43008,3
43009,1
43010,4
43011,6
43013,5
43014,4
43015,3
43016,7
43017,6
43018,3
43019,5
43020,5
43021,3
43022,3
43023,1
43024,4
43025,1
43026,6
43027,4
43028,4
43029,1
43029,4
43030,2
43031,3
43032,7
43032,2
43032,5
43032,1
43032,3
43033,2
43034,7
43035,7
43035,2
43035,5
43035,1
43035,3
43036,5
43037,7
43038,5
43039,2
43040,3
43041,5
43041,6
43041,4
43042,2
43043,5
43044,7
43044,2
43044,5
43044,1
43044,3
43044,6
43045,6
43045,4
43046,1
43047,7
43047,2
43047,5
43047,1
43047,3
43048,7
43048,2
43048,5
43048,1
43048,3
43049,7
43049,2
43049,5
43049,1
43049,3
43050,1
43051,7
43051,2
43051,5
43051,1
43051,3
43051,6
43051,4
43052,4
43053,5
43054,7
43054,2
43054,5
43054,1
43054,3
43055,6
43055,4
43056,7
43056,2
43056,5
43056,1
43056,3
43056,6
43057,4
43058,4
43059,6
43060,1
43061,1
43062,4
43063,1
43064,7
43064,2
43064,5
43064,1
43064,3
43065,7
43065,2
43065,5
43065,1
43065,3
43066,4
43067,6
43068,4
43069,3
43070,7
43071,2
43071,5
43071,1
43072,3
43073,2
43074,3
43075,1
43076,4
43077,5
43077,3
43078,1
43079,3
43079,6
43079,4
43080,7
43082,7
43083,7
43084,7
43084,2
43085,7
43085,2
43085,5
43085,1
43085,3
43086,4
43087,7
43087,2
43088,4
43089,3
43090,6
43091,3
43092,7
43092,2
43093,2
43094,7
43094,2
43094,5
43095,7
43096,7
43096,2
43096,5
43096,1
43096,3
43097,5
43098,2
43099,2
43100,7
43100,2
43100,5
43100,1
43101,3
43102,4
43103,5
43104,6
43105,4
43106,1
43107,6
43108,2
43109,7
43109,2
43109,5
43109,1
43109,3
43109,6
43110,7
43111,1
43112,3
43112,6
43113,7
43113,2
43113,5
43113,1
43114,7
43114,2
43114,5
43114,1
43114,3
43115,2
43116,5
43117,1
43117,3
43117,6
43118,1
43119,2
43119,5
43120,7
43120,2
43120,5
43120,1
43121,2
43122,7
43122,2
43122,5
43122,1
43122,3
43122,6
43122,4
43123,3
43124,2
43125,7
43125,2
43125,5
43125,1
43126,7
43126,2
43126,5
43126,1
43127,4
43128,7
43128,2
43128,5
43129,3
43130,1
43131,7
43131,2
43132,7
43132,2
43133,3
43134,7
43135,4
43136,2
43137,6
43139,5
43139,1
43140,7
43140,2
43140,5
43140,1
43141,3
43142,6
43143,2
43143,5
43143,1
43144,5
43144,1
43144,3
43145,7
43145,2
43145,5
43145,1
43146,2
43146,5
43147,1
43148,5
43149,5
43150,4
43151,6
43152,3
43153,7
43154,6
43155,4
43156,6
43157,4
43158,4
43159,6
43160,6
43161,6
43162,6
43163,7
43164,4
43165,3
43166,2
43168,5
43169,2
43170,7
43171,3
43172,7
43172,2
43172,5
43172,1
43172,3
43173,4
43174,6
43174,4
43175,5
43175,1
43176,1
43177,3
43177,6
43178,7
43178,2
43178,5
43178,1
43179,5
43179,1
43180,5
43180,1
43181,5
43182,6
43182,4
43183,4
43184,7
43184,2
43185,3
43186,2
43187,7
43188,1
43189,7
43189,2
43189,5
43189,1
43190,2
43191,7
43192,5
43193,1
43194,4
43195,4
43196,4
43197,7
43198,7
43198,2
43198,5
43198,1
43199,4
43200,5
43200,1
43200,3
43201,7
43201,2
43201,5
43201,1
43201,3
43202,4
43203,4
43204,5
43205,6
43205,4
43206,6
43206,4
43207,5
43208,3
43209,1
43210,1
43211,7
43211,2
43211,5
43211,1
43212,3
43213,5
43214,5
43214,4
43215,1
43216,5
43217,1
43218,5
43219,2
43219,5
43219,1
43220,3
43221,3
43222,2
43223,7
43223,2
43224,3
43225,5
43225,1
43225,3
43226,6
43227,3
43228,4
43229,1
43230,3
43231,5
43232,3
43233,6
43234,1
43235,6
43236,2
43237,3
43238,6
43239,3
43240,5
43241,7
43242,1
43243,6
43244,3
43246,5
43247,4
43248,5
43249,6
43250,6
43251,4
43252,5
43253,2
43254,5
43255,2
43256,1
43257,6
43258,1
43259,1
43260,3
43261,2
43262,1
43263,3
43264,1
43265,5
43266,6
43267,7
43267,2
43268,1
43269,4
43270,3
43271,1
43272,7
43273,3
43274,1
43275,1
43276,1
43277,6
43278,6
43279,7
43279,4
43280,5
43281,3
43282,1
43283,5
43283,1
43284,5
43285,4
43286,3
43287,1
43288,3
43289,3
43290,6
43291,5
43292,2
43293,1
43294,1
43295,7
43296,6
43297,7
43297,5
43297,4
43298,2
43299,6
43299,4
43300,2
43301,7
43301,2
43301,5
43301,1
43301,3
43301,6
43301,4
43302,4
43303,7
43304,7
43305,5
43305,1
43306,2
43307,4
43308,5
43309,3
43310,4
43311,7
43312,2
43313,6
43314,4
43315,1
43316,3
43317,7
43317,2
43317,5
43317,1
43317,3
43318,6
43319,4
43320,2
43321,1
43322,4
43323,3
43323,6
43323,4
43324,3
43324,6
43324,4
43325,6
43326,7
43327,2
43327,5
43327,1
43328,6
43329,3
43330,4
43331,1
43332,7
43333,3
43334,4
43335,7
43335,2
43335,5
43335,1
43335,3
43336,3
43337,7
43338,4
43339,7
43339,2
43339,5
43339,1
43340,7
43340,2
43340,5
43340,1
43340,3
43341,7
43341,2
43342,7
43342,2
43342,5
43342,1
43342,3
43343,1
43343,4
43344,7
43344,2
43344,5
43344,1
43345,1
43346,7
43346,2
43346,5
43346,1
43346,3
43346,6
43346,4
43347,7
43348,7
43348,2
43348,5
43348,1
43348,3
43349,7
43349,2
43349,5
43349,1
43349,3
43349,6
43349,4
43350,5
43351,2
43352,6
43353,3
43354,2
43355,4
43356,6
43357,2
43357,5
43357,1
43358,7
43358,2
43358,5
43358,1
43359,1
43360,7
43360,2
43360,5
43360,1
43360,3
43360,6
43360,4
43361,4
43362,2
43362,5
43363,7
43363,2
43363,5
43363,1
43364,2
43365,4
43366,1
43367,6
43368,7
43368,2
43368,5
43368,1
43368,3
43370,5
43371,6
43372,2
43373,3
43374,2
43375,5
43376,3
43377,5
43377,1
43378,7
43379,5
43381,2
43381,3
43382,5
43382,1
43383,5
43384,7
43384,2
43384,5
43384,1
43385,1
43386,6
43387,1
43388,7
43388,2
43388,5
43388,1
43388,3
43388,6
43388,4
43390,1
43391,1
43392,2
43393,2
43394,1
43394,3
43395,7
43396,1
43397,4
43398,3
43399,6
43400,7
43401,5
43402,3
43403,6
43404,3
43405,5
43406,3
43407,6
43408,6
43409,6
43410,6
43411,7
43412,6
43413,2
43414,3
43415,1
43416,7
43416,2
43416,5
43416,1
43417,4
43418,7
43418,2
43418,5
43418,1
43419,7
43419,2
43419,5
43419,1
43420,7
43420,2
43420,5
43421,4
43422,6
43423,4
43424,4
43425,7
43426,7
43426,2
43427,7
43427,2
43427,5
43427,1
43427,3
43429,1
43430,7
43431,6
43432,4
43433,7
43433,2
43433,5
43434,4
43435,4
43436,7
43436,2
43436,5
43437,4
43438,7
43438,2
43438,5
43438,1
43438,3
43438,6
43438,4
43439,7
43439,1
43440,7
43441,6
43442,1
43443,5
43444,6
43445,4
43446,6
43447,3
43448,7
43448,2
43448,5
43448,1
43448,3
43448,6
43448,4
43449,2
43450,3
43451,7
43451,2
43451,5
43451,1
43452,7
43452,2
43452,5
43452,1
43452,3
43453,7
43453,2
43453,5
43453,1
43453,3
43454,4
43455,7
43455,2
43455,5
43456,6
43457,6
43458,7
43459,1
43460,5
43461,7
43462,5
43463,7
43464,7
43465,6
43466,6
43467,7
43467,2
43467,5
43467,1
43467,3
43467,6
43468,6
43469,7
43469,2
43469,5
43469,1
43470,3
43471,5
43472,7
43473,6
43474,3
43475,5
43476,6
43477,5
43478,7
43478,2
43478,5
43478,1
43479,5
43480,4
43481,6
43482,5
43483,5
43484,2
43485,1
43487,4
43488,1
43489,2
43489,1
43490,3
43491,7
43492,1
43493,4
43494,5
43495,3
43496,1
43497,1
43498,4
43499,5
43500,3
43501,4
43502,3
43503,2
43504,7
43505,3
43506,2
43507,2
43507,5
43507,1
43509,6
43510,7
43510,2
43510,5
43510,1
43511,7
43511,2
43511,5
43512,6
43513,1
43514,7
43514,2
43514,5
43514,1
43514,3
43515,7
43515,2
43516,3
43517,4
43518,4
43519,6
43520,4
43521,7
43521,2
43522,7
43522,2
43522,5
43522,1
43522,3
43522,6
43522,4
43523,7
43523,2
43523,5
43523,1
43523,3
43524,4
43525,7
43526,1
43527,3
43528,1
43529,6
43530,4
43531,1
43532,7
43532,2
43532,5
43532,1
43532,3
43532,6
43532,4
43533,7
43534,1
43535,1
43536,4
43537,1
43538,5
43539,1
43540,7
43540,2
43540,5
43540,1
43540,3
43541,3
43542,7
43542,2
43543,2
43543,1
43544,1
43545,3
43546,7
43546,2
43546,5
43546,1
43547,2
43547,5
43548,7
43548,2
43548,5
43548,1
43548,3
43549,7
43550,4
43551,4
43553,6
43554,5
43555,7
43556,7
43557,4
43558,1
43559,7
43559,2
43559,5
43559,1
43560,7
43560,5
43560,4
43561,2
43562,7
43562,2
43562,5
43562,1
43563,6
43564,7
43565,7
43566,5
43566,1
43567,6
43568,4
43569,2
43569,5
43569,1
43570,2
43570,5
43570,1
43571,5
43572,7
43573,2
43574,5
43575,7
43575,2
43575,5
43575,1
43575,3
43576,7
43576,2
43576,5
43576,1
43576,3
43576,6
43576,4
43577,7
43577,2
43577,5
43577,1
43577,3
43578,2
43579,6
43580,7
43581,7
43582,2
43583,7
43583,2
43583,5
43583,1
43583,3
43585,1
43586,4
43587,1
43588,3
43589,1
43590,3
43592,1
43592,3
43592,6
43593,1
43594,5
43595,4
43596,4
43597,2
43598,2
43598,5
43598,1
43599,7
43600,6
43601,1
43602,6
43603,5
43604,6
43604,4
43605,2
43606,6
43607,7
43607,2
43607,5
43607,1
43608,7
43608,2
43608,5
43608,1
43608,3
43609,6
43610,1
43611,1
43612,5
43613,7
43613,2
43613,5
43613,1
43613,3
43614,4
43615,7
43615,2
43615,5
43615,1
43616,7
43616,2
43616,5
43616,1
43617,3
43618,6
43619,3
43620,4
43621,4
43622,7
43622,2
43622,5
43622,1
43622,3
43622,6
43622,4
43623,7
43623,2
43623,5
43623,1
43623,4
43624,7
43625,7
43625,2
43625,5
43625,1
43625,3
43626,5
43627,7
43627,2
43628,7
43628,2
43628,5
43628,1
43628,3
43628,6
43628,4
43629,6
43630,5
43630,4
43631,7
43631,2
43631,5
43631,1
43631,3
43632,7
43632,5
43632,4
43633,5
43634,1
43635,1
43636,5
43637,5
43638,7
43638,2
43639,5
43640,6
43640,4
43641,5
43642,5
43643,7
43643,2
43643,5
43643,1
43643,3
43644,7
43644,2
43644,5
43644,1
43644,3
43645,7
43645,2
43646,6
43647,2
43648,3
43649,7
43649,2
43649,5
43649,1
43650,6
43651,5
43652,7
43652,2
43652,5
43653,1
43653,3
43654,7
43654,2
43654,5
43654,1
43654,3
43654,6
43654,4
43655,2
43655,5
43656,7
43656,2
43656,5
43656,1
43657,5
43657,1
43658,7
43658,2
43658,5
43658,1
43658,3
43659,4
43660,2
43661,4
43662,2
43663,6
43664,3
43665,3
43666,3
43667,2
43667,5
43667,1
43667,3
43668,4
43669,2
43670,1
43671,3
43671,6
43671,4
43672,7
43673,1
43674,6
43675,1
43676,7
43677,6
43678,6
43679,6
43680,7
43680,2
43680,5
43680,1
43681,3
43682,7
43683,5
43684,4
43685,7
43685,2
43685,5
43685,1
43685,3
43686,6
43687,3
43688,2
43689,5
43689,1
43690,6
43692,6
43693,4
43694,6
43695,3
43696,7
43696,2
43696,5
43697,7
43697,2
43698,2
43699,7
43700,3
43701,3
43701,6
43701,4
43702,7
43702,2
43702,5
43702,1
43702,3
43702,6
43702,4
43703,4
43704,6
43705,5
43706,3
43707,3
43708,2
43709,2
43710,3
43711,7
43711,1
43712,7
43712,2
43712,5
43712,1
43713,7
43713,2
43713,5
43713,1
43713,3
43713,6
43713,4
43714,4
43715,4
43716,4
43717,6
43718,2
43719,7
43720,5
43721,3
43722,7
43723,3
43724,7
43724,2
43724,5
43724,1
43725,7
43725,2
43725,5
43725,1
43725,3
43726,7
43727,3
43728,7
43729,6
43730,3
43731,7
43731,2
43731,5
43731,1
43731,3
43731,6
43731,4
43732,3
43733,3
43734,3
43735,7
43736,6
43737,5
43737,1
43738,7
43738,2
43739,5
43739,1
43740,3
43741,4
43742,5
43742,1
43743,7
43743,4
43744,2
43745,5
43746,3
43747,6
43749,6
43749,4
43750,7
43750,2
43751,5
43751,1
43752,3
43753,7
43753,2
43754,3
43755,5
43756,7
43756,2
43757,4
43758,7
43758,2
43759,3
43760,2
43761,4
43762,7
43763,7
43764,6
43765,7
43765,2
43765,5
43765,1
43765,3
43766,7
43766,5
43766,3
43767,6
43768,7
43768,2
43768,5
43768,1
43769,7
43769,2
43769,5
43769,1
43770,3
43771,6
43772,7
43772,2
43772,5
43772,1
43773,1
43774,5
43775,4
43776,4
43777,6
43778,6
43779,6
43780,3
43781,4
43782,3
43783,7
43784,5
43785,4
43786,1
43787,2
43788,5
43789,7
43790,3
43791,7
43792,1
43793,7
43794,7
43795,1
43796,2
43797,4
43798,5
43799,2
43800,7
43800,2
43800,5
43800,1
43800,3
43800,6
43800,4
43802,7
43803,6
43804,3
43805,5
43806,7
43806,2
43806,5
43806,1
43806,3
43806,6
43806,4
43807,2
43807,5
43808,7
43808,1
43809,6
43810,2
43811,3
43812,5
43813,2
43813,5
43814,5
43815,1
43816,1
43817,6
43818,5
43819,2
43820,1
43821,2
43822,1
43823,3
43824,3
43825,5
43826,2
43827,2
43828,2
43829,2
43830,7
43831,6
43832,5
43832,1
43833,6
43833,4
43834,3
43835,5
43836,2
43837,3
43838,5
43839,1
43840,5
43841,2
43842,7
43842,2
43842,5
43842,1
43842,3
43842,6
43842,4
43844,7
43844,2
43844,5
43844,1
43844,3
43844,6
43844,4
43845,4
43846,6
43847,5
43848,1
43849,3
43850,3
43851,3
43852,6
43853,7
43853,2
43853,5
43853,1
43853,3
43854,5
43854,1
43855,6
43856,3
43857,7
43858,5
43859,7
43860,4
43861,1
43862,7
43862,2
43862,5
43862,1
43862,3
43863,7
43863,4
43864,2
43865,5
43866,4
43867,3
43868,2
43868,5
43869,7
43870,3
43871,6
43872,7
43873,4
43874,2
43874,3
43875,1
43875,3
43876,6
43876,4
43877,3
43878,3
43879,3
43880,4
43881,2
43882,4
43883,5
43883,1
43883,3
43885,7
43885,2
43885,5
43885,1
43885,3
43885,6
43885,4
43886,7
43886,2
43886,5
43886,1
43886,3
43887,3
43888,6
43889,7
43889,2
43889,5
43889,1
43889,3
43889,6
43889,4
43890,7
43890,2
43890,5
43890,1
43890,3
43890,6
43890,4
43891,3
43892,3
43893,6
43894,7
43894,2
43894,5
43894,1
43895,1
43896,3
43897,7
43898,7
43899,7
43899,2
43899,5
43899,1
43899,3
43900,5
43901,4
43902,4
43903,3
43904,5
43905,3
43906,3
43907,3
43908,5
43909,5
43910,1
43911,2
43912,2
43913,2
43914,2
43915,4
43916,7
43917,7
43918,3
43919,4
43920,5
43921,4
43922,4
43923,7
43923,2
43923,5
43923,6
43923,4
43924,7
43925,2
43926,5
43927,2
43928,2
43928,5
43928,1
43928,3
43929,2
43929,5
43929,1
43929,3
43930,7
43930,2
43930,5
43930,1
43931,2
43932,4
43933,7
43934,4
43935,7
43936,6
43937,3
43938,3
43939,1
43940,5
43941,6
43942,1
43943,4
43944,5
43945,6
43946,4
43947,3
43948,4
43949,1
43950,7
43950,5
43951,5
43952,3
43953,3
43954,7
43954,2
43954,5
43954,1
43954,3
43955,5
43956,7
43956,2
43956,5
43957,3
43958,5
43958,3
43959,1
43960,2
43961,4
43962,7
43962,2
43963,1
43964,6
43965,2
43966,1
43967,3
43968,2
43969,3
43970,5
43972,5
43973,4
43974,7
43975,5
43976,1
43977,2
43978,7
43978,2
43978,5
43978,1
43979,7
43980,7
43980,2
43981,5
43982,6
43982,4
43983,4
43984,5
43985,3
43986,7
43987,7
43987,2
43987,5
43987,1
43987,3
43987,6
43987,4
43988,7
43989,7
43990,7
43990,2
43990,5
43990,1
43990,3
43991,7
43992,7
43992,2
43992,5
43992,1
43992,3
43993,3
43994,6
43995,3
43996,3
43997,7
43998,1
43999,6
44000,5
44001,2
44002,3
44002,6
44003,5
44003,1
44003,3
44003,6
44003,4
44004,4
44005,3
44005,6
44006,7
44006,2
44006,3
44006,6
44006,4
44007,7
44007,2
44007,5
44007,1
44007,3
44008,6
44009,7
44009,2
44009,5
44010,6
44011,3
44012,7
44013,6
44014,3
44015,3
44016,3
44017,4
44018,5
44019,7
44019,2
44019,5
44019,1
44020,5
44022,7
44023,2
44024,7
44024,2
44024,5
44024,1
44025,1
44026,7
44026,2
44026,5
44026,1
44026,3
44026,6
44026,4
44027,6
44027,4
44028,7
44028,2
44028,5
44028,1
44028,3
44028,6
44028,4
44030,7
44030,2
44030,1
44030,3
44030,6
44030,4
44031,1
44032,1
44033,7
44033,2
44033,5
44033,1
44034,4
44035,6
44037,2
44038,3
44039,2
44039,1
44040,4
44041,5
44041,1
44042,7
44042,2
44042,5
44042,6
44042,4
44043,7
44043,2
44043,5
44043,1
44043,4
44044,5
44045,5
44046,7
44047,7
44047,2
44047,5
44047,1
44047,3
44048,1
44050,7
44050,2
44050,5
44051,3
44052,7
44052,2
44052,5
44053,6
44054,7
44054,2
44054,5
44054,1
44054,3
44055,4
44056,7
44056,2
44056,5
44056,4
44057,6
44058,4
44059,4
44060,2
44061,6
44062,7
44062,2
44062,5
44062,3
44062,6
44062,4
44063,6
44063,4
44064,7
44064,2
44064,5
44064,1
44064,3
44064,6
44064,4
44065,4
44066,7
44066,2
44066,5
44066,1
44066,3
44067,7
44067,2
44067,5
44067,1
44067,3
44068,2
44069,3
44070,6
44071,2
44072,1
44072,3
44072,6
44073,7
44073,2
44073,5
44073,1
44073,3
44073,6
44073,4
44074,7
44074,2
44074,5
44074,1
44074,3
44074,6
44074,4
44075,7
44075,2
44075,5
44075,1
44075,3
44075,6
44075,4
44076,7
44076,2
44076,5
44076,1
44076,3
44076,6
44076,4
44077,3
44078,7
44078,2
44078,5
44078,1
44078,3
44078,6
44078,4
44079,7
44079,2
44079,5
44079,1
44079,3
44079,6
44079,4
44080,7
44080,2
44080,5
44080,1
44080,3
44080,6
44080,4
44081,7
44082,1
44082,3
44082,6
44083,5
44083,1
44084,4
44085,5
44086,7
44086,2
44086,5
44086,1
44086,3
44086,6
44086,4
44087,7
44087,2
44087,5
44087,1
44087,3
44087,6
44087,4
44088,4
44089,7
44089,2
44090,7
44090,6
44090,4
44091,7
44091,2
44091,5
44091,1
44091,4
44092,7
44092,2
44092,5
44092,1
44092,3
44092,6
44092,4
44093,7
44093,2
44093,5
44093,1
44093,3
44093,6
44093,4
44094,7
44094,2
44094,5
44094,1
44094,3
44094,6
44094,4
44095,7
44095,2
44095,5
44095,1
44095,3
44095,6
44095,4
44096,7
44096,2
44096,5
44096,1
44096,3
44096,6
44096,4
44097,7
44097,2
44097,5
44097,1
44097,3
44097,6
44097,4
44098,7
44098,2
44098,5
44098,1
44098,3
44098,6
44098,4
44099,7
44099,2
44099,5
44099,1
44099,3
44099,6
44099,4
44100,7
44100,2
44100,5
44100,1
44100,3
44100,6
44100,4
44101,7
44101,2
44101,5
44101,1
44101,3
44101,6
44101,4
44102,7
44103,7
44103,2
44103,5
44103,1
44103,3
44103,6
44103,4
44104,7
44104,2
44104,5
44104,1
44104,3
44104,6
44104,4
44105,7
44105,2
44105,5
44105,1
44105,3
44105,6
44105,4
44106,4
44107,7
44107,2
44107,5
44107,1
44107,3
44107,6
44107,4
44108,7
44108,2
44108,5
44108,1
44108,3
44108,6
44108,4
44109,7
44109,2
44109,5
44109,6
44109,4
44110,7
44110,2
44110,5
44110,1
44110,3
44110,6
44110,4
44111,1
44112,6
44113,7
44113,2
44113,5
44113,1
44113,3
44113,6
44113,4
44114,7
44114,1
44114,6
44115,1
44116,7
44116,2
44116,5
44116,1
44117,5
44118,1
44119,1
44120,2
44121,7
44121,2
44121,5
44121,1
44121,3
44121,6
44121,4
44122,7
44123,7
44124,3
44125,7
44125,2
44125,5
44125,1
44125,3
44126,7
44127,7
44127,2
44127,5
44127,1
44127,3
44127,6
44127,4
44128,7
44128,2
44128,5
44128,1
44128,3
44128,6
44128,4
44129,7
44129,2
44129,5
44129,1
44129,3
44129,6
44129,4
44130,1
44131,5
44132,2
44132,5
44132,1
44133,6
44134,1
44135,4
44136,4
44137,3
44138,5
44138,1
44139,5
44139,1
44139,3
44139,6
44139,4
44140,3
44140,6
44141,1
44142,2
44142,5
44143,6
44144,3
44145,6
44146,7
44147,6
44148,7
44149,7
44149,2
44149,5
44149,1
44149,3
44149,6
44149,4
44150,7
44150,2
44150,5
44150,1
44150,3
44150,6
44150,4
44151,4
44152,1
44153,1
44154,3
44155,3
44156,3
44157,2
44157,1
44157,3
44158,6
44159,7
44159,4
44160,7
44161,7
44162,5
44162,1
44163,3
44163,6
44164,6
44165,7
44165,4
44166,4
44167,3
44168,7
44168,3
44169,6
44169,4
44170,5
44170,1
44170,3
44171,7
44171,4
44172,1
44172,3
44172,6
44173,6
44174,7
44174,2
44174,5
44174,1
44174,3
44175,3
44176,1
44177,2
44178,5
44179,7
44180,1
44181,6
44182,7
44182,2
44182,5
44182,1
44183,1
44184,4
44185,7
44185,2
44186,6
44186,4
44187,3
44188,1
44189,3
44190,7
44190,2
44190,5
44190,1
44190,3
44191,2
44191,5
44192,2
44193,2
44194,7
44194,2
44194,5
44194,1
44194,3
44194,6
44194,4
44195,1
44195,3
44195,6
44196,4
44197,5
44197,1
44197,3
44198,7
44199,5
44200,3
44201,4
44202,2
44203,7
44204,5
44205,2
44206,7
44207,1
44208,7
44209,5
44210,7
44210,2
44210,5
44210,1
44211,4
44212,1
44213,7
44214,4
44215,7
44216,1
44217,2
44218,1
44219,7
44219,2
44219,5
44219,1
44219,3
44220,4
44221,6
44222,4
44223,7
44223,2
44223,5
44223,1
44223,3
44224,7
44224,2
44224,5
44224,1
44224,3
44225,5
44226,7
44226,2
44226,5
44226,1
44227,5
44228,2
44229,5
44230,7
44230,2
44230,5
44230,1
44230,3
44231,7
44231,2
44231,5
44231,1
44231,3
44232,5
44233,6
44234,6
44235,3
44236,4
44237,7
44237,2
44238,7
44238,2
44238,5
44238,1
44238,3
44238,6
44238,4
44239,3
44240,5
44241,3
44241,6
44242,2
44243,6
44243,4
44244,3
44246,6
44246,4
44247,1
44248,7
44249,1
44250,6
44251,7
44252,3
44253,3
44254,7
44255,2
44255,1
44256,4
44257,4
44258,4
44259,6
44260,3
44261,4
44262,7
44262,2
44262,5
44262,1
44262,3
44263,7
44263,2
44263,5
44263,1
44263,3
44265,1
44266,2
44267,7
44267,2
44267,5
44267,1
44267,3
44267,6
44267,4
44268,4
44269,6
44270,7
44271,2
44272,1
44273,5
44274,6
44274,4
44275,7
44275,2
44275,5
44275,4
44276,4
44277,4
44278,2
44279,7
44279,2
44279,5
44279,1
44280,7
44280,2
44280,5
44280,1
44281,7
44281,2
44281,5
44281,1
44281,3
44281,6
44281,4
44282,7
44283,7
44283,2
44283,5
44283,1
44284,7
44284,2
44284,5
44284,1
44284,3
44284,6
44284,4
44285,6
44286,7
44286,2
44286,5
44286,1
44286,3
44286,6
44287,7
44287,2
44287,5
44287,1
44287,6
44288,6
44289,6
44289,4
44290,7
44290,2
44290,5
44290,1
44290,3
44290,6
44290,4
44291,7
44291,2
44291,5
44291,1
44291,3
44292,5
44293,7
44293,2
44294,6
44295,7
44295,2
44295,5
44296,7
44296,2
44296,5
44296,1
44296,3
44296,6
44296,4
44297,2
44297,5
44297,1
44297,3
44298,2
44300,2
44301,7
44302,1
44303,2
44303,5
44304,1
44305,5
44305,1
44305,4
44306,4
44307,3
44308,4
44309,3
44310,7
44311,7
44311,2
44311,5
44311,1
44311,3
44312,1
44313,7
44313,2
44313,5
44313,1
44313,3
44314,5
44315,5
44316,2
44317,7
44317,2
44317,5
44317,1
44317,3
44318,5
44318,1
44319,3
44320,7
44320,2
44321,2
44322,5
44322,1
44322,3
44323,7
44323,2
44323,5
44323,1
44324,7
44324,2
44324,5
44324,1
44324,3
44325,7
44325,2
44325,5
44325,1
44325,3
44326,6
44327,3
44328,7
44328,2
44328,5
44328,1
44328,6
44328,4
44329,1
44329,3
44330,3
44331,7
44331,2
44331,5
44331,1
44332,5
44333,1
44334,3
44334,6
44334,4
44335,7
44336,3
44337,3
44338,1
44338,3
44338,6
44339,3
44340,7
44340,2
44340,5
44340,1
44340,3
44340,6
44340,4
44341,2
44341,3
44342,2
44343,5
44344,5
44345,6
44346,7
44347,2
44348,4
44349,5
44350,6
44351,7
44351,2
44352,6
44353,1
44354,6
44355,3
44356,7
44356,2
44356,5
44356,1
44356,3
44357,7
44357,2
44357,5
44357,1
44357,3
44358,7
44358,2
44358,5
44358,1
44358,3
44359,1
44360,7
44360,2
44361,4
44362,3
44363,7
44363,2
44364,4
44365,7
44366,5
44366,1
44367,3
44368,4
44369,3
44370,4
44371,6
44371,4
44372,5
44372,1
44373,3
44374,1
44375,5
44375,1
44376,6
44377,5
44378,5
44378,1
44379,5
44379,1
44380,3
44381,3
44382,4
44383,1
44385,3
44386,5
44387,7
44388,7
44388,2
44388,5
44388,1
44388,3
44389,4
44390,7
44390,2
44390,5
44392,3
44393,4
44394,1
44395,7
44396,4
44397,1
44398,4
44400,6
44401,2
44402,7
44402,2
44402,5
44402,1
44402,3
44403,2
44404,4
44405,5
44406,1
44407,6
44407,4
44408,6
44408,4
44409,1
44409,3
44410,1
44411,1
44412,1
44413,2
44414,4
44415,3
44416,1
44417,1
44418,4
44419,2
44420,7
44420,2
44420,5
44420,1
44420,3
44421,7
44421,2
44421,5
44421,1
44422,7
44422,2
44422,5
44422,1
44422,4
44423,2
44424,7
44425,5
44426,4
44427,4
44428,5
44429,4
44430,2
44431,2
44432,5
44433,7
44434,4
44435,7
44435,2
44435,5
44435,1
44435,3
44435,6
44435,4
44436,6
44437,7
44437,2
44437,5
44437,1
44438,7
44438,2
44438,4
44439,3
44440,7
44441,2
44442,1
44443,2
44443,4
44444,5
44445,5
44446,4
44447,7
44447,2
44447,5
44447,1
44447,3
44448,2
44449,5
44450,7
44450,2
44450,5
44450,1
44450,3
44450,6
44450,4
44451,1
44452,2
44452,1
44453,3
44454,5
44455,4
44456,5
44457,7
44457,2
44458,5
44458,1
44458,3
44460,6
44461,5
44462,2
44463,5
44463,6
44464,5
44465,3
44466,1
44467,6
44468,1
44469,1
44470,5
44471,1
44472,3
44473,5
44473,1
44474,2
44475,7
44475,2
44475,4
44476,2
44477,6
44478,2
44479,7
44479,2
44479,5
44480,2
44481,3
44482,2
44483,1
44484,2
44484,5
44485,6
44486,7
44486,2
44486,5
44486,1
44486,3
44486,6
44486,4
44487,5
44488,7
44489,1
44489,3
44489,4
44490,7
44490,2
44490,5
44490,1
44490,4
44491,5
44491,1
44492,7
44492,2
44492,5
44493,3
44494,3
44495,7
44496,1
44497,7
44497,2
44497,5
44497,1
44497,3
44498,1
44499,7
44500,3
44501,5
44501,1
44502,5
44503,3
44504,3
44505,2
44506,7
44506,2
44507,3
44508,7
44508,2
44509,7
44509,2
44509,5
44509,1
44509,3
44510,4
44511,6
44512,3
44513,5
44514,7
44514,2
44514,5
44514,1
44514,3
44515,2
44516,1
44517,3
44518,7
44518,2
44518,5
44518,1
44518,3
44519,1
44520,7
44520,5
44520,3
44520,6
44521,6
44522,7
44523,2
44524,5
44525,6
44526,2
44527,3
44527,6
44528,4
44529,3
44530,2
44530,5
44531,1
44532,5
44533,6
44534,7
44534,2
44534,5
44534,1
44534,3
44535,4
44536,7
44536,2
44536,5
44536,1
44537,6
44538,7
44538,2
44538,5
44538,1
44538,3
44538,6
44539,7
44539,3
44539,6
44540,1
44541,6
44542,4
44543,7
44544,3
44545,6
44545,4
44546,6
44547,2
44548,7
44549,6
44550,1
44551,3
44552,4
44553,7
44554,1
44555,7
44555,4
44556,5
44557,4
44558,4
44559,5
44560,2
44561,2
44562,3
44563,1
44564,1
44565,3
44566,3
44567,6
44568,7
44568,2
44568,5
44568,1
44569,5
44570,1
44571,7
44571,2
44571,5
44571,1
44571,3
44571,6
44571,4
44572,3
44575,1
44577,5
44578,7
44578,2
44578,4
44579,5
44580,4
44581,5
44582,1
44583,4
44584,3
44585,2
44586,7
44586,2
44586,5
44586,1
44586,3
44587,7
44587,4
44588,7
44588,2
44588,5
44588,1
44588,3
44588,6
44588,4
44589,7
44589,2
44589,5
44589,1
44590,5
44590,1
44590,3
44591,4
44593,7
44594,4
44595,2
44596,7
44597,2
44598,4
44599,6
44600,6
44601,1
44601,3
44602,7
44602,2
44602,5
44602,1
44603,7
44604,6
44605,4
44606,7
44606,2
44606,5
44606,1
44606,4
44607,2
44608,6
44609,7
44609,2
44609,5
44609,1
44609,3
44609,6
44609,4
44610,5
44610,1
44611,3
44612,1
44612,3
44612,6
44612,4
44613,1
44614,2
44614,5
44614,1
44615,7
44615,2
44615,5
44615,1
44615,3
44615,6
44615,4
44616,4
44617,7
44617,2
44617,5
44618,2
44618,5
44618,1
44619,3
44620,6
44621,6
44622,6
44623,4
44624,6
44625,6
44626,6
44627,6
44628,6
44629,1
44630,6
44631,7
44631,2
44631,5
44631,1
44632,7
44632,2
44632,5
44632,1
44632,3
44632,6
44632,4
44633,6
44634,6
44635,6
44636,6
44637,1
44638,1
44639,5
44640,6
44641,6
44642,6
44643,6
44644,7
44645,7
44646,6
44647,5
44648,6
44649,6
44650,6
44651,6
44652,6
44653,6
44654,4
44655,6
44656,6
44657,6
44658,6
44659,6
44660,6
44661,6
44662,1
44663,1
44664,5
44665,1
44666,4
44667,4
44668,1
44668,3
44669,6
44670,3
44670,6
44670,4
44671,4
44672,7
44673,7
44673,2
44673,5
44673,1
44673,3
44673,6
44673,4
44674,7
44674,2
44674,5
44674,1
44675,4
44676,2
44677,4
44678,5
44678,3
44679,4
44680,4
44681,4
44682,2
44682,1
44682,4
44683,4
44684,7
44685,7
44686,2
44687,7
44688,4
44689,7
44689,2
44689,5
44689,1
44689,3
44690,7
44690,2
44690,5
44690,1
44691,7
44693,4
44694,1
44695,7
44695,2
44695,5
44695,1
44695,3
44696,7
44697,6
44698,6
44699,7
44699,2
44699,5
44699,1
44699,3
44699,6
44699,4
44700,5
44701,4
44702,1
44703,2
44704,1
44705,1
44706,3
44707,5
44707,3
44708,6
44709,7
44711,3
44712,1
44712,3
44713,4
44715,7
44716,7
44716,2
44716,5
44716,1
44716,3
44717,3
44718,2
44719,7
44721,7
44721,2
44722,2
44722,5
44722,1
44723,4
44724,7
44724,2
44724,5
44725,2
44725,6
44726,6
44727,7
44728,3
44729,5
44730,5
44731,7
44731,2
44731,5
44731,1
44731,3
44731,6
44731,4
44732,7
44733,7
44733,2
44733,5
44733,1
44733,3
44734,3
44735,5
44736,6
44737,2
44737,3
44738,1
44739,2
44740,1
44741,1
44742,4
44743,3
44744,6
44744,4
44745,3
44746,5
44747,5
44748,1
44748,3
44749,2
44750,7
44750,2
44750,5
44750,1
44751,6
44752,1
44753,7
44753,2
44753,5
44753,1
44754,4
44755,3
44757,7
44758,7
44758,2
44758,5
44758,1
44759,5
44760,6
44761,3
44762,6
44763,4
44764,6
44765,2
44766,6
44767,6
44767,4
44768,6
44769,6
44770,6
44771,6
44772,6
44773,6
44774,6
44775,6
44776,6
44777,6
44778,6
44779,6
44780,6
44781,6
44782,6
44783,6
44784,6
44785,6
44786,6
44787,6
44788,2
44789,4
44790,1
44791,6
44791,4
44792,7
44792,2
44792,5
44792,1
44792,3
44793,1
44794,7
44794,2
44794,5
44794,1
44795,7
44796,7
44796,2
44796,5
44796,6
44796,4
44797,3
44798,4
44799,7
44799,2
44799,5
44799,1
44799,3
44800,4
44801,7
44801,2
44801,5
44801,1
44802,4
44803,5
44803,1
44804,1
44805,6
44806,2
44806,3
44807,4
44808,7
44809,5
44809,6
44810,1
44811,7
44811,2
44811,5
44812,4
44813,7
44813,2
44813,5
44813,1
44813,3
44814,5
44815,7
44815,2
44816,5
44817,7
44818,7
44819,2
44821,1
44822,5
44823,6
44824,7
44824,2
44824,5
44824,1
44824,3
44824,6
44824,4
44825,7
44825,2
44825,5
44825,1
44825,3
44826,7
44826,2
44826,5
44826,1
44826,3
44827,7
44827,2
44827,5
44827,1
44827,3
44827,6
44827,4
44828,7
44829,7
44829,2
44829,5
44829,1
44829,3
44830,5
44831,7
44831,2
44831,5
44831,1
44831,3
44831,6
44831,4
44832,4
44833,6
44833,4
44834,2
44835,2
44836,5
44837,1
44838,7
44838,2
44838,5
44838,1
44839,2
44840,1
44841,4
44842,7
44843,3
44844,7
44845,1
44846,1
44848,2
44849,7
44850,3
44851,7
44852,3
44853,5
44853,4
44854,5
44854,1
44855,7
44855,2
44855,5
44855,1
44855,4
44856,4
44857,4
44858,5
44859,2
44859,3
44860,7
44860,2
44860,5
44860,1
44860,3
44861,7
44861,2
44862,7
44862,2
44862,5
44862,1
44863,5
44864,2
44865,7
44865,2
44865,1
44866,6
44867,3
44868,5
44869,4
44870,7
44871,3
44872,7
44872,2
44872,5
44872,1
44872,3
44872,6
44872,4
44873,5
44874,6
44875,6
44876,2
44877,3
44878,7
44878,1
44878,3
44878,6
44878,4
44879,6
44880,1
44881,1
44882,7
44883,5
44884,7
44885,7
44885,2
44885,5
44885,1
44886,7
44886,2
44886,5
44886,1
44887,2
44888,3
44889,6
44890,7
44890,2
44890,5
44890,1
44890,3
44891,1
44892,7
44892,2
44892,5
44892,1
44893,6
44894,7
44894,4
44895,7
44895,2
44895,5
44895,1
44896,3
44898,1
44899,7
44900,1
44901,4
44902,6
44903,1
44904,7
44905,7
44905,2
44906,3
44907,3
44908,2
44909,5
44910,1
44911,7
44912,5
44913,4
44914,4
44915,3
44916,3
44917,3
44918,2
44919,4
44920,4
44921,4
44922,3
44923,3
44924,5
44925,3
44926,7
44926,1
44926,3
44927,3
44928,3
44929,2
44930,1
44931,4
44932,6
44933,7
44934,7
44935,7
44935,2
44935,5
44935,1
44935,3
44935,6
44935,4
44936,3
44937,5
44938,1
44939,1
44940,6
44941,1
44942,5
44943,6
44945,5
44945,6
44945,4
44946,6
44947,1
44948,3
44949,7
44950,2
44951,7
44951,2
44951,5
44951,1
44951,3
44951,6
44951,4
44952,7
44952,2
44952,5
44952,1
44952,3
44952,6
44952,4
44953,7
44953,2
44953,5
44953,1
44953,3
44954,2
44955,7
44955,2
44955,5
44955,1
44955,3
44955,6
44955,4
44956,7
44956,2
44956,5
44956,1
44957,7
44957,2
44957,5
44957,1
44958,7
44958,2
44958,5
44958,1
44959,5
44959,1
44959,3
44960,7
44960,2
44960,5
44960,1
44961,7
44961,2
44962,5
44962,1
44963,3
44964,5
44965,5
44966,5
44967,4
44968,5
44969,6
44970,5
44971,1
44972,4
44973,7
44973,2
44973,5
44974,5
44975,6
44976,7
44976,2
44976,5
44976,1
44976,3
44976,6
44976,4
44977,6
44978,7
44978,2
44978,5
44978,1
44978,3
44979,7
44979,2
44979,5
44979,1
44980,4
44981,7
44981,2
44981,5
44981,1
44982,7
44982,2
44982,5
44982,1
44983,1
44984,1
44984,3
44985,1
44986,1
44987,7
44987,2
44987,5
44987,1
44987,4
44988,7
44989,4
44990,7
44991,7
44991,2
44991,5
44991,1
44991,3
44992,4
44993,4
44994,7
44994,2
44994,5
44994,1
44995,7
44995,2
44995,5
44995,1
44995,4
44996,4
44997,6
44998,2
44999,5
45000,6
45001,4
45002,2
45003,2
45003,5
45004,7
45004,2
45005,1
45006,1
45006,3
45007,3
45008,3
45009,3
45010,3
45011,5
45012,2
45013,2
45014,4
45015,2
45016,7
45017,5
45018,7
45018,2
45018,5
45018,1
45019,7
45019,2
45019,5
45019,1
45019,3
45019,6
45019,4
45020,3
45022,7
45022,2
45022,5
45022,1
45022,3
45023,3
45024,1
45025,6
45026,5
45027,5
45028,5
45029,7
45029,2
45029,5
45029,1
45029,3
45029,6
45029,4
45030,7
45030,2
45030,5
45030,1
45030,3
45030,6
45030,4
45031,7
45031,2
45031,5
45031,1
45031,3
45031,6
45031,4
45032,7
45032,2
45032,5
45032,1
45032,3
45032,6
45032,4
45033,7
45033,2
45033,5
45033,1
45033,3
45033,6
45033,4
45034,7
45034,2
45034,5
45034,1
45034,3
45034,6
45034,4
45035,7
45036,7
45036,2
45036,5
45036,1
45036,3
45036,6
45036,4
45037,7
45037,2
45037,5
45037,1
45037,3
45037,6
45037,4
45038,4
45039,5
45039,1
45040,7
45040,2
45040,5
45040,1
45040,3
45041,5
45042,6
45043,3
45044,6
45045,5
45046,1
45047,7
45048,4
45049,7
45050,1
45051,1
45052,7
45053,6
45054,2
45055,2
45056,1
45057,5
45058,3
45058,6
45058,4
45059,7
45059,2
45059,5
45059,1
45059,3
45060,3
45061,4
45062,6
45063,1
45064,4
45065,4
45066,7
45067,7
45067,2
45068,5
45068,1
45069,7
45069,2
45069,5
45069,1
45070,7
45070,2
45070,5
45070,1
45071,7
45071,2
45071,6
45072,7
45073,7
45074,7
45076,1
45077,2
45078,4
45079,2
45080,3
45081,4
45082,5
45083,6
45084,3
45085,7
45086,1
45087,5
45088,6
45089,4
45090,7
45090,2
45091,5
45092,1
45093,4
45094,3
45095,1
45096,7
45097,5
45098,1
45099,5
45100,4
45101,7
45102,3
45103,1
45104,7
45104,2
45104,5
45105,3
45105,6
45105,4
45106,5
45107,2
45107,4
45108,6
45109,2
45110,7
45110,2
45110,5
45110,1
45110,3
45111,2
45112,7
45112,2
45112,5
45112,1
45112,3
45113,5
45113,1
45114,4
45115,4
45116,2
45117,3
45118,7
45118,2
45118,5
45118,1
45118,3
45119,7
45120,2
45121,5
45122,1
45123,7
45124,4
45125,3
45126,7
45127,1
45128,2
45129,4
45130,2
45132,7
45132,2
45132,5
45132,1
45133,7
45133,1
45133,3
45133,4
45134,7
45134,2
45134,5
45134,1
45134,3
45134,6
45134,4
45135,6
45136,5
45137,2
45138,4
45139,1
45140,3
45141,7
45142,7
45142,2
45142,5
45142,1
45142,3
45143,7
45143,2
45143,5
45143,1
45144,7
45145,1
45146,7
45146,2
45146,5
45146,1
45146,3
45146,6
45146,4
45147,6
45148,4
45149,3
45150,3
45151,7
45152,2
45153,3
45154,4
45155,7
45156,6
45157,2
45157,3
45158,6
45159,6
45160,2
45161,7
45162,2
45163,4
45164,6
45165,5
45166,3
45166,6
45167,6
45168,2
45169,4
45170,3
45171,1
45172,5
45173,3
45174,2
45175,7
45176,5
45176,1
45177,3
45177,6
45178,7
45178,2
45178,5
45178,1
45178,3
45179,3
45180,7
45180,2
45180,5
45180,1
45180,3
45180,6
45180,4
45181,4
45182,1
45183,4
45184,4
45185,4
45186,7
45186,2
45187,1
45188,6
45189,3
45190,7
45191,4
45192,7
45193,6
45194,4
45195,5
45196,1
45197,1
45198,7
45198,2
45198,5
45198,1
45198,3
45199,2
45200,7
45201,3
45202,5
45203,7
45203,2
45203,5
45203,1
45203,3
45203,6
45203,4
45204,7
45204,2
45204,5
45204,1
45204,3
45204,6
45204,4
45205,7
45205,2
45206,3
45206,6
45207,7
45207,2
45208,1
45209,3
45209,6
45210,1
45211,6
45212,6
45213,6
45214,1
45215,1
45216,7
45216,2
45217,5
45217,4
45218,1
45219,7
45219,2
45219,5
45219,1
45219,3
45219,6
45219,4
45220,6
45221,3
45222,3
45223,4
45224,7
45225,3
45226,1
45228,6
45229,2
45229,1
45230,4
45231,3
45232,7
45232,2
45233,6
45234,4
45235,6
45238,2
45239,5
45240,4
45241,5
45242,2
45242,5
45242,1
45242,3
45243,2
45244,3
45245,7
45245,2
45245,5
45246,4
45247,3
45248,1
45249,1
45250,1
45251,7
45251,2
45251,5
45251,1
45252,5
45253,4
45254,7
45255,7
45256,1
45257,3
45259,2
45260,5
45261,7
45261,2
45261,5
45261,1
45261,3
45262,1
45263,5
45264,7
45264,2
45264,5
45264,1
45265,4
45266,1
45267,6
45268,4
45269,1
45270,7
45270,2
45270,5
45271,4
45272,1
45273,2
45274,6
45275,7
45276,2
45278,5
45279,3
45280,1
45281,1
45282,1
45283,4
45284,4
45285,3
45286,1
45287,3
45288,7
45289,7
45289,4
45290,7
45290,2
45290,5
45290,1
45290,3
45291,1
45293,7
45293,2
45293,5
45293,1
45293,3
45294,6
45294,4
45295,7
45296,3
45297,4
45298,6
45299,1
45300,3
45301,6
45302,4
45303,2
45303,5
45303,1
45303,3
45304,5
45305,1
45306,7
45306,2
45306,5
45307,2
45307,5
45307,1
45308,7
45308,2
45309,5
45310,1
45312,2
45313,2
45314,7
45315,3
45316,3
45317,5
45318,7
45319,6
45320,6
45321,2
45322,4
45323,4
45324,4
45325,4
45326,3
45326,6
45327,7
45327,2
45327,5
45327,1
45327,3
45327,6
45327,4
45329,6
45330,1
45331,7
45331,4
45332,5
45333,6
45334,2
45335,5
45336,2
45336,5
45336,1
45336,3
45336,6
45336,4
45337,6
45338,5
45339,2
45340,7
45340,2
45340,5
45341,7
45342,2
45343,2
45344,7
45344,2
45345,5
45346,2
45347,2
45348,6
45349,3
45350,6
45351,1
45352,4
45353,6
45354,4
45355,6
45356,7
45356,2
45356,5
45356,1
45356,3
45357,7
45359,2
45360,1
45361,5
45362,5
45363,5
45364,3
45365,5
45366,2
45367,3
45368,7
45368,5
45368,4
45369,5
45370,2
45371,1
45372,1
45373,2
45373,1
45374,6
45374,4
45375,7
45375,2
45375,5
45375,1
45375,3
45376,7
45376,2
45376,5
45376,1
45376,3
45376,6
45376,4
45377,5
45378,1
45379,4
45380,4
45381,2
45382,2
45382,1
45383,3
45384,2
45384,5
45385,3
45386,1
45387,7
45387,2
45387,5
45387,1
45388,7
45388,2
45388,5
45388,1
45388,3
45389,6
45390,7
45390,2
45390,5
45390,1
45390,3
45391,1
45392,1
45392,3
45393,4
45394,4
45395,5
45396,3
45397,6
45398,6
45399,2
45400,3
45401,6
45402,7
45402,2
45402,5
45402,1
45403,1
45404,6
45405,4
45406,1
45407,7
45408,5
45409,7
45410,4
45411,7
45412,6
45412,4
45413,6
45414,4
45415,7
45416,4
45417,5
45417,1
45418,2
45419,7
45419,2
45419,5
45420,6
45421,3
45422,6
45423,7
45423,2
45423,5
45423,1
45424,4
45425,2
45426,1
45427,4
45428,5
45429,7
45430,5
45431,6
45432,5
45433,6
45434,7
45435,1
45436,5
45437,3
45438,4
45439,5
45440,4
45441,4
45442,4
45443,4
45444,7
45445,4
45446,4
45447,4
45448,7
45448,2
45448,5
45449,4
45450,4
45451,1
45452,7
45453,7
45453,2
45453,5
45453,1
45454,7
45454,2
45454,5
45454,1
45454,3
45454,6
45454,4
45455,7
45455,2
45455,5
45455,1
45456,7
45456,2
45456,5
45456,1
45457,5
45458,6
45459,3
45460,5
45461,5
45461,4
45462,3
45462,6
45463,4
45464,7
45464,2
45464,5
45465,7
45466,7
45467,3
45468,4
45469,5
45470,2
45471,7
45471,3
45472,7
45473,2
45473,5
45473,1
45473,3
45474,2
45474,5
45474,1
45475,1
45476,2
45476,1
45477,2
45478,6
45479,1
45480,5
45481,7
45482,7
45483,2
45484,6
45485,4
45486,2
45487,7
45487,2
45487,5
45487,1
45487,3
45487,6
45487,4
45488,5
45489,5
45490,2
45490,5
45491,7
45491,2
45491,5
45491,1
45491,3
45492,5
45493,7
45494,7
45494,2
45494,5
45494,1
45494,3
45494,6
45494,4
45495,4
45496,7
45497,2
45498,6
45499,7
45499,2
45500,7
45500,2
45500,5
45500,1
45501,7
45501,2
45502,6
45503,6
45504,1
45505,1
45506,7
45506,2
45506,5
45506,1
45507,5
45508,5
45509,1
45510,1
45511,5
45512,4
45513,7
45514,6
45515,5
45516,5
45517,1
45518,4
45519,4
45520,6
45521,5
45521,1
45522,7
45522,2
45522,5
45522,1
45523,5
45523,1
45524,7
45524,2
45525,7
45525,2
45525,5
45525,1
45525,3
45526,1
45527,7
45527,1
45528,4
45529,1
45529,3
45529,6
45530,6
45531,5
45532,7
45533,7
45534,5
45534,4
45535,5
45536,7
45536,2
45536,5
45536,1
45536,3
45536,6
45536,4
45537,5
45538,4
45539,3
45540,5
45540,1
45541,7
45542,4
45543,3
45544,3
45545,6
45546,6
45547,4
45548,1
45549,7
45549,2
45549,5
45549,1
45549,3
45550,5
45551,5
45552,7
45552,2
45552,5
45552,1
45552,3
45552,6
45552,4
45553,6
45554,3
45554,4
45555,1
45557,1
45558,1
45559,6
45560,2
45561,4
45562,1
45563,1
45564,2
45564,5
45565,6
45566,2
45567,7
45567,2
45567,5
45567,1
45567,3
45568,6
45569,5
45570,5
45571,7
45572,3
45573,2
45574,7
45575,7
45575,2
45575,5
45575,1
45575,3
45575,6
45575,4
45576,3
45577,5
45578,2
45579,6
45580,7
45580,5
45581,4
45582,2
45583,1
45584,5
45585,7
45586,5
45587,1
45588,4
45589,4
45590,6
45591,6
45592,7
45592,5
45592,3
45593,7
45593,5
45593,3
45594,7
45594,2
45595,6
45596,6
45597,6
45598,4
45599,2
45600,1
45601,5
45602,2
45603,6
45604,2
45605,1
45606,7
45607,7
45607,2
45607,5
45607,1
45607,3
45608,4
45609,1
45610,3
45611,4
45612,6
45613,4
45614,3
45615,7
45615,2
45615,5
45616,3
45617,5
45618,6
45619,5
45620,6
45621,5
45622,5
45623,4
45624,5
45625,7
45625,2
45625,5
45625,1
45625,3
45626,1
45627,7
45628,1
45629,7
45629,2
45629,5
45629,1
45629,3
45630,2
45630,3
45631,7
45631,2
45632,1
45633,7
45633,2
45633,5
45633,1
45633,3
45633,6
45633,4
45634,7
45634,2
45634,5
45634,1
45634,3
45634,6
45634,4
45635,7
45635,2
45635,5
45635,1
45635,3
45635,6
45635,4
45636,7
45636,2
45636,5
45636,1
45636,3
45636,6
45636,4
45637,7
45637,6
45637,4
45638,1
45639,7
45639,2
45639,5
45639,1
45639,3
45639,6
45639,4
45640,3
45641,5
45642,7
45643,7
45643,2
45643,5
45643,1
45643,3
45644,1
45645,2
45646,5
45647,7
45647,2
45647,5
45647,1
45648,7
45648,2
45648,5
45648,1
45648,3
45649,5
45650,7
45650,2
45650,5
45650,1
45651,6
45652,3
45653,3
45654,1
45655,3
45656,6
45657,3
45658,1
45659,2
45659,5
45659,1
45659,3
45660,5
45660,1
45661,7
45661,2
45661,5
45661,1
45661,3
45661,6
45661,4
45662,5
45662,1
45663,6
45665,5
45666,1
45667,7
45667,4
45668,3
45668,6
45669,4
45671,3
45672,7
45673,6
45674,3
45675,7
45675,2
45675,5
45675,1
45675,3
45676,7
45676,2
45676,5
45676,1
45676,3
45677,3
45678,6
45679,5
45680,7
45680,2
45680,5
45680,1
45681,7
45682,7
45682,2
45682,5
45682,1
45683,7
45683,2
45683,5
45683,1
45683,3
45683,6
45683,4
45684,6
45685,7
45686,4
45687,7
45687,2
45687,5
45687,1
45687,3
45688,4
45689,7
45689,1
45690,6
45690,4
45691,5
45692,3
45693,7
45694,7
45695,5
45696,4
45697,3
45698,6
45699,7
45699,2
45699,5
45699,1
45699,3
45699,6
45699,4
45700,4
45701,1
45702,7
45702,4
45703,1
45704,7
45704,2
45704,5
45704,1
45704,3
45705,7
45705,2
45705,5
45705,1
45705,3
45706,2
45706,5
45706,1
45706,3
45707,1
45708,3
45709,5
45710,5
45711,6
45711,4
45712,4
45713,7
45713,2
45713,5
45713,1
45713,3
45713,6
45713,4
45714,7
45715,7
45716,7
45716,2
45716,5
45716,1
45716,3
45716,6
45716,4
45717,7
45717,2
45717,5
45717,1
45717,3
45717,6
45717,4
45718,2
45718,3
45719,7
45719,2
45719,5
45719,1
45719,3
45719,6
45719,4
45720,7
45720,2
45720,5
45720,1
45720,3
45720,6
45720,4
45721,2
45722,2
45723,4
45724,1
45725,7
45725,2
45725,5
45725,1
45726,7
45726,2
45727,6
45728,5
45729,7
45730,6
45731,2
45732,5
45732,1
45733,7
45733,2
45733,5
45733,1
45733,3
45734,2
45735,7
45735,2
45735,4
45736,2
45737,7
45737,2
45737,5
45738,2
45739,2
45740,6
45741,2
45742,1
45743,4
45744,1
45745,7
45746,5
45747,5
45748,3
45749,7
45749,2
45749,5
45749,1
45749,3
45749,6
45749,4
45750,3
45751,5
45751,4
45752,7
45752,2
45752,5
45752,1
45752,3
45753,4
45754,7
45754,1
45755,1
45756,4
45757,4
45758,1
45759,1
45760,1
45761,7
45761,2
45761,5
45761,1
45761,3
45761,6
45761,4
45762,7
45762,2
45762,5
45762,1
45762,3
45762,6
45762,4
45763,1
45764,6
45765,4
45766,6
45767,6
45768,6
45769,7
45769,2
45769,5
45769,1
45770,1
45771,5
45772,2
45773,7
45773,2
45773,5
45773,1
45773,3
45774,3
45775,4
45776,6
45777,7
45778,4
45779,7
45779,2
45779,5
45779,1
45779,3
45779,6
45779,4
45780,7
45780,2
45780,5
45780,1
45780,3
45781,3
45782,7
45782,2
45782,5
45782,1
45782,3
45782,6
45782,4
45783,7
45783,2
45783,5
45783,1
45783,3
45783,6
45783,4
45784,5
45785,7
45785,2
45785,5
45785,1
45785,3
45786,3
45787,6
45788,3
45789,3
45791,1
45792,3
45793,5
45794,4
45795,3
45796,7
45797,7
45797,2
45797,5
45797,1
45797,3
45797,4
45798,4
45799,4
45800,4
45801,7
45802,4
45803,3
45804,3
45805,3
45806,7
45807,7
45807,5
45808,4
45809,7
45809,2
45809,5
45810,1
45811,7
45812,5
45812,1
45813,2
45814,5
45815,6
45816,7
45816,2
45816,5
45817,7
45818,1
45819,1
45819,3
45819,6
45820,7
45821,7
45821,2
45821,5
45821,1
45821,3
45822,2
45822,5
45823,6
45824,3
45825,1
45826,3
45827,5
45828,2
45829,1
45830,2
45830,3
45831,7
45832,3
45832,6
45832,4
45833,7
45833,3
45834,6
45835,6
45836,7
45836,2
45836,5
45836,1
45836,3
45837,1
45838,7
45838,2
45838,5
45838,1
45839,5
45839,1
45840,6
45841,3
45842,7
45842,2
45844,4
45845,7
45846,2
45847,3
45848,7
45848,2
45848,5
45848,1
45848,3
45849,5
45850,7
45851,2
45852,7
45853,1
45854,7
45854,2
45854,5
45854,1
45854,3
45855,7
45855,2
45855,5
45855,1
45855,3
45856,4
45857,7
45858,4
45859,3
45860,1
45861,4
45862,5
45862,1
45863,5
45864,6
45865,7
45865,2
45865,5
45866,1
45867,7
45868,3
45869,3
45870,7
45871,7
45871,2
45871,5
45871,1
45871,3
45872,6
45873,6
45874,7
45874,2
45874,5
45874,1
45874,3
45874,6
45874,4
45875,3
45876,7
45877,4
45878,7
45878,2
45878,5
45878,1
45878,3
45878,6
45878,4
45879,7
45879,2
45879,5
45879,1
45879,3
45880,7
45880,2
45880,5
45880,1
45880,3
45881,7
45881,2
45881,5
45881,1
45882,3
45883,4
45884,3
45885,7
45885,2
45886,7
45886,2
45886,5
45886,1
45887,6
45887,4
45888,1
45889,5
45890,2
45890,6
45891,4
45892,1
45893,1
45894,6
45895,4
45896,3
45897,4
45898,1
45899,7
45899,2
45899,5
45899,1
45899,3
45900,2
45901,7
45902,7
45902,2
45903,1
45904,3
45904,6
45904,4
45905,5
45905,1
45906,5
45907,4
45908,5
45909,6
45910,4
45911,6
45912,5
45913,4
45914,7
45915,2
45916,3
45917,7
45917,2
45917,5
45917,1
45918,3
45919,5
45920,7
45921,4
45922,1
45923,3
45924,5
45925,2
45925,1
45926,1
45926,4
45927,3
45928,7
45928,2
45928,5
45928,1
45929,6
45930,7
45930,2
45931,1
45931,4
45932,4
45933,1
45934,5
45935,3
45936,7
45937,3
45938,5
45939,7
45939,2
45939,5
45939,1
45939,3
45940,6
45940,4
45941,7
45942,7
45942,3
45944,5
45945,5
45946,2
45947,5
45948,7
45949,2
45950,4
45951,7
45952,6
45953,1
45954,5
45954,1
45955,3
45956,2
45957,2
45958,5
45959,7
45959,2
45959,5
45959,1
45959,3
45959,6
45960,7
45960,2
45960,5
45960,1
45960,3
45960,6
45960,4
45961,7
45961,2
45961,5
45961,1
45961,3
45961,6
45961,4
45962,7
45962,2
45962,5
45962,1
45962,3
45963,5
45964,3
45965,7
45965,2
45965,5
45965,1
45965,3
45965,6
45966,6
45967,6
45968,3
45969,7
45969,5
45970,5
45971,6
45971,4
45972,2
45973,6
45974,7
45974,1
45975,4
45976,7
45976,2
45976,5
45976,1
45976,3
45976,6
45976,4
45977,2
45977,5
45977,1
45978,7
45978,2
45979,7
45980,4
45981,7
45982,1
45983,4
45984,4
45985,7
45986,7
45986,2
45986,5
45986,1
45986,3
45986,6
45986,4
45987,4
45988,1
45989,4
45990,1
45991,4
45992,3
45993,5
45994,2
45994,1
45995,5
45996,4
45997,2
45998,3
45999,6
46000,3
46001,4
46002,3
46003,1
46004,1
46005,4
46006,3
46007,3
46007,6
46007,4
46008,7
46008,2
46008,5
46008,1
46009,7
46010,5
46011,5
46012,4
46013,6
46014,6
46015,6
46016,1
46018,7
46018,2
46018,5
46018,1
46018,3
46018,6
46018,4
46019,7
46019,2
46019,5
46020,7
46021,6
46022,1
46023,1
46024,4
46025,4
46026,2
46027,2
46028,5
46029,1
46030,3
46031,3
46032,3
46033,7
46034,5
46035,6
46036,1
46037,4
46038,1
46039,7
46039,2
46039,5
46039,1
46039,3
46039,6
46039,4
46040,7
46041,5
46042,7
46042,2
46043,6
46043,4
46044,7
46044,2
46045,3
46046,7
46047,7
46047,2
46047,3
46047,6
46047,4
46048,7
46048,2
46048,5
46049,6
46050,3
46051,2
46052,1
46053,6
46054,7
46054,2
46054,5
46054,1
46054,3
46055,1
46056,6
46057,5
46058,4
46059,2
46060,2
46061,2
46062,7
46062,2
46062,5
46062,1
46063,7
46064,4
46065,7
46065,2
46065,5
46065,1
46065,3
46066,3
46067,5
46068,1
46069,3
46070,6
46071,4
46072,6
46073,7
46074,3
46075,6
46076,7
46077,4
46078,6
46079,7
46080,2
46081,2
46082,3
46083,7
46084,6
46085,6
46086,2
46087,2
46088,5
46089,4
46090,7
46091,5
46092,5
46093,4
46094,6
46095,4
46096,1
46097,1
46098,1
46098,3
46099,5
46100,5
46101,5
46102,7
46103,1
46104,7
46105,1
46106,1
46107,7
46108,7
46109,3
46110,4
46111,5
46112,7
46113,1
46114,7
46114,5
46114,4
46115,5
46116,7
46117,6
46117,4
46118,6
46119,6
46120,4
46121,2
46122,4
46124,7
46125,4
46126,5
46127,4
46128,4
46129,3
46130,7
46130,2
46130,5
46130,1
46130,3
46130,6
46130,4
46131,3
46132,7
46132,2
46132,4
46133,7
46133,2
46133,5
46133,1
46133,3
46133,6
46133,4
46134,7
46134,2
46134,5
46134,1
46134,3
46135,4
46136,6
46137,2
46138,4
46139,7
46139,2
46139,5
46139,1
46139,3
46140,7
46141,1
46142,3
46143,6
46144,2
46145,3
46146,3
46147,3
46148,1
46149,2
46150,1
46151,1
46152,1
46153,7
46154,7
46155,7
46155,2
46155,5
46155,1
46155,3
46156,1
46158,3
46159,7
46160,7
46161,1
46162,5
46163,7
46164,4
46165,3
46166,1
46166,3
46166,6
46166,4
46167,3
46167,6
46167,4
46168,6
46168,4
46169,1
46170,2
46171,5
46172,7
46173,5
46174,3
46175,3
46176,3
46177,4
46178,4
46179,3
46180,6
46181,7
46181,4
46182,3
46183,4
46184,5
46185,1
46186,1
46187,1
46188,7
46189,2
46190,7
46190,2
46190,5
46190,1
46190,3
46192,5
46193,3
46194,7
46194,2
46194,5
46194,1
46194,3
46194,6
46194,4
46195,7
46195,4
46196,7
46196,2
46196,5
46197,6
46197,4
46198,7
46198,2
46198,5
46198,1
46198,3
46199,7
46199,2
46199,5
46199,1
46200,6
46201,7
46201,2
46201,5
46201,1
46202,1
46203,6
46203,4
46204,1
46205,5
46206,6
46207,1
46208,7
46209,6
46210,2
46211,2
46212,4
46213,2
46214,4
46215,4
46216,4
46217,1
46218,4
46219,5
46220,2
46221,7
46222,4
46223,2
46223,5
46223,1
46223,3
46224,3
46225,2
46226,5
46227,1
46228,3
46229,4
46230,7
46230,2
46230,5
46230,1
46231,7
46232,5
46234,1
46235,4
46236,3
46237,6
46238,4
46239,7
46239,4
46240,5
46241,4
46242,4
46243,2
46244,4
46245,3
46246,7
46247,7
46248,6
46249,4
46250,4
46251,4
46252,6
46253,4
46254,4
46255,4
46256,4
46257,3
46258,6
46259,6
46260,3
46261,5
46262,6
46262,4
46263,6
46263,4
46264,6
46264,4
46265,7
46265,2
46266,3
46267,5
46268,1
46269,6
46269,4
46270,6
46271,5
46272,7
46272,2
46272,5
46272,1
46272,3
46273,1
46274,2
46274,5
46274,1
46275,3
46276,3
46276,6
46277,6
46278,7
46278,5
46278,3
46279,5
46280,4
46281,2
46282,7
46283,1
46284,6
46285,7
46285,2
46285,5
46285,1
46285,3
46285,6
46286,2
46287,7
46287,2
46287,5
46287,1
46287,3
46287,6
46287,4
46288,1
46289,3
46290,5
46291,5
46292,5
46293,5
46294,6
46295,7
46296,3
46297,7
46299,6
46299,4
46300,6
46301,2
46302,6
46303,7
46303,2
46304,5
46304,6
46304,4
46305,5
46306,3
46307,6
46308,4
46309,6
46310,7
46310,2
46310,5
46310,1
46310,3
46311,7
46312,1
46314,3
46315,7
46316,6
46316,4
46317,5
46318,6
46319,2
46320,7
46320,2
46320,5
46320,1
46320,3
46321,1
46322,7
46323,4
46324,4
46325,5
46326,5
46327,4
46328,4
46329,7
46329,1
46330,6
46331,7
46331,2
46332,6
46333,1
46334,3
46335,4
46336,3
46337,3
46338,5
46339,7
46339,2
46339,5
46339,1
46339,3
46340,5
46340,1
46341,7
46342,1
46343,1
46344,3
46345,3
46346,3
46347,5
46348,1
46349,3
46350,7
46351,7
46352,7
46353,7
46354,2
46354,1
46354,6
46355,7
46356,2
46357,6
46358,5
46359,7
46360,6
46360,4
46361,7
46361,2
46362,6
46363,5
46363,1
46364,7
46364,2
46364,5
46364,1
46364,3
46364,6
46365,3
46366,1
46366,3
46367,3
46368,6
46369,1
46370,3
46371,6
46372,2
46372,5
46372,1
46373,7
46373,2
46373,5
46373,1
46373,3
46373,6
46374,7
46374,2
46374,5
46374,1
46375,2
46376,1
46377,3
46378,6
46378,4
46379,6
46380,7
46381,3
46382,7
46382,2
46382,5
46382,1
46382,3
46382,6
46382,4
46383,7
46383,5
46384,6
46385,4
46386,4
46387,2
46388,7
46388,2
46388,5
46388,1
46388,3
46389,4
46390,3
46391,5
46392,5
46393,3
46394,3
46395,7
46396,3
46397,5
46398,7
46398,2
46398,5
46398,1
46398,3
46398,6
46399,3
46400,3
46401,6
46402,7
46403,1
46404,4
46405,3
46406,7
46407,5
46407,1
46407,3
46407,6
46408,7
46409,1
46410,1
46411,4
46412,7
46412,2
46412,5
46412,1
46412,3
46412,6
46413,7
46413,2
46413,5
46413,1
46413,3
46414,3
46415,3
46416,5
46417,7
46417,2
46417,5
46417,1
46417,3
46418,1
46419,2
46420,4
46421,5
46422,2
46423,4
46424,7
46424,2
46424,5
46424,1
46424,3
46425,4
46426,7
46427,7
46427,2
46427,5
46427,1
46427,3
46428,7
46428,2
46428,5
46428,1
46429,7
46429,2
46429,5
46429,1
46429,3
46429,6
46429,4
46430,7
46430,2
46430,5
46430,1
46430,3
46431,3
46431,6
46432,4
46433,4
46434,6
46434,4
46435,7
46435,2
46435,5
46435,1
46435,3
46436,7
46436,2
46436,5
46436,1
46437,7
46437,2
46437,5
46437,1
46437,3
46438,1
46439,2
46440,3
46441,5
46442,5
46443,6
46444,2
46444,5
46444,1
46444,3
46445,2
46446,5
46447,2
46447,5
46447,1
46447,3
46448,2
46449,4
46450,6
46451,4
46452,7
46452,2
46452,5
46452,1
46452,3
46453,4
46454,2
46454,1
46455,5
46456,7
46457,7
46458,6
46459,4
46460,6
46461,4
46462,7
46463,4
46464,2
46465,6
46466,5
46466,6
46467,7
46467,2
46467,5
46467,1
46467,3
46467,6
46467,4
46468,7
46468,2
46468,5
46468,1
46468,3
46469,7
46469,2
46469,5
46469,1
46469,3
46470,7
46470,2
46470,5
46470,1
46470,3
46470,6
46470,4
46471,7
46473,3
46474,2
46475,4
46476,7
46477,7
46477,2
46477,5
46477,1
46477,3
46477,6
46477,4
46478,4
46479,1
46480,6
46480,4
46481,6
46482,2
46483,4
46484,7
46485,3
46486,3
46487,1
46488,1
46489,7
46489,2
46489,5
46489,1
46490,5
46491,6
46492,7
46492,2
46492,5
46492,1
46492,3
46493,4
46494,2
46495,7
46496,1
46496,3
46496,6
46496,4
46497,6
46498,6
46498,4
46499,7
46499,2
46499,5
46499,1
46499,3
46500,6
46501,4
46502,7
46502,2
46502,5
46502,1
46502,3
46503,4
46504,4
46505,3
46506,3
46507,2
46508,3
46509,6
46510,7
46510,4
46511,5
46512,2
46513,6
46514,4
46515,4
46516,5
46517,6
46518,7
46518,2
46518,5
46518,1
46518,3
46519,7
46519,2
46519,5
46519,1
46519,3
46520,7
46520,2
46520,5
46520,1
46520,3
46520,6
46520,4
46521,7
46521,2
46521,5
46521,1
46521,3
46522,7
46522,5
46523,7
46523,2
46523,5
46523,1
46523,3
46523,6
46523,4
46524,7
46524,2
46524,5
46524,1
46524,3
46525,7
46525,2
46525,5
46525,1
46525,3
46526,5
46526,1
46526,3
46527,1
46527,3
46527,6
46528,3
46529,3
46530,7
46531,7
46531,2
46531,5
46531,1
46532,2
46533,7
46533,2
46533,5
46533,1
46533,3
46534,7
46534,2
46534,5
46534,1
46534,3
46535,6
46536,4
46537,6
46538,2
46539,5
46540,5
46541,5
46542,4
46543,3
46544,1
46545,5
46546,2
46547,3
46548,2
46549,7
46549,2
46549,5
46549,1
46549,3
46549,6
46549,4
46550,5
46551,7
46552,6
46553,5
46554,4
46555,7
46556,2
46557,5
46558,2
46559,2
46560,7
46560,2
46560,5
46560,1
46561,7
46561,2
46561,5
46561,1
46562,5
46563,7
46563,2
46563,5
46563,1
46563,3
46564,2
46564,5
46565,5
46566,7
46566,2
46566,5
46566,1
46566,3
46566,6
46567,5
46568,2
46569,1
46570,3
46572,3
46573,3
46573,6
46574,5
46575,7
46576,2
46577,4
46578,1
46579,1
46580,3
46580,6
46581,3
46582,4
46583,5
46584,5
46584,1
46585,2
46586,7
46587,6
46588,6
46588,4
46589,1
46589,3
46589,6
46589,4
46590,6
46591,5
46592,7
46593,3
46594,7
46595,6
46596,4
46597,1
46598,3
46599,7
46599,2
46599,5
46599,1
46599,3
46600,5
46601,6
46602,3
46603,4
46604,7
46604,2
46604,5
46604,1
46604,3
46605,1
46606,3
46607,2
46607,5
46607,1
46607,3
46608,7
46609,7
46609,2
46609,5
46609,1
46609,3
46609,6
46609,4
46610,7
46610,2
46610,5
46610,1
46610,3
46610,6
46610,4
46611,6
46612,4
46613,7
46613,2
46613,5
46613,1
46614,4
46615,3
46616,2
46617,3
46618,3
46619,7
46619,2
46619,5
46619,1
46619,3
46619,6
46619,4
46620,7
46621,7
46621,2
46621,5
46621,1
46621,3
46621,6
46621,4
46622,7
46622,2
46622,5
46622,1
46622,3
46622,6
46622,4
46623,1
46624,7
46625,4
46626,7
46627,7
46628,7
46629,5
46630,7
46630,2
46630,5
46630,1
46630,3
46631,3
46632,7
46632,2
46632,5
46632,1
46633,1
46634,6
46635,1
46636,7
46637,1
46638,7
46638,2
46638,5
46638,1
46638,3
46638,6
46638,4
46639,1
46640,1
46641,2
46642,4
46643,3
46644,4
46645,2
46646,3
46646,4
46647,2
46648,2
46649,1
46650,5
46651,3
46652,2
46653,7
46654,3
46655,1
46656,1
46657,4
46658,6
46659,3
46660,3
46662,7
46662,2
46662,5
46662,1
46663,3
46664,3
46665,7
46665,4
46666,5
46666,1
46666,3
46666,6
46667,6
46668,5
46668,1
46669,3
46670,5
46671,3
46672,1
46673,7
46673,2
46673,5
46673,1
46673,3
46674,6
46675,7
46675,2
46676,7
46677,3
46677,6
46677,4
46678,7
46678,2
46678,5
46678,1
46678,3
46679,1
46680,7
46680,2
46680,5
46680,1
46680,3
46681,2
46682,5
46683,7
46683,2
46684,7
46684,2
46684,5
46684,1
46685,6
46686,5
46687,2
46688,4
46689,6
46690,5
46691,3
46692,1
46693,7
46693,2
46693,5
46693,1
46693,3
46693,6
46693,4
46694,1
46695,5
46696,3
46697,6
46698,7
46699,5
46700,7
46701,6
46702,7
46702,2
46702,5
46702,1
46702,3
46703,1
46704,7
46705,7
46706,3
46707,3
46708,6
46709,7
46710,4
46711,1
46711,3
46711,6
46711,4
46712,4
46713,7
46713,2
46713,5
46713,1
46713,3
46714,7
46714,2
46714,5
46714,1
46714,3
46714,6
46714,4
46715,7
46715,2
46715,5
46715,1
46715,3
46716,5
46716,1
46717,6
46717,4
46718,6
46719,6
46720,4
46721,2
46721,5
46722,5
46723,3
46724,6
46725,5
46726,7
46726,5
46726,1
46727,4
46728,7
46728,2
46728,5
46728,1
46728,3
46729,7
46729,2
46730,7
46730,2
46730,5
46730,1
46730,3
46731,4
46732,7
46732,2
46732,5
46732,1
46732,3
46733,7
46733,5
46733,3
46734,7
46734,2
46734,5
46734,1
46735,5
46736,7
46736,2
46736,5
46736,1
46736,3
46737,7
46738,4
46739,3
46740,1
46741,6
46742,6
46743,2
46744,7
46744,2
46744,5
46745,5
46746,2
46747,6
46748,5
46749,7
46749,2
46749,5
46749,1
46750,7
46750,2
46750,5
46750,1
46750,3
46751,7
46752,1
46753,5
46754,2
46755,5
46756,1
46757,1
46758,5
46759,2
46760,5
46761,4
46762,7
46763,6
46763,4
46764,5
46765,3
46766,4
46767,4
46768,5
46769,2
46770,5
46771,7
46772,4
46773,1
46774,6
46775,1
46776,1
46777,7
46778,3
46779,3
46780,7
46780,2
46780,5
46781,3
46782,2
46783,2
46784,3
46785,1
46786,2
46786,5
46786,1
46787,5
46788,3
46789,7
46789,2
46789,5
46790,2
46791,3
46793,4
46794,6
46795,3
46795,6
46795,4
46796,6
46797,7
46798,6
46798,4
46799,2
46800,2
46801,2
46802,4
46803,4
46804,3
46805,6
46806,4
46807,6
46807,4
46808,7
46808,2
46808,5
46808,1
46808,3
46809,2
46810,6
46810,4
46811,7
46812,7
46812,2
46812,5
46813,2
46815,7
46815,2
46815,5
46815,1
46815,3
46815,6
46815,4
46816,7
46816,2
46816,5
46816,1
46817,7
46817,2
46817,5
46817,1
46817,3
46818,1
46819,7
46820,7
46821,4
46822,4
46823,3
46824,4
46825,2
46826,1
46827,3
46828,3
46829,1
46830,5
46831,1
46832,7
46833,2
46834,2
46835,7
46835,2
46835,5
46835,1
46835,3
46835,6
46835,4
46836,1
46837,4
46838,7
46839,7
46839,2
46839,5
46839,1
46839,3
46839,6
46839,4
46840,7
46840,2
46840,5
46840,1
46841,7
46841,2
46841,5
46841,1
46841,3
46841,6
46841,4
46842,4
46843,7
46844,7
46844,2
46844,3
46844,4
46845,7
46846,7
46846,2
46846,5
46846,1
46846,3
46846,6
46846,4
46847,7
46847,2
46847,5
46847,1
46847,3
46849,5
46850,7
46850,2
46850,5
46850,1
46850,3
46851,7
46851,2
46851,5
46851,1
46851,3
46852,7
46853,1
46854,2
46855,1
46856,7
46856,2
46856,5
46856,1
46856,3
46857,7
46857,2
46858,7
46858,4
46859,3
46860,5
46861,5
46862,2
46863,7
46863,2
46863,1
46863,6
46863,4
46864,3
46865,3
46865,6
46865,4
46866,6
46866,4
46867,2
46868,7
46868,2
46868,5
46868,1
46868,3
46868,6
46868,4
46869,7
46869,5
46869,3
46870,4
46871,4
46872,7
46872,2
46872,4
46873,7
46873,2
46873,5
46873,1
46873,3
46874,2
46875,7
46875,2
46875,5
46875,1
46875,3
46875,6
46875,4
46876,4
46877,4
46878,1
46879,3
46880,7
46880,2
46880,5
46881,2
46882,2
46883,2
46885,2
46885,5
46885,1
46886,2
46887,7
46888,5
46889,3
46890,7
46891,7
46891,2
46891,5
46891,1
46891,3
46892,1
46892,6
46893,1
46894,1
46895,4
46896,5
46896,1
46896,3
46897,1
46897,3
46897,6
46898,3
46899,7
46900,1
46901,4
46902,2
46903,6
46903,4
46904,3
46904,6
46905,1
46906,4
46907,5
46908,7
46908,2
46908,5
46908,1
46908,3
46908,6
46908,4
46909,2
46910,1
46911,5
46912,1
46913,4
46914,6
46915,7
46915,2
46915,5
46915,1
46915,3
46916,7
46917,4
46918,4
46919,7
46920,7
46920,2
46920,5
46920,1
46920,3
46921,3
46923,7
46924,5
46925,4
46926,4
46927,3
46928,4
46929,4
46930,1
46931,5
46931,1
46932,4
46933,7
46934,7
46934,6
46934,4
46935,7
46935,2
46935,5
46935,1
46935,3
46936,7
46936,2
46936,5
46936,1
46936,3
46937,7
46938,2
46938,4
46939,4
46940,1
46941,6
46942,4
46943,1
46944,3
46945,7
46946,3
46947,5
46948,7
46949,6
46950,7
46950,2
46950,5
46950,1
46950,3
46950,6
46950,4
46951,7
46951,2
46951,5
46951,1
46951,3
46951,6
46951,4
46952,7
46952,2
46952,5
46952,1
46953,5
46954,6
46955,4
46956,3
46957,2
46958,7
46959,7
46959,2
46959,5
46960,4
46961,5
46962,5
46963,5
46964,6
46965,1
46966,1
46967,5
46968,7
46968,2
46968,5
46968,1
46969,2
46970,3
46971,4
46972,7
46973,1
46974,1
46974,3
46974,6
46975,1
46976,6
46977,1
46978,7
46978,2
46978,5
46978,1
46978,3
46979,6
46980,2
46980,5
46980,1
46981,3
46982,3
46983,5
46984,3
46985,7
46985,2
46985,5
46985,1
46985,3
46986,7
46986,2
46986,5
46986,1
46987,3
46988,6
46989,1
46990,5
46991,5
46992,4
46993,7
46993,2
46993,5
46993,1
46993,3
46993,6
46994,7
46994,2
46994,5
46994,1
46994,3
46994,6
46994,4
46995,5
46995,1
46996,7
46996,2
46997,2
46998,3
46999,4
47000,1
47001,7
47001,2
47001,5
47001,1
47001,3
47002,7
47002,2
47002,5
47002,1
47002,3
47002,6
47002,4
47003,1
47004,7
47004,2
47004,5
47004,1
47004,3
47005,7
47005,2
47005,5
47005,1
47006,7
47006,2
47006,5
47006,1
47007,7
47007,2
47007,5
47007,1
47008,5
47009,2
47010,7
47011,1
47012,7
47013,7
47013,2
47013,5
47013,1
47013,3
47013,6
47014,3
47014,6
47015,4
47016,7
47016,2
47016,5
47016,1
47016,3
47017,7
47017,2
47017,1
47018,7
47018,2
47018,5
47018,1
47019,5
47020,1
47021,5
47022,2
47023,2
47024,2
47025,5
47025,1
47026,6
47027,2
47028,5
47029,6
47030,2
47031,7
47031,2
47031,5
47031,1
47031,3
47031,6
47031,4
47032,3
47033,7
47033,2
47034,1
47035,4
47036,7
47036,2
47036,5
47036,1
47037,4
47038,7
47039,3
47040,3
47041,2
47042,5
47043,2
47044,1
47045,6
47046,3
47047,6
47048,7
47049,7
47049,2
47050,3
47051,2
47052,5
47052,1
47052,3
47053,5
47053,1
47054,6
47055,4
47056,2
47057,1
47058,4
47059,7
47060,6
47061,3
47062,6
47063,2
47064,5
47065,4
47066,2
47066,5
47066,1
47067,7
47068,4
47069,1
47070,3
47071,7
47072,1
47073,3
47074,4
47075,6
47076,7
47077,5
47078,4
47079,4
47080,2
47081,7
47081,2
47081,5
47081,1
47082,5
47082,1
47083,3
47084,1
47085,5
47086,1
47087,1
47088,7
47088,2
47088,5
47089,5
47090,4
47091,3
47092,7
47092,2
47092,5
47092,1
47092,3
47093,2
47094,1
47095,4
47096,5
47096,1
47097,2
47098,7
47098,2
47098,5
47098,1
47098,3
47099,2
47100,4
47102,5
47103,6
47104,7
47104,2
47104,5
47105,7
47105,2
47105,5
47105,4
47106,1
47107,1
47108,7
47109,3
47110,1
47110,4
47111,2
47112,2
47113,5
47114,5
47115,5
47116,5
47117,7
47117,2
47117,5
47117,1
47117,3
47117,6
47117,4
47118,5
47118,1
47118,3
47119,1
47120,1
47121,7
47121,2
47121,5
47121,1
47122,3
47123,5
47124,7
47124,2
47124,5
47124,1
47124,3
47124,6
47124,4
47125,5
47126,4
47127,4
47128,4
47131,3
47132,1
47133,1
47134,7
47135,3
47136,4
47137,6
47138,4
47139,3
47140,3
47141,5
47142,2
47143,5
47144,6
47145,6
47146,4
47147,5
47148,6
47149,6
47150,5
47151,6
47152,7
47153,7
47153,2
47153,5
47153,1
47153,3
47153,6
47153,4
47154,5
47155,6
47156,7
47156,2
47156,5
47157,7
47158,6
47159,7
47159,2
47159,5
47159,1
47160,4
47161,7
47161,2
47161,5
47161,1
47163,4
47164,1
47165,7
47165,2
47165,5
47165,1
47165,3
47166,5
47167,7
47167,2
47167,5
47167,1
47167,3
47168,4
47169,5
47170,7
47170,2
47170,5
47171,5
47172,6
47173,4
47174,2
47175,5
47176,2
47177,7
47178,4
47179,5
47180,6
47181,7
47181,2
47181,5
47181,1
47181,3
47181,6
47181,4
47182,7
47183,2
47184,2
47184,5
47184,1
47184,3
47185,2
47186,2
47187,4
47188,7
47188,2
47188,5
47189,2
47189,5
47190,6
47191,1
47193,7
47193,2
47193,5
47193,1
47193,3
47194,6
47195,5
47196,5
47197,2
47199,5
47200,4
47201,3
47202,6
47203,3
47204,5
47205,2
47206,3
47207,1
47208,7
47208,2
47208,5
47209,1
47210,7
47211,7
47211,2
47211,5
47211,1
47212,2
47213,2
47214,2
47215,2
47216,2
47217,2
47218,4
47219,5
47220,5
47220,1
47221,6
47222,6
47223,5
47224,2
47225,2
47226,7
47226,2
47226,5
47227,7
47228,5
47229,2
47230,3
47231,5
47232,1
47233,2
47233,1
47234,7
47234,2
47234,5
47234,1
47235,1
47236,7
47237,5
47238,5
47239,7
47239,2
47239,5
47239,1
47240,7
47241,7
47241,2
47241,5
47241,1
47241,3
47241,6
47241,4
47242,6
47242,4
47243,2
47244,7
47244,2
47244,5
47244,1
47245,6
47246,4
47247,4
47248,1
47249,6
47250,2
47251,5
47252,7
47253,6
47254,3
47255,1
47256,3
47257,3
47257,4
47258,6
47259,3
47260,3
47261,2
47262,3
47263,1
47264,7
47265,7
47265,2
47265,5
47265,1
47265,3
47266,4
47267,3
47268,2
47269,4
47270,7
47270,2
47270,5
47270,1
47270,3
47271,3
47273,4
47274,6
47275,7
47275,2
47275,5
47275,1
47275,3
47276,3
47277,2
47278,7
47280,7
47280,2
47280,5
47280,1
47280,3
47281,5
47283,6
47284,7
47285,6
47286,2
47287,7
47287,2
47287,5
47287,1
47287,3
47287,6
47287,4
47288,6
47289,6
47290,4
47291,4
47292,6
47293,1
47294,7
47295,7
47296,7
47296,2
47296,5
47296,1
47297,3
47297,6
47298,7
47298,2
47298,1
47298,3
47299,5
47300,7
47300,2
47300,5
47300,4
47301,7
47302,5
47303,7
47303,5
47304,4
47305,2
47306,7
47306,2
47306,5
47306,1
47306,4
47307,7
47307,2
47308,7
47309,6
47310,4
47311,1
47311,3
47311,6
47312,7
47313,7
47313,1
47314,7
47314,2
47314,5
47314,1
47314,3
47315,6
47316,6
47316,4
47317,7
47317,2
47317,5
47317,1
47317,3
47318,2
47318,5
47318,1
47319,4
47320,7
47320,2
47320,5
47320,1
47321,2
47321,1
47322,7
47322,2
47322,5
47323,5
47324,7
47324,2
47324,5
47324,1
47324,3
47325,7
47325,2
47325,5
47325,1
47326,6
47327,7
47327,2
47327,5
47327,1
47327,3
47327,6
47327,4
47328,6
47328,4
47329,2
47330,1
47331,7
47331,2
47331,5
47331,1
47332,4
47333,5
47334,3
47335,7
47336,1
47337,2
47338,7
47339,6
47339,4
47340,7
47341,1
47342,7
47343,3
47344,7
47344,2
47345,3
47345,6
47346,5
47347,2
47348,2
47349,7
47349,2
47349,5
47349,1
47349,3
47350,7
47350,2
47350,5
47350,1
47350,3
47351,2
47352,5
47353,2
47353,4
47354,4
47355,5
47356,2
47357,2
47358,2
47359,7
47360,5
47360,1
47361,3
47362,5
47363,1
47364,2
47365,6
47366,6
47367,6
47367,4
47368,2
47368,5
47368,1
47368,3
47369,1
47370,7
47370,2
47370,5
47370,1
47371,7
47371,2
47371,5
47371,1
47372,7
47373,6
47374,3
47375,4
47376,4
47377,7
47377,2
47377,5
47377,1
47378,7
47379,5
47380,7
47380,6
47380,4
47381,3
47382,7
47383,2
47384,7
47384,2
47384,5
47384,1
47384,3
47385,7
47386,7
47387,1
47388,7
47388,2
47388,5
47388,1
47388,3
47389,7
47389,2
47389,5
47389,1
47389,3
47390,4
47391,5
47391,1
47391,3
47392,7
47393,7
47394,7
47395,3
47396,3
47397,3
47398,3
47399,3
47400,7
47400,2
47400,5
47400,1
47400,3
47400,6
47400,4
47401,5
47402,4
47403,3
47404,4
47406,7
47406,2
47406,5
47406,4
47408,1
47409,5
47410,7
47411,3
47412,1
47413,6
47414,5
47415,1
47416,7
47416,2
47416,5
47416,1
47417,6
47418,1
47419,1
47420,4
47421,7
47422,7
47423,7
47423,2
47423,5
47423,1
47423,3
47423,6
47423,4
47424,4
47425,7
47426,7
47427,6
47427,4
47428,7
47428,2
47428,5
47428,1
47428,3
47428,6
47428,4
47429,5
47430,7
47430,2
47430,5
47430,1
47431,7
47432,5
47433,5
47434,7
47435,7
47436,7
47437,7
47437,2
47437,5
47437,1
47437,3
47438,7
47438,2
47438,5
47438,1
47438,3
47439,7
47439,2
47439,5
47439,1
47440,7
47440,2
47440,5
47440,1
47441,7
47441,2
47442,7
47443,7
47443,2
47443,5
47443,1
47443,3
47444,6
47445,2
47446,7
47446,2
47446,5
47446,1
47446,3
47446,6
47447,7
47448,6
47449,3
47450,2
47451,1
47451,3
47451,6
47451,4
47452,7
47452,4
47453,3
47454,2
47455,1
47456,5
47457,1
47458,6
47459,4
47460,7
47461,5
47462,7
47462,2
47462,5
47463,5
47464,6
47465,1
47466,5
47467,6
47468,7
47468,2
47468,5
47468,1
47469,4
47470,7
47471,1
47472,3
47473,5
47474,5
47474,1
47475,7
47475,2
47475,5
47475,1
47476,1
47477,7
47477,2
47478,1
47479,4
47480,5
47481,2
47482,5
47483,4
47484,5
47485,1
47486,7
47487,5
47488,3
47489,4
47490,2
47491,5
47492,4
47493,7
47493,2
47493,5
47493,1
47493,3
47494,5
47495,3
47496,4
47497,4
47498,1
47499,4
47500,2
47501,4
47502,2
47503,3
47504,7
47504,2
47505,1
47506,3
47507,3
47508,2
47509,3
47510,3
47511,7
47512,6
47513,6
47514,6
47515,7
47516,7
47516,2
47516,4
47517,5
47518,2
47519,7
47519,2
47519,5
47519,1
47519,3
47520,7
47520,2
47520,5
47520,1
47520,3
47521,7
47522,6
47523,2
47524,5
47525,1
47526,3
47527,2
47527,5
47527,1
47527,3
47528,4
47529,6
47530,5
47531,7
47531,2
47531,5
47531,1
47531,3
47532,6
47533,3
47534,4
47535,2
47536,5
47537,7
47537,2
47537,4
47538,1
47539,3
47540,6
47541,4
47542,5
47543,1
47544,1
47545,1
47546,1
47547,4
47548,1
47548,3
47548,6
47549,4
47550,6
47551,4
47552,1
47553,5
47554,5
47555,2
47556,6
47557,5
47558,5
47559,6
47560,1
47561,7
47561,2
47561,5
47561,1
47561,3
47562,7
47562,2
47562,5
47562,1
47562,3
47562,6
47563,7
47564,4
47565,2
47566,6
47567,4
47568,4
47569,3
47570,4
47571,1
47572,5
47573,7
47573,2
47573,5
47573,1
47573,3
47573,6
47573,4
47574,6
47575,4
47576,7
47577,4
47579,1
47580,5
47581,1
47582,5
47583,7
47583,2
47583,5
47583,1
47584,6
47585,1
47586,5
47587,7
47588,6
47588,4
47589,2
47589,5
47589,1
47589,3
47590,4
47591,1
47592,4
47593,6
47594,4
47595,4
47596,4
47597,1
47598,6
47598,4
47599,7
47599,2
47599,5
47599,1
47600,1
47601,4
47602,6
47603,2
47604,2
47605,2
47606,1
47607,2
47608,1
47610,7
47611,3
47612,7
47612,2
47613,6
47614,6
47615,4
47616,1
47616,3
47616,6
47617,3
47617,6
47617,4
47618,2
47619,7
47619,2
47619,5
47619,1
47619,3
47619,6
47619,4
47620,1
47621,5
47622,6
47623,1
47624,5
47625,2
47626,7
47627,6
47628,5
47629,4
47630,2
47630,5
47630,1
47630,3
47631,3
47632,7
47632,5
47632,3
47633,3
47634,7
47634,2
47634,5
47635,1
47636,7
47637,7
47637,4
47638,7
47638,4
47639,5
47640,4
47641,7
47641,2
47641,5
47641,1
47642,6
47643,7
47643,2
47643,5
47643,1
47643,3
47645,1
47645,4
47646,1
47647,6
47649,3
47650,4
47651,1
47652,6
47653,5
47654,5
47655,3
47656,7
47657,1
47658,7
47659,2
47660,5
47661,4
47662,4
47663,2
47663,1
47664,5
47665,3
47666,1
47667,1
47668,4
47669,3
47670,1
47671,7
47671,2
47671,5
47671,1
47671,3
47672,2
47673,2
47674,7
47675,3
47676,7
47676,2
47676,5
47676,1
47677,7
47677,2
47677,5
47677,1
47678,6
47678,4
47679,6
47680,5
47681,4
47682,4
47683,3
47684,7
47684,2
47684,5
47684,1
47684,3
47684,6
47684,4
47685,7
47685,2
47685,5
47685,1
47686,7
47686,4
47687,7
47687,2
47687,5
47687,1
47687,3
47687,6
47687,4
47688,3
47689,6
47690,3
47691,4
47692,5
47693,7
47693,2
47693,5
47693,1
47697,7
47697,2
47697,5
47697,1
47697,3
47697,6
47697,4
47699,7
47699,2
47699,5
47699,1
47699,3
47699,6
47699,4
47701,5
47701,1
47701,3
47702,7
47702,2
47702,5
47702,1
47702,3
47702,6
47702,4
47705,2
47706,4
47707,1
47708,7
47708,2
47708,5
47708,1
47708,3
47708,6
47708,4
47709,5
47710,1
47711,5
47711,1
47712,7
47712,2
47713,6
47714,2
47715,4
47716,6
47717,2
47717,5
47717,1
47718,4
47719,5
47720,6
47721,4
47722,5
47723,5
47724,2
47725,4
47726,7
47726,2
47726,5
47726,1
47726,3
47727,1
47728,7
47729,7
47730,4
47731,7
47731,2
47731,5
47731,1
47731,3
47731,6
47731,4
47732,6
47733,5
47734,6
47735,2
47736,2
47737,6
47738,7
47738,2
47738,5
47738,1
47738,3
47738,6
47738,4
47739,5
47740,7
47740,2
47740,5
47740,1
47740,3
47741,7
47741,2
47741,5
47741,1
47742,7
47743,3
47744,3
47745,7
47745,2
47745,5
47745,1
47745,3
47746,1
47747,7
47748,7
47749,7
47749,2
47749,5
47749,1
47749,3
47749,6
47749,4
47750,7
47751,4
47752,1
47753,7
47753,2
47753,5
47753,1
47753,3
47754,6
47755,1
47756,7
47756,2
47756,5
47756,1
47756,3
47757,1
47758,3
47759,2
47759,5
47759,1
47759,3
47760,7
47760,1
47761,6
47762,7
47762,2
47762,5
47762,1
47762,3
47762,6
47762,4
47763,4
47764,5
47766,2
47767,1
47768,5
47769,5
47770,4
47771,6
47772,7
47773,2
47774,1
47775,1
47776,1
47777,2
47777,6
47778,3
47779,5
47780,2
47781,2
47782,2
47783,3
47784,2
47785,7
47786,4
47787,4
47788,6
47789,6
47790,6
47791,4
47792,7
47793,7
47793,2
47794,5
47794,1
47795,6
47796,1
47797,3
47799,2
47800,7
47801,2
47802,3
47804,4
47805,7
47805,4
47806,5
47807,3
47808,4
47809,4
47810,7
47810,2
47810,5
47810,3
47811,4
47812,1
47813,7
47814,5
47815,4
47816,7
47817,5
47818,7
47819,5
47820,7
47821,7
47823,4
47824,1
47825,4
47826,7
47826,2
47826,5
47826,1
47828,1
47829,7
47829,2
47829,5
47829,1
47830,4
47831,4
47832,2
47833,5
47834,7
47834,2
47834,5
47834,1
47835,4
47836,6
47837,1
47838,2
47839,5
47840,6
47841,4
47842,2
47843,7
47843,4
47844,3
47845,5
47845,1
47846,3
47847,1
47848,5
47849,7
47849,2
47849,5
47849,1
47849,3
47850,7
47850,2
47850,5
47850,1
47850,3
47852,6
47853,2
47853,1
47854,1
47855,7
47856,7
47857,6
47858,6
47859,6
47859,4
47860,7
47861,1
47862,1
47863,1
47864,3
47865,1
47866,3
47867,4
47868,1
47869,4
47870,4
47871,3
47872,3
47873,6
47873,4
47874,3
47874,6
47875,3
47877,3
47878,7
47879,7
47880,1
47881,3
47882,7
47883,7
47883,2
47883,5
47883,1
47883,3
47883,6
47884,3
47885,6
47886,3
47887,7
47888,5
47889,5
47889,3
47890,6
47891,6
47892,6
47893,2
47894,6
47895,7
47895,2
47895,4
47896,6
47897,7
47897,2
47897,5
47898,1
47899,1
47900,7
47901,4
47902,4
47903,6
47904,5
47905,2
47906,5
47907,1
47908,7
47909,6
47910,7
47910,2
47911,7
47912,6
47913,4
47914,1
47915,7
47916,5
47916,1
47916,3
47917,4
47918,4
47919,4
47920,2
47921,3
47922,4
47923,6
47924,5
47924,4
47925,7
47926,6
47927,3
47928,7
47928,2
47928,5
47928,1
47928,3
47929,7
47930,5
47931,5
47932,3
47933,6
47934,4
47935,7
47936,4
47937,5
47938,6
47939,4
47940,7
47940,2
47940,5
47940,1
47940,3
47941,6
47942,6
47943,6
47944,4
47945,5
47946,4
47947,6
47948,4
47949,7
47950,6
47951,7
47952,5
47952,1
47952,3
47953,2
47955,2
47956,2
47956,5
47956,1
47956,3
47957,6
47958,6
47960,1
47961,7
47962,2
47963,5
47964,1
47965,7
47965,2
47965,5
47965,1
47965,3
47966,1
47966,4
47967,7
47968,5
47968,1
47968,3
47969,7
47969,2
47969,5
47969,1
47970,1
47971,1
47972,5
47973,3
47974,4
47975,6
47976,2
47977,1
47977,4
47978,1
47979,6
47979,4
47980,3
47981,5
47982,1
47983,7
47984,3
47984,6
47985,6
47985,4
47986,3
47987,1
47988,7
47988,2
47988,5
47988,1
47988,3
47988,6
47988,4
47989,7
47990,2
47991,5
47992,7
47992,2
47992,5
47992,1
47993,7
47994,1
47995,7
47996,4
47997,7
47997,2
47997,5
47997,1
47997,3
47998,1
47999,7
47999,2
48000,5
48001,7
48001,2
48001,5
48001,1
48001,3
48002,2
48002,5
48003,7
48004,6
48005,2
48006,7
48007,7
48008,7
48008,2
48008,5
48008,1
48009,7
48009,2
48009,5
48009,1
48009,3
48010,7
48010,2
48010,5
48010,1
48011,7
48012,4
48013,6
48014,7
48014,2
48014,5
48014,1
48014,3
48015,6
48016,6
48017,7
48018,2
48019,1
48020,6
48021,3
48022,3
48023,5
48024,6
48025,6
48026,1
48027,6
48028,4
48029,4
48030,2
48031,4
48032,7
48033,5
48034,2
48035,7
48035,2
48035,5
48035,1
48035,3
48035,6
48035,4
48036,4
48037,5
48038,4
48039,1
48039,3
48040,5
48041,7
48041,2
48041,5
48041,1
48041,3
48042,7
48042,2
48042,5
48042,1
48042,3
48043,2
48044,7
48044,2
48044,5
48044,1
48044,3
48045,3
48045,6
48045,4
48046,4
48047,2
48048,1
48049,6
48050,2
48051,1
48052,5
48053,5
48054,1
48055,6
48056,5
48057,6
48058,2
48059,2
48060,3
48061,3
48062,6
48063,1
48064,4
48065,6
48066,6
48067,6
48068,3
48069,7
48070,5
48071,4
48072,1
48073,5
48074,3
48075,6
48076,4
48077,3
48078,1
48079,6
48080,2
48081,7
48081,2
48081,5
48082,3
48083,5
48083,6
48084,6
48085,3
48086,6
48087,4
48088,2
48089,7
48089,2
48090,5
48091,6
48092,7
48093,1
48094,6
48095,1
48096,6
48097,1
48098,3
48099,4
48100,2
48101,7
48101,2
48101,5
48101,1
48102,6
48103,7
48103,2
48103,5
48103,1
48103,3
48104,7
48104,2
48104,5
48104,1
48104,3
48105,7
48105,2
48105,5
48105,1
48105,3
48106,5
48107,6
48108,5
48109,3
48110,7
48111,5
48112,4
48113,5
48114,6
48115,3
48116,1
48117,2
48118,7
48118,2
48118,5
48118,1
48118,3
48119,4
48120,4
48121,7
48122,3
48122,6
48123,6
48124,4
48125,5
48126,3
48127,7
48128,7
48129,7
48131,1
48132,7
48132,2
48132,5
48132,1
48132,3
48132,4
48133,7
48133,2
48133,5
48133,1
48133,3
48134,7
48134,2
48134,5
48134,1
48135,5
48136,5
48137,1
48138,4
48139,7
48140,6
48141,5
48142,6
48143,7
48144,4
48145,1
48146,6
48147,3
48148,3
48149,4
48150,7
48151,7
48151,2
48152,7
48152,2
48153,3
48154,1
48155,3
48156,4
48157,2
48158,4
48159,5
48160,3
48161,7
48161,2
48161,5
48162,1
48164,3
48165,2
48166,4
48167,3
48167,6
48168,7
48168,2
48168,5
48168,1
48168,3
48169,7
48169,2
48169,5
48169,1
48170,5
48171,4
48172,2
48173,7
48174,6
48175,2
48176,5
48177,7
48177,2
48177,5
48177,1
48177,3
48177,6
48177,4
48178,6
48179,6
48180,5
48181,6
48182,4
48183,5
48184,6
48185,4
48186,6
48187,6
48188,6
48189,1
48190,1
48191,3
48192,6
48193,6
48194,5
48195,2
48196,7
48197,1
48198,4
48199,4
48200,3
48201,5
48202,3
48203,3
48204,2
48205,4
48206,2
48207,2
48208,3
48209,7
48209,2
48209,5
48209,1
48210,7
48210,2
48210,5
48210,1
48210,3
48211,7
48212,5
48213,6
48214,7
48214,2
48214,5
48214,1
48215,5
48216,4
48217,7
48217,2
48217,5
48217,1
48217,3
48217,6
48217,4
48218,7
48219,5
48221,6
48222,4
48223,6
48224,2
48225,7
48225,2
48225,5
48225,1
48225,3
48225,6
48225,4
48226,6
48227,4
48228,1
48229,1
48230,3
48231,1
48232,3
48233,5
48234,1
48235,3
48236,6
48237,3
48238,7
48238,2
48238,4
48239,1
48240,4
48241,2
48241,5
48242,6
48243,1
48244,6
48244,4
48245,3
48246,3
48247,4
48248,5
48249,7
48250,5
48251,7
48252,2
48253,5
48254,1
48255,3
48256,6
48257,7
48257,2
48257,4
48258,7
48258,2
48258,5
48258,1
48258,3
48258,6
48259,3
48259,6
48259,4
48260,7
48260,2
48260,5
48260,1
48261,1
48262,1
48263,7
48263,2
48263,5
48263,1
48263,3
48263,6
48263,4
48264,7
48265,4
48266,6
48267,7
48268,7
48268,2
48268,5
48268,1
48268,3
48269,4
48270,5
48270,1
48271,7
48272,5
48273,3
48274,7
48275,2
48276,4
48277,7
48277,2
48277,5
48277,1
48277,3
48277,6
48277,4
48278,4
48279,6
48280,2
48281,6
48282,3
48283,2
48284,2
48284,5
48285,2
48285,5
48285,1
48285,3
48286,6
48287,2
48288,6
48289,7
48290,7
48290,2
48290,5
48290,1
48291,2
48291,1
48292,4
48293,3
48294,1
48295,6
48296,2
48297,7
48297,2
48297,5
48297,1
48298,7
48298,2
48298,5
48298,1
48298,3
48299,7
48299,2
48299,5
48299,1
48299,3
48299,6
48299,4
48300,7
48300,2
48300,5
48300,1
48300,3
48301,7
48301,2
48301,5
48301,1
48301,3
48302,7
48302,2
48302,5
48302,1
48302,3
48303,4
48304,1
48305,2
48306,7
48306,2
48307,7
48308,3
48309,5
48309,1
48310,6
48311,6
48312,6
48313,7
48314,7
48314,2
48314,5
48314,1
48314,3
48315,3
48316,3
48317,1
48318,4
48319,4
48320,4
48321,7
48322,6
48323,7
48323,2
48323,5
48323,1
48323,3
48324,4
48325,7
48325,2
48325,5
48325,1
48325,3
48325,6
48325,4
48326,4
48327,6
48328,7
48328,2
48328,5
48328,1
48328,3
48329,7
48329,2
48329,5
48329,1
48329,3
48330,5
48331,3
48331,6
48332,4
48333,1
48334,2
48335,1
48336,2
48337,1
48337,3
48337,6
48338,4
48339,3
48340,1
48341,2
48342,5
48342,1
48343,2
48344,4
48345,1
48346,7
48346,2
48346,5
48346,1
48346,3
48347,5
48348,5
48349,6
48350,7
48351,7
48352,4
48353,1
48354,3
48355,4
48356,2
48357,5
48358,3
48359,5
48359,1
48360,5
48361,1
48362,3
48363,7
48363,2
48363,5
48363,1
48364,7
48364,2
48364,5
48364,1
48364,3
48365,2
48365,5
48365,1
48365,3
48365,6
48366,7
48366,2
48366,5
48366,1
48366,3
48367,7
48367,2
48367,5
48368,2
48369,4
48370,5
48371,7
48371,2
48371,5
48371,1
48371,3
48372,7
48373,7
48373,2
48373,5
48373,1
48373,4
48374,7
48374,2
48374,5
48374,1
48374,3
48375,7
48375,2
48375,5
48375,1
48375,3
48376,3
48377,1
48378,7
48378,2
48378,5
48378,1
48378,3
48379,7
48379,2
48379,5
48379,1
48379,3
48380,7
48381,7
48381,2
48381,5
48382,1
48383,3
48384,3
48386,5
48387,7
48387,2
48387,5
48387,1
48388,7
48388,2
48388,5
48388,1
48388,3
48389,3
48390,4
48391,4
48392,1
48393,1
48394,6
48395,5
48396,7
48396,2
48396,5
48396,1
48396,3
48397,7
48397,2
48397,5
48397,1
48397,3
48398,2
48400,1
48401,6
48402,3
48403,4
48404,6
48405,7
48405,2
48405,5
48405,1
48405,3
48406,7
48407,5
48408,1
48409,2
48410,2
48411,7
48411,2
48411,5
48411,1
48411,3
48412,2
48413,7
48413,2
48414,3
48415,2
48416,5
48417,5
48418,7
48418,2
48418,5
48418,1
48418,3
48419,7
48419,2
48419,5
48419,1
48419,3
48419,4
48420,7
48420,2
48420,5
48420,1
48420,3
48421,7
48421,2
48421,5
48421,1
48421,3
48422,2
48423,2
48424,1
48425,3
48426,5
48427,1
48428,7
48428,2
48428,5
48428,1
48428,3
48429,1
48430,1
48430,3
48431,2
48432,5
48433,6
48434,6
48435,1
48436,1
48437,3
48438,3
48440,2
48441,7
48441,2
48441,5
48441,1
48441,3
48442,3
48443,3
48444,4
48445,4
48446,3
48447,6
48448,7
48448,2
48448,5
48448,1
48448,4
48450,4
48451,2
48452,5
48453,4
48454,7
48454,2
48454,5
48454,1
48454,3
48455,7
48456,7
48456,2
48456,5
48456,1
48456,3
48457,5
48457,6
48458,7
48458,2
48458,5
48459,2
48460,5
48461,1
48462,6
48463,7
48463,4
48464,6
48465,6
48466,7
48466,2
48466,5
48466,1
48466,3
48467,4
48468,2
48469,7
48469,4
48470,7
48470,2
48470,5
48470,1
48470,3
48471,4
48472,6
48473,7
48474,1
48475,4
48476,4
48477,7
48478,5
48479,2
48480,7
48481,7
48481,2
48481,5
48481,1
48482,4
48483,7
48484,1
48485,1
48486,7
48486,2
48487,6
48487,4
48488,1
48489,7
48490,7
48490,2
48490,5
48490,1
48491,2
48492,2
48493,7
48494,7
48494,2
48494,5
48494,1
48495,7
48495,2
48496,3
48496,6
48497,4
48498,5
48499,6
48500,7
48500,2
48500,5
48500,1
48501,2
48502,2
48503,4
48504,7
48505,4
48506,3
48507,3
48508,7
48509,5
48510,7
48511,5
48512,5
48513,7
48513,2
48513,5
48513,1
48514,6
48514,4
48515,1
48515,3
48515,6
48515,4
48516,7
48516,2
48516,5
48516,1
48516,3
48516,6
48516,4
48517,7
48517,2
48518,2
48519,7
48519,2
48519,5
48519,1
48520,5
48521,1
48522,6
48523,6
48524,3
48525,5
48525,1
48526,1
48527,4
48528,7
48528,2
48528,5
48528,1
48528,3
48529,7
48529,2
48529,5
48529,1
48529,3
48530,1
48531,1
48532,4
48533,7
48533,2
48533,5
48533,1
48534,7
48534,2
48534,5
48534,1
48535,3
48536,5
48537,2
48538,7
48538,2
48538,5
48538,1
48539,7
48539,2
48539,5
48539,1
48539,3
48540,5
48541,5
48542,5
48543,3
48544,4
48545,6
48546,3
48547,5
48548,7
48548,2
48548,5
48548,1
48548,3
48548,6
48548,4
48549,4
48550,1
48551,3
48552,6
48553,7
48553,2
48553,5
48553,1
48553,3
48553,6
48554,7
48554,2
48554,5
48554,1
48554,3
48554,6
48554,4
48555,3
48556,3
48557,7
48558,5
48558,6
48559,2
48560,2
48561,7
48561,2
48561,5
48561,1
48561,3
48561,4
48562,7
48563,4
48564,2
48564,5
48564,1
48564,3
48565,2
48565,6
48566,2
48567,4
48568,2
48569,4
48570,7
48571,7
48572,1
48572,4
48573,4
48574,1
48575,6
48576,5
48576,1
48576,3
48577,4
48578,5
48579,2
48580,7
48580,2
48580,5
48580,1
48580,3
48581,7
48581,2
48582,5
48583,1
48584,7
48584,2
48584,3
48585,3
48586,7
48587,2
48588,2
48589,1
48590,4
48591,1
48592,2
48592,5
48592,1
48593,4
48594,6
48595,6
48596,1
48597,1
48598,7
48599,3
48600,3
48601,2
48602,5
48603,7
48603,2
48603,5
48603,1
48604,1
48605,5
48606,1
48607,1
48608,3
48609,7
48609,2
48609,5
48609,1
48609,3
48609,6
48609,4
48610,7
48610,2
48610,5
48610,1
48610,3
48611,7
48611,2
48611,5
48611,1
48612,7
48612,2
48612,5
48612,1
48612,3
48613,7
48613,2
48613,5
48613,1
48613,3
48613,6
48613,4
48614,3
48615,5
48616,5
48616,1
48617,7
48617,2
48617,5
48617,1
48617,3
48618,1
48619,6
48620,3
48621,7
48621,2
48621,5
48621,1
48621,3
48622,2
48623,7
48623,2
48623,4
48624,7
48624,2
48624,5
48624,1
48624,3
48625,2
48625,5
48625,1
48626,3
48626,6
48627,7
48628,7
48629,7
48630,2
48631,2
48632,7
48632,2
48632,5
48632,1
48632,3
48633,2
48634,2
48635,4
48636,7
48636,2
48636,5
48636,1
48636,4
48637,7
48638,4
48639,4
48640,3
48640,6
48641,3
48642,3
48642,6
48642,4
48643,7
48643,2
48643,5
48643,1
48643,3
48644,2
48645,1
48646,7
48647,2
48648,1
48648,3
48649,2
48650,5
48650,1
48651,7
48652,6
48653,6
48654,4
48655,3
48656,3
48657,4
48658,4
48659,7
48660,3
48661,6
48662,1
48663,2
48663,5
48663,1
48664,7
48664,2
48664,5
48664,1
48665,7
48665,2
48665,5
48665,1
48665,3
48665,6
48665,4
48666,7
48666,2
48666,5
48666,1
48667,6
48667,4
48668,4
48669,7
48670,6
48671,2
48672,4
48673,1
48674,7
48675,7
48676,5
48677,1
48678,4
48679,3
48680,3
48681,6
48682,7
48682,2
48682,5
48682,1
48683,4
48684,4
48685,4
48686,3
48687,4
48688,5
48689,3
48690,6
48691,5
48692,5
48693,7
48694,2
48694,5
48696,6
48697,6
48698,3
48699,7
48699,2
48699,5
48699,1
48700,4
48701,4
48702,5
48703,3
48704,1
48705,1
48707,7
48707,2
48707,5
48707,1
48707,3
48707,6
48707,4
48708,6
48709,7
48709,2
48709,5
48709,1
48710,2
48710,1
48711,7
48711,2
48711,5
48711,1
48711,3
48711,6
48711,4
48712,1
48713,5
48714,1
48715,7
48715,2
48715,5
48715,1
48715,3
48715,6
48715,4
48716,4
48717,2
48718,2
48720,4
48721,4
48722,2
48723,4
48724,3
48725,6
48726,1
48727,7
48727,4
48728,2
48729,1
48730,1
48731,7
48732,4
48733,7
48733,2
48733,5
48733,1
48733,3
48733,6
48733,4
48734,5
48734,1
48734,3
48734,6
48735,7
48735,2
48735,5
48735,1
48736,3
48737,4
48738,7
48738,2
48739,4
48740,3
48741,3
48742,7
48742,2
48743,7
48743,2
48744,5
48744,1
48745,7
48746,3
48747,5
48747,1
48748,1
48749,2
48750,5
48750,1
48751,5
48751,1
48752,5
48752,1
48753,5
48753,1
48754,6
48755,7
48755,2
48756,3
48757,7
48757,2
48758,3
48759,5
48759,1
48760,7
48760,2
48760,5
48760,1
48760,3
48760,6
48760,4
48761,7
48761,2
48761,5
48761,1
48761,3
48761,6
48761,4
48762,6
48763,5
48763,1
48764,7
48764,2
48764,5
48764,1
48764,3
48764,6
48764,4
48765,7
48765,2
48765,5
48765,1
48765,3
48765,6
48765,4
48766,7
48767,4
48768,4
48769,1
48770,2
48770,5
48770,1
48770,3
48771,5
48772,5
48773,3
48774,6
48774,4
48775,5
48775,1
48776,7
48776,2
48776,5
48776,1
48776,3
48776,6
48776,4
48777,6
48777,4
48778,1
48779,7
48779,2
48780,2
48781,1
48782,7
48783,7
48783,2
48783,5
48783,1
48784,4
48785,5
48786,6
48787,4
48788,1
48789,7
48789,2
48789,5
48789,1
48790,6
48790,4
48791,7
48791,2
48791,5
48791,1
48791,3
48792,6
48793,7
48793,2
48793,5
48793,1
48794,1
48794,3
48795,6
48796,2
48797,7
48798,4
48799,7
48799,2
48799,5
48799,1
48800,5
48801,3
48802,3
48803,3
48804,2
48805,7
48805,2
48806,2
48807,2
48807,5
48807,1
48807,3
48808,4
48810,4
48811,2
48811,5
48812,2
48813,2
48814,6
48815,1
48816,5
48817,3
48818,5
48819,1
48820,5
48821,2
48822,2
48822,5
48823,5
48824,7
48825,7
48825,2
48826,3
48827,3
48828,4
48829,4
48830,4
48831,4
48832,7
48833,3
48834,7
48835,7
48836,7
48836,2
48836,5
48836,1
48836,3
48836,6
48836,4
48837,5
48838,6
48838,4
48839,7
48839,2
48839,5
48839,1
48840,1
48841,7
48842,7
48843,5
48843,6
48844,7
48844,2
48844,5
48844,1
48845,2
48846,7
48847,4
48848,4
48849,5
48850,7
48850,2
48850,5
48850,1
48850,3
48851,7
48851,2
48851,5
48851,1
48851,4
48852,4
48853,1
48853,3
48854,3
48854,6
48855,3
48855,6
48856,2
48856,5
48856,1
48856,3
48857,7
48857,2
48857,5
48857,1
48858,7
48858,2
48858,5
48858,1
48859,6
48860,7
48860,2
48861,6
48862,3
48863,6
48864,7
48864,2
48864,5
48865,7
48865,2
48865,5
48865,1
48865,3
48865,6
48865,4
48866,6
48867,2
48868,7
48869,1
48870,2
48871,6
48872,4
48873,4
48874,1
48875,7
48875,2
48875,5
48875,1
48876,1
48878,5
48879,2
48880,5
48881,7
48881,2
48881,5
48881,1
48881,3
48881,6
48881,4
48882,3
48883,2
48883,1
48884,2
48885,7
48886,7
48886,2
48886,5
48887,1
48888,2
48889,1
48890,7
48890,2
48890,5
48890,1
48890,3
48891,7
48892,3
48893,5
48894,6
48894,4
48895,1
48896,5
48897,7
48898,2
48899,6
48900,2
48901,2
48903,7
48903,2
48903,5
48903,1
48904,3
48905,5
48906,7
48907,7
48908,4
48909,5
48910,1
48911,3
48912,7
48913,7
48913,2
48913,5
48913,1
48914,7
48915,4
48916,4
48917,6
48918,7
48918,2
48918,5
48918,1
48919,5
48920,2
48921,7
48922,7
48923,7
48923,2
48923,5
48923,1
48923,3
48923,6
48923,4
48924,5
48925,5
48926,4
48927,5
48927,1
48928,2
48929,6
48929,4
48930,2
48931,5
48931,1
48931,3
48932,2
48933,7
48933,2
48933,5
48933,1
48934,4
48936,2
48937,6
48938,7
48938,2
48938,5
48938,1
48939,4
48940,7
48941,5
48941,1
48941,3
48941,6
48942,5
48943,3
48943,6
48944,5
48944,1
48944,3
48944,6
48945,2
48946,4
48947,6
48948,6
48949,5
48950,2
48950,3
48951,7
48951,2
48951,5
48951,1
48951,3
48951,6
48951,4
48953,6
48954,6
48955,7
48955,2
48955,5
48955,1
48956,7
48956,2
48956,5
48956,1
48956,3
48956,6
48956,4
48957,2
48959,1
48960,1
48960,3
48960,6
48960,4
48961,5
48962,5
48963,5
48964,4
48965,4
48966,7
48966,2
48967,6
48967,4
48968,6
48969,7
48969,2
48969,5
48969,1
48969,3
48969,6
48969,4
48970,2
48971,6
48972,4
48973,7
48973,2
48973,5
48973,1
48974,3
48975,7
48975,2
48975,5
48975,1
48975,3
48976,2
48977,2
48978,2
48979,6
48980,7
48980,2
48980,5
48980,1
48980,3
48981,4
48982,7
48982,2
48982,5
48982,1
48983,2
48984,4
48985,1
48986,3
48987,2
48988,1
48989,7
48989,2
48989,5
48989,1
48990,4
48991,4
48992,2
48993,5
48994,1
48995,3
48996,3
48996,6
48996,4
48997,7
48997,2
48997,5
48997,1
48997,3
48998,7
48999,5
49000,5
49001,4
49002,2
49003,2
49005,7
49006,1
49007,4
49008,7
49009,4
49010,2
49011,7
49011,2
49011,5
49011,1
49012,2
49013,7
49013,2
49013,5
49013,1
49013,3
49014,6
49015,5
49016,6
49017,7
49018,2
49018,1
49019,5
49020,7
49020,2
49020,5
49020,1
49020,3
49022,7
49022,2
49023,7
49024,3
49024,6
49025,1
49026,2
49027,6
49028,7
49028,2
49028,5
49028,1
49028,3
49028,6
49028,4
49029,3
49030,7
49031,3
49032,7
49033,1
49034,1
49035,4
49036,6
49036,4
49037,3
49038,3
49038,6
49039,7
49039,2
49039,5
49039,1
49039,3
49039,6
49039,4
49040,7
49040,2
49040,5
49040,1
49040,3
49040,6
49040,4
49041,6
49042,7
49042,2
49042,5
49042,1
49042,3
49043,6
49044,5
49045,6
49046,1
49047,6
49048,6
49049,3
49051,5
49052,5
49052,1
49052,3
49052,6
49052,4
49053,6
49054,4
49055,7
49055,2
49055,5
49056,4
49057,7
49057,2
49057,5
49057,1
49057,3
49057,6
49057,4
49058,7
49058,2
49058,5
49058,1
49058,3
49059,7
49060,3
49061,6
49062,3
49063,7
49064,6
49064,4
49065,7
49065,2
49065,5
49065,1
49065,3
49065,6
49065,4
49066,2
49067,2
49067,1
49068,5
49069,7
49069,5
49069,1
49069,4
49070,3
49071,7
49071,2
49071,5
49072,3
49073,6
49074,2
49074,5
49075,3
49076,7
49076,2
49076,5
49076,1
49077,2
49078,7
49078,2
49078,5
49078,1
49079,1
49080,3
49081,6
49082,1
49083,7
49083,2
49083,5
49083,1
49084,5
49085,6
49086,1
49087,6
49088,3
49089,1
49090,7
49091,7
49091,2
49092,3
49093,2
49094,6
49095,4
49096,4
49097,6
49098,1
49099,7
49099,1
49100,2
49100,6
49100,4
49101,6
49101,4
49102,6
49103,6
49103,4
49104,7
49104,2
49104,5
49104,1
49105,7
49106,6
49107,3
49108,6
49109,7
49109,2
49109,5
49109,1
49109,3
49110,5
49111,4
49112,1
49113,4
49114,4
49115,3
49116,3
49117,6
49118,5
49118,4
49119,5
49120,2
49121,4
49122,7
49122,2
49122,5
49122,1
49122,3
49123,5
49124,3
49125,1
49126,4
49127,7
49128,4
49129,7
49130,7
49131,5
49132,1
49133,7
49133,2
49133,4
49134,5
49135,5
49136,4
49137,6
49137,4
49138,7
49139,6
49140,5
49140,6
49141,7
49141,2
49142,4
49143,3
49144,7
49144,2
49144,5
49144,1
49145,1
49146,2
49147,5
49148,5
49149,3
49149,6
49150,3
49151,7
49152,5
49153,7
49153,2
49153,5
49153,1
49153,3
49153,6
49153,4
49154,7
49155,5
49156,4
49157,1
49158,7
49158,2
49158,5
49158,1
49159,3
49160,1
49161,1
49162,7
49162,3
49162,6
49162,4
49163,3
49164,5
49165,3
49166,6
49167,7
49167,2
49167,5
49167,1
49167,3
49168,6
49169,6
49170,7
49170,2
49171,6
49172,6
49173,7
49173,2
49173,5
49173,1
49173,3
49173,6
49173,4
49174,7
49174,2
49174,5
49174,1
49174,4
49175,2
49176,7
49177,3
49178,7
49179,7
49179,2
49179,5
49179,1
49179,3
49180,2
49181,7
49181,2
49181,5
49181,1
49181,3
49181,4
49182,2
49183,4
49184,7
49184,2
49184,5
49184,4
49185,1
49186,7
49186,2
49187,4
49188,6
49189,7
49189,2
49189,5
49189,1
49189,3
49190,1
49191,7
49192,1
49193,6
49194,3
49195,1
49196,3
49197,1
49198,6
49199,3
49200,5
49201,7
49202,7
49203,3
49204,1
49205,2
49206,1
49207,7
49207,2
49207,5
49207,1
49207,3
49207,6
49208,7
49208,2
49208,5
49208,1
49209,7
49209,2
49209,5
49209,1
49210,3
49211,4
49212,7
49213,3
49214,7
49215,5
49215,1
49216,5
49217,2
49218,5
49219,2
49220,4
49221,6
49221,4
49222,4
49223,4
49224,7
49224,2
49224,5
49224,1
49225,7
49226,2
49228,2
49229,3
49230,7
49231,2
49231,1
49232,5
49233,1
49234,1
49235,7
49235,1
49236,7
49237,7
49237,2
49237,5
49237,1
49237,3
49238,1
49239,4
49241,4
49242,1
49243,2
49244,3
49245,1
49246,5
49247,2
49247,5
49247,1
49248,5
49249,7
49250,5
49251,7
49251,3
49252,7
49253,5
49254,1
49254,3
49254,6
49255,7
49255,2
49255,5
49255,1
49255,3
49255,6
49255,4
49256,2
49257,1
49258,7
49258,2
49258,5
49258,1
49258,3
49258,6
49260,7
49261,1
49262,2
49262,5
49264,4
49265,5
49266,3
49267,6
49268,7
49269,1
49270,6
49271,7
49271,2
49271,5
49271,1
49272,4
49273,7
49273,6
49273,4
49274,7
49274,2
49274,5
49274,1
49274,3
49274,6
49274,4
49276,3
49277,7
49277,2
49277,5
49277,1
49279,7
49281,3
49282,2
49283,7
49283,2
49283,5
49283,1
49283,3
49284,4
49285,7
49285,2
49285,5
49285,1
49285,3
49286,3
49287,4
49288,1
49289,7
49290,7
49290,2
49290,5
49290,1
49290,3
49291,7
49292,6
49293,7
49294,5
49294,1
49295,7
49295,2
49295,5
49295,3
49296,4
49297,7
49297,2
49297,5
49298,6
49299,7
49300,1
49301,3
49302,2
49303,5
49304,4
49305,1
49306,7
49306,2
49306,5
49306,1
49306,3
49307,2
49308,4
49309,2
49310,7
49310,2
49310,5
49310,1
49310,3
49311,2
49312,5
49313,5
49314,3
49315,7
49315,2
49315,5
49315,1
49315,3
49316,7
49316,2
49316,5
49316,1
49316,3
49316,6
49316,4
49317,1
49318,4
49319,7
49320,4
49321,5
49322,5
49323,7
49324,3
49325,7
49325,2
49325,5
49325,1
49325,3
49325,6
49326,4
49327,5
49328,2
49329,5
49330,7
49330,2
49330,5
49330,1
49330,3
49330,6
49330,4
49331,3
49332,7
49332,2
49332,5
49332,1
49333,2
49334,7
49334,2
49334,5
49334,1
49334,3
49334,6
49335,3
49336,7
49337,7
49338,4
49340,3
49341,7
49341,4
49342,4
49343,7
49343,5
49343,3
49344,1
49345,1
49346,4
49347,2
49348,3
49349,1
49350,5
49351,5
49352,3
49352,6
49352,4
49353,7
49353,2
49353,5
49353,1
49353,3
49354,6
49355,7
49356,1
49357,7
49357,2
49357,5
49357,1
49357,3
49358,5
49359,4
49360,2
49361,4
49362,3
49362,6
49363,3
49364,5
49365,7
49365,2
49365,5
49365,1
49365,3
49365,6
49365,4
49366,7
49366,2
49366,5
49366,1
49366,3
49367,5
49368,7
49368,2
49368,5
49368,1
49368,3
49368,6
49368,4
49369,4
49370,1
49371,4
49372,7
49373,6
49374,5
49375,5
49376,3
49377,6
49378,3
49379,6
49380,5
49381,4
49382,3
49383,3
49384,3
49385,6
49386,7
49387,5
49387,4
49388,5
49389,5
49390,4
49391,6
49393,5
49394,7
49394,2
49394,5
49394,1
49394,3
49394,6
49394,4
49395,2
49396,2
49397,2
49398,2
49399,2
49400,2
49401,3
49401,6
49402,3
49402,6
49403,3
49403,6
49404,1
49405,7
49405,2
49406,3
49406,4
49407,5
49408,7
49410,7
49411,3
49412,1
49412,3
49412,6
49413,1
49414,6
49415,4
49416,2
49417,3
49418,7
49418,2
49418,5
49418,1
49418,3
49419,7
49419,2
49420,7
49421,3
49422,5
49423,5
49424,2
49425,7
49426,3
49427,3
49428,6
49429,3
49430,7
49430,2
49430,5
49430,1
49432,1
49433,7
49434,5
49434,1
49435,3
49436,7
49436,2
49437,1
49438,5
49439,5
49440,5
49440,1
49441,7
49441,2
49441,5
49441,1
49442,5
49443,7
49444,5
49445,2
49446,1
49447,3
49448,4
49449,4
49450,6
49450,4
49451,3
49452,4
49453,7
49453,2
49453,5
49453,1
49453,4
49454,7
49455,1
49455,3
49456,3
49457,7
49457,2
49457,5
49458,2
49459,5
49461,7
49461,2
49461,5
49461,1
49461,3
49462,7
49462,2
49462,5
49462,1
49462,3
49462,6
49463,7
49463,2
49463,5
49463,1
49463,3
49464,1
49466,7
49467,7
49467,2
49467,5
49467,1
49467,3
49468,3
49469,7
49469,2
49469,5
49470,7
49471,3
49472,3
49473,4
49474,4
49475,7
49476,5
49477,5
49478,5
49479,7
49479,2
49480,3
49481,5
49482,5
49483,7
49483,1
49483,3
49483,4
49484,1
49485,7
49485,2
49485,5
49485,1
49485,3
49486,1
49487,5
49488,5
49489,4
49490,5
49491,4
49492,7
49493,4
49494,1
49495,7
49496,3
49497,1
49498,5
49499,2
49499,5
49499,1
49500,5
49500,1
49500,3
49501,1
49501,3
49501,6
49501,4
49502,3
49503,3
49504,1
49505,3
49506,4
49507,5
49508,2
49509,6
49510,1
49511,7
49513,7
49513,2
49513,5
49513,1
49513,3
49514,6
49515,6
49516,2
49517,7
49518,2
49518,5
49518,1
49519,6
49520,3
49521,4
49522,6
49523,3
49524,4
49525,2
49526,6
49527,3
49528,3
49529,6
49530,6
49531,4
49532,4
49533,4
49534,4
49535,4
49536,6
49537,7
49538,4
49540,6
49541,2
49541,5
49541,1
49542,6
49543,7
49544,5
49545,5
49546,6
49546,4
49547,1
49548,7
49549,3
49550,3
49551,5
49552,4
49553,5
49553,6
49554,5
49555,5
49556,7
49556,2
49556,5
49556,1
49556,3
49556,6
49556,4
49557,5
49558,5
49559,4
49560,7
49560,2
49562,7
49563,4
49564,2
49564,5
49565,3
49566,7
49566,2
49566,5
49566,1
49566,3
49567,5
49568,3
49569,7
49569,2
49569,5
49569,1
49570,1
49571,3
49572,7
49573,3
49574,2
49575,2
49576,7
49577,2
49578,1
49579,1
49580,7
49580,2
49580,5
49580,1
49580,3
49581,7
49581,2
49581,5
49581,1
49581,3
49582,3
49583,5
49584,1
49585,1
49586,3
49587,1
49588,1
49589,4
49590,3
49591,1
49592,4
49593,6
49594,7
49594,2
49594,5
49594,1
49595,7
49596,3
49597,1
49598,3
49599,6
49600,5
49601,4
49602,7
49602,2
49602,5
49602,1
49602,3
49602,6
49602,4
49603,3
49604,4
49605,7
49605,2
49605,5
49605,1
49605,3
49606,7
49606,2
49606,5
49606,1
49607,6
49608,7
49608,2
49608,5
49609,5
49609,1
49610,7
49611,1
49612,5
49613,4
49614,7
49615,2
49616,7
49617,3
49618,7
49618,2
49618,5
49618,1
49619,2
49620,7
49620,2
49620,4
49621,6
49622,3
49623,5
49624,4
49625,2
49625,5
49626,3
49627,4
49628,4
49629,1
49630,5
49631,5
49632,5
49633,5
49634,6
49635,3
49636,7
49636,2
49636,5
49636,1
49637,6
49638,7
49638,2
49638,5
49638,1
49639,2
49639,5
49639,1
49639,3
49640,6
49641,5
49642,3
49643,1
49644,7
49644,2
49644,5
49644,1
49645,1
49645,4
49646,5
49647,2
49648,7
49649,3
49650,4
49651,1
49652,5
49653,2
49653,1
49654,5
49655,7
49655,2
49655,5
49655,1
49655,3
49657,5
49658,2
49659,3
49660,2
49661,2
49662,1
49663,4
49664,5
49665,7
49666,4
49667,6
49668,2
49669,7
49670,4
49671,2
49672,6
49673,2
49674,2
49674,5
49675,5
49675,1
49676,4
49677,7
49679,3
49680,3
49681,3
49682,5
49682,1
49683,7
49683,2
49684,6
49685,1
49686,1
49687,5
49689,5
49690,2
49691,7
49692,7
49693,7
49693,2
49693,5
49693,1
49693,3
49693,6
49693,4
49694,7
49695,3
49695,6
49696,7
49696,2
49696,5
49696,1
49696,3
49697,5
49698,7
49698,2
49698,5
49698,1
49699,3
49700,4
49701,4
49702,4
49703,4
49704,7
49704,2
49704,5
49704,1
49704,3
49705,7
49705,2
49705,5
49705,1
49705,3
49706,7
49706,2
49707,1
49708,7
49709,7
49709,2
49709,1
49710,6
49711,7
49711,2
49711,5
49711,1
49711,3
49712,5
49713,5
49713,1
49714,5
49715,5
49715,1
49716,7
49716,2
49716,5
49716,1
49716,3
49717,2
49718,5
49719,3
49720,4
49721,5
49722,7
49722,2
49722,5
49722,1
49723,7
49723,2
49723,5
49723,1
49724,7
49725,7
49725,2
49725,5
49725,1
49725,3
49725,6
49725,4
49726,7
49726,2
49726,5
49726,1
49726,3
49727,1
49728,7
49729,7
49729,2
49730,1
49731,6
49731,4
49732,3
49733,2
49734,3
49735,4
49736,1
49737,5
49739,7
49739,2
49739,5
49739,1
49739,3
49739,6
49739,4
49740,7
49740,2
49740,5
49740,1
49740,3
49740,6
49740,4
49741,2
49742,6
49742,4
49743,5
49744,5
49745,1
49746,6
49747,7
49747,2
49747,5
49747,1
49747,3
49747,6
49747,4
49748,7
49748,2
49748,4
49749,7
49749,2
49749,5
49750,3
49751,3
49752,1
49753,4
49754,4
49755,5
49756,7
49756,2
49756,5
49756,1
49756,3
49757,7
49758,7
49759,7
49760,7
49760,2
49760,5
49760,1
49760,3
49761,7
49762,6
49763,1
49763,3
49764,1
49765,5
49766,4
49767,4
49768,7
49768,2
49768,5
49768,1
49768,3
49768,6
49768,4
49769,7
49769,2
49769,5
49769,1
49769,3
49769,6
49769,4
49770,7
49770,2
49770,5
49770,1
49770,3
49770,6
49770,4
49771,7
49772,7
49772,2
49772,5
49772,1
49772,3
49772,6
49772,4
49773,5
49774,1
49776,7
49777,7
49777,2
49777,5
49778,3
49779,3
49779,6
49780,7
49781,2
49782,2
49783,7
49784,7
49784,2
49785,7
49785,2
49785,5
49785,1
49785,3
49785,6
49785,4
49786,7
49787,2
49787,1
49787,3
49787,6
49787,4
49788,7
49788,2
49789,7
49789,6
49790,5
49791,7
49792,7
49792,2
49792,5
49792,1
49792,3
49792,6
49792,4
49793,2
49794,1
49795,4
49796,4
49798,7
49798,2
49798,5
49798,1
49798,3
49799,1
49800,7
49801,3
49802,5
49802,1
49802,3
49803,2
49804,7
49804,2
49804,5
49804,1
49804,3
49804,6
49804,4
49805,3
49806,1
49807,7
49807,2
49807,5
49807,1
49807,3
49807,6
49807,4
49808,7
49808,2
49808,5
49808,1
49808,3
49808,6
49808,4
49809,7
49809,2
49809,5
49809,1
49809,3
49809,6
49809,4
49810,7
49810,2
49810,5
49810,1
49810,3
49810,6
49810,4
49811,7
49811,2
49811,5
49811,1
49811,3
49811,6
49811,4
49812,1
49813,6
49814,7
49814,2
49814,5
49814,1
49814,3
49814,6
49814,4
49815,7
49815,2
49815,5
49815,1
49815,3
49815,6
49815,4
49816,7
49816,2
49816,5
49816,1
49816,3
49816,6
49816,4
49817,7
49817,2
49817,5
49817,1
49817,3
49817,6
49817,4
49818,7
49818,2
49818,5
49818,1
49818,3
49818,6
49818,4
49819,7
49819,2
49819,5
49819,1
49819,3
49819,6
49819,4
49820,2
49820,5
49820,1
49821,3
49822,4
49823,5
49824,5
49825,5
49825,1
49826,3
49827,7
49827,2
49827,5
49827,1
49827,3
49828,1
49829,4
49830,5
49831,6
49832,1
49833,7
49833,2
49833,5
49834,6
49835,7
49835,2
49835,5
49835,1
49835,3
49836,6
49836,4
49837,1
49838,4
49839,3
49840,7
49840,6
49841,7
49842,7
49842,2
49842,5
49842,1
49842,3
49843,3
49844,7
49845,6
49846,3
49847,6
49848,4
49849,3
49850,1
49851,6
49852,7
49853,7
49854,4
49855,4
49856,5
49857,3
49858,7
49858,2
49858,5
49858,1
49858,3
49859,4
49860,5
49860,1
49861,7
49862,7
49862,2
49862,5
49862,1
49862,3
49862,6
49862,4
49863,2
49864,7
49864,2
49864,5
49864,1
49864,3
49864,6
49864,4
49865,7
49866,1
49866,3
49866,6
49867,7
49867,2
49867,5
49867,1
49867,3
49867,6
49867,4
49868,7
49868,2
49868,5
49868,1
49868,3
49868,6
49868,4
49869,7
49869,2
49869,5
49869,1
49869,3
49869,6
49869,4
49870,2
49870,3
49871,5
49871,6
49872,2
49873,4
49874,7
49875,1
49876,7
49877,5
49878,5
49879,1
49880,1
49881,1
49882,7
49882,2
49882,5
49882,1
49883,2
49884,7
49884,2
49884,5
49884,1
49884,3
49884,6
49884,4
49885,2
49886,2
49887,4
49888,4
49889,7
49890,1
49891,5
49891,1
49892,3
49892,6
49893,5
49894,1
49894,3
49894,6
49894,4
49895,7
49895,4
49896,7
49897,5
49898,2
49899,2
49900,5
49901,1
49902,5
49902,1
49903,6
49904,4
49905,1
49906,4
49907,7
49907,2
49907,5
49907,1
49907,3
49908,2
49909,1
49910,2
49910,5
49911,2
49911,1
49912,6
49913,3
49914,6
49915,2
49916,1
49917,7
49917,2
49917,5
49917,1
49917,3
49919,2
49920,3
49921,6
49922,6
49923,7
49924,3
49924,6
49925,3
49926,7
49927,7
49927,2
49927,5
49927,1
49927,3
49928,6
49929,7
49929,2
49929,5
49929,1
49929,3
49929,6
49929,4
49930,6
49930,4
49931,6
49932,7
49932,2
49932,5
49932,1
49932,3
49932,6
49932,4
49933,7
49933,2
49933,5
49933,1
49933,3
49933,6
49933,4
49934,4
49935,4
49936,4
49937,3
49938,4
49939,6
49940,3
49941,4
49942,7
49943,7
49944,7
49945,1
49946,2
49947,5
49948,1
49949,2
49950,7
49950,2
49950,5
49950,1
49950,3
49950,6
49950,4
49951,3
49952,4
49953,5
49954,1
49955,3
49956,7
49957,3
49958,3
49959,1
49960,1
49961,1
49963,6
49964,6
49965,3
49966,7
49966,5
49967,4
49968,7
49969,1
49969,3
49969,6
49969,4
49970,2
49971,7
49971,2
49971,5
49971,1
49971,3
49971,6
49971,4
49972,5
49972,1
49973,5
49974,7
49974,2
49974,5
49974,1
49974,3
49975,1
49976,2
49976,5
49976,1
49976,3
49977,7
49977,2
49978,7
49978,2
49978,5
49978,1
49979,3
49980,7
49981,2
49982,7
49983,6
49984,7
49985,7
49986,7
49986,2
49986,5
49986,1
49986,3
49986,6
49986,4
49987,1
49988,5
49989,2
49989,1
49991,7
49991,2
49991,5
49992,2
49993,3
49994,1
49995,1
49996,1
49997,4
49999,5
50000,7
50001,7
50001,2
50001,5
50001,1
50001,3
50002,2
50003,7
50004,4
50005,2
50006,4
50007,7
50007,2
50008,3
50009,5
50009,1
50009,3
50010,5
50010,1
50011,5
50012,7
50013,2
50014,2
50015,7
50015,2
50015,5
50015,1
50015,3
50015,6
50015,4
50016,4
50017,7
50018,3
50019,7
50019,2
50019,5
50019,1
50019,3
50019,6
50019,4
50020,4
50021,2
50022,7
50023,1
50024,3
50025,4
50026,1
50027,6
50027,4
50028,4
50029,7
50029,2
50029,5
50029,1
50029,3
50030,2
50031,6
50032,1
50033,7
50034,3
50035,3
50036,5
50036,1
50037,5
50037,1
50038,7
50038,2
50038,5
50038,1
50038,3
50038,6
50038,4
50039,7
50039,2
50039,5
50039,1
50039,3
50039,6
50039,4
50040,7
50040,2
50040,5
50040,1
50040,3
50040,6
50040,4
50041,3
50042,5
50043,7
50043,2
50043,5
50043,1
50043,3
50043,6
50043,4
50044,7
50044,2
50044,5
50044,1
50044,3
50044,6
50044,4
50045,3
50046,7
50046,2
50046,5
50046,1
50047,7
50047,2
50047,5
50047,1
50047,3
50048,3
50049,7
50049,2
50049,5
50049,1
50049,3
50050,3
50051,2
50052,3
50053,2
50054,7
50054,2
50054,5
50054,1
50054,3
50054,6
50054,4
50055,7
50055,2
50055,5
50055,1
50055,3
50055,6
50055,4
50056,7
50056,2
50056,5
50056,1
50056,3
50056,6
50056,4
50057,1
50058,2
50059,7
50060,7
50061,7
50061,2
50061,5
50061,1
50061,3
50062,7
50062,2
50062,5
50063,5
50064,7
50064,2
50065,2
50066,1
50068,7
50068,2
50069,3
50069,4
50070,2
50070,5
50070,1
50071,6
50072,5
50073,5
50074,7
50074,2
50074,5
50074,1
50074,3
50074,6
50074,4
50075,1
50076,2
50077,2
50077,5
50078,5
50079,7
50080,6
50081,7
50081,2
50081,5
50081,1
50082,5
50082,1
50083,4
50084,1
50085,5
50085,1
50086,3
50087,3
50088,1
50089,7
50090,5
50091,6
50092,7
50093,4
50094,5
50095,6
50096,1
50097,3
50098,5
50099,7
50099,2
50099,5
50099,1
50099,3
50099,6
50099,4
50100,7
50100,2
50100,5
50100,1
50100,3
50100,6
50100,4
50101,3
50102,6
50103,3
50104,7
50104,2
50104,5
50104,1
50104,3
50104,6
50104,4
50105,6
50106,4
50107,4
50108,6
50109,3
50110,3
50111,2
50112,7
50112,2
50112,5
50112,1
50112,3
50113,7
50113,2
50113,5
50113,1
50113,3
50113,6
50113,4
50114,6
50115,6
50116,7
50117,5
50118,2
50119,4
50120,1
50121,3
50122,6
50123,7
50123,2
50123,5
50123,1
50123,3
50123,6
50123,4
50124,1
50125,7
50125,2
50125,5
50125,1
50125,3
50125,6
50125,4
50126,7
50126,2
50126,5
50126,1
50127,5
50128,3
50129,7
50130,6
50131,3
50132,7
50132,2
50132,5
50132,1
50133,6
50134,6
50135,4
50136,4
50137,4
50138,7
50138,2
50138,5
50138,1
50138,3
50138,6
50138,4
50139,7
50139,2
50139,5
50139,1
50139,3
50139,6
50139,4
50140,3
50141,1
50142,1
50143,4
50144,6
50144,4
50145,7
50145,4
50146,7
50146,2
50146,5
50146,1
50146,3
50147,5
50148,7
50148,2
50148,5
50148,1
50148,3
50149,1
50150,4
50151,4
50152,3
50153,4
50154,7
50154,2
50154,5
50154,1
50154,3
50155,6
50156,7
50156,2
50156,5
50156,1
50156,3
50157,2
50158,3
50159,3
50160,2
50161,1
50162,7
50163,4
50164,4
50165,7
50165,2
50165,5
50166,6
50168,7
50169,5
50170,7
50170,2
50170,5
50170,1
50170,3
50171,6
50172,7
50172,2
50172,5
50173,7
50174,2
50175,6
50176,3
50177,2
50178,6
50179,7
50179,2
50179,5
50179,1
50180,7
50180,2
50180,5
50180,1
50181,3
50182,6
50182,4
50183,1
50184,4
50185,2
50186,7
50186,2
50186,5
50186,1
50186,3
50187,6
50188,5
50189,4
50190,4
50191,5
50192,5
50193,3
50194,2
50195,6
50196,3
50197,5
50198,5
50199,3
50200,1
50201,3
50202,2
50203,2
50203,5
50203,1
50203,3
50204,7
50204,2
50204,5
50204,1
50204,3
50205,1
50206,5
50207,5
50208,5
50209,4
50210,5
50211,3
50212,3
50213,7
50213,2
50214,7
50215,1
50216,4
50217,7
50217,5
50218,3
50218,4
50219,4
50220,7
50221,6
50222,7
50222,2
50222,5
50222,1
50223,4
50224,1
50225,2
50226,3
50227,7
50228,7
50228,2
50228,5
50228,1
50229,7
50229,2
50229,5
50229,1
50230,5
50231,4
50232,6
50233,5
50234,5
50235,3
50236,3
50237,7
50237,2
50237,5
50237,1
50237,3
50237,6
50237,4
50238,7
50239,1
50240,5
50240,1
50241,5
50242,7
50242,2
50242,5
50242,1
50242,3
50243,1
50244,6
50245,5
50246,6
50247,6
50248,6
50249,7
50249,2
50249,5
50249,1
50249,3
50250,1
50251,7
50251,1
50252,7
50252,2
50252,5
50252,1
50252,3
50253,7
50254,7
50254,2
50254,5
50254,1
50254,3
50255,7
50255,2
50255,5
50255,3
50255,4
50256,7
50257,7
50257,2
50257,5
50257,1
50257,3
50258,2
50259,7
50260,5
50261,1
50263,2
50264,4
50265,7
50265,2
50265,5
50265,1
50266,7
50266,2
50266,5
50266,1
50267,1
50268,4
50269,1
50270,2
50271,7
50272,6
50272,4
50273,7
50274,7
50275,7
50275,2
50275,5
50275,1
50275,3
50276,6
50277,4
50278,4
50279,3
50280,5
50281,3
50282,7
50283,7
50283,2
50283,5
50284,6
50285,3
50286,7
50286,2
50286,5
50287,7
50287,2
50287,5
50287,1
50287,3
50288,6
50289,4
50290,4
50291,4
50292,7
50293,2
50294,5
50295,6
50296,3
50296,6
50297,2
50298,7
50298,2
50299,5
50300,2
50300,5
50301,5
50302,1
50303,7
50303,2
50303,5
50303,1
50303,3
50303,6
50303,4
50304,5
50305,1
50306,2
50307,6
50308,3
50309,1
50310,2
50311,5
50312,5
50313,7
50313,2
50314,1
50315,7
50316,4
50317,3
50318,3
50319,1
50320,2
50321,1
50322,4
50323,1
50324,6
50325,7
50325,2
50325,5
50325,1
50325,3
50325,6
50325,4
50326,4
50327,7
50327,2
50327,5
50327,1
50327,3
50328,3
50329,4
50330,7
50331,7
50331,2
50331,5
50331,1
50331,3
50331,6
50331,4
50332,3
50333,4
50334,2
50335,4
50336,7
50336,2
50337,6
50337,4
50338,1
50339,7
50340,6
50341,2
50342,3
50343,3
50344,6
50344,4
50345,3
50346,6
50347,6
50348,6
50349,1
50350,1
50351,3
50352,7
50352,2
50352,5
50352,1
50353,5
50354,1
50354,3
50355,1
50356,2
50357,1
50358,2
50359,1
50360,5
50360,1
50361,1
50362,4
50363,1
50364,7
50364,2
50364,4
50365,3
50366,2
50366,5
50366,1
50367,7
50367,2
50367,5
50367,1
50367,3
50367,6
50367,4
50368,7
50368,2
50368,5
50368,1
50368,3
50368,6
50368,4
50369,4
50370,7
50370,2
50370,5
50370,1
50370,3
50370,6
50370,4
50371,4
50372,2
50373,3
50374,6
50375,6
50376,4
50377,6
50378,2
50379,4
50380,5
50381,6
50381,4
50382,2
50383,7
50384,1
50385,6
50386,4
50387,3
50388,6
50389,7
50390,4
50391,2
50392,7
50392,2
50392,5
50392,1
50392,3
50393,2
50394,1
50395,2
50397,2
50398,5
50399,7
50399,2
50399,5
50399,1
50399,3
50400,2
50401,4
50402,7
50402,2
50402,5
50402,1
50402,3
50403,7
50403,2
50403,5
50403,1
50404,4
50405,2
50406,3
50407,1
50408,7
50408,2
50408,5
50408,1
50408,3
50409,2
50410,4
50411,7
50412,2
50413,5
50414,7
50414,2
50414,5
50415,7
50416,3
50417,7
50417,2
50417,5
50418,7
50418,2
50418,5
50418,1
50418,3
50419,7
50419,2
50419,5
50419,1
50419,3
50420,7
50421,5
50421,3
50422,1
50422,3
50422,6
50424,7
50424,2
50424,5
50425,7
50425,5
50425,1
50425,3
50425,6
50425,4
50426,5
50427,7
50427,2
50427,5
50427,1
50427,3
50427,6
50427,4
50428,5
50428,1
50429,3
50430,7
50431,4
50432,5
50433,3
50434,6
50435,1
50436,6
50437,4
50438,1
50439,3
50440,5
50441,3
50442,7
50442,2
50442,5
50442,1
50442,3
50442,6
50442,4
50443,4
50444,2
50445,5
50445,1
50446,7
50446,2
50446,5
50446,1
50446,3
50447,7
50447,2
50447,5
50447,1
50448,7
50448,2
50448,5
50448,1
50448,3
50449,7
50449,2
50449,5
50449,1
50449,3
50450,7
50450,2
50450,6
50450,4
50451,7
50451,2
50451,5
50451,4
50452,6
50453,7
50453,2
50453,5
50453,1
50453,3
50453,6
50453,4
50454,7
50454,2
50454,5
50454,1
50454,3
50455,7
50456,7
50456,2
50456,5
50457,7
50457,2
50457,5
50457,4
50458,1
50458,3
50458,6
50459,3
50460,6
50460,4
50461,6
50461,4
50462,6
50462,4
50463,6
50464,6
50465,6
50466,4
50467,7
50467,2
50467,5
50467,1
50467,3
50468,4
50469,4
50470,7
50471,2
50472,7
50472,6
50472,4
50473,7
50473,2
50473,5
50473,1
50473,3
50473,6
50473,4
50474,2
50474,5
50474,1
50475,3
50476,5
50477,1
50478,7
50478,2
50478,5
50478,1
50478,3
50479,3
50480,7
50481,4
50482,6
50483,3
50484,3
50485,4
50486,7
50486,2
50486,5
50486,1
50486,3
50486,6
50486,4
50487,7
50487,2
50487,5
50487,1
50487,3
50488,1
50489,4
50490,3
50491,7
50491,2
50491,5
50491,1
50491,3
50491,6
50491,4
50492,7
50493,4
50494,4
50495,2
50496,3
50497,7
50497,2
50497,5
50497,1
50497,3
50497,6
50497,4
50498,5
50499,3
50500,5
50501,2
50502,3
50503,1
50504,2
50505,3
50505,6
50506,5
50507,2
50507,5
50508,2
50508,5
50508,1
50508,3
50509,7
50509,2
50509,5
50509,1
50509,3
50509,6
50509,4
50510,7
50510,2
50510,5
50510,1
50510,3
50510,6
50510,4
50511,7
50511,2
50511,5
50511,1
50511,3
50511,6
50511,4
50512,1
50513,7
50513,2
50513,5
50513,1
50513,4
50514,7
50515,7
50515,2
50515,5
50515,1
50515,3
50516,7
50516,2
50516,5
50517,6
50518,7
50519,4
50520,6
50521,2
50522,2
50523,6
50523,4
50524,4
50525,2
50526,3
50527,2
50528,1
50529,4
50530,7
50530,2
50530,5
50530,1
50530,3
50531,7
50531,2
50531,5
50531,1
50531,3
50532,5
50533,7
50533,2
50533,5
50533,1
50533,3
50534,1
50535,5
50536,7
50536,2
50536,5
50536,1
50536,3
50536,6
50537,2
50538,3
50539,7
50539,2
50539,5
50539,1
50539,3
50540,7
50540,2
50540,5
50541,3
50542,1
50543,2
50543,5
50543,4
50544,6
50544,4
50545,7
50545,2
50545,5
50545,1
50546,6
50547,7
50547,2
50548,7
50548,2
50548,5
50548,1
50549,4
50550,7
50550,2
50550,5
50550,1
50550,3
50550,6
50550,4
50551,7
50552,7
50553,3
50554,5
50554,1
50555,7
50556,2
50557,4
50558,7
50558,2
50558,5
50558,1
50559,2
50560,1
50561,7
50561,2
50561,5
50562,7
50563,4
50564,6
50565,7
50565,2
50565,5
50565,1
50565,3
50565,6
50565,4
50566,1
50567,6
50568,5
50569,7
50570,1
50570,3
50570,6
50571,6
50572,4
50573,5
50574,1
50575,7
50575,2
50575,5
50575,1
50575,3
50575,6
50575,4
50576,1
50577,7
50578,6
50579,6
50580,6
50581,3
50582,4
50583,7
50583,2
50584,1
50585,7
50585,2
50585,5
50585,1
50585,3
50587,7
50587,4
50588,4
50589,3
50590,7
50590,2
50590,5
50590,1
50590,3
50591,3
50592,1
50592,3
50593,7
50593,2
50593,5
50593,1
50593,3
50593,6
50593,4
50594,7
50594,2
50594,5
50594,1
50594,3
50594,6
50594,4
50595,4
50596,6
50597,7
50597,2
50598,3
50599,7
50600,3
50600,6
50601,5
50602,2
50602,1
50603,5
50604,3
50604,6
50605,7
50605,2
50605,5
50605,1
50605,3
50605,6
50605,4
50606,1
50607,7
50607,2
50607,5
50607,1
50607,3
50607,6
50607,4
50608,6
50609,7
50609,2
50609,5
50609,1
50610,4
50611,7
50612,2
50612,1
50613,7
50613,2
50613,5
50613,1
50613,3
50614,4
50615,4
50616,5
50617,7
50617,2
50617,5
50617,1
50618,7
50618,2
50618,5
50618,1
50619,7
50620,3
50621,7
50621,2
50621,5
50621,1
50621,3
50621,6
50621,4
50622,7
50622,2
50622,5
50622,1
50622,3
50622,6
50622,4
50623,3
50624,7
50624,2
50624,5
50624,1
50624,3
50624,6
50624,4
50625,7
50625,2
50625,5
50625,1
50625,3
50625,6
50625,4
50626,7
50626,2
50626,5
50626,1
50626,3
50626,6
50626,4
50627,7
50627,2
50627,5
50627,1
50627,3
50627,6
50627,4
50628,7
50628,2
50628,5
50628,1
50628,3
50628,6
50628,4
50629,7
50629,2
50629,5
50629,1
50629,3
50629,6
50629,4
50630,7
50630,2
50630,5
50630,1
50630,3
50630,6
50630,4
50631,7
50632,5
50632,1
50633,6
50633,4
50634,1
50634,3
50635,7
50635,2
50635,5
50635,4
50636,7
50636,2
50636,5
50636,1
50636,3
50637,1
50638,3
50639,2
50640,1
50641,5
50642,7
50642,2
50642,5
50642,1
50642,3
50642,6
50642,4
50643,7
50643,2
50643,5
50643,1
50643,3
50643,6
50643,4
50644,7
50644,2
50644,5
50644,1
50644,3
50644,6
50644,4
50645,7
50645,2
50645,5
50645,1
50645,3
50645,6
50645,4
50646,7
50646,2
50646,5
50646,1
50646,3
50646,6
50646,4
50647,2
50648,7
50648,2
50648,5
50648,1
50648,3
50648,6
50648,4
50649,1
50650,7
50650,2
50650,5
50650,1
50650,3
50650,6
50650,4
50651,3
50652,1
50653,7
50654,7
50655,2
50656,7
50656,2
50656,5
50656,1
50656,3
50657,3
50658,4
50659,7
50659,2
50659,5
50659,1
50660,2
50661,5
50662,7
50663,2
50664,7
50665,3
50666,7
50666,2
50666,5
50666,1
50666,3
50667,7
50667,2
50667,5
50667,1
50667,3
50668,2
50668,5
50668,1
50668,3
50669,7
50669,5
50669,1
50669,4
50670,7
50671,3
50672,2
50673,7
50674,2
50675,4
50676,7
50677,5
50678,4
50679,4
50680,4
50681,7
50681,2
50681,5
50681,1
50681,4
50682,7
50682,2
50682,5
50682,1
50682,3
50682,6
50682,4
50683,7
50683,2
50683,5
50683,1
50683,3
50684,7
50684,2
50684,5
50684,1
50684,3
50685,3
50686,2
50686,6
50687,7
50688,4
50689,3
50690,7
50691,4
50692,6
50692,4
50693,1
50694,7
50694,2
50695,2
50695,3
50695,6
50696,3
50697,3
50698,3
50699,4
50700,6
50701,3
50702,3
50703,1
50704,1
50705,7
50706,7
50707,1
50708,7
50708,2
50708,5
50708,1
50709,2
50710,7
50711,5
50712,4
50713,1
50714,4
50715,4
50716,5
50717,3
50718,7
50719,1
50720,4
50721,4
50722,2
50723,2
50724,2
50725,6
50726,7
50726,2
50726,5
50726,1
50727,6
50728,5
50729,5
50730,4
50731,7
50732,3
50733,6
50734,1
50735,5
50735,1
50736,1
50737,6
50738,3
50739,2
50740,7
50740,2
50740,5
50740,1
50741,5
50742,6
50743,4
50744,4
50745,2
50745,5
50745,1
50746,5
50747,2
50748,3
50749,7
50749,2
50749,5
50749,1
50750,3
50751,5
50752,3
50753,2
50754,3
50755,5
50756,7
50757,7
50758,5
50759,3
50760,1
50761,5
50762,4
50763,7
50763,2
50763,5
50763,1
50764,4
50765,5
50766,7
50766,2
50766,5
50766,1
50766,3
50766,6
50766,4
50767,7
50768,7
50768,2
50769,5
50770,7
50770,2
50770,5
50771,7
50771,3
50772,1
50773,7
50774,5
50775,5
50776,5
50776,1
50777,3
50778,1
50779,4
50780,3
50781,3
50782,4
50783,2
50783,5
50783,1
50783,3
50784,3
50785,7
50785,2
50785,5
50785,1
50785,3
50785,6
50785,4
50786,5
50787,6
50788,7
50789,1
50790,4
50791,5
50792,7
50792,2
50792,5
50792,1
50793,5
50794,5
50794,1
50795,6
50796,6
50797,1
50798,7
50799,1
50800,7
50801,3
50801,6
50801,4
50802,2
50803,7
50803,2
50803,5
50803,1
50803,3
50803,6
50803,4
50804,1
50805,7
50805,2
50805,5
50805,1
50806,5
50807,6
50808,4
50809,3
50810,5
50811,1
50812,5
50813,1
50813,3
50813,6
50813,4
50814,5
50815,4
50816,6
50816,4
50817,7
50818,7
50818,2
50818,5
50818,1
50820,7
50820,2
50820,5
50820,1
50820,3
50820,6
50820,4
50821,7
50821,2
50821,5
50821,1
50821,3
50821,6
50821,4
50822,1
50822,4
50823,7
50823,2
50824,6
50825,7
50826,7
50827,6
50827,4
50828,1
50829,3
50829,6
50830,1
50831,7
50831,2
50832,2
50833,2
50834,2
50835,7
50835,2
50835,5
50836,1
50837,1
50838,7
50838,2
50838,4
50839,5
50840,7
50840,2
50840,5
50840,1
50840,3
50841,1
50843,2
50843,5
50843,1
50844,2
50845,7
50845,2
50845,5
50845,1
50845,3
50846,7
50846,2
50846,5
50847,3
50848,6
50848,4
50849,6
50850,1
50851,5
50852,7
50854,7
50854,2
50855,7
50856,2
50856,5
50856,1
50857,3
50858,5
50859,3
50860,7
50861,7
50861,2
50861,5
50861,1
50861,3
50862,6
50862,4
50863,2
50863,1
50864,7
50864,2
50864,5
50865,2
50866,1
50867,5
50868,7
50869,6
50870,7
50870,2
50870,5
50870,1
50871,1
50872,1
50873,1
50874,1
50875,1
50876,4
50877,2
50878,3
50879,2
50880,6
50881,4
50882,7
50882,2
50882,5
50882,1
50882,3
50883,3
50884,5
50884,1
50885,5
50886,5
50887,5
50888,7
50889,7
50889,2
50890,7
50890,2
50890,5
50890,1
50890,3
50891,1
50892,7
50893,1
50894,4
50895,4
50896,7
50897,1
50898,3
50899,7
50900,1
50901,4
50902,3
50903,4
50904,7
50905,3
50906,4
50907,3
50908,3
50909,7
50909,4
50910,7
50910,2
50910,5
50910,1
50910,4
50911,3
50912,2
50913,1
50914,5
50917,5
50917,1
50918,1
50919,1
50920,5
50921,5
50922,7
50922,2
50923,2
50924,7
50925,7
50926,3
50927,1
50928,2
50929,1
50930,6
50931,1
50932,3
50933,1
50933,3
50933,6
50933,4
50934,7
50935,1
50936,1
50938,1
50939,1
50939,4
50940,7
50941,3
50942,6
50943,6
50944,5
50944,4
50945,1
50946,7
50946,2
50946,5
50946,1
50946,3
50947,6
50948,4
50949,1
50950,2
50951,2
50952,5
50953,2
50953,5
50954,5
50954,1
50955,5
50956,3
50957,2
50958,3
50959,5
50960,7
50960,2
50960,5
50960,1
50960,3
50960,6
50960,4
50961,3
50962,2
50963,4
50964,4
50965,5
50966,3
50967,6
50968,3
50969,4
50970,1
50971,1
50972,6
50973,5
50974,6
50975,7
50975,2
50975,5
50975,1
50975,3
50975,6
50975,4
50976,1
50977,7
50977,2
50977,5
50977,1
50978,7
50978,2
50978,5
50978,1
50978,3
50979,3
50980,5
50980,4
50981,1
50982,3
50983,6
50984,1
50985,3
50986,7
50986,2
50986,5
50986,1
50986,3
50987,3
50988,6
50989,4
50990,3
50991,7
50992,3
50993,2
50994,7
50994,2
50994,5
50994,1
50995,3
50996,2
50996,1
50996,6
50997,1
50998,2
50999,7
50999,2
50999,5
50999,1
50999,3
51000,4
51001,7
51002,3
51003,5
51004,3
51005,4
51006,2
51006,5
51006,1
51006,3
51007,5
51007,1
51008,1
51008,3
51008,6
51008,4
51009,7
51009,2
51009,5
51009,1
51010,1
51011,6
51012,3
51013,5
51014,7
51014,2
51014,5
51015,7
51015,2
51015,5
51015,1
51015,3
51015,6
51015,4
51016,7
51016,2
51016,5
51016,1
51016,3
51016,6
51016,4
51017,2
51018,5
51019,4
51020,4
51021,7
51022,4
51023,6
51024,1
51025,4
51026,2
51027,4
51028,7
51028,2
51029,6
51030,7
51030,2
51030,4
51031,7
51031,2
51031,5
51031,1
51032,4
51033,7
51033,2
51033,4
51034,7
51034,2
51034,5
51034,1
51034,3
51035,4
51036,7
51037,6
51038,6
51039,5
51040,7
51041,7
51041,6
51041,4
51042,7
51042,2
51042,5
51042,1
51042,3
51043,7
51043,2
51044,5
51045,7
51046,2
51047,7
51048,5
51049,7
51049,2
51049,5
51049,1
51049,3
51050,7
51050,2
51050,5
51050,1
51050,3
51050,6
51050,4
51051,7
51052,4
51053,2
51054,1
51055,5
51056,7
51056,2
51056,5
51056,1
51056,3
51056,6
51056,4
51057,5
51057,1
51057,3
51058,1
51059,4
51060,5
51061,1
51062,5
51063,7
51063,2
51063,5
51063,1
51063,3
51063,6
51063,4
51064,5
51065,5
51066,7
51067,3
51068,5
51069,7
51069,2
51069,5
51069,1
51069,3
51070,2
51071,5
51072,2
51072,5
51073,3
51074,3
51075,2
51076,3
51077,3
51078,7
51079,1
51080,6
51080,4
51081,6
51082,3
51083,3
51083,6
51084,2
51085,2
51086,4
51087,4
51088,4
51089,1
51090,7
51091,7
51091,2
51092,5
51093,1
51094,1
51095,4
51096,1
51097,6
51098,5
51099,1
51100,7
51101,5
51102,6
51102,4
51103,7
51104,4
51105,4
51106,4
51107,7
51108,7
51109,3
51110,1
51111,5
51112,7
51112,2
51112,5
51112,1
51112,3
51112,6
51112,4
51113,1
51114,6
51114,4
51115,7
51115,2
51115,5
51115,1
51115,3
51116,6
51117,7
51118,4
51119,5
51120,1
51121,1
51122,3
51123,6
51124,2
51125,6
51126,5
51127,3
51128,7
51128,2
51128,5
51128,1
51128,3
51128,6
51128,4
51129,4
51130,2
51131,7
51131,2
51131,5
51131,1
51131,3
51131,6
51131,4
51132,7
51132,2
51132,5
51132,1
51132,3
51132,6
51132,4
51133,7
51133,2
51133,5
51133,1
51133,3
51134,7
51134,2
51134,5
51134,1
51134,3
51134,6
51134,4
51135,5
51136,6
51136,4
51137,7
51138,5
51139,7
51140,4
51141,7
51141,2
51141,5
51141,1
51141,3
51142,1
51142,3
51142,6
51143,7
51143,2
51143,5
51143,1
51143,3
51144,7
51144,2
51144,5
51144,1
51144,3
51145,2
51146,1
51147,3
51147,6
51147,4
51148,7
51148,2
51148,5
51148,1
51149,1
51150,2
51151,5
51152,2
51153,3
51154,5
51155,7
51155,2
51155,5
51155,1
51155,3
51155,6
51155,4
51156,7
51156,2
51156,5
51156,1
51156,3
51157,7
51157,2
51157,5
51157,1
51157,3
51157,6
51157,4
51158,3
51158,6
51159,1
51160,7
51160,2
51160,5
51160,1
51160,3
51160,6
51160,4
51161,5
51162,3
51163,3
51165,4
51166,3
51167,7
51167,2
51167,5
51167,1
51167,3
51168,4
51169,7
51169,2
51169,5
51169,1
51169,3
51169,6
51169,4
51170,4
51171,1
51172,4
51173,4
51174,1
51175,6
51176,4
51177,7
51178,7
51179,7
51180,7
51180,2
51181,3
51182,2
51183,5
51184,2
51185,1
51186,6
51187,6
51188,5
51189,7
51190,1
51191,7
51191,2
51191,5
51191,1
51191,3
51192,7
51193,4
51194,6
51195,7
51195,4
51196,4
51197,7
51198,5
51198,1
51199,4
51200,2
51201,3
51202,2
51203,7
51203,2
51204,6
51205,6
51206,3
51207,1
51208,4
51209,5
51210,3
51211,7
51211,2
51211,5
51211,1
51211,3
51211,6
51211,4
51212,6
51213,4
51214,7
51215,6
51216,1
51217,1
51218,1
51219,3
51220,1
51221,1
51222,7
51223,4
51224,6
51225,7
51226,1
51227,1
51228,5
51228,1
51229,3
51230,2
51230,1
51231,6
51232,3
51233,2
51234,1
51235,3
51236,1
51237,7
51237,2
51237,5
51237,1
51237,3
51238,7
51238,2
51238,5
51239,7
51239,2
51239,5
51239,1
51239,3
51240,5
51241,7
51241,2
51241,5
51241,1
51241,3
51242,2
51243,3
51244,7
51245,7
51245,2
51245,4
51246,3
51246,6
51247,3
51247,6
51248,7
51248,2
51248,5
51248,1
51248,3
51248,6
51248,4
51249,6
51249,4
51250,2
51251,2
51252,2
51253,2
51254,1
51254,3
51255,4
51256,7
51256,2
51256,5
51257,7
51258,2
51259,6
51260,1
51261,3
51262,7
51263,7
51263,2
51263,5
51263,1
51263,3
51263,6
51263,4
51264,7
51264,2
51264,5
51264,1
51264,3
51264,6
51264,4
51265,5
51266,6
51267,4
51268,4
51269,2
51270,7
51270,2
51271,4
51272,2
51273,6
51274,6
51276,5
51277,7
51278,4
51279,7
51280,1
51281,1
51282,4
51283,7
51283,2
51283,5
51283,1
51284,4
51285,2
51285,6
51286,5
51287,2
51288,7
51289,3
51290,4
51291,2
51292,5
51293,2
51294,2
51295,5
51296,2
51297,1
51298,2
51299,5
51300,3
51300,6
51301,7
51301,2
51302,5
51303,7
51304,1
51305,5
51306,2
51307,7
51308,3
51309,3
51310,7
51312,1
51313,1
51314,3
51315,3
51316,3
51317,4
51318,1
51319,4
51320,6
51321,5
51322,7
51322,2
51322,5
51322,1
51322,3
51323,7
51323,2
51323,4
51324,3
51325,1
51326,4
51327,5
51328,1
51329,3
51330,5
51331,6
51332,5
51332,1
51333,1
51334,5
51335,1
51336,7
51336,3
51337,7
51337,1
51338,4
51339,2
51339,1
51339,6
51340,1
51341,2
51341,5
51341,1
51341,3
51341,6
51342,4
51343,7
51344,5
51345,3
51346,7
51346,2
51346,5
51346,1
51346,3
51347,2
51347,5
51347,1
51347,3
51348,6
51349,6
51350,7
51351,2
51352,4
51353,4
51354,4
51355,2
51356,7
51357,5
51358,3
51359,3
51360,1
51361,3
51362,1
51363,6
51364,1
51365,7
51365,4
51366,7
51366,2
51366,5
51366,1
51366,3
51367,2
51368,6
51369,2
51370,1
51371,6
51372,4
51373,7
51373,2
51373,5
51373,1
51373,3
51374,7
51375,2
51376,1
51377,4
51378,7
51378,2
51378,5
51378,1
51378,3
51379,7
51380,2
51380,5
51380,1
51380,3
51381,3
51382,3
51383,5
51384,3
51385,4
51386,1
51388,7
51388,4
51389,7
51389,3
51390,2
51391,4
51392,5
51392,1
51393,7
51394,6
51394,4
51395,7
51395,2
51396,3
51396,6
51397,6
51397,4
51398,7
51398,2
51398,5
51398,1
51398,3
51398,6
51398,4
51399,3
51400,6
51401,5
51401,1
51402,5
51403,6
51403,4
51404,7
51404,2
51405,5
51405,1
51405,3
51406,2
51407,7
51407,2
51407,5
51407,1
51407,3
51408,4
51409,2
51409,3
51412,2
51413,1
51414,7
51414,2
51414,5
51414,1
51415,7
51416,7
51417,7
51418,7
51419,7
51420,7
51420,2
51420,5
51420,1
51421,7
51422,7
51423,7
51424,7
51424,2
51424,5
51424,1
51426,7
51427,1
51428,7
51428,2
51428,5
51428,1
51429,7
51430,3
51431,7
51432,7
51432,2
51432,5
51432,1
51433,3
51434,6
51435,7
51435,2
51435,5
51435,1
51435,3
51436,7
51437,4
51438,7
51438,6
51438,4
51439,6
51439,4
51440,7
51441,1
51442,7
51442,2
51442,5
51442,1
51443,5
51444,4
51445,7
51445,1
51446,7
51446,2
51446,5
51446,1
51446,3
51446,6
51446,4
51447,7
51447,6
51447,4
51448,2
51449,2
51450,2
51450,1
51451,2
51452,1
51453,4
51454,2
51455,7
51455,2
51455,5
51455,1
51456,2
51457,7
51458,2
51459,4
51460,1
51461,7
51461,2
51461,5
51461,1
51462,7
51463,2
51464,1
51465,4
51466,4
51467,2
51467,5
51468,4
51469,7
51469,2
51469,5
51469,1
51469,3
51470,7
51471,5
51472,7
51473,1
51474,7
51474,2
51474,5
51474,1
51474,3
51476,5
51477,3
51478,1
51479,7
51479,2
51479,5
51479,1
51480,7
51480,2
51480,5
51480,1
51481,7
51481,2
51481,5
51481,1
51482,2
51483,2
51484,7
51485,2
51486,1
51487,4
51488,2
51489,5
51491,3
51492,7
51493,1
51494,3
51495,7
51495,2
51495,5
51495,1
51495,3
51496,7
51496,2
51496,5
51496,1
51496,3
51497,1
51498,5
51498,1
51499,2
51500,1
51501,3
51502,4
51503,4
51504,4
51505,4
51506,6
51507,7
51508,6
51509,6
51510,6
51511,6
51512,7
51512,2
51512,5
51512,1
51512,3
51512,6
51512,4
51513,6
51514,6
51515,3
51516,3
51517,7
51517,2
51517,5
51517,1
51517,3
51518,5
51518,1
51519,3
51520,6
51521,7
51522,6
51523,6
51524,7
51524,2
51524,5
51524,1
51525,5
51526,7
51527,6
51528,5
51528,1
51528,3
51528,6
51529,7
51530,4
51531,7
51532,2
51533,4
51534,6
51534,4
51535,5
51536,1
51536,4
51537,7
51537,2
51537,5
51537,6
51537,4
51538,1
51538,3
51538,6
51538,4
51539,7
51539,2
51539,5
51539,1
51539,3
51540,7
51540,2
51540,5
51540,1
51540,3
51540,6
51540,4
51541,2
51542,5
51543,3
51543,6
51544,3
51545,7
51545,2
51545,5
51545,1
51545,3
51546,6
51547,3
51548,7
51548,2
51548,5
51548,1
51548,3
51548,6
51548,4
51549,1
51550,6
51550,4
51551,6
51552,7
51552,2
51553,6
51554,5
51555,6
51556,6
51557,3
51558,3
51559,4
51560,4
51561,4
51562,4
51563,6
51564,2
51564,5
51564,1
51564,3
51565,6
51566,2
51567,1
51567,3
51568,4
51569,3
51570,2
51571,7
51571,2
51572,6
51573,5
51574,7
51575,6
51576,5
51577,7
51577,5
51577,1
51577,6
51577,4
51578,1
51579,7
51580,3
51581,4
51582,2
51582,5
51582,1
51582,3
51583,4
51584,5
51585,3
51586,1
51587,4
51588,5
51589,7
51590,3
51591,7
51591,2
51591,5
51591,1
51591,3
51591,6
51592,5
51593,7
51593,2
51593,5
51593,1
51593,3
51593,6
51594,2
51595,7
51595,2
51595,5
51595,1
51595,3
51595,6
51595,4
51596,2
51596,5
51596,1
51596,3
51597,3
51598,7
51598,2
51598,5
51598,1
51598,3
51599,3
51600,2
51600,5
51600,1
51600,3
51601,2
51602,3
51603,7
51603,2
51603,5
51603,1
51603,3
51604,7
51604,2
51605,4
51606,3
51607,4
51608,4
51609,7
51609,2
51609,5
51609,1
51609,3
51609,6
51610,7
51610,2
51610,5
51610,1
51610,3
51610,6
51611,5
51612,2
51614,4
51615,1
51616,2
51617,3
51618,4
51619,7
51620,1
51621,7
51621,2
51621,5
51621,1
51622,1
51623,2
51624,3
51625,7
51626,7
51627,7
51627,2
51627,5
51627,1
51628,6
51630,7
51631,1
51632,2
51633,1
51634,5
51635,5
51636,2
51637,7
51638,4
51639,1
51640,2
51640,5
51640,1
51640,3
51640,6
51641,2
51642,3
51643,5
51644,5
51645,3
51646,1
51647,1
51648,2
51649,1
51650,7
51651,7
51651,2
51651,5
51651,1
51651,3
51651,6
51651,4
51652,2
51653,5
51654,1
51655,1
51656,7
51657,7
51658,7
51659,7
51660,1
51661,2
51662,4
51663,7
51664,1
51666,6
51667,5
51668,7
51669,4
51670,1
51671,7
51671,2
51671,5
51671,1
51672,1
51673,3
51673,6
51674,3
51674,6
51675,1
51676,5
51677,3
51678,6
51679,3
51680,5
51680,6
51681,7
51681,2
51681,5
51681,1
51681,3
51682,3
51683,4
51684,3
51685,4
51686,7
51686,2
51686,5
51687,7
51687,2
51688,2
51688,5
51688,1
51689,3
51690,7
51691,3
51692,7
51692,2
51692,5
51692,1
51692,3
51693,7
51694,6
51695,7
51695,2
51695,5
51695,1
51696,7
51696,2
51696,5
51696,1
51696,3
51697,7
51697,2
51697,5
51697,1
51697,3
51698,1
51699,4
51700,7
51701,4
51702,5
51703,6
51704,5
51705,1
51706,7
51707,2
51708,7
51708,2
51708,5
51708,1
51708,3
51708,6
51709,4
51710,3
51711,7
51712,3
51713,3
51714,7
51714,2
51714,5
51714,1
51714,3
51715,7
51716,6
51717,2
51718,5
51719,2
51720,1
51721,2
51722,7
51722,2
51722,5
51722,1
51722,3
51723,3
51724,7
51725,1
51725,3
51726,4
51727,4
51728,6
51729,7
51730,3
51731,7
51731,2
51731,5
51731,1
51731,3
51732,6
51733,6
51734,1
51735,2
51736,6
51737,7
51737,2
51737,5
51737,1
51737,3
51738,3
51738,6
51739,6
51740,1
51741,5
51742,7
51743,6
51745,5
51746,4
51747,1
51748,3
51749,7
51750,7
51750,2
51750,5
51750,1
51750,3
51750,6
51750,4
51751,3
51752,5
51753,7
51754,3
51755,1
51756,2
51757,6
51758,6
51759,7
51759,2
51759,5
51759,1
51759,3
51759,6
51759,4
51760,5
51761,7
51762,4
51763,1
51764,3
51765,6
51765,4
51766,6
51767,4
51768,4
51769,4
51770,4
51771,4
51772,7
51773,5
51774,2
51775,4
51776,7
51777,5
51778,3
51779,7
51779,2
51779,5
51779,1
51779,3
51780,1
51781,6
51782,7
51782,2
51782,5
51783,4
51784,7
51785,7
51785,2
51785,5
51785,1
51785,3
51785,6
51785,4
51786,7
51786,2
51786,5
51786,1
51786,3
51787,7
51787,2
51787,5
51787,1
51787,3
51788,7
51788,2
51788,5
51788,1
51788,3
51789,6
51790,1
51791,7
51791,2
51791,5
51791,1
51791,3
51792,5
51792,1
51793,7
51793,1
51794,3
51795,4
51796,3
51797,5
51798,6
51799,5
51800,3
51801,5
51802,7
51803,6
51804,1
51804,4
51805,7
51806,2
51807,4
51808,4
51809,7
51810,3
51811,7
51812,1
51813,7
51813,2
51813,5
51813,1
51813,3
51814,5
51815,5
51816,3
51817,7
51818,6
51819,1
51820,6
51821,4
51822,6
51823,5
51824,1
51825,7
51826,5
51826,1
51827,4
51828,4
51829,1
51830,2
51831,7
51832,3
51833,3
51834,2
51835,1
51836,2
51837,3
51838,7
51838,2
51838,5
51838,1
51838,3
51839,7
51839,2
51839,5
51839,1
51839,3
51839,6
51839,4
51840,7
51840,2
51840,5
51840,1
51840,3
51841,5
51842,5
51843,4
51844,4
51845,4
51846,4
51847,4
51848,7
51848,2
51849,3
51849,6
51850,1
51851,7
51852,5
51853,6
51854,7
51855,1
51856,3
51857,7
51857,6
51857,4
51858,3
51859,4
51860,4
51861,7
51862,3
51863,5
51864,4
51865,1
51866,1
51867,7
51867,2
51867,5
51867,1
51867,3
51868,2
51869,3
51869,6
51869,4
51870,7
51870,2
51870,5
51870,1
51870,3
51871,6
51872,4
51873,5
51874,4
51875,7
51876,6
51877,7
51877,2
51878,3
51879,1
51880,5
51881,3
51882,7
51883,5
51884,2
51885,2
51886,5
51887,2
51888,3
51889,1
51890,2
51891,5
51892,4
51893,2
51894,3
51895,2
51896,4
51897,7
51897,2
51897,5
51897,1
51897,3
51898,5
51898,4
51899,7
51900,5
51901,3
51901,6
51901,4
51902,3
51902,6
51903,2
51904,5
51904,1
51904,3
51904,6
51904,4
51906,3
51907,4
51908,3
51909,1
51910,7
51910,2
51910,5
51910,1
51910,3
51911,2
51912,6
51912,4
51913,7
51914,5
51915,5
51916,7
51917,3
51918,5
51918,1
51919,7
51919,2
51919,5
51919,1
51919,3
51920,5
51921,1
51922,1
51923,2
51924,7
51924,2
51925,7
51925,2
51925,5
51925,1
51926,7
51926,2
51926,5
51926,1
51927,3
51928,3
51929,4
51930,5
51931,3
51932,3
51933,5
51934,7
51934,2
51934,5
51934,1
51934,4
51935,5
51936,7
51937,7
51938,2
51939,7
51940,4
51941,7
51941,2
51941,5
51941,1
51941,4
51942,7
51943,3
51944,5
51944,1
51944,3
51944,6
51944,4
51945,2
51946,7
51946,2
51946,5
51946,1
51946,4
51947,4
51948,6
51948,4
51949,5
51950,7
51951,7
51952,4
51953,5
51954,3
51955,5
51956,6
51957,7
51957,2
51957,5
51957,1
51957,3
51958,7
51958,1
51959,5
51959,1
51960,7
51960,2
51961,5
51962,6
51962,4
51963,7
51963,2
51963,5
51963,1
51963,3
51964,1
51965,6
51965,4
51968,7
51968,2
51968,5
51968,1
51968,3
51968,6
51968,4
51969,2
51969,1
51970,7
51970,2
51970,5
51970,1
51971,4
51972,7
51972,2
51972,5
51972,1
51972,3
51972,6
51972,4
51973,4
51974,2
51975,7
51976,5
51977,3
51978,7
51979,3
51980,1
51980,3
51980,6
51980,4
51981,6
51982,1
51983,6
51984,5
51985,1
51986,7
51986,2
51986,5
51986,1
51986,3
51986,6
51986,4
51987,5
51988,3
51989,6
51990,5
51990,1
51991,7
51991,2
51991,5
51991,1
51991,3
51992,5
51993,6
51994,7
51995,1
51996,5
51997,6
51998,3
51999,3
52000,7
52001,1
52002,6
52003,7
52004,1
52005,4
52006,6
52007,4
52008,5
52009,7
52010,4
52011,3
52012,5
52013,5
52014,7
52014,2
52014,5
52014,1
52014,3
52014,6
52014,4
52015,2
52015,3
52016,6
52017,2
52018,3
52020,7
52021,4
52022,3
52023,7
52024,7
52024,2
52025,1
52026,3
52027,7
52027,2
52027,4
52028,1
52029,6
52030,3
52031,3
52032,3
52033,3
52034,6
52034,4
52035,3
52035,6
52035,4
52036,6
52037,4
52038,1
52039,7
52039,2
52040,6
52040,4
52041,4
52042,7
52043,1
52044,7
52044,2
52044,5
52044,1
52044,3
52045,1
52046,3
52047,7
52047,2
52047,5
52047,4
52048,2
52050,7
52050,2
52050,5
52050,1
52050,3
52051,5
52052,5
52053,7
52054,5
52054,1
52055,5
52056,3
52057,7
52057,2
52058,7
52058,2
52058,5
52058,1
52058,3
52059,3
52060,2
52061,1
52062,6
52063,7
52063,2
52063,4
52064,7
52064,2
52064,5
52064,1
52064,3
52064,6
52064,4
52065,7
52065,2
52065,5
52065,1
52066,7
52066,2
52066,5
52066,1
52066,3
52066,6
52066,4
52067,3
52067,6
52067,4
52068,6
52069,5
52070,2
52071,2
52072,5
52073,1
52074,7
52074,2
52074,5
52074,1
52074,3
52075,5
52076,5
52077,5
52078,3
52079,5
52080,2
52081,1
52082,7
52082,2
52082,5
52082,1
52082,3
52083,7
52083,2
52083,5
52083,1
52083,3
52083,6
52083,4
52084,6
52085,5
52086,3
52087,2
52088,6
52089,7
52089,2
52090,7
52091,7
52092,5
52093,6
52094,7
52095,6
52096,1
52097,7
52098,1
52099,7
52100,5
52101,7
52101,2
52101,5
52101,1
52101,3
52101,6
52101,4
52102,6
52103,4
52104,5
52105,7
52105,5
52105,3
52105,6
52106,7
52106,5
52106,3
52107,2
52107,6
52108,7
52108,2
52109,7
52109,2
52109,5
52109,1
52109,3
52109,6
52109,4
52110,1
52111,6
52112,7
52112,2
52112,5
52112,1
52112,3
52113,1
52114,7
52114,2
52115,6
52115,4
52116,3
52116,6
52117,7
52117,2
52118,7
52118,2
52118,5
52118,1
52118,3
52118,6
52118,4
52119,3
52120,3
52121,2
52122,1
52123,7
52124,6
52125,6
52126,7
52127,4
52128,2
52129,4
52130,5
52131,5
52132,6
52133,5
52133,1
52133,3
52134,3
52135,7
52135,2
52135,5
52135,1
52135,3
52135,6
52135,4
52136,6
52137,1
52137,3
52137,6
52137,4
52138,7
52138,2
52138,5
52138,1
52138,3
52139,5
52140,7
52141,2
52142,1
52143,7
52143,2
52144,1
52145,7
52146,2
52147,7
52147,2
52147,5
52147,3
52148,7
52148,2
52148,5
52148,1
52148,3
52148,6
52148,4
52149,3
52150,6
52151,7
52152,7
52152,2
52152,5
52152,1
52153,7
52153,2
52153,5
52153,1
52153,3
52154,5
52154,1
52155,7
52155,2
52156,7
52156,2
52157,2
52158,3
52159,7
52159,2
52159,5
52159,1
52159,3
52159,6
52159,4
52160,3
52160,6
52161,3
52162,3
52162,6
52163,6
52163,4
52164,6
52164,4
52165,5
52165,1
52166,7
52166,2
52167,5
52167,1
52168,7
52168,2
52168,5
52168,1
52168,3
52169,7
52169,2
52169,5
52169,1
52169,3
52170,1
52170,3
52171,2
52174,7
52175,7
52176,7
52177,7
52178,5
52179,4
52180,7
52180,2
52180,5
52180,1
52180,3
52180,6
52181,1
52182,7
52182,2
52182,5
52182,1
52182,3
52182,6
52183,3
52184,2
52186,5
52187,5
52188,3
52188,6
52189,2
52190,1
52191,3
52192,7
52192,2
52192,5
52192,1
52193,6
52193,4
52194,7
52194,2
52194,5
52194,4
52195,1
52196,7
52196,2
52196,5
52196,1
52197,1
52198,1
52198,6
52199,6
52200,3
52201,1
52202,4
52203,3
52204,1
52205,1
52206,3
52206,6
52207,2
52208,6
52209,7
52210,3
52211,7
52212,3
52213,6
52214,4
52215,1
52216,1
52217,2
52218,2
52219,5
52220,7
52220,2
52220,5
52220,1
52220,3
52220,6
52221,6
52222,2
52223,2
52224,5
52225,7
52226,2
52227,2
52228,2
52229,6
52230,7
52231,2
52232,7
52232,2
52232,5
52232,1
52232,3
52233,6
52234,4
52235,3
52236,7
52236,2
52236,5
52236,1
52236,3
52237,7
52237,2
52237,5
52237,1
52238,7
52238,2
52238,5
52238,1
52239,7
52240,7
52241,7
52241,2
52242,6
52243,7
52244,6
52245,2
52246,6
52246,4
52247,6
52248,3
52249,7
52249,2
52249,5
52249,1
52249,3
52250,7
52250,2
52250,5
52250,1
52250,3
52250,6
52250,4
52251,1
52252,1
52253,4
52254,3
52255,3
52256,6
52256,4
52257,7
52257,2
52257,5
52257,1
52258,7
52258,2
52258,5
52258,1
52259,3
52260,7
52260,2
52260,5
52260,4
52261,7
52261,2
52261,5
52261,1
52261,3
52262,5
52263,6
52264,7
52264,2
52264,5
52264,1
52264,3
52265,4
52266,2
52267,5
52268,4
52269,3
52270,5
52271,7
52272,2
52272,5
52273,3
52274,7
52275,4
52276,7
52276,2
52276,5
52276,1
52276,3
52276,6
52276,4
52277,7
52277,2
52277,5
52277,1
52277,3
52277,6
52277,4
52278,3
52279,7
52280,3
52281,7
52281,2
52281,5
52281,1
52281,3
52281,6
52281,4
52282,7
52283,7
52284,3
52285,6
52286,7
52286,2
52286,5
52286,1
52286,3
52287,4
52288,4
52289,3
52290,1
52291,6
52291,4
52292,6
52293,4
52294,4
52295,7
52296,5
52297,7
52297,2
52297,5
52297,1
52297,3
52297,6
52297,4
52298,7
52298,2
52298,5
52298,1
52298,3
52298,6
52298,4
52299,7
52299,2
52299,5
52299,1
52300,7
52300,2
52300,5
52300,1
52300,3
52300,6
52300,4
52301,7
52301,1
52303,6
52304,7
52304,2
52304,1
52304,3
52304,4
52305,6
52306,4
52307,6
52308,7
52308,2
52308,5
52308,1
52308,3
52309,4
52310,7
52310,2
52310,5
52310,1
52311,7
52311,2
52311,5
52311,1
52311,3
52312,1
52313,1
52314,4
52315,6
52316,1
52317,5
52318,5
52318,1
52319,4
52320,3
52321,7
52321,2
52322,3
52323,1
52324,6
52325,7
52325,2
52325,5
52326,2
52326,5
52327,7
52327,2
52327,5
52327,1
52327,3
52328,7
52328,2
52328,5
52328,1
52328,3
52328,6
52328,4
52329,4
52330,7
52330,2
52330,5
52330,1
52330,3
52330,6
52330,4
52331,1
52331,3
52332,3
52333,5
52334,5
52335,7
52335,2
52335,3
52335,6
52336,2
52336,5
52337,7
52338,5
52338,1
52339,3
52340,6
52341,2
52342,1
52343,4
52344,3
52345,2
52346,7
52346,2
52346,5
52346,1
52347,2
52349,6
52350,4
52351,2
52352,4
52353,4
52354,1
52355,5
52356,2
52357,3
52358,5
52359,2
52359,5
52359,1
52359,3
52361,7
52361,2
52361,5
52361,1
52362,7
52363,7
52363,2
52363,5
52363,1
52363,3
52364,1
52365,1
52366,3
52367,3
52368,5
52369,6
52370,1
52371,5
52372,5
52373,7
52374,1
52375,7
52376,3
52377,5
52378,4
52379,1
52380,3
52381,4
52382,2
52383,1
52384,1
52385,2
52385,1
52386,7
52387,7
52388,1
52389,3
52390,2
52391,7
52391,2
52392,5
52393,7
52393,2
52393,5
52393,1
52394,7
52394,2
52394,5
52394,4
52395,7
52395,2
52395,5
52395,1
52395,3
52396,1
52397,1
52398,7
52398,2
52398,5
52398,1
52398,3
52399,7
52400,7
52401,2
52402,3
52403,7
52404,3
52405,7
52405,2
52405,5
52405,1
52406,1
52407,4
52408,7
52408,2
52409,2
52410,5
52411,2
52411,5
52412,3
52413,4
52414,4
52415,7
52416,2
52417,5
52418,4
52419,7
52419,2
52420,4
52421,1
52422,7
52422,2
52422,5
52422,1
52422,3
52422,6
52422,4
52423,3
52424,2
52425,3
52426,2
52426,1
52427,3
52427,6
52428,1
52429,2
52430,2
52430,6
52432,1
52433,1
52434,2
52434,5
52434,1
52435,4
52436,5
52437,7
52438,1
52439,5
52440,7
52441,1
52442,2
52443,6
52444,3
52444,6
52445,7
52445,2
52446,3
52447,7
52448,7
52448,2
52448,5
52448,1
52448,3
52449,1
52450,2
52451,3
52452,5
52453,7
52453,2
52453,5
52453,1
52453,3
52453,6
52453,4
52454,5
52455,3
52455,6
52455,4
52456,1
52457,7
52457,2
52457,5
52457,1
52458,2
52459,1
52460,6
52461,6
52462,1
52463,7
52464,1
52465,6
52466,6
52467,2
52468,3
52469,1
52470,1
52471,2
52472,4
52473,5
52474,6
52475,7
52477,3
52478,7
52478,2
52478,5
52478,1
52478,3
52479,7
52480,6
52481,1
52482,7
52482,2
52482,5
52482,1
52483,4
52484,5
52485,6
52486,5
52487,1
52488,7
52488,2
52489,5
52489,1
52490,3
52491,3
52492,7
52492,2
52492,5
52492,1
52492,3
52493,2
52494,5
52495,7
52495,2
52495,5
52495,1
52495,3
52496,5
52497,7
52497,2
52497,5
52497,1
52497,3
52498,5
52499,2
52500,6
52500,4
52501,3
52501,6
52501,4
52502,3
52503,4
52504,6
52505,7
52505,2
52505,5
52505,1
52505,3
52506,1
52507,4
52508,7
52509,3
52510,4
52512,4
52513,1
52514,7
52515,7
52515,2
52515,5
52515,1
52515,3
52516,7
52517,2
52518,7
52518,2
52518,5
52518,1
52519,3
52520,1
52521,3
52522,1
52523,7
52523,2
52523,5
52523,1
52523,3
52523,6
52523,4
52524,5
52525,4
52526,5
52527,1
52528,4
52529,4
52530,5
52531,7
52532,4
52533,2
52534,6
52535,6
52536,6
52537,3
52538,5
52539,1
52540,3
52541,6
52542,3
52543,5
52544,3
52545,1
52546,4
52547,6
52549,1
52550,6
52551,4
52552,7
52552,2
52553,1
52554,7
52555,1
52556,1
52557,5
52557,1
52558,7
52559,5
52560,1
52561,6
52562,2
52563,2
52564,2
52564,5
52565,4
52566,7
52566,2
52566,5
52566,1
52566,3
52566,6
52566,4
52567,1
52568,7
52569,1
52570,7
52570,2
52570,5
52570,1
52571,4
52572,7
52572,2
52572,5
52572,1
52573,6
52574,2
52575,2
52576,7
52577,2
52578,2
52579,4
52580,6
52581,6
52582,1
52583,7
52583,2
52583,5
52583,1
52583,3
52584,4
52585,7
52586,7
52587,2
52587,6
52588,7
52589,1
52590,7
52591,5
52592,5
52593,5
52594,3
52596,2
52596,5
52596,1
52596,3
52597,5
52597,1
52597,3
52597,6
52597,4
52598,3
52599,1
52599,3
52599,6
52600,1
52600,4
52601,7
52601,2
52601,5
52601,1
52601,3
52602,1
52603,5
52604,6
52605,7
52606,4
52607,2
52608,4
52609,2
52610,7
52610,3
52610,6
52610,4
52611,4
52612,6
52613,7
52614,3
52615,3
52616,5
52617,5
52617,4
52618,4
52619,4
52620,4
52621,3
52622,6
52623,5
52624,3
52625,5
52626,3
52627,1
52628,1
52629,7
52630,5
52631,1
52632,1
52633,4
52634,7
52635,7
52636,4
52637,1
52638,2
52639,7
52639,2
52639,5
52639,1
52639,3
52639,6
52639,4
52640,5
52641,5
52642,4
52643,2
52644,1
52645,3
52646,6
52647,5
52648,6
52649,7
52649,2
52649,5
52649,1
52649,3
52650,6
52651,7
52652,7
52653,7
52653,2
52653,5
52653,1
52653,3
52653,6
52653,4
52654,7
52654,2
52654,5
52654,1
52654,3
52655,5
52655,3
52656,5
52657,7
52658,1
52659,6
52660,7
52660,2
52660,5
52660,1
52661,7
52661,2
52661,5
52661,1
52662,4
52663,3
52664,7
52664,2
52664,1
52664,3
52665,6
52666,7
52667,4
52668,3
52669,5
52670,7
52670,2
52670,5
52670,1
52671,1
52672,7
52672,2
52672,5
52672,1
52672,3
52673,7
52674,7
52675,7
52676,1
52677,5
52678,6
52679,7
52679,2
52679,5
52679,1
52680,5
52681,7
52682,7
52683,2
52684,7
52685,4
52686,5
52687,5
52688,5
52689,7
52689,2
52689,5
52689,1
52689,3
52690,7
52690,2
52690,5
52690,1
52690,3
52691,6
52691,4
52692,1
52692,3
52692,6
52693,7
52694,6
52694,4
52695,5
52695,3
52696,1
52697,7
52697,2
52697,5
52697,1
52697,3
52697,6
52698,7
52698,2
52698,5
52698,1
52698,3
52698,6
52698,4
52699,2
52699,5
52699,1
52699,3
52699,6
52700,6
52701,7
52701,2
52701,5
52701,1
52701,3
52702,6
52703,2
52703,3
52704,1
52705,2
52706,3
52707,6
52708,5
52709,7
52710,7
52710,2
52710,5
52710,1
52710,3
52710,6
52710,4
52711,7
52712,7
52712,2
52712,5
52712,1
52712,3
52712,6
52712,4
52713,3
52714,7
52714,2
52714,5
52714,1
52714,3
52714,6
52714,4
52715,3
52715,6
52715,4
52716,2
52717,6
52718,7
52719,7
52720,6
52721,7
52722,7
52723,7
52723,2
52723,5
52723,1
52723,3
52723,4
52724,6
52725,4
52726,3
52727,5
52729,1
52731,7
52731,2
52731,5
52732,7
52733,5
52734,6
52735,3
52736,7
52736,2
52736,5
52736,1
52736,3
52736,6
52736,4
52737,7
52738,5
52739,1
52740,1
52741,7
52741,2
52741,5
52741,1
52742,6
52743,4
52744,7
52744,2
52744,5
52744,1
52745,2
52746,7
52746,2
52746,5
52746,1
52747,7
52747,2
52747,5
52747,1
52748,7
52748,2
52748,5
52748,1
52749,3
52750,4
52751,3
52752,2
52753,6
52754,4
52755,5
52756,7
52756,2
52756,5
52756,1
52756,3
52757,7
52757,2
52757,5
52758,2
52759,5
52760,2
52761,7
52762,7
52763,6
52764,2
52765,4
52766,7
52767,3
52768,3
52769,5
52771,1
52772,5
52773,7
52773,2
52773,5
52773,1
52773,3
52774,3
52775,4
52776,2
52777,5
52778,2
52779,2
52780,2
52781,5
52782,4
52783,2
52784,3
52785,3
52786,7
52787,2
52788,4
52789,4
52790,7
52790,2
52790,5
52790,1
52791,1
52792,5
52793,3
52794,3
52795,7
52795,2
52795,5
52796,7
52796,2
52796,5
52796,1
52796,3
52796,6
52796,4
52797,7
52797,2
52797,5
52797,1
52797,3
52797,6
52797,4
52798,5
52799,6
52800,6
52802,4
52803,1
52804,2
52805,6
52805,4
52806,3
52807,2
52808,5
52809,3
52810,7
52810,2
52810,5
52810,1
52810,3
52810,6
52810,4
52811,7
52812,3
52813,7
52813,2
52813,5
52813,1
52814,7
52815,7
52816,3
52817,5
52818,3
52819,7
52820,6
52821,7
52821,2
52821,5
52821,1
52821,3
52821,6
52821,4
52822,2
52823,2
52824,4
52825,3
52826,6
52827,6
52828,5
52829,7
52830,1
52830,3
52831,3
52832,3
52833,7
52833,2
52833,5
52833,1
52835,7
52835,2
52835,5
52835,1
52835,3
52835,6
52835,4
52836,5
52837,1
52838,1
52838,3
52839,1
52840,7
52840,2
52840,5
52840,1
52840,3
52840,6
52840,4
52841,3
52842,5
52843,3
52844,6
52845,2
52846,7
52846,2
52846,5
52846,1
52847,7
52847,2
52847,5
52847,1
52847,3
52848,6
52848,4
52849,6
52850,6
52851,7
52852,7
52852,2
52852,5
52852,1
52853,5
52854,3
52855,5
52856,3
52857,1
52858,2
52859,4
52860,1
52861,2
52862,5
52863,5
52864,7
52864,2
52864,5
52864,1
52864,3
52865,5
52866,2
52867,5
52867,1
52868,3
52869,1
52870,3
52871,2
52872,3
52873,3
52874,2
52875,2
52876,7
52876,2
52876,5
52876,1
52876,3
52877,7
52877,2
52877,5
52877,1
52877,3
52877,6
52878,7
52879,2
52880,5
52881,3
52882,7
52883,3
52884,3
52885,5
52886,2
52887,6
52888,1
52889,4
52890,3
52891,2
52891,6
52892,7
52892,2
52892,5
52892,1
52892,3
52892,6
52892,4
52893,4
52894,4
52895,2
52896,4
52897,4
52898,1
52899,4
52900,5
52901,7
52901,2
52901,5
52901,1
52902,2
52903,7
52903,2
52904,7
52905,1
52906,5
52907,3
52908,2
52909,5
52910,4
52911,4
52912,6
52913,6
52914,1
52915,3
52916,4
52917,7
52917,2
52917,5
52917,1
52917,3
52917,6
52917,4
52918,6
52919,5
52920,7
52920,2
52920,5
52920,1
52920,3
52921,5
52921,1
52922,4
52923,2
52924,3
52925,5
52926,5
52927,3
52928,6
52929,2
52930,4
52931,5
52932,7
52932,2
52932,5
52932,1
52932,3
52933,1
52934,7
52935,2
52936,6
52937,3
52938,7
52938,2
52939,7
52939,2
52940,4
52941,3
52942,7
52942,2
52943,4
52944,7
52944,2
52945,3
52946,7
52946,2
52947,6
52948,5
52948,1
52949,3
52950,7
52950,2
52951,6
52952,7
52952,2
52953,5
52953,1
52954,7
52954,2
52955,6
52956,3
52957,7
52957,2
52957,5
52957,1
52957,3
52958,2
52959,2
52960,7
52961,4
52962,6
52963,5
52964,6
52965,5
52966,6
52967,4
52968,4
52969,3
52970,3
52970,6
52971,5
52972,2
52973,6
52974,3
52975,5
52976,7
52976,2
52976,5
52976,1
52976,3
52976,6
52976,4
52977,6
52978,3
52979,5
52979,1
52980,1
52980,3
52981,3
52982,7
52982,2
52982,5
52982,1
52982,3
52983,7
52983,1
52984,5
52984,1
52985,7
52986,7
52988,4
52989,3
52990,7
52990,2
52990,5
52990,1
52990,3
52990,6
52991,5
52992,7
52993,2
52994,7
52995,5
52995,1
52995,6
52996,7
52996,2
52996,5
52996,1
52996,3
52996,6
52996,4
52997,4
52998,7
52999,2
53000,6
53001,7
53001,2
53001,5
53001,1
53001,3
53003,7
53004,6
53005,2
53006,3
53007,7
53008,4
53009,4
53010,3
53011,3
53012,7
53012,2
53013,7
53013,2
53013,5
53013,6
53013,4
53014,7
53014,2
53014,5
53014,1
53014,3
53014,6
53014,4
53015,7
53015,2
53015,5
53015,1
53015,3
53015,6
53015,4
53016,5
53017,3
53019,7
53019,2
53019,5
53019,1
53019,3
53019,6
53019,4
53020,1
53021,5
53021,3
53021,6
53021,4
53022,4
53023,7
53023,2
53023,5
53023,1
53023,3
53024,4
53025,1
53026,5
53027,5
53028,2
53028,1
53029,2
53030,5
53031,6
53032,5
53032,1
53033,5
53033,4
53034,1
53035,2
53036,2
53036,5
53036,1
53036,6
53036,4
53037,6
53038,3
53039,4
53040,6
53041,4
53042,5
53043,5
53044,3
53045,5
53046,1
53047,2
53048,7
53048,2
53048,5
53048,1
53048,3
53049,7
53049,2
53049,5
53049,1
53049,3
53049,6
53049,4
53050,6
53050,4
53051,5
53051,1
53052,5
53052,1
53053,5
53054,7
53055,2
53056,5
53057,2
53057,1
53057,3
53058,1
53059,5
53060,3
53061,7
53061,1
53062,4
53063,7
53063,2
53063,5
53063,1
53063,3
53064,3
53065,6
53065,4
53066,7
53066,2
53066,5
53066,1
53066,3
53067,4
53068,3
53069,6
53070,5
53070,1
53070,3
53070,6
53070,4
53071,4
53072,6
53074,2
53075,6
53076,1
53077,6
53078,6
53078,4
53079,2
53080,4
53081,1
53081,3
53082,7
53082,2
53082,5
53082,1
53082,3
53082,6
53082,4
53083,1
53084,2
53085,7
53085,2
53085,5
53085,1
53085,3
53086,7
53086,2
53086,5
53086,1
53086,3
53087,7
53087,2
53088,2
53088,5
53088,1
53088,3
53090,7
53091,4
53092,3
53093,3
53094,7
53095,5
53096,7
53097,7
53098,3
53099,6
53100,6
53100,4
53101,7
53102,7
53103,2
53105,5
53106,7
53106,2
53106,5
53106,1
53107,6
53108,7
53108,2
53108,5
53108,1
53108,3
53109,6
53110,1
53111,4
53112,2
53113,6
53114,1
53115,7
53115,2
53115,5
53115,1
53115,3
53116,1
53117,6
53118,3
53119,2
53120,2
53120,5
53120,1
53120,3
53121,4
53122,2
53123,7
53124,3
53125,7
53125,2
53125,5
53125,1
53126,3
53127,3
53128,6
53129,2
53130,5
53131,6
53132,2
53133,4
53134,7
53134,2
53134,5
53134,1
53135,4
53136,4
53137,4
53138,1
53139,6
53140,6
53141,4
53142,6
53143,6
53144,4
53145,1
53146,4
53147,5
53148,6
53149,4
53150,5
53151,1
53152,4
53153,3
53154,3
53155,1
53156,5
53157,1
53158,5
53159,5
53160,2
53161,4
53162,3
53163,7
53164,5
53165,3
53166,1
53167,7
53168,6
53169,4
53170,4
53171,7
53172,1
53174,6
53175,5
53176,7
53176,2
53176,5
53176,1
53176,3
53177,6
53178,3
53179,7
53180,3
53181,7
53181,2
53181,5
53181,1
53181,3
53181,6
53181,4
53182,7
53182,2
53182,5
53182,1
53182,3
53182,6
53182,4
53183,1
53184,3
53184,6
53185,6
53186,7
53186,2
53186,5
53186,1
53186,3
53186,6
53186,4
53187,2
53188,5
53189,4
53190,2
53191,5
53192,3
53193,1
53194,3
53195,5
53196,7
53196,2
53196,5
53196,4
53197,7
53197,2
53197,5
53197,1
53197,3
53197,6
53197,4
53198,3
53199,3
53200,4
53201,7
53202,5
53203,1
53204,3
53206,7
53206,2
53206,5
53206,1
53206,3
53207,7
53208,1
53209,5
53210,5
53211,3
53212,7
53213,6
53214,1
53215,6
53216,7
53216,2
53216,5
53216,1
53216,3
53216,6
53216,4
53217,3
53218,7
53219,7
53220,3
53221,1
53222,6
53223,1
53224,1
53225,7
53226,1
53227,1
53228,7
53229,4
53230,4
53231,7
53231,2
53231,5
53231,1
53231,3
53231,6
53231,4
53232,3
53233,4
53234,3
53235,2
53236,7
53236,2
53236,5
53236,1
53236,3
53236,6
53236,4
53237,7
53238,2
53239,7
53240,3
53241,5
53242,7
53242,2
53242,5
53242,1
53242,3
53242,6
53243,7
53243,2
53243,5
53243,1
53243,3
53244,7
53245,2
53246,7
53247,7
53247,2
53248,2
53249,4
53250,2
53251,5
53252,3
53253,3
53254,6
53255,7
53255,2
53255,4
53256,3
53257,5
53258,4
53259,5
53260,5
53261,3
53262,3
53263,7
53264,1
53265,7
53265,4
53266,6
53267,4
53268,6
53269,6
53271,3
53272,2
53273,3
53274,3
53275,4
53276,7
53276,2
53276,5
53276,1
53276,3
53277,6
53278,6
53279,1
53280,5
53281,4
53282,4
53283,4
53284,4
53285,1
53286,7
53287,3
53288,2
53289,7
53290,2
53291,3
53292,5
53293,7
53293,2
53293,5
53293,1
53293,3
53293,6
53293,4
53294,2
53295,1
53296,3
53297,7
53298,2
53299,4
53300,5
53301,6
53302,7
53302,2
53302,5
53302,1
53303,3
53304,7
53305,4
53306,6
53307,1
53308,6
53309,1
53310,7
53311,2
53312,5
53313,1
53314,1
53315,6
53316,3
53317,4
53318,5
53318,6
53319,7
53320,3
53321,3
53322,5
53323,7
53324,5
53325,5
53325,6
53326,3
53327,5
53328,2
53328,5
53328,1
53329,2
53330,5
53331,7
53331,2
53331,5
53331,1
53331,3
53332,6
53333,3
53334,2
53335,7
53335,2
53335,5
53335,1
53335,3
53336,4
53337,5
53338,7
53339,2
53340,3
53341,3
53342,7
53343,7
53343,2
53343,5
53343,1
53343,3
53344,7
53344,2
53344,5
53344,1
53344,3
53345,7
53345,2
53345,5
53345,1
53346,7
53346,2
53346,5
53346,1
53346,3
53347,5
53348,5
53349,7
53350,2
53351,3
53352,2
53353,5
53354,4
53355,1
53356,3
53357,3
53357,6
53357,4
53358,3
53359,3
53360,3
53361,3
53361,6
53362,6
53363,1
53364,3
53365,3
53365,6
53366,5
53366,1
53367,2
53367,5
53367,1
53367,3
53368,5
53369,2
53370,4
53371,6
53372,7
53372,2
53372,5
53372,1
53372,3
53373,7
53373,2
53373,5
53373,1
53374,7
53375,5
53376,1
53377,5
53378,6
53378,4
53379,4
53380,2
53381,3
53382,6
53383,4
53384,7
53384,2
53384,5
53384,1
53384,3
53385,1
53386,4
53387,1
53388,7
53389,7
53389,2
53389,5
53390,7
53390,2
53390,5
53390,1
53390,3
53390,6
53390,4
53391,6
53392,1
53393,2
53394,2
53394,1
53395,5
53396,1
53397,4
53399,7
53399,2
53399,5
53399,1
53399,3
53400,7
53401,4
53402,7
53404,4
53405,4
53406,5
53407,7
53408,2
53409,7
53409,2
53409,5
53409,1
53409,3
53409,6
53409,4
53410,7
53412,3
53413,6
53414,4
53415,4
53416,4
53417,5
53418,7
53418,2
53418,5
53418,1
53418,3
53418,6
53418,4
53419,1
53420,3
53421,4
53422,1
53423,7
53423,2
53423,5
53423,1
53423,3
53424,7
53424,2
53424,5
53424,1
53425,7
53426,4
53427,3
53428,4
53429,6
53430,1
53431,7
53431,2
53431,5
53431,1
53431,3
53432,1
53433,7
53433,2
53433,5
53433,1
53434,3
53435,7
53435,2
53435,5
53435,1
53435,3
53435,6
53435,4
53436,2
53436,5
53436,1
53436,3
53436,6
53436,4
53438,6
53439,2
53440,5
53441,6
53442,1
53443,4
53445,2
53445,5
53445,1
53445,3
53446,6
53447,2
53447,1
53448,3
53449,7
53450,2
53451,5
53452,5
53453,5
53455,2
53456,5
53457,6
53458,3
53459,4
53460,7
53461,3
53462,7
53462,2
53462,5
53462,1
53462,3
53462,6
53462,4
53463,1
53464,2
53465,7
53465,4
53466,4
53467,2
53467,5
53468,4
53469,7
53469,2
53469,5
53469,1
53469,3
53469,6
53469,4
53470,7
53470,2
53470,5
53470,1
53470,3
53470,6
53470,4
53471,4
53472,7
53473,3
53474,6
53475,7
53476,7
53477,7
53477,2
53477,5
53477,1
53477,3
53477,6
53477,4
53478,6
53479,4
53480,5
53481,1
53482,4
53483,4
53484,7
53485,7
53485,2
53485,5
53485,1
53485,3
53485,6
53485,4
53486,7
53486,2
53486,5
53486,1
53486,3
53486,6
53486,4
53487,7
53487,2
53487,5
53487,1
53487,3
53487,6
53487,4
53488,3
53489,6
53490,3
53491,2
53492,7
53492,2
53492,5
53492,1
53492,3
53492,4
53493,7
53494,7
53494,2
53494,5
53494,1
53494,3
53494,6
53494,4
53495,7
53496,3
53497,7
53497,2
53497,5
53497,1
53497,3
53497,6
53497,4
53498,7
53498,2
53498,5
53498,1
53498,3
53498,6
53499,7
53499,2
53499,5
53499,1
53499,3
53499,6
53499,4
53500,7
53500,2
53500,5
53500,1
53500,3
53501,1
53502,7
53502,2
53502,5
53502,1
53502,3
53503,5
53503,1
53504,2
53505,4
53506,2
53507,2
53508,1
53509,7
53510,2
53510,5
53510,1
53511,3
53512,6
53513,7
53513,2
53513,5
53513,1
53514,7
53514,2
53514,5
53514,1
53514,3
53514,6
53514,4
53515,1
53516,7
53517,7
53517,2
53517,5
53517,1
53517,3
53517,6
53517,4
53518,7
53518,2
53518,5
53518,3
53518,6
53518,4
53519,7
53519,2
53519,5
53519,1
53519,3
53520,7
53520,2
53520,5
53520,4
53521,4
53522,4
53523,7
53524,5
53525,1
53526,1
53527,7
53528,5
53528,1
53529,6
53530,3
53531,7
53531,2
53531,5
53531,1
53531,3
53531,6
53531,4
53532,7
53532,2
53532,3
53532,6
53532,4
53533,7
53533,2
53533,5
53533,1
53533,3
53533,6
53533,4
53534,5
53535,1
53536,7
53537,7
53538,7
53539,7
53540,7
53540,2
53540,5
53540,1
53540,3
53540,6
53540,4
53541,3
53542,1
53543,1
53544,6
53545,7
53545,2
53545,1
53546,3
53547,7
53548,6
53549,7
53549,2
53549,5
53549,1
53550,1
53551,7
53551,2
53551,5
53551,1
53551,3
53552,7
53552,2
53552,5
53552,1
53552,3
53552,6
53552,4
53553,2
53554,3
53555,3
53556,3
53557,7
53557,2
53557,5
53557,1
53557,3
53557,6
53557,4
53558,7
53558,2
53558,5
53558,1
53558,3
53558,6
53558,4
53559,7
53560,7
53560,2
53560,5
53561,6
53562,1
53563,7
53563,2
53563,5
53563,1
53563,3
53563,6
53563,4
53564,6
53565,7
53565,2
53565,5
53565,1
53565,3
53565,6
53565,4
53566,7
53566,2
53566,5
53566,3
53566,6
53566,4
53567,3
53568,4
53569,6
53570,6
53571,4
53572,7
53573,7
53573,2
53573,5
53573,1
53573,3
53573,6
53573,4
53574,6
53575,7
53575,2
53575,5
53575,1
53575,3
53576,6
53577,1
53578,7
53578,2
53578,5
53578,1
53578,3
53579,3
53579,6
53580,4
53581,7
53581,2
53581,3
53581,6
53581,4
53583,7
53584,4
53585,6
53586,4
53587,5
53588,7
53588,5
53588,3
53589,7
53590,7
53590,2
53590,5
53590,1
53590,3
53590,6
53590,4
53591,6
53592,7
53593,1
53594,7
53595,5
53596,5
53597,4
53598,5
53598,1
53598,3
53598,6
53598,4
53599,5
53600,6
53601,7
53602,5
53603,1
53604,2
53605,6
53606,4
53607,4
53608,7
53609,1
53610,1
53611,6
53612,7
53613,7
53614,2
53614,5
53614,1
53614,3
53615,2
53616,1
53617,6
53618,7
53619,1
53620,2
53621,7
53622,3
53623,3
53624,6
53625,2
53626,3
53627,3
53628,1
53629,4
53631,7
53634,2
53635,4
53636,4
53637,2
53638,3
53639,5
53640,5
53640,1
53641,6
53642,6
53643,1
53644,1
53645,7
53645,2
53645,5
53645,1
53645,3
53646,7
53646,2
53646,5
53646,1
53646,3
53646,6
53646,4
53647,3
53648,5
53649,4
53651,1
53652,2
53653,3
53654,4
53655,3
53656,6
53657,6
53658,1
53659,1
53660,3
53661,1
53662,5
53663,1
53664,6
53665,2
53665,1
53666,1
53667,1
53668,3
53669,1
53670,1
53671,6
53672,6
53673,6
53674,7
53674,2
53674,5
53674,1
53674,3
53674,6
53674,4
53675,1
53676,3
53676,6
53677,7
53677,2
53677,5
53677,1
53677,3
53677,6
53677,4
53678,7
53678,2
53678,5
53678,1
53678,3
53678,6
53678,4
53679,6
53680,6
53681,2
53682,4
53683,4
53684,7
53684,2
53684,5
53684,1
53684,3
53684,6
53684,4
53685,6
53686,6
53687,5
53688,6
53689,7
53689,2
53689,5
53689,1
53689,3
53689,6
53689,4
53690,7
53690,2
53690,5
53690,1
53690,3
53690,6
53690,4
53691,5
53692,7
53692,2
53692,5
53692,1
53692,3
53692,6
53692,4
53694,5
53695,5
53696,4
53697,3
53697,6
53698,7
53698,2
53698,5
53698,1
53698,3
53699,7
53699,2
53699,5
53699,1
53700,4
53701,7
53702,3
53703,6
53704,1
53705,7
53706,6
53707,5
53708,1
53709,2
53710,1
53711,7
53711,2
53711,5
53711,6
53711,4
53712,5
53713,4
53714,7
53714,2
53714,5
53714,1
53714,3
53714,6
53714,4
53715,7
53715,2
53715,5
53715,1
53715,3
53716,7
53716,2
53716,5
53716,1
53716,3
53716,6
53716,4
53717,7
53717,2
53717,5
53717,1
53717,3
53718,7
53718,2
53718,5
53718,1
53718,3
53718,6
53718,4
53719,7
53719,2
53719,5
53719,1
53719,3
53720,1
53721,4
53722,2
53723,4
53724,5
53725,7
53725,2
53725,5
53725,1
53725,3
53725,6
53725,4
53726,2
53727,7
53728,7
53728,2
53729,6
53729,4
53730,7
53730,2
53730,5
53730,1
53730,3
53730,6
53730,4
53731,5
53732,7
53732,2
53732,5
53732,1
53733,7
53733,2
53733,5
53734,2
53735,7
53736,2
53736,3
53737,3
53738,5
53739,1
53740,7
53741,5
53742,4
53743,7
53743,2
53743,5
53743,1
53743,3
53744,7
53744,2
53744,5
53744,1
53744,3
53745,7
53745,2
53745,5
53745,1
53745,3
53746,2
53747,2
53748,2
53749,7
53750,2
53751,5
53752,7
53753,6
53754,4
53755,4
53756,5
53756,3
53756,4
53757,4
53758,2
53758,6
53759,7
53759,2
53759,5
53759,1
53760,2
53761,1
53762,7
53762,2
53762,5
53762,1
53763,7
53763,2
53763,5
53763,1
53763,3
53763,6
53763,4
53764,7
53764,2
53764,5
53764,1
53764,3
53764,6
53764,4
53765,7
53765,2
53765,5
53765,1
53765,3
53765,6
53765,4
53766,7
53766,2
53766,5
53766,1
53766,3
53766,6
53766,4
53767,3
53767,6
53767,4
53768,7
53769,7
53769,2
53769,5
53769,1
53769,3
53769,6
53769,4
53770,6
53771,7
53771,2
53771,5
53771,1
53771,3
53772,5
53773,6
53773,4
53774,4
53775,6
53775,4
53776,3
53777,7
53777,2
53777,5
53777,1
53777,3
53778,5
53779,4
53780,4
53781,7
53781,2
53781,5
53781,1
53781,3
53781,6
53781,4
53782,4
53783,7
53783,2
53783,5
53783,1
53783,3
53784,2
53785,4
53786,7
53787,2
53788,6
53789,3
53789,6
53789,4
53790,7
53790,2
53791,5
53792,3
53793,2
53794,2
53795,4
53797,5
53798,3
53799,5
53800,3
53801,4
53802,2
53802,6
53803,5
53804,5
53805,5
53806,2
53807,4
53808,7
53808,2
53808,5
53808,1
53809,4
53810,6
53811,1
53812,4
53813,7
53813,2
53813,5
53813,1
53813,3
53813,6
53813,4
53814,6
53815,7
53815,5
53816,4
53817,7
53817,2
53817,5
53817,1
53817,3
53819,6
53819,4
53820,1
53821,7
53821,2
53821,5
53821,1
53821,3
53822,5
53823,7
53824,7
53825,7
53825,2
53825,5
53825,1
53825,3
53826,3
53827,3
53828,6
53829,7
53830,2
53830,1
53832,1
53833,5
53834,3
53835,7
53836,3
53837,6
53838,5
53839,2
53840,7
53840,2
53841,6
53842,2
53843,2
53844,3
53845,7
53845,2
53845,5
53845,1
53845,3
53845,6
53845,4
53846,7
53846,2
53846,5
53846,1
53846,3
53846,6
53846,4
53847,6
53848,1
53849,7
53849,2
53849,5
53849,1
53850,7
53850,2
53850,5
53850,1
53850,3
53850,6
53850,4
53851,7
53853,1
53854,7
53855,1
53856,7
53856,2
53856,5
53856,1
53856,3
53856,6
53856,4
53857,1
53858,7
53859,2
53860,5
53861,2
53862,2
53863,3
53864,3
53865,3
53866,5
53866,1
53867,3
53867,6
53867,4
53868,1
53869,5
53869,3
53869,4
53870,6
53871,7
53871,2
53872,7
53873,7
53873,2
53873,5
53873,1
53873,4
53874,5
53875,3
53876,4
53877,4
53878,6
53879,7
53879,2
53879,5
53879,1
53879,3
53879,6
53879,4
53880,1
53881,7
53881,2
53881,5
53881,1
53881,3
53881,6
53881,4
53882,7
53882,2
53882,5
53882,1
53882,3
53882,6
53882,4
53883,3
53883,4
53884,2
53884,3
53885,1
53886,5
53887,7
53887,2
53887,5
53887,1
53887,3
53887,6
53887,4
53888,7
53888,2
53888,5
53888,1
53889,7
53890,7
53890,2
53890,5
53891,2
53891,5
53892,2
53893,5
53894,2
53894,5
53895,7
53895,2
53895,5
53896,7
53897,7
53898,7
53898,2
53898,5
53898,1
53898,3
53899,6
53900,1
53901,5
53902,7
53903,5
53904,7
53904,2
53904,5
53904,1
53904,3
53905,2
53906,7
53906,2
53906,5
53906,1
53906,3
53906,6
53906,4
53907,6
53908,3
53909,7
53910,3
53911,7
53911,2
53911,5
53911,1
53912,7
53913,5
53914,7
53914,2
53914,5
53914,1
53914,3
53914,6
53915,7
53915,2
53915,5
53915,1
53915,3
53916,3
53917,1
53918,2
53919,3
53920,7
53921,1
53922,1
53923,6
53924,7
53924,2
53924,5
53924,1
53924,3
53924,6
53924,4
53925,7
53926,2
53926,5
53926,1
53926,3
53926,6
53927,6
53928,7
53928,2
53928,5
53928,1
53928,3
53929,7
53929,2
53929,5
53929,1
53930,1
53931,1
53932,7
53932,2
53932,5
53932,1
53932,3
53932,6
53932,4
53933,7
53933,2
53933,5
53933,1
53933,3
53934,7
53934,2
53934,5
53934,1
53934,3
53934,6
53935,3
53936,1
53937,7
53938,7
53938,2
53938,5
53938,1
53938,3
53939,3
53940,3
53941,4
53942,7
53942,2
53942,5
53942,1
53942,4
53943,7
53943,2
53943,5
53943,1
53943,3
53943,6
53943,4
53944,3
53945,7
53945,2
53945,5
53945,1
53945,3
53945,6
53945,4
53946,3
53947,1
53948,7
53949,3
53950,2
53950,3
53951,1
53952,7
53952,2
53952,5
53952,1
53952,3
53952,6
53952,4
53953,5
53954,1
53955,2
53956,2
53957,7
53957,2
53957,5
53957,1
53957,3
53957,6
53958,7
53958,2
53958,5
53958,1
53958,3
53958,6
53958,4
53959,4
53960,2
53961,1
53962,6
53962,4
53963,3
53963,6
53963,4
53964,6
53965,1
53965,4
53966,5
53967,5
53968,4
53969,5
53970,5
53971,3
53972,5
53972,3
53972,4
53973,5
53973,3
53973,4
53974,5
53975,7
53975,2
53975,5
53975,1
53975,3
53975,6
53975,4
53976,7
53976,2
53976,5
53976,1
53976,3
53976,6
53976,4
53977,4
53978,1
53979,7
53979,2
53979,3
53979,6
53979,4
53980,7
53980,2
53980,5
53980,1
53980,3
53980,6
53980,4
53981,1
53982,7
53983,7
53984,4
53985,4
53986,7
53986,2
53986,5
53986,1
53986,3
53986,6
53986,4
53987,5
53987,3
53987,6
53987,4
53988,3
53989,7
53989,2
53990,6
53991,5
53992,3
53993,7
53993,1
53993,3
53993,6
53993,4
53994,7
53994,2
53994,5
53994,3
53994,6
53994,4
53995,7
53995,2
53995,5
53995,1
53995,3
53995,6
53995,4
53996,2
53997,4
53998,7
53998,2
53998,3
53998,6
53998,4
53999,1
53999,3
54000,7
54000,2
54000,5
54000,1
54000,3
54000,6
54000,4
54001,2
54002,7
54002,2
54002,5
54002,1
54003,7
54003,2
54003,5
54003,1
54003,3
54003,6
54003,4
54004,7
54004,2
54004,5
54004,1
54004,3
54004,6
54005,7
54006,4
54007,7
54007,2
54007,5
54007,1
54007,3
54007,6
54007,4
54008,7
54008,2
54008,5
54008,1
54008,3
54009,7
54009,2
54009,5
54009,1
54009,3
54010,7
54011,7
54011,2
54011,5
54011,1
54011,3
54011,6
54011,4
54012,1
54013,5
54014,7
54015,7
54016,7
54017,7
54017,2
54017,5
54017,1
54017,3
54017,6
54017,4
54018,7
54019,7
54019,2
54019,5
54019,1
54019,3
54019,6
54019,4
54020,6
54021,2
54021,5
54021,1
54021,3
54022,4
54023,5
54024,7
54024,2
54024,5
54024,1
54025,4
54026,3
54027,2
54028,3
54028,6
54029,7
54029,2
54029,5
54029,1
54029,3
54029,6
54029,4
54030,4
54031,2
54032,2
54033,6
54034,4
54035,7
54035,2
54035,5
54036,4
54037,2
54038,4
54039,2
54040,5
54041,3
54042,5
54043,3
54044,2
54044,5
54044,1
54044,3
54044,6
54045,1
54046,1
54047,7
54048,3
54048,6
54049,7
54050,1
54051,6
54052,1
54054,7
54054,2
54054,5
54054,1
54054,3
54054,6
54054,4
54055,2
54056,6
54057,7
54057,2
54057,5
54057,1
54057,3
54058,5
54059,4
54060,1
54061,7
54062,7
54062,2
54062,5
54062,1
54062,3
54063,7
54063,2
54063,5
54063,1
54063,3
54064,1
54065,2
54066,3
54067,3
54067,6
54067,4
54068,7
54068,2
54069,7
54069,2
54069,5
54069,1
54070,7
54070,2
54070,5
54070,1
54070,3
54070,6
54070,4
54071,3
54072,3
54073,7
54073,2
54073,5
54073,1
54073,3
54073,6
54073,4
54074,4
54075,1
54077,5
54078,1
54079,3
54080,1
54081,7
54081,2
54081,5
54081,1
54082,4
54083,1
54084,5
54085,5
54086,4
54087,7
54088,2
54089,4
54090,2
54091,4
54092,6
54093,7
54094,1
54095,1
54096,3
54097,4
54098,7
54099,6
54100,2
54101,7
54101,2
54102,4
54103,7
54103,2
54103,5
54103,1
54104,4
54106,7
54106,2
54106,5
54107,1
54108,4
54109,7
54109,2
54109,5
54109,1
54109,3
54109,6
54109,4
54110,7
54110,2
54110,5
54110,1
54110,3
54110,6
54110,4
54111,7
54112,1
54113,2
54114,7
54114,2
54114,5
54114,1
54114,3
54114,6
54114,4
54115,7
54115,2
54115,5
54115,1
54115,3
54115,6
54115,4
54116,2
54117,3
54118,4
54119,7
54120,5
54121,5
54121,3
54121,4
54122,7
54122,2
54122,5
54122,1
54122,3
54122,6
54122,4
54123,7
54123,2
54123,5
54123,1
54123,3
54123,6
54123,4
54124,5
54125,2
54126,5
54127,4
54128,4
54129,4
54130,6
54131,3
54132,7
54133,5
54134,7
54134,2
54134,5
54135,7
54135,2
54135,5
54135,1
54135,3
54136,7
54136,2
54136,5
54136,1
54137,7
54137,2
54137,5
54137,1
54138,7
54138,2
54138,5
54138,1
54138,3
54138,6
54138,4
54139,7
54139,2
54139,5
54139,1
54139,3
54139,6
54139,4
54140,2
54141,3
54142,7
54142,2
54142,5
54142,1
54142,3
54142,6
54142,4
54143,7
54143,2
54143,5
54143,1
54143,3
54144,2
54144,5
54144,1
54144,3
54144,6
54145,7
54145,2
54145,5
54145,1
54145,3
54145,6
54145,4
54146,2
54147,6
54148,4
54150,2
54151,7
54152,3
54153,6
54154,1
54155,7
54155,2
54155,5
54155,1
54156,7
54157,2
54158,6
54159,2
54160,7
54160,2
54160,5
54161,6
54162,7
54162,2
54162,5
54162,1
54162,3
54162,6
54162,4
54163,4
54164,3
54166,6
54167,3
54168,7
54168,2
54168,5
54168,1
54168,3
54168,6
54168,4
54169,5
54170,4
54171,5
54172,4
54173,6
54174,7
54174,2
54174,5
54174,1
54174,3
54174,6
54174,4
54175,7
54175,2
54175,5
54175,1
54175,3
54176,7
54176,2
54176,5
54176,1
54176,3
54176,6
54176,4
54177,7
54178,7
54178,2
54179,7
54180,2
54181,2
54181,5
54182,7
54183,7
54183,2
54183,5
54183,1
54184,4
54185,4
54186,7
54187,7
54187,2
54187,5
54187,1
54188,1
54189,7
54189,2
54189,5
54189,1
54189,3
54189,6
54189,4
54190,1
54191,1
54191,3
54192,1
54193,7
54193,2
54193,5
54193,1
54193,3
54194,3
54195,2
54195,5
54195,1
54195,3
54196,3
54197,5
54198,1
54199,7
54199,2
54199,5
54199,1
54199,3
54199,6
54200,1
54201,6
54202,7
54202,2
54202,5
54202,1
54202,3
54202,6
54202,4
54203,5
54204,7
54204,2
54204,5
54204,1
54204,3
54204,6
54204,4
54205,5
54205,1
54206,7
54206,2
54206,5
54206,1
54206,3
54207,4
54208,4
54209,7
54209,2
54209,5
54209,1
54209,3
54210,3
54211,2
54212,1
54213,1
54214,6
54215,6
54216,5
54217,7
54217,2
54217,5
54217,1
54218,2
54218,1
54219,5
54220,1
54221,5
54221,1
54222,1
54223,5
54224,1
54224,3
54225,2
54228,4
54229,4
54230,6
54231,4
54232,2
54233,3
54234,3
54235,1
54236,3
54237,1
54238,2
54239,1
54240,3
54241,3
54242,6
54243,4
54244,1
54244,3
54244,6
54245,2
54246,7
54246,2
54246,5
54246,1
54247,1
54248,7
54248,2
54248,5
54248,1
54248,3
54249,7
54250,2
54250,5
54250,1
54251,7
54252,7
54253,7
54253,2
54254,7
54254,2
54254,5
54254,1
54254,3
54255,7
54255,2
54255,5
54255,1
54255,3
54256,6
54256,4
54257,1
54258,4
54259,7
54260,3
54260,6
54261,3
54262,3
54263,6
54264,7
54265,7
54265,2
54265,5
54265,1
54265,3
54266,7
54266,2
54266,5
54266,1
54266,3
54266,6
54266,4
54267,3
54268,7
54268,2
54268,5
54268,1
54269,4
54270,2
54271,4
54272,7
54273,4
54274,2
54275,3
54276,2
54277,3
54278,2
54279,6
54280,2
54281,5
54282,5
54283,7
54283,2
54284,7
54284,2
54284,5
54284,1
54284,3
54284,6
54284,4
54285,6
54286,7
54286,2
54286,5
54286,1
54286,3
54287,6
54288,7
54288,2
54288,5
54288,1
54288,3
54289,2
54290,3
54291,1
54293,6
54294,3
54295,1
54296,1
54297,7
54297,2
54297,5
54297,1
54297,3
54297,6
54297,4
54298,7
54298,2
54298,5
54298,1
54298,3
54298,6
54298,4
54299,1
54300,7
54300,2
54300,5
54300,1
54300,3
54301,1
54302,3
54303,1
54304,7
54304,2
54304,5
54304,1
54304,3
54304,6
54304,4
54305,7
54306,2
54307,7
54307,2
54307,5
54307,1
54307,3
54307,6
54307,4
54308,7
54308,2
54308,5
54308,1
54308,3
54308,6
54308,4
54309,4
54310,4
54311,4
54312,1
54313,3
54314,7
54314,2
54314,5
54314,1
54315,7
54315,2
54315,5
54315,1
54315,3
54315,6
54315,4
54316,7
54316,2
54316,5
54316,1
54316,3
54317,7
54317,2
54318,3
54319,7
54320,7
54320,2
54321,1
54322,7
54322,2
54322,5
54322,1
54322,3
54323,5
54323,1
54324,1
54325,7
54325,2
54325,5
54325,1
54325,3
54326,6
54327,1
54328,5
54329,3
54330,5
54331,5
54332,2
54333,7
54333,2
54333,5
54333,1
54333,3
54334,7
54334,2
54334,5
54334,1
54334,3
54334,6
54335,7
54335,2
54335,5
54335,1
54335,3
54335,6
54335,4
54336,5
54337,6
54338,4
54339,7
54339,2
54339,5
54339,1
54339,3
54339,6
54339,4
54340,7
54341,1
54342,2
54343,2
54344,7
54344,2
54344,5
54344,1
54344,3
54344,6
54344,4
54345,7
54345,2
54345,5
54345,1
54345,3
54345,6
54345,4
54346,2
54346,5
54346,1
54346,3
54346,6
54347,5
54348,7
54349,2
54350,2
54351,4
54352,3
54353,2
54354,6
54355,4
54356,3
54357,7
54358,4
54359,3
54360,4
54361,7
54362,6
54363,6
54364,4
54366,6
54367,2
54368,7
54368,2
54368,5
54368,1
54368,3
54369,4
54370,2
54370,5
54370,1
54370,3
54370,6
54370,4
54371,5
54372,7
54372,2
54372,1
54372,3
54372,6
54372,4
54373,4
54374,7
54374,2
54374,5
54374,1
54374,3
54374,6
54374,4
54375,7
54375,2
54375,5
54375,1
54375,3
54375,6
54375,4
54376,7
54376,2
54376,5
54376,1
54376,3
54377,2
54378,2
54379,5
54380,2
54381,6
54382,3
54383,7
54383,2
54383,5
54383,1
54383,3
54383,6
54383,4
54384,1
54385,6
54386,5
54387,5
54388,5
54388,4
54389,7
54389,2
54389,5
54389,1
54389,3
54390,4
54391,6
54392,3
54393,3
54394,7
54395,5
54396,7
54396,2
54396,5
54396,1
54396,3
54397,7
54399,6
54400,3
54401,6
54403,4
54404,7
54404,2
54404,5
54404,1
54404,3
54404,6
54404,4
54405,5
54406,7
54406,2
54406,5
54406,1
54406,3
54406,6
54406,4
54407,5
54409,4
54410,4
54411,1
54412,4
54413,5
54414,1
54415,1
54416,7
54416,2
54416,5
54416,1
54416,3
54417,1
54418,3
54419,7
54420,7
54420,2
54420,5
54420,1
54420,3
54420,6
54420,4
54421,5
54421,1
54421,3
54422,7
54422,2
54422,5
54422,1
54422,3
54422,6
54422,4
54423,7
54423,2
54424,7
54424,2
54424,5
54424,1
54424,3
54424,6
54424,4
54425,7
54425,2
54425,5
54425,1
54425,3
54425,6
54425,4
54426,3
54426,6
54427,7
54427,2
54427,5
54427,1
54428,7
54428,2
54428,5
54428,1
54428,3
54428,6
54428,4
54429,7
54429,2
54429,5
54429,1
54429,3
54429,6
54430,5
54431,2
54431,5
54431,1
54431,3
54431,6
54432,5
54432,1
54432,3
54433,7
54433,2
54433,5
54433,1
54433,3
54434,2
54435,4
54436,4
54437,7
54437,2
54437,5
54437,1
54437,3
54438,5
54439,6
54440,3
54441,1
54442,3
54443,5
54445,6
54446,5
54447,6
54447,4
54448,7
54448,2
54449,5
54450,7
54450,2
54450,5
54450,1
54451,1
54452,5
54453,5
54454,4
54455,1
54456,5
54457,5
54458,3
54458,6
54459,4
54460,2
54461,3
54462,7
54462,2
54462,5
54462,1
54462,3
54462,6
54463,7
54463,2
54463,5
54463,1
54463,3
54463,6
54463,4
54464,1
54465,7
54465,2
54465,5
54465,1
54465,3
54465,4
54466,7
54466,2
54466,5
54466,1
54466,3
54467,7
54467,2
54467,5
54467,1
54467,3
54467,6
54467,4
54468,7
54468,2
54468,5
54468,1
54468,3
54468,6
54468,4
54469,5
54470,4
54471,1
54472,6
54473,7
54473,2
54473,5
54473,1
54473,3
54473,6
54473,4
54474,3
54475,7
54475,2
54475,5
54475,1
54475,3
54475,6
54475,4
54476,1
54478,7
54478,2
54479,1
54479,4
54480,3
54481,1
54482,3
54483,7
54483,2
54483,5
54483,1
54483,3
54483,6
54483,4
54484,7
54484,2
54484,5
54484,1
54484,3
54485,7
54485,2
54485,5
54485,1
54485,3
54485,6
54485,4
54486,3
54487,2
54488,7
54488,2
54488,5
54488,1
54488,3
54488,6
54488,4
54489,7
54490,3
54490,6
54491,4
54492,1
54493,4
54494,2
54494,5
54494,1
54494,3
54494,6
54494,4
54495,7
54495,2
54495,5
54495,1
54495,3
54495,6
54495,4
54496,7
54496,2
54496,5
54496,1
54496,3
54497,7
54497,2
54497,5
54497,1
54497,3
54497,6
54497,4
54498,3
54499,7
54499,2
54499,5
54499,1
54499,3
54499,6
54499,4
54500,3
54501,6
54502,3
54503,2
54504,1
54505,3
54506,2
54507,2
54508,3
54509,4
54510,2
54511,3
54512,3
54512,6
54513,4
54514,6
54515,4
54516,6
54517,6
54518,6
54519,1
54520,6
54521,5
54522,3
54523,4
54524,6
54525,6
54526,6
54527,7
54527,2
54527,5
54527,1
54527,3
54527,6
54527,4
54528,3
54529,3
54530,1
54531,7
54531,2
54531,5
54531,1
54532,7
54533,1
54534,7
54535,7
54535,2
54535,5
54535,1
54535,3
54535,6
54535,4
54536,7
54536,2
54536,5
54536,1
54536,3
54537,2
54538,3
54539,1
54540,7
54540,2
54540,5
54540,1
54540,3
54540,6
54540,4
54541,7
54541,2
54541,1
54541,3
54541,6
54541,4
54542,7
54542,2
54542,5
54542,1
54542,3
54543,7
54543,2
54543,5
54543,1
54543,3
54544,4
54545,2
54545,6
54546,1
54546,3
54547,5
54547,1
54548,5
54548,1
54549,4
54550,7
54550,2
54550,5
54550,1
54550,3
54550,6
54550,4
54551,3
54552,5
54553,7
54554,3
54555,4
54556,7
54556,2
54556,5
54556,1
54556,3
54556,6
54556,4
54557,7
54557,2
54557,5
54557,1
54557,3
54557,6
54557,4
54558,7
54558,2
54558,5
54558,1
54558,3
54558,6
54558,4
54559,2
54560,3
54561,1
54562,5
54562,1
54563,7
54564,7
54564,2
54565,7
54565,2
54565,5
54565,1
54565,3
54565,6
54565,4
54566,7
54566,2
54566,5
54566,1
54566,3
54567,7
54567,3
54567,6
54567,4
54568,6
54569,2
54570,2
54571,1
54572,2
54572,1
54572,6
54573,7
54573,2
54573,5
54574,7
54574,2
54574,5
54575,7
54575,2
54575,5
54575,1
54575,3
54576,4
54577,1
54577,4
54578,6
54579,4
54580,5
54581,7
54581,2
54581,5
54581,1
54581,3
54582,7
54582,2
54582,5
54582,6
54582,4
54583,3
54584,7
54584,2
54584,5
54584,1
54584,3
54584,6
54584,4
54585,3
54586,6
54587,6
54588,7
54588,4
54589,6
54590,6
54591,4
54592,4
54593,3
54594,7
54595,4
54596,5
54596,3
54596,6
54597,3
54598,4
54600,7
54601,7
54601,2
54601,5
54601,1
54601,3
54602,6
54602,4
54603,2
54604,7
54605,1
54606,6
54607,4
54608,6
54609,4
54610,1
54611,7
54611,2
54611,5
54611,1
54611,3
54611,6
54611,4
54612,7
54612,2
54612,5
54612,1
54612,3
54612,6
54613,3
54613,6
54613,4
54614,6
54615,3
54615,4
54616,7
54617,1
54618,4
54619,7
54619,2
54619,5
54619,1
54620,7
54620,2
54620,5
54620,1
54620,3
54621,7
54621,2
54621,5
54621,1
54621,3
54621,6
54621,4
54622,7
54624,7
54625,5
54626,5
54626,1
54626,3
54627,7
54627,2
54627,5
54627,1
54627,3
54627,6
54627,4
54628,2
54628,1
54628,6
54628,4
54629,2
54630,7
54630,3
54630,6
54630,4
54631,4
54632,2
54633,4
54634,2
54635,7
54635,2
54635,5
54635,1
54635,3
54635,6
54635,4
54636,7
54636,4
54637,7
54637,2
54637,5
54637,1
54637,3
54637,6
54637,4
54638,7
54639,3
54641,6
54642,6
54643,6
54644,1
54645,1
54645,4
54646,3
54646,6
54646,4
54647,7
54647,2
54647,5
54647,1
54647,3
54647,6
54647,4
54648,7
54648,2
54648,5
54648,1
54648,3
54648,6
54648,4
54649,4
54650,7
54650,2
54650,5
54650,1
54650,3
54650,6
54650,4
54651,3
54652,7
54652,2
54652,5
54652,1
54652,3
54652,6
54652,4
54653,7
54653,2
54653,5
54653,1
54653,3
54653,6
54653,4
54654,5
54655,2
54656,5
54657,7
54657,2
54657,4
54658,1
54659,7
54659,2
54659,5
54659,1
54659,3
54659,6
54659,4
54660,2
54660,1
54661,3
54662,7
54662,2
54662,1
54662,3
54662,6
54662,4
54663,2
54663,5
54663,1
54664,5
54665,4
54666,6
54667,6
54668,3
54669,3
54670,7
54670,2
54670,5
54670,1
54670,3
54670,6
54670,4
54671,7
54671,2
54671,5
54671,1
54671,3
54671,6
54671,4
54672,7
54672,2
54672,5
54672,1
54672,3
54672,6
54672,4
54673,7
54673,2
54673,5
54673,1
54673,3
54674,7
54674,2
54674,5
54674,1
54674,3
54675,6
54676,6
54677,7
54677,2
54677,5
54677,1
54677,3
54677,6
54677,4
54678,7
54678,2
54678,5
54678,1
54678,3
54678,6
54678,4
54679,7
54679,2
54679,5
54679,1
54679,3
54679,6
54679,4
54680,7
54680,2
54681,7
54681,2
54681,5
54681,1
54681,3
54682,2
54683,7
54683,2
54683,5
54683,1
54683,3
54683,6
54683,4
54684,3
54685,4
54686,6
54686,4
54687,5
54688,2
54689,2
54690,3
54691,7
54692,7
54692,2
54692,5
54692,1
54693,1
54694,3
54695,6
54696,4
54697,2
54698,1
54698,3
54698,6
54699,4
54700,7
54701,5
54702,3
54703,3
54704,1
54705,7
54705,2
54706,3
54707,1
54708,7
54709,1
54710,4
54711,3
54712,4
54713,4
54714,7
54714,2
54714,5
54714,1
54714,3
54714,6
54714,4
54715,6
54716,1
54717,7
54718,7
54718,2
54718,5
54718,1
54718,3
54718,6
54718,4
54719,1
54720,7
54720,2
54720,5
54720,1
54720,3
54721,7
54721,2
54722,4
54723,5
54724,6
54725,7
54725,2
54725,5
54725,1
54725,3
54725,6
54725,4
54726,7
54727,5
54728,7
54729,5
54730,3
54731,5
54732,3
54733,7
54733,2
54733,5
54733,1
54733,3
54734,3
54735,3
54736,7
54736,2
54736,5
54736,1
54736,3
54736,6
54737,4
54738,4
54739,1
54740,2
54741,2
54742,4
54743,2
54744,7
54744,2
54744,5
54744,1
54744,3
54744,6
54744,4
54745,1
54746,7
54747,1
54747,3
54747,6
54748,3
54748,6
54748,4
54749,7
54750,7
54751,7
54751,2
54751,5
54751,1
54751,3
54751,6
54751,4
54752,2
54752,5
54752,1
54752,3
54752,6
54752,4
54753,4
54754,6
54755,7
54755,2
54755,5
54755,1
54756,4
54757,5
54757,1
54758,7
54758,2
54758,5
54758,1
54758,3
54758,6
54758,4
54759,2
54760,1
54761,7
54761,2
54761,5
54761,1
54761,4
54762,7
54762,2
54762,5
54762,1
54762,3
54763,7
54763,2
54763,5
54763,1
54763,3
54764,7
54764,2
54764,5
54764,1
54764,3
54764,6
54764,4
54765,7
54765,2
54765,5
54765,1
54765,3
54765,6
54765,4
54766,7
54766,2
54766,5
54766,1
54766,3
54766,6
54766,4
54767,7
54767,2
54767,5
54767,1
54767,3
54767,6
54767,4
54768,7
54768,2
54768,5
54768,1
54768,3
54768,6
54768,4
54769,4
54770,6
54771,7
54772,1
54773,7
54774,7
54774,2
54774,5
54774,1
54774,3
54774,6
54774,4
54775,7
54775,2
54775,5
54775,1
54775,3
54775,6
54775,4
54776,7
54776,2
54776,5
54776,1
54776,3
54777,4
54778,6
54779,2
54780,7
54780,2
54780,5
54780,1
54780,3
54780,6
54781,2
54782,7
54782,2
54782,5
54782,1
54782,3
54782,6
54782,4
54783,7
54783,2
54783,5
54783,1
54783,3
54783,6
54783,4
54784,7
54784,2
54784,5
54784,1
54784,3
54784,6
54784,4
54785,7
54785,2
54785,5
54785,1
54785,3
54785,6
54785,4
54786,7
54786,2
54786,5
54786,1
54786,3
54786,6
54786,4
54787,1
54788,7
54789,7
54789,2
54789,5
54789,1
54789,3
54789,6
54789,4
54790,1
54790,3
54791,4
54792,5
54793,1
54794,1
54795,3
54796,5
54796,3
54796,6
54797,2
54797,5
54797,1
54798,5
54798,1
54798,3
54800,2
54801,7
54801,2
54801,5
54801,1
54801,3
54801,6
54801,4
54802,7
54803,7
54803,2
54804,4
54805,3
54807,6
54808,7
54808,2
54808,5
54808,1
54808,3
54808,6
54808,4
54809,5
54810,4
54811,2
54812,6
54813,7
54813,2
54813,5
54813,1
54813,3
54814,3
54815,7
54815,2
54815,5
54815,1
54815,3
54815,6
54815,4
54816,7
54816,2
54816,5
54816,1
54816,3
54816,6
54816,4
54817,4
54818,6
54818,4
54819,3
54819,6
54820,7
54820,2
54820,5
54820,1
54820,3
54820,6
54820,4
54821,7
54821,2
54821,5
54821,1
54821,3
54821,6
54821,4
54822,7
54822,2
54822,5
54822,1
54822,3
54822,6
54822,4
54823,7
54823,2
54823,5
54823,1
54823,3
54823,6
54823,4
54824,5
54825,7
54825,2
54825,5
54825,1
54825,3
54825,6
54825,4
54826,1
54827,7
54827,2
54827,5
54827,1
54827,3
54827,6
54827,4
54828,7
54828,2
54828,5
54828,1
54828,3
54828,6
54828,4
54829,7
54830,6
54831,7
54831,2
54832,7
54833,3
54834,3
54835,2
54836,7
54837,2
54838,7
54838,2
54838,5
54838,1
54838,3
54838,6
54838,4
54839,5
54841,6
54842,6
54843,6
54844,4
54845,7
54845,6
54845,4
54846,7
54846,2
54846,5
54846,1
54846,3
54846,6
54846,4
54847,2
54847,1
54848,4
54849,2
54850,5
54851,7
54852,6
54853,2
54854,5
54855,5
54856,7
54856,2
54856,5
54856,1
54856,3
54857,7
54857,2
54857,5
54857,1
54858,1
54859,7
54859,2
54859,5
54859,1
54859,3
54859,6
54859,4
54860,7
54860,2
54860,5
54860,1
54860,3
54860,6
54860,4
54861,7
54861,2
54861,5
54861,1
54861,3
54861,6
54861,4
54862,7
54862,2
54862,5
54862,1
54862,3
54862,6
54862,4
54863,1
54864,3
54865,1
54866,1
54867,1
54868,7
54868,2
54868,5
54868,1
54868,3
54868,6
54868,4
54869,5
54870,6
54871,1
54872,4
54873,4
54874,3
54875,4
54876,4
54877,3
54878,6
54879,6
54880,4
54881,4
54882,4
54883,5
54884,2
54885,2
54886,2
54887,7
54887,2
54887,5
54887,1
54887,3
54887,6
54887,4
54888,7
54888,2
54888,5
54888,1
54888,3
54889,3
54890,4
54891,1
54892,7
54893,5
54894,4
54895,1
54896,7
54896,2
54896,5
54896,1
54896,3
54897,6
54898,2
54899,5
54900,7
54900,2
54900,5
54900,1
54900,3
54900,6
54900,4
54901,7
54901,2
54901,5
54901,1
54901,3
54901,6
54901,4
54902,5
54903,7
54903,2
54903,5
54903,1
54903,3
54903,6
54903,4
54904,7
54904,2
54904,5
54904,1
54904,3
54905,7
54905,2
54905,5
54905,6
54905,4
54906,7
54906,2
54906,5
54906,1
54906,3
54907,7
54907,2
54907,5
54907,1
54907,3
54907,6
54907,4
54908,7
54908,2
54908,5
54908,1
54908,3
54908,6
54908,4
54909,6
54911,5
54912,6
54913,7
54913,2
54913,5
54913,1
54913,3
54913,6
54913,4
54914,7
54914,2
54914,5
54914,1
54915,3
54916,4
54917,1
54918,7
54919,5
54920,6
54921,3
54922,1
54922,6
54923,4
54924,4
54925,1
54926,7
54926,2
54926,5
54926,1
54926,3
54927,3
54928,7
54928,2
54928,5
54928,1
54928,3
54928,6
54928,4
54929,7
54930,4
54931,4
54932,3
54933,7
54933,2
54933,5
54933,4
54934,1
54935,7
54936,7
54937,6
54938,7
54938,2
54938,5
54938,1
54938,3
54938,6
54938,4
54940,7
54941,6
54942,7
54942,2
54942,5
54942,1
54942,3
54942,6
54942,4
54943,6
54944,4
54945,7
54947,5
54947,3
54948,1
54949,7
54949,2
54949,5
54950,5
54950,1
54951,7
54951,2
54952,7
54953,4
54954,7
54955,7
54955,2
54955,5
54955,1
54956,7
54957,7
54958,3
54959,4
54960,4
54961,5
54961,1
54961,3
54962,3
54963,2
54964,5
54964,1
54965,7
54966,5
54967,4
54968,7
54968,2
54968,5
54968,1
54968,3
54968,6
54968,4
54969,1
54969,3
54969,6
54970,7
54972,4
54973,7
54973,2
54973,5
54973,1
54973,3
54973,6
54973,4
54974,5
54975,6
54976,5
54977,4
54978,1
54979,7
54979,2
54979,5
54979,1
54979,3
54979,6
54979,4
54980,1
54981,2
54982,7
54982,2
54982,5
54982,1
54982,3
54983,2
54984,5
54985,5
54986,3
54987,7
54987,2
54987,5
54987,1
54987,3
54987,6
54987,4
54988,7
54988,2
54988,5
54988,1
54988,3
54988,6
54988,4
54989,7
54990,4
54991,7
54992,7
54992,2
54992,5
54992,1
54992,3
54992,6
54992,4
54993,4
54994,5
54995,5
54996,1
54997,5
54998,1
54999,2
55000,4
55001,1
55002,1
55003,6
55004,6
55005,1
55006,7
55007,5
55008,2
55009,7
55009,2
55009,5
55009,1
55009,3
55010,7
55011,3
55012,1
55013,2
55014,1
55015,2
55016,4
55017,5
55018,3
55019,2
55020,2
55021,5
55022,6
55022,4
55023,6
55024,7
55024,2
55024,5
55024,1
55024,3
55025,1
55026,2
55026,5
55026,1
55027,7
55028,7
55029,1
55030,2
55031,7
55031,2
55032,1
55033,2
55033,5
55033,1
55033,3
55034,1
55036,2
55037,7
55038,4
55039,4
55040,2
55041,4
55042,4
55043,5
55044,4
55045,7
55045,2
55046,5
55047,7
55048,5
55049,7
55049,2
55049,5
55049,1
55049,3
55050,2
55050,5
55050,1
55051,7
55051,2
55051,5
55051,1
55051,3
55052,7
55052,2
55052,5
55052,1
55052,3
55053,2
55054,7
55054,2
55054,5
55054,1
55055,4
55056,1
55057,5
55058,5
55059,5
55060,7
55060,2
55060,5
55060,4
55061,3
55062,7
55063,2
55063,5
55063,1
55063,3
55064,1
55065,7
55065,2
55065,5
55065,1
55065,3
55065,6
55065,4
55066,7
55066,2
55067,7
55067,2
55067,5
55067,1
55067,3
55067,6
55067,4
55068,7
55068,2
55068,5
55068,1
55068,3
55068,6
55068,4
55069,1
55070,7
55070,2
55070,5
55070,1
55070,3
55070,6
55070,4
55071,7
55071,2
55071,5
55071,1
55071,3
55071,6
55071,4
55072,7
55072,2
55072,5
55072,1
55072,3
55072,6
55072,4
55073,1
55073,3
55073,6
55073,4
55074,3
55075,3
55076,1
55077,2
55078,7
55078,2
55078,5
55078,1
55079,1
55080,1
55081,6
55082,6
55083,1
55084,5
55084,3
55085,1
55086,5
55087,7
55088,7
55088,2
55088,5
55088,1
55088,3
55088,6
55089,2
55090,2
55091,4
55092,2
55093,2
55094,4
55095,5
55096,6
55097,2
55098,3
55099,1
55100,3
55100,6
55100,4
55101,3
55102,3
55103,7
55103,2
55103,5
55103,1
55104,2
55105,7
55105,2
55105,5
55105,1
55105,3
55105,6
55105,4
55106,7
55106,2
55106,5
55106,1
55106,3
55107,7
55107,2
55107,5
55107,1
55107,3
55107,6
55107,4
55108,1
55109,3
55110,6
55111,5
55112,4
55113,7
55114,2
55115,3
55116,7
55116,2
55116,5
55116,1
55116,3
55117,7
55117,2
55117,5
55117,1
55117,3
55118,7
55118,2
55118,5
55118,1
55118,3
55119,7
55119,2
55119,5
55119,1
55119,3
55120,6
55121,1
55122,7
55122,2
55122,5
55122,1
55122,3
55122,6
55122,4
55123,7
55123,2
55123,5
55123,1
55124,7
55124,2
55124,5
55124,1
55124,3
55124,6
55124,4
55125,6
55127,7
55127,2
55127,5
55127,1
55127,3
55127,6
55127,4
55129,2
55130,6
55131,7
55132,7
55132,2
55133,4
55134,5
55135,3
55136,2
55137,4
55138,7
55138,2
55138,5
55138,1
55138,3
55139,7
55139,2
55139,5
55139,1
55139,3
55140,5
55141,6
55142,6
55143,6
55144,1
55145,1
55146,5
55147,7
55147,2
55147,5
55147,1
55148,7
55148,2
55148,5
55148,1
55149,3
55150,7
55150,2
55150,5
55150,1
55151,1
55152,7
55152,2
55152,5
55152,1
55152,3
55152,4
55153,4
55154,6
55155,2
55156,5
55157,7
55158,2
55159,7
55159,2
55159,5
55159,1
55159,3
55159,6
55159,4
55160,7
55160,2
55160,5
55160,1
55160,3
55160,6
55160,4
55161,3
55162,2
55163,7
55164,5
55165,6
55166,1
55167,6
55168,7
55168,2
55168,5
55168,1
55168,3
55168,6
55168,4
55169,6
55170,1
55171,5
55172,6
55173,2
55174,3
55175,7
55175,3
55176,7
55176,2
55176,5
55176,1
55176,3
55177,4
55178,2
55179,3
55180,1
55181,7
55181,2
55181,5
55181,1
55181,3
55181,6
55181,4
55182,7
55183,7
55183,2
55184,7
55185,7
55185,2
55185,5
55185,1
55185,3
55186,6
55187,1
55188,2
55189,6
55190,7
55190,2
55190,5
55190,1
55190,3
55190,6
55190,4
55191,7
55191,2
55191,5
55191,1
55191,3
55191,6
55191,4
55192,7
55192,2
55192,5
55192,1
55192,3
55192,6
55192,4
55193,6
55194,7
55194,2
55194,5
55194,1
55194,3
55194,6
55194,4
55195,7
55195,2
55195,5
55195,1
55195,3
55195,6
55195,4
55196,7
55196,2
55196,5
55196,1
55197,7
55197,2
55197,5
55197,1
55197,3
55197,6
55197,4
55198,7
55198,2
55198,5
55198,1
55198,3
55198,6
55198,4
55199,3
55200,7
55200,2
55200,5
55200,1
55200,3
55201,5
55202,7
55202,2
55202,5
55202,1
55202,3
55203,6
55204,1
55205,3
55206,4
55207,7
55207,2
55207,5
55207,1
55207,3
55207,6
55207,4
55208,7
55208,2
55208,5
55208,1
55208,3
55209,7
55209,2
55209,5
55209,1
55209,3
55209,6
55209,4
55210,1
55211,2
55212,3
55213,2
55214,5
55215,7
55215,2
55216,6
55217,5
55217,6
55218,5
55219,5
55220,7
55220,2
55220,5
55220,1
55220,3
55221,7
55221,2
55221,5
55221,1
55221,3
55221,6
55221,4
55222,2
55222,4
55223,5
55224,3
55225,7
55225,2
55225,5
55225,1
55225,3
55225,6
55225,4
55226,6
55227,6
55228,7
55228,2
55228,5
55228,1
55228,3
55228,6
55228,4
55229,7
55229,2
55229,5
55229,1
55229,3
55229,4
55230,7
55230,2
55230,5
55230,1
55230,3
55230,6
55230,4
55231,7
55231,2
55231,5
55231,1
55231,3
55231,6
55231,4
55232,1
55233,7
55234,6
55235,5
55236,1
55237,6
55238,2
55239,3
55240,6
55241,3
55242,1
55243,6
55244,3
55245,2
55246,7
55246,4
55247,3
55248,3
55249,6
55250,4
55251,4
55252,5
55253,4
55254,2
55255,7
55255,2
55255,5
55255,1
55255,3
55255,6
55255,4
55256,6
55257,7
55257,2
55257,5
55257,1
55258,3
55259,3
55260,7
55260,2
55260,5
55260,1
55260,3
55261,7
55262,2
55263,7
55264,3
55265,3
55266,1
55267,1
55268,7
55268,2
55268,5
55268,1
55268,3
55269,1
55270,5
55271,3
55272,7
55273,5
55274,6
55275,4
55276,1
55277,7
55277,2
55277,5
55277,1
55277,3
55277,6
55277,4
55278,7
55278,2
55278,5
55278,1
55278,3
55279,1
55279,4
55280,7
55280,2
55280,5
55280,1
55280,3
55280,6
55280,4
55281,7
55281,2
55281,5
55281,1
55281,3
55281,6
55281,4
55282,7
55282,2
55282,5
55282,1
55282,3
55283,7
55283,2
55283,5
55283,1
55283,3
55283,6
55283,4
55284,3
55285,3
55286,7
55286,2
55286,4
55287,6
55288,4
55289,1
55290,2
55291,1
55292,6
55293,4
55294,7
55294,2
55294,5
55294,1
55294,3
55294,6
55294,4
55295,7
55295,2
55295,5
55295,1
55295,3
55295,6
55296,7
55296,2
55296,5
55296,1
55296,3
55296,6
55296,4
55297,2
55298,2
55299,1
55300,5
55301,1
55302,7
55302,2
55302,5
55303,6
55304,2
55305,3
55306,5
55307,7
55307,2
55307,5
55307,1
55307,3
55308,1
55309,7
55309,2
55309,5
55309,1
55309,3
55309,6
55309,4
55310,1
55311,1
55312,1
55313,6
55314,7
55314,2
55314,5
55314,1
55314,3
55314,6
55314,4
55315,7
55315,2
55315,5
55315,1
55315,3
55315,6
55315,4
55316,7
55316,2
55316,5
55316,1
55316,3
55316,6
55316,4
55317,6
55318,6
55319,1
55320,4
55321,7
55321,2
55321,5
55321,1
55322,7
55322,2
55322,5
55322,1
55323,1
55324,4
55325,4
55326,4
55327,2
55328,6
55329,3
55330,2
55331,1
55332,5
55333,6
55334,4
55335,7
55336,4
55337,7
55337,2
55337,5
55337,1
55337,3
55338,7
55338,2
55338,5
55338,1
55338,3
55339,7
55339,2
55339,5
55339,1
55339,3
55340,2
55340,5
55341,3
55342,6
55343,6
55344,7
55344,2
55344,5
55344,1
55345,6
55345,4
55346,6
55347,7
55348,1
55349,2
55349,5
55349,1
55349,3
55350,7
55350,2
55350,5
55350,1
55351,7
55351,2
55351,5
55351,1
55351,3
55351,6
55351,4
55352,7
55352,2
55352,5
55352,1
55352,3
55352,6
55352,4
55353,6
55354,3
55355,1
55356,6
55357,6
55358,6
55359,6
55360,4
55361,2
55362,2
55363,3
55365,7
55365,2
55365,5
55365,1
55365,3
55366,4
55367,7
55367,2
55367,5
55367,1
55368,1
55369,7
55369,2
55369,5
55369,1
55369,3
55370,7
55371,6
55372,5
55373,6
55374,4
55375,4
55376,4
55377,4
55378,5
55379,2
55380,7
55381,7
55382,2
55383,7
55383,3
55383,6
55384,4
55385,1
55386,6
55387,7
55388,7
55389,6
55390,6
55391,6
55392,6
55393,7
55394,5
55395,3
55396,4
55397,7
55398,6
55399,5
55400,4
55401,3
55402,1
55403,7
55404,1
55405,4
55406,1
55407,7
55407,2
55407,5
55407,1
55407,3
55408,7
55408,2
55408,5
55408,1
55409,1
55410,1
55411,3
55412,4
55413,7
55413,2
55413,5
55413,1
55413,3
55413,6
55413,4
55414,7
55414,2
55414,5
55414,1
55414,3
55414,6
55414,4
55415,2
55416,2
55417,4
55418,2
55419,5
55420,4
55421,7
55421,2
55421,5
55421,1
55421,3
55421,6
55421,4
55422,7
55422,2
55422,5
55422,1
55422,3
55423,6
55424,2
55425,2
55426,3
55427,3
55428,7
55428,2
55428,5
55428,1
55428,3
55428,6
55428,4
55429,7
55429,2
55429,5
55429,1
55429,3
55429,6
55429,4
55430,3
55431,1
55432,1
55433,1
55434,3
55435,1
55437,5
55438,3
55439,7
55439,2
55439,5
55439,1
55439,3
55440,7
55440,2
55440,5
55440,1
55440,3
55441,7
55441,2
55441,5
55441,1
55441,3
55441,6
55441,4
55442,5
55443,6
55444,7
55444,2
55444,5
55444,1
55444,3
55444,6
55444,4
55445,7
55445,2
55445,5
55445,1
55445,3
55445,6
55445,4
55446,6
55447,7
55447,2
55448,7
55449,5
55450,1
55451,6
55453,6
55454,6
55455,7
55456,7
55456,2
55456,5
55456,1
55457,5
55458,1
55459,5
55459,1
55460,7
55461,3
55462,6
55463,6
55464,5
55465,1
55466,1
55467,2
55468,7
55469,7
55469,2
55469,5
55469,1
55470,7
55471,5
55472,2
55473,7
55474,3
55475,7
55475,2
55475,5
55475,1
55475,3
55475,6
55475,4
55476,7
55477,6
55478,5
55478,1
55478,3
55479,5
55481,1
55482,7
55482,2
55482,5
55482,1
55482,3
55482,6
55482,4
55483,3
55484,7
55484,2
55484,5
55484,1
55484,3
55484,6
55484,4
55485,7
55486,6
55487,5
55488,4
55489,2
55490,1
55491,7
55492,3
55493,3
55494,1
55495,7
55495,2
55495,5
55495,1
55495,3
55496,3
55497,6
55498,2
55499,1
55501,7
55501,2
55501,5
55501,1
55501,3
55501,6
55501,4
55502,7
55502,2
55502,5
55502,1
55503,7
55503,2
55503,5
55503,1
55503,3
55503,6
55503,4
55504,1
55505,5
55506,7
55506,2
55506,5
55506,1
55506,3
55507,2
55508,7
55508,2
55508,5
55508,1
55508,3
55508,6
55508,4
55509,5
55510,2
55510,5
55511,1
55512,5
55513,4
55514,4
55515,2
55516,6
55516,4
55517,2
55517,5
55518,7
55518,2
55518,5
55518,1
55518,3
55519,5
55520,2
55521,3
55522,3
55523,7
55523,2
55523,5
55523,1
55523,3
55523,6
55523,4
55524,7
55524,2
55524,5
55524,1
55524,4
55525,3
55526,7
55526,2
55526,5
55526,1
55526,3
55526,6
55527,1
55529,5
55530,2
55532,7
55532,2
55533,7
55533,2
55533,5
55533,1
55533,3
55533,6
55533,4
55534,7
55535,7
55535,2
55536,1
55537,3
55538,1
55539,7
55539,2
55539,5
55539,1
55539,3
55539,6
55539,4
55540,7
55540,2
55540,5
55540,1
55540,3
55540,6
55540,4
55542,5
55543,2
55544,1
55545,2
55546,4
55547,2
55547,5
55547,1
55548,7
55549,7
55549,2
55549,5
55549,1
55549,3
55550,7
55550,2
55550,5
55550,1
55550,3
55550,6
55550,4
55551,3
55552,4
55553,7
55553,2
55553,5
55553,1
55553,3
55553,6
55553,4
55554,7
55554,2
55554,5
55554,1
55554,3
55554,6
55554,4
55555,7
55555,2
55555,5
55555,1
55555,3
55555,6
55555,4
55556,6
55557,7
55557,2
55557,5
55557,1
55557,3
55557,6
55557,4
55558,7
55558,2
55558,5
55558,1
55559,3
55560,4
55561,7
55561,2
55561,5
55561,1
55561,3
55562,1
55563,4
55564,4
55565,3
55566,3
55567,7
55567,2
55567,5
55567,1
55568,7
55569,4
55570,5
55571,3
55572,2
55573,1
55574,1
55575,5
55576,7
55577,7
55578,6
55579,5
55580,1
55581,7
55582,1
55583,5
55584,4
55585,1
55586,7
55586,2
55586,5
55586,1
55586,3
55586,6
55586,4
55587,1
55588,5
55589,2
55590,3
55591,7
55591,2
55591,5
55591,1
55591,3
55591,6
55591,4
55592,6
55593,4
55594,6
55595,7
55596,6
55597,2
55598,5
55599,4
55600,5
55601,2
55602,7
55602,2
55602,5
55602,1
55602,3
55602,6
55602,4
55603,7
55603,2
55603,5
55603,1
55603,3
55603,6
55603,4
55604,7
55604,2
55604,5
55604,1
55604,3
55604,6
55604,4
55605,3
55606,7
55607,4
55608,7
55608,2
55608,5
55608,1
55608,3
55608,4
55609,6
55610,6
55611,7
55611,2
55611,5
55611,1
55611,3
55611,6
55611,4
55612,7
55612,2
55612,5
55612,1
55612,3
55612,6
55612,4
55613,4
55614,1
55615,7
55616,7
55616,2
55616,5
55616,1
55616,3
55616,6
55616,4
55617,7
55617,2
55618,6
55619,6
55620,4
55622,4
55623,1
55624,7
55625,7
55625,2
55625,5
55625,1
55625,3
55625,6
55625,4
55626,2
55626,5
55626,4
55627,6
55628,5
55629,3
55630,1
55631,7
55631,2
55632,7
55632,2
55632,5
55632,1
55632,3
55632,6
55632,4
55633,7
55633,2
55633,5
55633,1
55633,3
55633,6
55633,4
55634,7
55634,2
55634,5
55634,1
55634,3
55634,6
55634,4
55635,7
55636,1
55637,5
55638,3
55639,5
55640,1
55641,3
55642,4
55643,7
55643,2
55643,5
55643,1
55643,3
55643,6
55643,4
55644,4
55645,3
55646,2
55647,4
55648,1
55649,7
55649,2
55649,5
55649,1
55649,3
55650,7
55650,2
55650,5
55650,1
55651,5
55651,1
55651,3
55651,6
55652,7
55652,2
55652,5
55652,1
55652,3
55652,6
55652,4
55653,5
55654,4
55655,2
55656,3
55657,4
55658,4
55659,3
55660,4
55661,6
55662,7
55662,2
55662,5
55662,1
55662,3
55662,6
55662,4
55663,7
55663,2
55663,5
55664,7
55664,2
55664,5
55665,7
55665,2
55665,4
55666,7
55667,2
55668,6
55669,6
55670,5
55671,4
55672,3
55673,7
55674,3
55675,3
55676,7
55676,2
55676,5
55676,1
55676,3
55676,6
55676,4
55677,6
55678,7
55679,3
55680,4
55681,1
55682,3
55683,4
55684,7
55685,1
55686,2
55686,5
55686,1
55686,3
55687,5
55688,2
55689,7
55689,2
55689,5
55689,1
55690,1
55691,7
55692,3
55693,7
55694,7
55695,7
55695,2
55696,6
55697,5
55698,7
55698,2
55698,5
55698,1
55698,3
55698,6
55698,4
55699,5
55700,7
55701,3
55701,6
55702,4
55703,7
55703,2
55703,5
55703,1
55703,3
55703,6
55703,4
55704,4
55705,1
55706,7
55707,6
55708,7
55709,7
55709,2
55709,5
55709,1
55710,7
55710,2
55710,5
55710,1
55711,6
55712,3
55713,5
55714,1
55715,4
55716,6
55717,7
55717,2
55717,5
55717,1
55717,3
55718,4
55719,1
55720,2
55721,3
55722,2
55723,3
55724,7
55724,2
55724,5
55724,1
55724,3
55724,6
55724,4
55725,7
55725,2
55725,5
55725,1
55725,3
55725,6
55726,7
55726,2
55726,5
55726,1
55726,3
55726,6
55727,7
55727,2
55727,5
55727,1
55727,3
55727,6
55727,4
55728,7
55728,2
55728,5
55728,1
55728,3
55728,6
55728,4
55729,7
55729,2
55729,5
55729,1
55729,3
55729,6
55729,4
55730,1
55731,6
55732,4
55733,6
55734,7
55734,2
55734,5
55734,1
55734,3
55734,6
55734,4
55735,2
55735,5
55736,7
55736,2
55736,5
55736,1
55736,3
55737,1
55738,7
55739,7
55740,3
55741,7
55741,2
55741,5
55741,1
55741,3
55742,7
55743,3
55744,5
55745,7
55745,2
55745,5
55745,1
55745,3
55745,6
55745,4
55746,4
55747,5
55748,7
55748,2
55748,5
55748,1
55748,3
55748,6
55748,4
55749,5
55749,1
55750,7
55751,7
55751,2
55751,5
55751,1
55751,3
55752,2
55753,7
55753,2
55753,5
55753,1
55754,4
55755,3
55756,6
55756,4
55757,4
55758,3
55759,7
55759,2
55759,5
55759,1
55759,3
55760,7
55760,2
55760,5
55760,1
55760,3
55760,6
55760,4
55761,4
55762,7
55762,2
55762,5
55762,1
55762,3
55762,6
55763,1
55764,4
55765,4
55766,7
55766,2
55766,5
55766,1
55766,3
55766,6
55767,7
55767,2
55767,5
55768,3
55769,4
55770,7
55770,2
55770,5
55770,1
55770,3
55771,7
55772,7
55773,4
55774,6
55775,4
55776,6
55777,1
55778,4
55779,5
55780,4
55781,6
55782,7
55782,2
55782,5
55782,1
55782,3
55782,6
55782,4
55783,5
55784,3
55785,3
55786,7
55787,1
55788,6
55789,3
55790,7
55790,2
55790,5
55790,1
55790,3
55791,7
55791,2
55791,5
55792,7
55793,7
55794,2
55795,1
55795,3
55795,6
55796,7
55796,2
55796,5
55796,1
55796,3
55796,6
55796,4
55797,7
55798,4
55799,4
55800,2
55801,6
55802,7
55802,2
55802,5
55802,1
55802,3
55802,6
55802,4
55803,5
55804,7
55806,5
55807,1
55808,6
55809,5
55810,7
55811,7
55811,4
55812,3
55813,3
55814,5
55815,5
55816,7
55817,5
55818,7
55818,2
55818,5
55818,1
55818,3
55819,6
55820,7
55820,2
55820,5
55820,1
55820,3
55820,6
55820,4
55822,6
55823,3
55824,5
55825,1
55825,4
55826,4
55827,7
55828,3
55829,3
55830,1
55831,7
55831,2
55831,5
55831,4
55832,7
55832,1
55833,5
55835,7
55835,2
55837,7
55837,2
55837,5
55837,1
55837,3
55837,6
55837,4
55838,6
55839,7
55839,2
55839,5
55839,1
55839,3
55839,6
55839,4
55840,7
55840,2
55840,5
55840,1
55840,3
55840,6
55840,4
55841,7
55842,3
55843,2
55844,7
55845,4
55846,7
55847,4
55848,5
55849,7
55849,2
55849,5
55849,1
55849,3
55849,6
55849,4
55850,1
55851,5
55852,6
55852,4
55853,7
55854,2
55855,6
55856,4
55857,6
55858,2
55859,3
55860,6
55861,5
55862,1
55864,3
55866,7
55866,2
55866,5
55866,1
55866,3
55867,1
55868,3
55869,4
55870,1
55870,4
55871,6
55872,3
55872,6
55873,2
55874,1
55875,5
55876,7
55877,7
55878,1
55879,1
55880,7
55880,2
55880,5
55880,1
55880,3
55880,6
55880,4
55881,7
55881,2
55881,5
55881,1
55881,3
55881,6
55881,4
55882,7
55882,2
55882,5
55882,1
55882,3
55882,6
55882,4
55883,7
55883,2
55883,5
55883,1
55883,6
55883,4
55884,7
55884,2
55884,5
55884,1
55884,3
55884,6
55884,4
55885,7
55886,5
55887,6
55888,5
55889,3
55890,4
55891,7
55891,2
55891,5
55891,1
55891,3
55891,6
55891,4
55892,7
55892,2
55892,5
55892,1
55892,3
55892,6
55892,4
55893,2
55893,5
55893,1
55893,3
55893,6
55894,7
55894,2
55894,5
55894,1
55894,3
55894,6
55894,4
55895,2
55895,5
55895,1
55895,3
55895,6
55895,4
55896,7
55896,2
55896,5
55896,1
55896,3
55896,6
55896,4
55897,7
55897,2
55897,5
55897,1
55897,3
55897,6
55897,4
55898,7
55898,2
55898,5
55898,1
55898,3
55898,6
55898,4
55899,7
55899,2
55899,5
55899,1
55899,3
55899,6
55899,4
55900,7
55900,2
55900,5
55900,1
55900,3
55900,6
55900,4
55901,7
55901,2
55901,5
55901,1
55901,3
55902,2
55903,2
55904,4
55905,2
55906,4
55907,3
55908,4
55909,4
55910,7
55910,2
55910,5
55910,1
55910,3
55910,6
55910,4
55911,7
55911,2
55911,5
55911,1
55911,3
55911,6
55911,4
55912,5
55913,5
55914,5
55915,7
55915,2
55915,5
55915,1
55915,3
55915,6
55915,4
55916,7
55916,2
55916,5
55916,1
55916,3
55916,6
55916,4
55917,7
55917,2
55917,5
55917,1
55917,3
55917,6
55917,4
55918,7
55918,2
55918,5
55918,1
55918,3
55918,6
55918,4
55920,7
55920,2
55920,5
55920,1
55920,3
55920,6
55920,4
55921,7
55922,5
55923,5
55924,2
55924,5
55925,7
55925,2
55925,5
55925,1
55926,7
55926,2
55926,5
55926,1
55926,3
55926,6
55926,4
55927,7
55927,2
55927,5
55927,1
55927,3
55927,6
55927,4
55928,7
55928,2
55928,5
55928,1
55928,3
55928,6
55928,4
55929,7
55929,2
55929,5
55929,1
55929,3
55930,7
55930,2
55930,5
55930,1
55930,3
55930,6
55930,4
55931,1
55932,1
55932,3
55932,6
55933,7
55933,2
55933,5
55933,1
55933,3
55933,6
55933,4
55934,7
55934,2
55934,5
55934,1
55934,3
55934,6
55934,4
55935,7
55935,2
55935,5
55935,1
55935,3
55935,6
55935,4
55936,7
55936,2
55936,5
55936,1
55936,3
55936,6
55936,4
55937,7
55937,2
55937,5
55937,1
55937,3
55939,7
55939,2
55939,5
55939,1
55939,3
55939,6
55939,4
55940,6
55941,1
55942,4
55943,7
55943,2
55943,5
55943,1
55944,1
55945,7
55945,2
55945,5
55945,1
55946,7
55947,3
55948,3
55949,1
55950,7
55950,2
55950,5
55950,1
55950,3
55951,7
55952,7
55952,2
55952,5
55952,1
55952,3
55952,6
55952,4
55953,2
55954,7
55954,2
55955,2
55956,3
55957,7
55957,2
55957,5
55957,1
55957,3
55957,6
55957,4
55958,5
55958,1
55958,3
55958,6
55958,4
55959,1
55960,6
55961,4
55962,5
55962,1
55963,4
55964,2
55965,2
55965,5
55966,1
55967,5
55968,7
55968,2
55968,5
55968,1
55968,3
55968,6
55968,4
55969,6
55970,5
55971,3
55971,6
55971,4
55972,1
55973,1
55974,2
55975,1
55976,4
55977,7
55977,4
55978,5
55978,1
55979,1
55980,3
55980,6
55981,5
55981,1
55982,7
55982,2
55982,5
55982,1
55982,3
55982,6
55982,4
55983,7
55983,2
55983,5
55983,1
55983,3
55983,6
55983,4
55984,7
55985,7
55985,2
55985,5
55985,1
55985,4
55986,3
55987,6
55988,2
55989,7
55989,2
55989,5
55989,1
55989,3
55989,6
55989,4
55990,6
55990,4
55991,1
55991,3
55992,3
55993,6
55994,7
55994,2
55994,5
55994,1
55994,3
55995,5
55996,6
55997,7
55997,2
55997,5
55997,1
55997,3
55997,6
55997,4
55998,1
55999,2
55999,5
55999,1
55999,3
56000,2
56001,7
56001,2
56001,5
56001,1
56001,3
56001,6
56002,3
56003,1
56005,5
56006,7
56007,3
56009,5
56010,2
56011,7
56011,2
56011,5
56011,1
56011,3
56012,5
56013,6
56015,3
56016,1
56017,2
56017,1
56018,4
56019,7
56019,2
56019,5
56019,1
56019,3
56019,6
56019,4
56020,7
56020,2
56020,5
56021,2
56022,2
56023,1
56024,7
56025,4
56026,2
56027,5
56028,3
56029,3
56030,5
56032,6
56034,5
56035,2
56036,2
56036,5
56037,5
56038,2
56039,4
56040,3
56041,7
56041,2
56041,5
56041,1
56041,3
56041,6
56041,4
56042,5
56043,3
56044,5
56045,3
56046,3
56047,7
56047,2
56047,5
56047,1
56047,3
56048,4
56049,4
56050,4
56051,5
56052,6
56053,7
56053,2
56053,3
56053,6
56053,4
56054,7
56054,2
56054,5
56054,1
56054,3
56054,6
56054,4
56055,7
56055,2
56055,5
56055,1
56055,3
56055,6
56055,4
56056,7
56056,2
56056,5
56056,1
56056,3
56056,6
56056,4
56057,5
56058,5
56059,5
56060,3
56061,7
56062,5
56063,6
56064,7
56064,2
56064,5
56064,1
56064,3
56064,6
56064,4
56065,2
56066,2
56067,5
56068,7
56068,2
56068,5
56068,1
56068,3
56069,4
56070,6
56071,2
56072,3
56073,5
56074,3
56075,7
56076,7
56076,2
56076,5
56076,1
56076,3
56078,3
56079,7
56079,2
56079,5
56079,1
56079,3
56080,5
56081,7
56082,1
56083,4
56084,3
56085,6
56085,4
56086,3
56087,5
56088,6
56089,3
56090,3
56091,6
56092,5
56093,2
56094,7
56094,2
56094,5
56094,1
56094,3
56094,6
56094,4
56095,7
56095,2
56095,5
56095,1
56095,3
56095,6
56095,4
56096,7
56096,2
56096,5
56096,1
56096,3
56096,6
56096,4
56097,6
56099,1
56100,5
56101,3
56102,4
56103,1
56104,4
56105,7
56105,2
56105,5
56105,1
56105,3
56105,6
56105,4
56106,7
56106,2
56106,5
56106,1
56107,3
56108,7
56108,2
56108,5
56108,1
56109,5
56110,1
56110,6
56111,6
56112,7
56112,2
56112,5
56112,1
56112,3
56112,6
56112,4
56113,2
56114,4
56115,6
56116,5
56117,6
56118,6
56119,1
56120,1
56121,7
56121,2
56121,5
56121,1
56121,3
56122,7
56122,2
56122,5
56122,1
56123,7
56123,2
56123,5
56123,1
56124,1
56125,4
56126,4
56127,4
56128,4
56129,7
56130,3
56131,3
56132,4
56133,7
56133,2
56133,5
56133,1
56133,3
56134,1
56135,6
56136,6
56137,4
56138,7
56138,2
56138,5
56138,1
56138,3
56138,6
56138,4
56139,7
56139,2
56139,5
56139,1
56139,3
56139,4
56140,7
56140,2
56140,5
56140,1
56140,3
56140,6
56140,4
56141,3
56142,7
56142,2
56142,5
56142,1
56142,3
56142,6
56142,4
56143,1
56144,3
56145,6
56146,1
56147,7
56147,2
56147,5
56147,1
56147,3
56147,6
56147,4
56148,7
56148,2
56148,5
56148,1
56148,3
56149,7
56149,2
56149,5
56149,1
56149,3
56150,3
56150,6
56151,7
56151,2
56151,5
56151,1
56151,3
56151,6
56151,4
56152,1
56153,7
56154,7
56155,7
56156,7
56157,7
56158,7
56159,7
56160,2
56161,7
56162,7
56163,7
56163,2
56163,5
56163,1
56163,3
56164,7
56165,7
56166,7
56167,7
56168,7
56169,7
56170,3
56171,7
56172,7
56173,7
56174,7
56175,7
56176,2
56177,3
56178,5
56179,3
56180,4
56181,7
56182,7
56182,2
56182,5
56182,1
56182,3
56182,6
56182,4
56183,7
56183,2
56183,5
56183,1
56183,3
56184,7
56184,2
56184,5
56184,1
56184,3
56184,6
56184,4
56185,7
56186,5
56187,5
56188,5
56189,1
56190,6
56191,5
56192,5
56193,5
56194,7
56195,6
56196,7
56197,4
56198,3
56198,6
56198,4
56199,5
56200,7
56201,7
56201,2
56201,5
56202,2
56203,7
56203,2
56203,5
56203,1
56203,3
56203,6
56203,4
56204,7
56204,2
56204,5
56204,1
56204,3
56204,6
56204,4
56205,7
56205,2
56205,5
56205,1
56205,3
56206,1
56207,6
56208,1
56209,3
56210,5
56211,1
56212,6
56213,5
56214,5
56215,7
56216,7
56217,7
56217,2
56217,5
56217,1
56217,3
56217,6
56217,4
56218,2
56219,5
56220,4
56221,1
56222,7
56222,5
56222,3
56223,5
56224,5
56226,7
56227,4
56228,4
56229,6
56230,6
56232,1
56232,3
56233,7
56233,2
56234,5
56235,6
56236,3
56237,7
56237,4
56238,4
56239,3
56240,4
56241,5
56242,5
56243,5
56244,5
56245,6
56246,2
56247,5
56248,5
56249,1
56250,3
56251,2
56252,7
56253,3
56254,4
56255,7
56255,2
56255,5
56255,1
56255,3
56255,6
56255,4
56256,7
56256,2
56256,5
56256,1
56256,3
56256,6
56257,7
56258,7
56259,7
56260,7
56261,6
56262,2
56262,4
56263,7
56264,7
56264,2
56264,5
56264,4
56265,1
56266,5
56266,3
56267,4
56270,7
56270,2
56270,5
56270,1
56270,3
56270,6
56270,4
56271,5
56272,5
56273,7
56274,7
56275,7
56276,5
56277,3
56278,1
56279,7
56280,2
56281,5
56282,7
56283,4
56284,7
56284,3
56285,7
56285,2
56285,5
56285,1
56285,3
56285,6
56285,4
56286,7
56286,2
56286,5
56286,1
56286,3
56286,6
56286,4
56287,7
56287,2
56287,5
56287,1
56288,5
56289,4
56290,5
56291,1
56292,7
56293,4
56294,6
56295,1
56296,2
56297,6
56298,7
56298,2
56298,5
56298,1
56298,3
56299,3
56300,7
56301,5
56302,7
56302,2
56302,5
56302,1
56302,3
56302,6
56302,4
56303,7
56304,5
56304,1
56304,3
56305,5
56306,1
56307,4
56308,3
56309,5
56310,3
56311,7
56311,2
56311,5
56311,1
56311,3
56311,6
56311,4
56312,6
56313,6
56314,6
56316,6
56317,6
56318,6
56319,4
56320,7
56321,7
56321,2
56322,3
56322,6
56322,4
56323,1
56324,4
56325,7
56325,2
56325,5
56325,1
56325,3
56325,6
56325,4
56326,4
56327,4
56328,7
56328,2
56328,5
56328,1
56328,3
56328,6
56328,4
56329,5
56330,5
56331,7
56331,2
56331,5
56331,1
56331,3
56331,6
56331,4
56332,7
56332,2
56332,5
56332,1
56332,3
56332,6
56332,4
56333,7
56333,2
56333,5
56333,1
56333,3
56333,6
56333,4
56334,1
56335,3
56336,6
56337,7
56337,2
56337,5
56337,1
56337,3
56337,6
56337,4
56338,7
56338,2
56338,5
56338,1
56338,3
56338,6
56338,4
56339,7
56339,2
56339,5
56339,1
56339,3
56339,6
56339,4
56340,1
56342,1
56343,1
56344,7
56345,7
56346,7
56347,7
56348,7
56348,3
56349,5
56350,6
56351,5
56352,7
56352,2
56352,5
56352,1
56352,3
56352,6
56352,4
56353,7
56353,2
56353,5
56353,1
56353,3
56353,6
56353,4
56354,7
56354,2
56354,5
56354,1
56354,3
56354,6
56354,4
56355,7
56355,2
56355,5
56355,1
56355,3
56356,3
56357,7
56357,2
56357,5
56357,1
56357,3
56357,6
56358,7
56358,2
56358,5
56358,1
56358,3
56358,6
56359,7
56359,2
56359,5
56359,1
56360,3
56361,6
56362,6
56363,7
56363,2
56363,5
56363,1
56363,3
56364,4
56365,3
56366,5
56367,3
56368,6
56369,1
56370,6
56371,3
56372,2
56373,6
56374,5
56375,7
56375,2
56375,5
56375,1
56375,3
56375,6
56375,4
56376,7
56376,2
56376,5
56376,1
56376,3
56376,6
56376,4
56377,2
56377,1
56378,6
56378,4
56379,7
56379,2
56379,5
56379,1
56379,3
56380,7
56381,7
56382,7
56382,2
56382,5
56382,1
56382,3
56383,7
56384,5
56385,7
56385,2
56385,5
56385,1
56385,3
56386,5
56387,1
56388,1
56389,1
56390,7
56390,2
56390,5
56390,1
56390,3
56390,6
56390,4
56391,7
56391,2
56391,5
56391,1
56391,3
56391,6
56391,4
56392,3
56394,5
56395,5
56396,5
56397,7
56398,5
56399,2
56399,5
56399,1
56400,3
56401,7
56401,2
56401,5
56401,1
56402,4
56403,2
56404,1
56405,5
56406,7
56406,2
56406,3
56406,6
56406,4
56407,7
56407,2
56407,5
56407,1
56407,3
56407,6
56407,4
56408,5
56409,7
56410,5
56411,7
56411,2
56411,5
56411,1
56411,3
56412,1
56413,3
56414,7
56415,5
56416,7
56416,2
56416,5
56416,1
56416,3
56417,1
56418,5
56419,1
56420,3
56421,7
56421,2
56421,5
56421,1
56421,3
56421,4
56422,4
56423,1
56424,7
56425,4
56426,5
56427,7
56428,7
56428,2
56428,5
56428,1
56428,3
56428,6
56428,4
56429,7
56430,7
56430,2
56430,5
56430,1
56430,6
56430,4
56431,3
56432,5
56433,6
56434,6
56435,5
56436,7
56436,2
56436,5
56436,1
56436,3
56436,6
56436,4
56437,7
56437,2
56437,5
56437,1
56437,3
56437,6
56437,4
56438,6
56439,7
56440,7
56440,2
56440,5
56440,1
56440,3
56440,6
56440,4
56441,4
56442,7
56442,2
56442,5
56442,1
56442,3
56442,6
56442,4
56443,7
56443,2
56443,5
56443,1
56443,3
56444,7
56444,2
56444,5
56444,1
56444,3
56445,2
56446,2
56447,5
56448,1
56449,5
56450,7
56450,2
56450,5
56450,1
56450,3
56450,6
56450,4
56451,7
56451,2
56451,5
56451,1
56451,3
56451,6
56451,4
56452,7
56453,7
56453,2
56453,5
56453,1
56453,3
56453,6
56453,4
56454,2
56455,1
56456,2
56456,3
56457,7
56457,2
56457,5
56457,1
56458,3
56459,6
56460,5
56461,5
56462,5
56463,5
56464,7
56464,2
56464,5
56464,1
56464,3
56464,4
56465,1
56466,5
56467,5
56468,2
56469,7
56469,2
56469,5
56469,1
56469,4
56470,2
56471,7
56471,2
56471,5
56471,1
56471,3
56471,6
56471,4
56472,5
56473,7
56474,5
56475,1
56476,5
56476,1
56477,7
56477,2
56477,5
56477,1
56477,3
56478,7
56478,2
56478,5
56478,1
56478,3
56479,7
56479,2
56479,5
56479,1
56479,3
56479,6
56479,4
56480,5
56480,4
56481,7
56481,2
56481,5
56481,1
56481,3
56482,2
56483,5
56484,1
56485,7
56486,7
56486,2
56486,5
56486,1
56486,3
56486,6
56486,4
56487,6
56488,6
56488,4
56489,7
56490,1
56491,4
56492,7
56492,2
56492,5
56492,1
56492,3
56492,6
56492,4
56493,5
56494,7
56494,2
56494,5
56494,1
56494,3
56495,7
56496,4
56497,7
56497,2
56497,5
56497,1
56497,3
56498,2
56499,5
56500,7
56500,2
56500,5
56500,1
56500,3
56500,6
56501,7
56501,2
56501,5
56501,1
56501,3
56501,6
56501,4
56502,2
56503,2
56504,6
56505,2
56506,7
56506,3
56507,5
56508,6
56509,3
56510,4
56511,7
56511,2
56512,5
56512,1
56513,1
56513,3
56513,6
56513,4
56514,3
56515,7
56515,2
56515,5
56515,1
56515,3
56515,6
56515,4
56516,3
56517,6
56518,3
56519,7
56520,2
56520,6
56521,2
56522,3
56523,4
56524,1
56525,7
56525,2
56525,5
56525,1
56525,3
56526,7
56526,2
56526,5
56526,1
56526,3
56526,6
56526,4
56527,7
56527,2
56527,5
56527,1
56527,3
56527,6
56527,4
56528,3
56529,2
56530,1
56531,3
56532,6
56533,5
56533,3
56533,6
56533,4
56534,7
56534,2
56534,5
56534,1
56534,3
56534,6
56534,4
56535,5
56536,2
56537,6
56538,2
56539,5
56540,7
56540,2
56540,5
56540,1
56540,3
56541,4
56542,4
56543,6
56544,6
56545,4
56546,5
56547,1
56548,2
56549,1
56550,6
56551,7
56551,2
56551,5
56551,1
56551,3
56551,6
56551,4
56552,5
56553,1
56554,7
56554,2
56554,5
56554,1
56554,3
56554,6
56554,4
56555,4
56556,6
56557,5
56558,4
56559,4
56560,2
56561,3
56562,7
56563,2
56563,5
56564,5
56565,7
56566,3
56567,2
56568,3
56569,5
56570,7
56570,2
56570,5
56570,1
56571,5
56572,4
56573,4
56574,5
56575,5
56576,1
56577,7
56578,3
56579,5
56580,2
56580,5
56581,7
56581,4
56582,7
56582,2
56582,5
56582,1
56582,3
56582,4
56583,7
56583,2
56583,5
56584,7
56584,2
56584,5
56585,7
56585,2
56585,5
56585,1
56585,3
56585,6
56585,4
56586,7
56586,2
56586,5
56586,1
56586,3
56586,6
56586,4
56587,7
56587,2
56587,5
56587,1
56587,3
56587,6
56587,4
56588,7
56588,2
56588,5
56588,1
56588,3
56588,4
56589,7
56590,6
56591,3
56592,7
56592,3
56593,7
56593,3
56594,1
56595,4
56596,4
56597,7
56598,4
56599,3
56600,6
56601,2
56602,7
56602,2
56602,5
56602,1
56602,3
56602,6
56602,4
56603,7
56603,2
56603,5
56603,1
56603,3
56604,4
56605,4
56606,4
56607,5
56608,2
56608,5
56609,1
56610,7
56611,1
56612,6
56613,5
56614,4
56615,7
56616,1
56617,7
56617,2
56617,5
56617,1
56617,3
56617,6
56617,4
56618,7
56618,2
56618,5
56618,1
56618,3
56618,6
56618,4
56619,7
56619,2
56619,5
56619,1
56619,3
56619,6
56619,4
56620,1
56621,7
56621,2
56621,5
56621,1
56621,3
56621,6
56621,4
56622,2
56623,3
56624,4
56625,6
56626,6
56627,2
56627,6
56628,3
56629,5
56629,6
56630,7
56630,2
56630,5
56630,1
56631,7
56631,2
56631,5
56631,1
56631,3
56631,6
56631,4
56632,3
56633,4
56634,7
56635,6
56636,1
56637,5
56638,1
56638,4
56639,1
56640,7
56640,2
56641,6
56642,2
56643,7
56644,7
56645,7
56645,2
56645,5
56645,1
56645,3
56645,6
56645,4
56646,6
56647,7
56647,2
56647,5
56647,1
56648,7
56648,2
56648,5
56648,1
56648,3
56649,7
56649,2
56650,6
56651,1
56652,4
56653,4
56654,7
56654,2
56654,5
56654,1
56654,3
56655,7
56655,2
56655,5
56655,1
56655,3
56655,6
56655,4
56656,7
56657,7
56658,3
56659,7
56659,2
56660,6
56661,5
56662,2
56663,7
56665,7
56665,2
56665,5
56665,1
56666,7
56666,2
56666,5
56666,1
56666,3
56667,4
56668,2
56669,7
56669,2
56669,5
56669,1
56669,3
56669,6
56669,4
56670,7
56670,2
56670,5
56670,1
56670,3
56670,6
56670,4
56671,1
56671,3
56671,6
56673,2
56674,6
56675,5
56676,6
56677,7
56678,7
56678,2
56678,5
56678,1
56678,3
56678,6
56678,4
56679,4
56680,1
56681,7
56682,3
56683,6
56684,7
56685,4
56686,7
56686,2
56686,5
56686,1
56686,3
56686,6
56686,4
56687,7
56688,5
56688,1
56688,3
56688,6
56689,4
56690,7
56691,1
56692,3
56693,3
56694,3
56696,1
56697,7
56697,2
56697,5
56697,1
56698,5
56699,1
56699,3
56700,5
56701,4
56702,5
56703,6
56704,1
56705,6
56706,6
56707,1
56707,4
56708,4
56709,7
56709,2
56709,5
56709,1
56709,3
56709,6
56709,4
56710,2
56710,6
56711,3
56712,7
56713,4
56714,3
56715,3
56717,3
56718,1
56719,7
56719,2
56719,5
56719,1
56719,3
56720,4
56721,7
56721,2
56721,5
56721,1
56721,3
56721,4
56722,7
56722,2
56722,5
56722,1
56722,3
56722,6
56722,4
56723,7
56724,6
56725,6
56726,6
56727,2
56728,4
56729,7
56729,2
56729,5
56729,1
56729,3
56729,6
56729,4
56730,7
56730,2
56730,5
56730,1
56730,3
56730,6
56730,4
56731,7
56731,2
56731,5
56731,1
56731,3
56731,6
56731,4
56732,5
56733,3
56734,7
56735,7
56735,3
56736,1
56736,3
56737,1
56738,7
56738,2
56738,5
56738,1
56738,3
56738,6
56738,4
56739,5
56740,7
56740,3
56741,7
56741,3
56742,7
56742,3
56743,5
56744,7
56745,7
56745,2
56745,5
56745,1
56745,3
56745,6
56745,4
56746,1
56747,7
56748,7
56748,2
56748,4
56749,7
56749,2
56749,5
56749,1
56749,3
56749,6
56749,4
56750,6
56751,7
56751,2
56751,5
56751,1
56751,3
56751,6
56751,4
56752,7
56753,7
56753,2
56753,5
56753,1
56753,3
56754,2
56755,3
56756,4
56757,4
56758,1
56759,2
56760,3
56761,7
56762,7
56762,2
56762,5
56762,1
56762,3
56763,3
56764,7
56765,6
56766,5
56767,1
56768,7
56768,2
56768,5
56768,1
56768,3
56768,6
56768,4
56769,7
56770,7
56770,2
56770,5
56770,1
56770,3
56770,6
56770,4
56771,7
56771,2
56771,5
56771,1
56771,3
56771,6
56771,4
56772,7
56772,2
56772,5
56772,1
56772,3
56772,6
56772,4
56773,7
56774,3
56775,7
56775,2
56776,5
56777,3
56778,7
56779,1
56780,2
56781,2
56782,7
56782,2
56782,5
56782,1
56782,3
56783,1
56783,3
56784,1
56785,6
56785,4
56786,7
56786,2
56786,5
56786,1
56786,3
56786,6
56786,4
56787,7
56787,2
56787,5
56787,1
56787,3
56788,4
56789,6
56790,3
56791,2
56792,3
56793,6
56794,3
56795,3
56796,7
56796,2
56796,5
56796,1
56796,3
56796,6
56796,4
56797,5
56797,1
56798,6
56799,1
56800,7
56800,2
56800,5
56800,1
56800,3
56800,6
56800,4
56801,7
56801,2
56801,5
56801,1
56801,3
56801,6
56801,4
56802,7
56802,2
56802,5
56802,1
56802,3
56802,6
56802,4
56803,7
56803,2
56803,5
56803,1
56803,3
56803,6
56803,4
56804,7
56804,2
56804,5
56804,1
56805,7
56805,2
56805,5
56805,1
56805,3
56805,6
56805,4
56806,7
56806,2
56806,5
56806,1
56806,3
56806,6
56806,4
56807,7
56807,2
56807,5
56807,1
56807,3
56807,6
56807,4
56808,7
56808,2
56808,5
56808,1
56808,3
56808,6
56808,4
56809,7
56809,2
56809,5
56809,1
56809,3
56809,6
56809,4
56810,5
56810,1
56810,3
56810,6
56811,7
56811,2
56811,5
56811,1
56811,3
56811,6
56811,4
56812,7
56812,2
56812,5
56812,1
56812,3
56812,6
56812,4
56813,7
56813,2
56813,5
56813,1
56813,3
56813,6
56813,4
56814,7
56814,2
56814,5
56814,1
56814,3
56814,6
56814,4
56815,7
56815,2
56815,5
56815,1
56815,3
56816,7
56817,3
56818,6
56819,7
56819,2
56819,5
56819,1
56819,3
56819,6
56819,4
56820,7
56820,2
56820,5
56820,1
56820,3
56820,6
56820,4
56821,7
56821,2
56821,5
56821,1
56821,3
56821,6
56821,4
56822,7
56822,2
56822,5
56822,1
56822,3
56822,6
56822,4
56823,7
56823,2
56823,5
56823,1
56823,3
56823,6
56823,4
56824,7
56824,2
56824,5
56824,1
56824,3
56824,6
56824,4
56825,2
56826,5
56826,1
56827,4
56828,5
56829,7
56829,2
56829,5
56829,4
56830,6
56830,4
56831,7
56831,2
56831,5
56831,1
56831,3
56831,6
56831,4
56832,7
56833,2
56834,4
56835,1
56836,7
56836,2
56836,5
56836,1
56836,3
56836,6
56836,4
56837,7
56837,2
56837,5
56837,1
56837,3
56837,6
56837,4
56838,4
56839,7
56839,2
56839,5
56839,1
56839,3
56839,6
56839,4
56840,3
56841,7
56841,2
56841,5
56841,1
56841,3
56841,6
56841,4
56842,7
56842,2
56842,5
56842,1
56842,3
56842,6
56842,4
56843,7
56843,2
56843,5
56843,1
56843,3
56843,6
56843,4
56844,1
56845,3
56846,7
56846,2
56846,5
56846,1
56846,3
56846,6
56846,4
56847,4
56848,1
56849,7
56849,2
56849,5
56849,1
56849,3
56850,7
56850,2
56850,5
56850,1
56850,3
56851,3
56852,7
56852,2
56852,5
56852,1
56852,3
56853,3
56854,7
56854,2
56854,5
56854,1
56854,3
56854,6
56854,4
56855,1
56856,5
56857,5
56858,7
56859,6
56860,7
56860,2
56861,5
56861,1
56862,7
56862,4
56863,3
56864,5
56864,1
56864,3
56865,7
56865,2
56865,5
56865,1
56865,3
56866,7
56866,2
56866,5
56866,1
56866,3
56867,7
56867,3
56867,6
56867,4
56868,2
56869,1
56870,5
56871,5
56871,1
56872,3
56873,5
56874,2
56875,5
56875,4
56876,7
56876,2
56876,5
56876,1
56876,3
56877,7
56877,2
56877,5
56877,1
56877,3
56877,6
56877,4
56878,3
56879,7
56879,2
56879,5
56879,3
56879,6
56879,4
56880,1
56881,3
56882,7
56882,2
56882,5
56882,1
56882,3
56884,7
56884,2
56884,5
56884,1
56885,7
56886,7
56887,2
56888,7
56889,5
56890,7
56891,7
56891,2
56891,5
56891,1
56891,3
56892,7
56892,2
56892,5
56892,1
56892,3
56893,7
56893,2
56893,5
56893,1
56893,3
56893,6
56893,4
56894,1
56895,7
56895,2
56895,5
56895,1
56895,3
56895,6
56895,4
56896,6
56897,1
56898,6
56899,7
56899,2
56899,5
56899,1
56899,3
56899,6
56899,4
56900,1
56901,7
56902,7
56903,6
56904,1
56905,3
56906,4
56907,3
56908,1
56909,7
56909,2
56909,5
56909,1
56909,3
56910,3
56911,5
56912,6
56913,1
56914,7
56914,2
56914,5
56914,1
56914,3
56915,4
56916,1
56917,7
56918,3
56919,7
56919,2
56919,5
56919,1
56919,3
56920,7
56920,2
56920,5
56920,1
56920,3
56920,6
56920,4
56921,7
56921,2
56921,5
56921,1
56921,3
56922,6
56922,4
56923,3
56924,7
56924,2
56924,5
56924,1
56924,3
56925,7
56925,2
56925,5
56925,1
56925,3
56925,6
56925,4
56926,7
56927,5
56928,3
56929,7
56929,2
56929,5
56929,1
56930,5
56931,7
56931,2
56931,5
56931,1
56931,3
56931,6
56931,4
56932,7
56932,2
56932,5
56932,1
56932,4
56933,7
56933,2
56933,5
56933,1
56933,3
56934,7
56934,2
56934,5
56934,1
56934,3
56934,6
56934,4
56935,6
56936,5
56937,4
56938,4
56940,7
56941,7
56941,2
56941,5
56941,1
56941,3
56943,1
56944,5
56945,7
56946,2
56947,7
56947,2
56947,5
56947,1
56947,3
56947,6
56947,4
56948,7
56949,1
56950,2
56951,7
56952,2
56952,5
56953,3
56954,6
56955,4
56956,1
56957,2
56957,5
56957,1
56957,3
56958,3
56959,7
56959,2
56959,3
56959,6
56959,4
56960,7
56960,2
56960,5
56960,1
56960,3
56960,6
56960,4
56961,5
56962,6
56964,4
56965,7
56965,2
56965,5
56965,1
56966,1
56967,7
56968,7
56968,2
56968,5
56968,1
56968,3
56968,6
56969,2
56970,4
56971,5
56972,3
56973,5
56974,7
56974,2
56975,4
56976,7
56977,7
56977,2
56977,5
56977,1
56977,3
56977,6
56977,4
56978,5
56979,1
56980,7
56981,4
56982,5
56984,3
56985,4
56986,3
56987,7
56988,6
56988,4
56989,2
56990,7
56990,2
56990,5
56990,1
56990,3
56990,6
56990,4
56991,7
56991,2
56991,5
56991,1
56991,3
56991,6
56991,4
56993,5
56994,5
56995,5
56996,7
56996,2
56996,5
56996,1
56996,3
56996,4
56997,4
56998,5
56999,7
57000,7
57000,2
57000,5
57000,1
57000,3
57000,6
57000,4
57001,6
57002,7
57002,2
57002,5
57002,1
57002,3
57002,4
57003,4
57004,5
57005,2
57005,5
57005,1
57005,3
57006,5
57007,3
57008,7
57008,2
57008,5
57008,1
57008,3
57008,6
57008,4
57009,7
57009,2
57009,5
57009,1
57009,3
57009,6
57009,4
57010,7
57010,2
57010,5
57010,1
57010,3
57010,6
57010,4
57011,7
57011,2
57011,5
57011,1
57011,3
57011,6
57011,4
57012,1
57013,7
57013,2
57014,7
57014,2
57014,5
57014,1
57014,3
57014,4
57015,7
57015,2
57015,5
57015,1
57015,3
57015,6
57015,4
57016,7
57016,2
57016,5
57016,1
57016,3
57016,6
57016,4
57017,7
57017,2
57017,5
57017,1
57017,3
57017,6
57017,4
57018,7
57018,2
57018,5
57018,1
57018,3
57018,6
57018,4
57019,7
57019,2
57019,5
57019,1
57019,3
57019,6
57019,4
57020,2
57021,5
57022,2
57023,7
57024,7
57025,7
57025,2
57025,5
57026,1
57026,3
57026,6
57026,4
57027,7
57027,2
57027,5
57027,1
57027,3
57027,6
57027,4
57028,7
57028,2
57028,5
57028,1
57028,3
57028,6
57028,4
57029,7
57029,2
57029,5
57029,1
57029,3
57029,6
57029,4
57030,5
57030,1
57030,3
57030,6
57030,4
57031,2
57032,2
57033,4
57034,6
57034,4
57035,7
57035,2
57035,5
57035,1
57035,3
57036,5
57037,2
57038,7
57039,4
57040,1
57041,3
57042,7
57043,7
57043,2
57043,5
57043,1
57043,3
57044,7
57044,2
57044,5
57044,1
57044,3
57044,6
57044,4
57045,7
57045,2
57045,5
57045,1
57045,3
57045,6
57045,4
57046,7
57046,2
57046,5
57046,1
57046,3
57046,6
57046,4
57047,7
57047,2
57047,5
57047,1
57047,3
57047,6
57047,4
57048,1
57049,7
57050,6
57051,4
57052,1
57053,6
57053,4
57054,2
57055,5
57056,6
57057,7
57057,2
57057,5
57057,1
57057,3
57058,7
57058,2
57058,5
57058,1
57058,3
57059,6
57059,4
57060,7
57060,2
57060,5
57060,1
57060,3
57060,6
57060,4
57061,7
57061,2
57061,5
57061,1
57061,3
57062,7
57062,2
57062,5
57062,1
57062,3
57063,7
57063,2
57063,5
57063,1
57063,3
57064,7
57064,2
57064,5
57064,1
57064,3
57065,1
57066,7
57066,2
57066,5
57066,1
57066,3
57067,7
57067,2
57067,5
57067,1
57067,3
57068,7
57068,2
57068,5
57068,1
57068,3
57069,7
57069,2
57069,5
57069,1
57069,3
57069,6
57069,4
57070,1
57071,2
57072,7
57072,2
57072,5
57072,1
57072,3
57073,6
57074,7
57074,2
57074,5
57075,7
57075,2
57075,5
57075,1
57075,3
57076,7
57076,2
57076,5
57076,1
57076,3
57076,6
57076,4
57077,3
57078,7
57078,2
57078,5
57078,1
57078,3
57078,6
57078,4
57079,7
57079,2
57079,5
57079,1
57079,3
57080,7
57080,2
57080,5
57080,1
57080,3
57081,7
57081,2
57081,5
57081,1
57081,3
57082,6
57083,7
57083,2
57083,5
57083,1
57083,3
57084,4
57085,7
57085,2
57085,5
57085,3
57085,6
57085,4
57086,4
57087,6
57088,6
57089,7
57089,2
57089,5
57089,1
57089,3
57089,6
57089,4
57090,1
57090,3
57091,7
57091,2
57091,5
57091,1
57091,3
57091,6
57091,4
57092,7
57092,2
57092,5
57092,1
57092,3
57092,6
57092,4
57093,7
57094,7
57094,2
57094,5
57095,7
57096,7
57096,2
57096,5
57096,1
57096,3
57096,6
57096,4
57097,6
57098,1
57099,3
57100,2
57101,3
57102,4
57103,7
57104,4
57105,4
57106,1
57107,7
57107,1
57108,1
57109,5
57109,3
57109,6
57110,7
57111,6
57112,4
57113,2
57114,7
57114,2
57114,5
57114,1
57114,3
57115,2
57116,7
57116,2
57116,5
57116,1
57117,3
57118,2
57119,6
57119,4
57120,7
57120,2
57120,5
57120,1
57120,3
57120,6
57120,4
57121,6
57121,4
57122,5
57122,1
57123,7
57124,5
57124,1
57125,7
57127,7
57128,7
57128,2
57128,5
57128,1
57128,3
57129,7
57129,2
57129,5
57129,1
57129,3
57129,6
57129,4
57130,7
57130,2
57130,5
57130,1
57130,3
57130,6
57130,4
57131,4
57132,2
57133,5
57134,7
57134,2
57134,5
57134,1
57134,3
57135,4
57136,4
57137,6
57138,5
57139,5
57139,1
57140,6
57141,6
57142,5
57143,6
57144,2
57145,3
57146,7
57146,2
57146,5
57146,1
57146,3
57146,6
57146,4
57147,7
57148,1
57149,7
57150,3
57151,7
57152,3
57153,4
57154,2
57155,7
57155,2
57155,5
57155,1
57156,7
57157,7
57158,7
57159,2
57160,2
57161,7
57161,2
57161,5
57161,1
57161,3
57162,7
57162,2
57162,5
57162,1
57162,3
57163,7
57163,2
57163,5
57163,1
57163,3
57164,7
57164,2
57164,5
57164,1
57164,3
57164,6
57164,4
57165,2
57166,1
57167,1
57168,5
57169,3
57170,6
57171,5
57172,7
57172,2
57172,5
57172,1
57172,3
57173,3
57174,3
57175,3
57176,6
57177,3
57178,2
57179,1
57181,5
57181,1
57182,3
57183,2
57184,7
57184,2
57184,5
57184,1
57184,3
57184,6
57184,4
57185,7
57185,2
57185,5
57185,1
57185,3
57185,6
57185,4
57186,5
57187,6
57188,4
57189,5
57190,7
57190,2
57190,5
57190,1
57190,3
57191,3
57192,1
57193,7
57193,2
57193,5
57193,1
57193,3
57193,6
57193,4
57194,1
57195,3
57196,7
57197,3
57198,3
57199,4
57200,6
57201,7
57201,2
57201,5
57201,1
57201,3
57201,6
57201,4
57202,1
57203,1
57204,1
57205,1
57205,3
57205,6
57205,4
57206,4
57207,6
57208,6
57209,2
57209,1
57210,1
57211,7
57212,3
57213,6
57214,6
57214,4
57215,4
57216,7
57216,2
57216,5
57216,1
57216,3
57217,6
57219,1
57220,1
57221,4
57223,4
57224,7
57224,2
57224,5
57224,1
57224,3
57224,6
57224,4
57225,3
57226,7
57226,2
57227,1
57228,2
57229,7
57230,6
57230,4
57231,7
57231,2
57231,5
57231,1
57231,3
57232,7
57232,2
57232,5
57232,1
57232,3
57232,4
57233,7
57234,7
57235,6
57236,7
57236,2
57236,5
57236,6
57237,5
57238,7
57238,2
57238,5
57238,1
57238,3
57238,6
57238,4
57239,3
57240,7
57240,2
57240,5
57240,1
57240,3
57241,7
57241,2
57241,5
57241,1
57241,3
57242,6
57243,5
57243,1
57243,3
57243,6
57243,4
57244,1
57245,1
57246,7
57246,2
57246,5
57246,1
57246,3
57246,6
57246,4
57247,7
57247,2
57247,5
57247,1
57247,3
57247,6
57247,4
57248,7
57248,2
57248,5
57248,1
57248,3
57248,6
57248,4
57249,7
57249,2
57249,5
57249,1
57249,3
57249,6
57249,4
57250,5
57251,3
57251,6
57252,2
57253,7
57254,7
57254,2
57254,5
57254,1
57254,3
57254,6
57254,4
57255,1
57256,7
57256,2
57256,5
57256,1
57256,3
57256,6
57256,4
57257,1
57258,6
57259,1
57260,4
57261,5
57262,6
57263,7
57263,2
57263,5
57263,1
57263,3
57263,6
57263,4
57264,2
57265,7
57265,2
57265,5
57265,1
57265,3
57266,2
57267,7
57267,2
57267,5
57267,1
57267,3
57267,6
57267,4
57268,7
57268,2
57268,5
57268,1
57268,3
57268,6
57268,4
57269,3
57270,7
57270,2
57270,5
57270,1
57270,3
57270,6
57270,4
57271,5
57272,2
57273,1
57274,6
57275,5
57276,5
57277,4
57278,2
57279,6
57280,2
57281,5
57282,2
57283,7
57283,2
57283,5
57284,5
57285,7
57285,2
57285,5
57285,1
57285,3
57285,6
57285,4
57286,2
57287,3
57288,5
57289,7
57289,2
57289,5
57289,1
57289,3
57289,6
57289,4
57290,4
57291,7
57291,2
57291,5
57291,1
57291,3
57291,6
57291,4
57292,7
57292,2
57292,5
57292,1
57292,3
57292,6
57292,4
57293,7
57293,2
57293,5
57293,1
57293,3
57293,6
57293,4
57294,7
57294,2
57294,5
57294,1
57294,3
57294,6
57294,4
57295,3
57295,6
57296,2
57297,4
57298,7
57298,2
57298,5
57298,1
57298,3
57298,6
57298,4
57299,7
57299,2
57299,5
57299,1
57299,3
57300,7
57300,2
57300,5
57300,1
57300,3
57300,6
57301,7
57302,7
57302,2
57302,5
57302,1
57302,3
57302,6
57302,4
57303,7
57303,2
57303,5
57303,1
57303,3
57303,6
57303,4
57304,4
57305,5
57306,7
57307,1
57308,7
57308,2
57308,5
57308,1
57308,3
57308,6
57308,4
57309,6
57310,4
57311,2
57312,5
57313,2
57314,4
57315,7
57316,7
57316,2
57316,5
57316,1
57316,3
57317,3
57318,5
57319,7
57319,2
57319,5
57319,1
57319,3
57320,7
57320,2
57320,5
57320,1
57320,3
57320,6
57320,4
57321,7
57321,2
57321,5
57321,1
57321,3
57321,6
57321,4
57322,5
57323,2
57324,7
57324,2
57324,5
57324,1
57324,3
57325,4
57326,2
57328,2
57329,7
57330,1
57331,1
57332,7
57332,2
57332,5
57332,1
57332,3
57332,6
57333,1
57334,7
57334,2
57334,5
57334,1
57334,3
57334,6
57334,4
57335,1
57336,4
57337,1
57338,3
57339,7
57339,2
57339,5
57339,1
57339,3
57340,6
57341,3
57342,6
57343,5
57344,5
57345,4
57346,2
57347,7
57347,2
57347,5
57347,1
57347,3
57347,6
57347,4
57348,7
57348,2
57348,5
57348,1
57348,3
57348,6
57348,4
57349,7
57349,2
57349,5
57349,1
57349,3
57349,6
57349,4
57350,2
57351,7
57352,7
57353,4
57354,1
57355,7
57355,2
57356,5
57357,4
57358,4
57359,6
57360,5
57361,7
57362,5
57363,3
57364,7
57365,6
57366,7
57366,2
57367,3
57368,5
57369,6
57369,4
57370,5
57370,1
57370,3
57370,6
57371,5
57372,4
57373,7
57373,2
57373,5
57373,1
57373,3
57373,6
57373,4
57374,6
57377,7
57378,2
57379,6
57380,5
57380,6
57381,1
57382,3
57383,1
57384,2
57385,7
57385,2
57385,5
57385,1
57385,3
57385,6
57385,4
57386,4
57387,6
57388,1
57389,7
57390,4
57391,4
57392,2
57393,4
57394,7
57394,2
57394,5
57394,1
57394,3
57394,6
57394,4
57395,7
57395,2
57395,5
57395,1
57395,3
57395,6
57396,3
57397,1
57398,2
57399,7
57399,2
57399,5
57399,1
57400,2
57401,6
57402,7
57402,2
57402,5
57402,1
57402,3
57403,7
57403,2
57403,5
57403,1
57403,3
57404,3
57405,7
57405,2
57405,5
57405,1
57405,3
57405,6
57405,4
57406,7
57406,2
57406,5
57406,1
57406,3
57406,6
57406,4
57407,6
57408,7
57409,4
57410,3
57411,1
57412,7
57412,2
57412,5
57412,1
57413,5
57414,2
57414,3
57415,7
57415,6
57416,1
57417,7
57417,2
57417,5
57417,3
57417,6
57417,4
57418,5
57418,1
57418,3
57418,6
57418,4
57419,7
57419,2
57419,5
57419,1
57419,3
57419,6
57419,4
57420,7
57420,2
57420,5
57420,1
57420,3
57420,6
57421,2
57422,2
57424,2
57425,4
57426,2
57427,1
57428,3
57429,7
57430,5
57431,3
57432,3
57433,7
57433,2
57433,5
57433,1
57433,3
57433,6
57433,4
57434,7
57434,2
57434,5
57434,1
57434,3
57434,6
57434,4
57435,4
57436,7
57436,2
57436,5
57436,1
57436,3
57436,6
57436,4
57437,7
57438,7
57438,2
57438,5
57438,1
57438,3
57438,6
57438,4
57439,6
57440,7
57441,3
57442,7
57442,2
57442,5
57442,1
57442,3
57442,6
57442,4
57443,4
57444,3
57444,6
57444,4
57445,7
57445,2
57445,5
57445,1
57445,3
57445,6
57445,4
57446,2
57446,5
57446,1
57446,3
57447,7
57447,2
57447,5
57447,1
57447,3
57447,6
57447,4
57448,7
57448,2
57448,5
57448,1
57449,4
57450,4
57451,5
57456,7
57456,2
57456,5
57456,1
57456,3
57456,6
57456,4
57457,7
57457,2
57457,5
57457,1
57457,3
57457,6
57457,4
57458,7
57458,2
57458,5
57458,1
57458,3
57458,6
57458,4
57459,7
57459,2
57459,5
57459,1
57459,3
57459,6
57459,4
57460,5
57461,6
57462,2
57463,7
57464,7
57464,2
57464,5
57464,1
57464,3
57465,7
57466,5
57467,5
57468,4
57469,3
57470,7
57470,2
57470,5
57470,1
57471,7
57472,6
57473,4
57474,6
57475,7
57475,2
57475,5
57475,1
57475,3
57475,6
57476,6
57476,4
57477,2
57478,3
57479,3
57480,7
57480,2
57480,5
57480,1
57480,3
57480,6
57480,4
57481,7
57481,2
57481,5
57481,1
57481,3
57481,6
57481,4
57482,7
57482,2
57482,5
57482,1
57482,3
57482,6
57482,4
57483,7
57483,2
57483,5
57483,1
57483,3
57483,6
57483,4
57484,7
57484,2
57484,5
57484,1
57485,1
57486,4
57487,7
57487,2
57487,5
57487,1
57487,3
57487,6
57487,4
57488,7
57488,2
57488,5
57488,1
57488,3
57488,6
57488,4
57489,7
57489,2
57489,5
57489,1
57489,3
57489,6
57489,4
57490,3
57491,6
57492,1
57493,2
57494,7
57494,2
57494,5
57494,1
57494,3
57494,6
57494,4
57495,3
57496,2
57496,6
57497,1
57498,4
57499,7
57499,2
57499,5
57499,1
57499,3
57499,6
57499,4
57500,7
57500,2
57500,5
57500,1
57500,3
57500,6
57500,4
57501,4
57502,5
57503,4
57504,6
57505,7
57506,4
57507,1
57508,7
57508,2
57508,5
57508,1
57508,3
57508,6
57508,4
57509,2
57510,1
57511,4
57512,4
57513,7
57515,1
57516,7
57517,3
57517,6
57517,4
57518,6
57519,1
57521,4
57522,7
57522,1
57523,7
57524,7
57524,3
57525,6
57526,6
57528,4
57529,6
57530,1
57531,3
57532,7
57533,5
57534,7
57534,2
57534,5
57534,1
57534,3
57534,6
57534,4
57536,7
57537,7
57537,2
57537,5
57537,1
57537,3
57537,6
57537,4
57538,7
57538,2
57538,5
57538,1
57538,3
57538,6
57538,4
57539,7
57539,2
57539,5
57539,1
57539,3
57539,6
57539,4
57540,5
57541,7
57541,2
57541,5
57541,1
57542,3
57543,6
57544,6
57545,7
57545,2
57545,5
57545,1
57546,7
57546,2
57546,5
57546,1
57546,3
57546,6
57546,4
57547,7
57547,6
57547,4
57548,2
57548,1
57548,6
57549,7
57549,2
57549,5
57549,3
57549,6
57549,4
57551,7
57552,6
57553,2
57554,6
57555,7
57555,2
57555,5
57555,1
57555,3
57555,6
57555,4
57556,7
57556,2
57556,5
57556,1
57556,3
57556,6
57556,4
57557,1
57558,6
57559,1
57560,3
57561,4
57562,1
57563,7
57563,2
57563,5
57563,1
57563,3
57563,6
57563,4
57564,6
57565,6
57566,5
57567,1
57568,3
57569,5
57569,1
57569,3
57570,7
57571,7
57571,2
57571,5
57571,1
57571,3
57571,6
57572,2
57573,7
57573,2
57573,5
57573,4
57574,1
57575,2
57577,6
57578,3
57579,7
57579,2
57579,5
57579,1
57579,3
57580,7
57580,2
57580,5
57580,1
57580,3
57581,7
57583,7
57584,7
57584,2
57584,5
57584,1
57584,3
57584,6
57584,4
57585,7
57586,7
57587,6
57588,2
57589,2
57590,6
57591,2
57592,4
57593,7
57593,2
57593,5
57593,1
57594,7
57594,2
57594,5
57594,1
57595,7
57595,2
57595,5
57595,1
57595,3
57595,6
57595,4
57596,6
57597,7
57597,2
57598,5
57599,7
57599,2
57600,3
57601,5
57602,7
57602,2
57602,5
57602,1
57603,2
57604,5
57605,1
57606,6
57607,7
57608,2
57609,7
57609,2
57609,5
57609,1
57609,3
57610,7
57611,3
57612,1
57613,2
57614,6
57615,5
57617,7
57618,6
57619,7
57619,2
57619,5
57619,1
57619,3
57619,4
57620,7
57620,2
57620,5
57620,1
57621,7
57621,2
57621,5
57621,1
57621,3
57621,6
57621,4
57622,7
57622,2
57622,5
57622,1
57623,1
57624,7
57624,2
57624,5
57624,1
57624,3
57624,6
57624,4
57626,6
57626,4
57627,1
57628,7
57629,7
57630,2
57631,3
57632,3
57633,7
57633,2
57633,5
57633,1
57633,3
57633,6
57633,4
57634,1
57635,6
57636,6
57637,7
57637,2
57637,5
57637,1
57637,3
57638,6
57639,7
57639,2
57639,5
57639,1
57639,3
57640,2
57642,1
57643,6
57644,6
57645,1
57646,3
57647,3
57648,6
57648,4
57649,6
57649,4
57650,4
57651,3
57652,7
57652,2
57652,5
57652,1
57652,3
57653,7
57653,1
57653,3
57654,7
57655,3
57656,3
57657,7
57657,4
57658,2
57659,2
57660,7
57660,2
57660,5
57660,1
57660,3
57661,7
57661,2
57661,5
57661,1
57661,3
57661,6
57661,4
57662,7
57662,2
57662,5
57662,1
57662,3
57663,1
57664,7
57664,2
57664,5
57664,1
57665,5
57666,7
57666,2
57666,5
57666,1
57666,3
57666,6
57666,4
57667,5
57668,7
57668,2
57668,5
57668,1
57668,3
57668,6
57668,4
57669,5
57670,4
57671,7
57672,7
57673,6
57674,6
57675,3
57676,3
57677,6
57678,2
57679,7
57679,2
57679,5
57679,1
57679,3
57679,6
57679,4
57680,5
57681,7
57681,2
57681,5
57681,1
57682,1
57683,1
57684,1
57685,4
57686,6
57687,2
57688,4
57689,5
57690,1
57691,1
57692,7
57692,2
57692,5
57692,1
57692,3
57692,6
57692,4
57693,7
57694,1
57695,7
57695,2
57695,5
57695,1
57695,3
57695,6
57695,4
57696,2
57697,2
57698,7
57698,2
57698,5
57698,1
57698,3
57698,6
57698,4
57699,1
57700,4
57701,3
57702,5
57703,5
57704,7
57704,2
57704,5
57704,1
57704,3
57705,4
57706,3
57708,7
57708,2
57708,1
57709,3
57710,7
57710,2
57710,5
57710,1
57710,3
57710,6
57710,4
57711,3
57712,3
57713,5
57714,7
57714,2
57714,5
57714,1
57714,3
57714,6
57714,4
57716,3
57716,6
57717,7
57717,2
57717,5
57717,1
57717,3
57717,6
57717,4
57718,1
57719,2
57725,4
57726,7
57726,2
57726,5
57726,1
57726,3
57727,3
57728,3
57729,4
57730,2
57731,7
57731,2
57731,5
57731,1
57731,3
57731,4
57732,7
57732,2
57732,5
57732,1
57732,3
57732,4
57733,7
57733,2
57733,5
57733,1
57733,3
57733,6
57733,4
57734,7
57735,1
57736,6
57737,7
57737,2
57737,5
57738,2
57739,4
57740,7
57740,2
57740,5
57740,1
57740,3
57740,6
57740,4
57741,5
57742,1
57742,3
57743,1
57744,3
57744,6
57745,5
57746,7
57746,2
57746,5
57746,1
57746,3
57746,6
57746,4
57747,7
57747,2
57748,7
57748,2
57748,5
57748,1
57748,3
57748,6
57749,7
57749,2
57749,5
57749,1
57749,3
57749,6
57749,4
57750,1
57751,4
57752,1
57752,4
57753,4
57754,4
57755,2
57756,2
57756,1
57757,5
57758,6
57759,7
57759,2
57759,5
57759,1
57759,3
57759,6
57759,4
57760,7
57760,2
57760,5
57760,1
57760,3
57760,6
57760,4
57761,7
57761,2
57761,5
57761,1
57762,7
57762,2
57762,5
57762,1
57763,7
57763,2
57763,5
57763,1
57764,5
57765,4
57766,5
57767,7
57768,5
57770,6
57771,2
57771,3
57772,1
57773,7
57773,2
57773,5
57773,1
57773,3
57774,3
57774,6
57774,4
57775,1
57776,7
57777,1
57778,1
57779,5
57780,1
57781,3
57782,7
57783,6
57783,4
57784,1
57785,3
57786,5
57787,7
57788,5
57789,2
57790,7
57790,2
57790,5
57790,1
57790,3
57790,6
57790,4
57791,7
57791,2
57791,5
57791,1
57791,3
57792,3
57792,6
57792,4
57793,7
57793,2
57793,5
57793,1
57793,3
57793,6
57793,4
57794,7
57794,2
57794,5
57794,1
57794,3
57794,6
57794,4
57795,6
57796,5
57797,3
57798,6
57799,4
57800,1
57801,5
57803,7
57803,2
57803,5
57803,1
57803,3
57804,7
57804,2
57804,5
57804,1
57804,3
57805,1
57806,1
57807,2
57808,7
57808,2
57808,5
57808,1
57808,3
57808,6
57808,4
57809,7
57810,4
57811,2
57812,4
57813,3
57814,2
57816,2
57817,7
57817,2
57817,5
57817,1
57817,3
57818,1
57819,1
57820,7
57820,2
57820,5
57820,1
57820,3
57820,6
57820,4
57821,7
57821,2
57821,5
57821,1
57821,3
57821,6
57821,4
57822,3
57823,2
57824,4
57825,4
57826,1
57827,6
57828,2
57829,6
57830,2
57831,6
57833,7
57833,2
57833,5
57833,3
57833,6
57833,4
57834,7
57834,2
57834,5
57834,1
57834,3
57834,6
57834,4
57835,7
57835,2
57835,5
57835,1
57835,3
57835,6
57835,4
57836,4
57837,7
57837,2
57837,5
57837,1
57837,3
57837,6
57837,4
57838,7
57838,2
57839,5
57840,5
57840,1
57841,5
57842,5
57843,2
57844,6
57844,4
57845,4
57846,7
57846,2
57846,5
57846,1
57846,3
57846,6
57846,4
57847,4
57848,7
57848,2
57848,5
57848,1
57848,3
57848,6
57848,4
57849,7
57849,2
57849,5
57849,1
57849,3
57849,6
57849,4
57850,7
57851,4
57852,2
57853,6
57854,7
57854,2
57854,5
57854,1
57854,3
57854,6
57854,4
57855,1
57856,6
57856,4
57857,7
57857,1
57858,6
57859,7
57859,2
57859,5
57859,1
57859,3
57859,6
57859,4
57860,7
57861,5
57862,7
57863,1
57864,1
57865,6
57866,5
57866,1
57866,3
57867,4
57868,6
57869,2
57870,1
57871,3
57872,2
57873,4
57874,2
57875,6
57876,7
57876,2
57876,5
57876,1
57876,3
57877,5
57878,3
57879,7
57879,2
57879,5
57879,1
57879,3
57880,1
57881,7
57881,2
57881,5
57881,1
57881,3
57881,6
57881,4
57882,7
57883,2
57884,2
57885,2
57885,1
57887,7
57887,2
57887,5
57887,1
57887,3
57889,5
57890,3
57891,2
57891,3
57892,3
57894,5
57895,6
57896,1
57897,7
57897,2
57897,5
57897,1
57897,3
57898,7
57898,2
57898,5
57898,1
57898,3
57899,7
57899,2
57899,5
57899,1
57899,3
57900,1
57901,7
57901,2
57901,5
57901,1
57901,3
57902,6
57904,7
57904,2
57904,5
57904,1
57904,3
57904,6
57904,4
57905,6
57906,5
57908,4
57909,1
57910,7
57910,2
57910,5
57910,1
57910,3
57910,6
57910,4
57911,6
57912,6
57913,6
57914,5
57915,6
57916,1
57917,1
57918,1
57920,3
57921,7
57921,3
57921,6
57921,4
57922,1
57923,6
57924,1
57925,4
57926,7
57926,2
57926,5
57926,1
57926,3
57926,6
57926,4
57927,7
57928,7
57928,2
57928,5
57928,1
57928,3
57929,7
57929,2
57929,5
57929,1
57929,3
57930,7
57930,2
57930,5
57930,1
57930,3
57930,6
57930,4
57931,7
57931,2
57932,7
57932,2
57932,5
57932,1
57932,3
57933,1
57934,4
57935,3
57935,6
57935,4
57936,7
57936,2
57937,7
57937,2
57937,5
57937,1
57937,3
57937,6
57937,4
57938,7
57938,2
57938,5
57938,1
57938,3
57938,6
57938,4
57939,1
57940,4
57941,3
57942,5
57943,7
57943,2
57943,5
57943,1
57944,3
57946,7
57946,2
57947,3
57948,5
57948,1
57949,7
57949,2
57949,5
57949,1
57949,3
57951,3
57952,6
57954,7
57954,2
57954,5
57954,4
57955,4
57956,7
57956,2
57956,5
57956,1
57956,3
57957,5
57957,4
57958,3
57959,4
57960,3
57961,6
57962,7
57962,2
57962,5
57962,1
57963,7
57964,7
57964,2
57964,5
57965,4
57966,5
57967,4
57968,1
57969,1
57970,2
57971,7
57972,7
57972,2
57972,5
57972,1
57972,3
57973,5
57974,2
57974,5
57974,1
57974,3
57976,5
57976,1
57977,7
57977,2
57977,5
57977,1
57978,7
57978,2
57978,5
57979,1
57980,1
57980,6
57980,4
57981,1
57982,7
57982,4
57983,1
57984,7
57984,2
57984,5
57984,1
57984,3
57984,6
57984,4
57985,6
57988,1
57988,3
57989,7
57989,2
57989,5
57989,1
57989,3
57990,6
57991,4
57992,4
57994,5
57994,1
57995,7
57996,7
57997,7
57997,2
57997,5
57997,1
57997,3
57998,4
57999,7
57999,2
57999,5
57999,1
57999,3
57999,6
57999,4
58000,1
58001,3
58002,5
58003,2
58004,2
58007,7
58007,2
58007,5
58007,1
58008,7
58008,2
58008,5
58008,1
58011,7
58011,2
58011,5
58011,1
58011,3
58015,6
58016,5
58017,2
58018,7
58019,5
58021,1
58022,2
58023,7
58024,3
58025,4
58026,6
58026,4
58028,6
58028,4
58029,5
58030,5
58030,1
58030,3
58031,4
58032,7
58032,2
58032,5
58032,1
58032,3
58033,6
58034,1
58035,6
58036,5
58037,6
58038,2
58038,5
58038,1
58038,3
58039,7
58040,6
58041,4
58042,7
58043,4
58044,7
58044,2
58044,5
58044,1
58044,3
58045,3
58046,7
58046,2
58046,5
58046,1
58046,3
58047,6
58048,3
58048,6
58048,4
58049,7
58049,2
58049,5
58049,1
58050,3
58051,2
58052,5
58053,7
58054,7
58054,4
58055,7
58056,7
58056,2
58056,5
58056,1
58057,1
58058,7
58058,2
58058,5
58058,1
58058,3
58058,6
58058,4
58059,7
58059,2
58059,5
58059,1
58059,3
58059,6
58059,4
58060,7
58060,2
58060,5
58060,1
58060,3
58060,6
58060,4
58061,1
58062,6
58062,4
58063,7
58063,2
58063,5
58063,1
58063,3
58064,7
58065,2
58066,5
58067,3
58067,6
58068,6
58068,4
58069,5
58069,4
58070,3
58070,6
58071,7
58071,2
58071,5
58071,4
58072,7
58072,2
58072,5
58072,1
58072,3
58072,6
58072,4
58073,7
58073,2
58073,5
58073,1
58073,3
58074,7
58074,2
58074,5
58074,1
58074,3
58075,7
58075,2
58075,5
58075,1
58075,3
58076,6
58077,6
58078,7
58078,2
58078,5
58078,1
58078,3
58079,7
58079,2
58079,5
58079,1
58079,3
58079,6
58079,4
58080,7
58081,7
58081,2
58081,5
58081,1
58081,3
58081,6
58081,4
58082,2
58083,7
58083,2
58083,5
58083,1
58083,3
58083,6
58083,4
58084,4
58085,1
58086,7
58086,2
58086,5
58086,1
58086,3
58086,6
58086,4
58087,7
58088,6
58089,7
58089,2
58089,5
58089,1
58089,3
58089,6
58089,4
58090,2
58090,3
58091,4
58092,1
58093,7
58093,2
58093,5
58093,1
58093,3
58094,7
58094,2
58094,5
58094,1
58094,3
58095,7
58095,2
58095,5
58095,1
58095,3
58096,7
58097,2
58098,7
58099,7
58100,7
58101,4
58102,7
58102,2
58102,5
58102,1
58103,7
58103,2
58103,5
58103,1
58103,3
58103,6
58103,4
58104,4
58105,5
58106,6
58108,4
58109,4
58110,7
58110,2
58110,5
58110,1
58110,3
58111,3
58112,4
58113,7
58113,2
58113,5
58113,1
58113,3
58114,7
58114,2
58114,5
58114,1
58114,3
58114,6
58114,4
58115,4
58116,3
58117,7
58117,2
58117,5
58117,1
58117,3
58117,6
58117,4
58118,7
58118,2
58118,5
58118,1
58118,3
58118,6
58118,4
58119,2
58120,1
58121,7
58121,2
58121,5
58121,1
58121,3
58122,6
58123,7
58123,2
58123,5
58123,1
58123,3
58124,7
58124,2
58124,5
58124,1
58124,3
58125,7
58125,2
58126,7
58126,2
58126,5
58126,1
58126,3
58127,7
58127,2
58127,5
58127,1
58127,3
58128,2
58129,2
58130,7
58130,2
58130,5
58130,1
58131,7
58131,5
58132,6
58134,3
58135,5
58136,5
58137,7
58138,4
58139,3
58140,5
58141,7
58143,7
58144,2
58145,1
58145,4
58146,7
58147,1
58148,7
58148,2
58148,5
58148,1
58148,3
58149,7
58149,2
58149,5
58149,1
58149,3
58150,7
58150,2
58150,5
58150,1
58150,3
58151,7
58151,2
58151,5
58151,1
58151,3
58151,6
58151,4
58152,1
58153,4
58154,6
58155,6
58155,4
58156,4
58157,7
58158,3
58159,6
58160,6
58161,7
58161,2
58161,5
58161,1
58161,3
58162,7
58162,2
58162,5
58162,1
58162,3
58162,6
58162,4
58163,2
58164,6
58165,1
58166,4
58167,3
58168,6
58169,2
58170,6
58171,5
58172,7
58173,7
58173,2
58173,5
58173,1
58173,3
58174,6
58175,3
58176,6
58177,3
58178,3
58179,4
58180,6
58181,4
58182,6
58183,5
58184,7
58184,2
58184,5
58184,1
58184,3
58184,6
58184,4
58185,1
58186,1
58186,3
58186,6
58187,2
58188,2
58189,7
58190,7
58190,2
58190,5
58190,1
58191,7
58191,2
58191,5
58191,1
58191,3
58191,6
58191,4
58192,1
58193,5
58194,2
58195,7
58195,2
58195,5
58195,1
58195,3
58195,6
58195,4
58196,7
58196,2
58196,5
58196,1
58196,3
58196,6
58196,4
58197,7
58197,2
58197,5
58197,1
58197,3
58197,6
58197,4
58198,7
58198,2
58198,5
58198,1
58198,3
58198,6
58198,4
58199,3
58200,1
58201,4
58202,7
58202,2
58202,5
58202,1
58202,3
58203,7
58203,2
58203,5
58203,1
58203,3
58203,6
58203,4
58204,7
58204,2
58204,5
58204,1
58204,3
58204,6
58204,4
58205,7
58205,2
58205,5
58205,1
58205,3
58205,6
58205,4
58206,7
58206,2
58206,5
58206,1
58206,3
58206,6
58206,4
58207,1
58208,1
58209,5
58210,2
58211,7
58212,5
58213,7
58213,2
58213,5
58213,1
58213,3
58214,5
58215,7
58215,2
58215,5
58215,1
58215,3
58216,6
58217,2
58219,3
58220,3
58221,3
58222,4
58223,6
58224,1
58226,7
58226,2
58226,5
58226,1
58226,3
58226,6
58226,4
58227,2
58228,3
58229,2
58230,7
58230,2
58230,5
58230,1
58230,3
58230,6
58230,4
58231,5
58232,5
58233,1
58234,7
58234,2
58234,5
58234,1
58234,3
58234,6
58234,4
58235,7
58235,2
58235,5
58235,1
58235,3
58235,6
58235,4
58236,3
58237,5
58238,6
58239,5
58240,7
58240,2
58240,5
58240,1
58240,3
58241,3
58242,7
58242,2
58242,5
58242,1
58242,3
58242,6
58242,4
58243,3
58244,7
58244,2
58244,5
58244,1
58244,3
58245,1
58246,1
58247,5
58248,7
58249,5
58249,1
58249,3
58250,7
58251,5
58252,1
58254,3
58255,1
58256,2
58257,6
58258,7
58258,2
58258,5
58258,1
58258,3
58258,6
58258,4
58259,5
58260,4
58261,6
58262,7
58262,2
58262,5
58262,1
58262,3
58262,6
58262,4
58263,7
58263,2
58263,5
58263,1
58263,3
58263,6
58263,4
58264,7
58265,3
58265,6
58266,7
58266,2
58266,5
58266,1
58266,3
58267,3
58268,4
58269,7
58269,2
58269,5
58269,1
58269,3
58270,5
58271,3
58273,5
58273,3
58274,7
58274,2
58274,5
58274,1
58274,3
58274,6
58274,4
58275,1
58275,3
58276,4
58277,6
58278,4
58279,5
58280,4
58281,5
58283,5
58284,4
58285,3
58286,6
58286,4
58287,7
58287,2
58287,5
58287,1
58287,3
58288,5
58289,7
58289,2
58289,1
58289,3
58290,3
58291,6
58292,1
58293,5
58293,1
58293,3
58293,6
58294,3
58295,6
58296,5
58296,1
58297,3
58297,6
58298,5
58299,1
58300,5
58302,1
58303,3
58305,7
58306,7
58306,2
58306,5
58306,1
58307,7
58307,2
58307,5
58307,1
58307,3
58307,6
58307,4
58308,7
58308,2
58308,5
58308,1
58308,3
58308,6
58308,4
58309,7
58309,2
58309,5
58309,1
58309,3
58309,6
58309,4
58310,4
58311,7
58311,2
58311,5
58311,1
58311,3
58312,2
58313,7
58313,2
58313,5
58313,1
58313,3
58313,6
58313,4
58314,2
58315,6
58317,7
58317,2
58317,5
58317,1
58317,3
58317,6
58317,4
58318,4
58319,1
58321,7
58321,2
58321,5
58321,1
58321,3
58321,6
58321,4
58322,1
58323,2
58324,7
58324,2
58324,5
58324,1
58324,3
58324,6
58324,4
58325,2
58326,3
58327,6
58328,3
58329,6
58330,3
58331,2
58331,1
58332,3
58332,4
58333,1
58334,1
58335,2
58335,5
58336,6
58337,6
58338,1
58339,5
58340,6
58340,4
58341,4
58342,1
58343,3
58344,5
58344,3
58345,2
58346,1
58347,5
58347,1
58348,3
58349,1
58350,1
58351,1
58353,4
58354,6
58355,5
58355,1
58355,3
58355,6
58356,7
58356,2
58356,5
58356,1
58356,3
58357,7
58357,2
58357,5
58357,1
58357,3
58357,6
58357,4
58358,7
58358,2
58358,5
58358,1
58358,3
58358,6
58358,4
58359,7
58359,2
58359,5
58359,1
58359,3
58359,6
58359,4
58360,4
58361,7
58361,2
58361,5
58361,1
58361,3
58361,6
58361,4
58362,7
58362,2
58362,5
58362,1
58362,3
58363,7
58365,3
58367,1
58368,1
58369,6
58370,1
58371,7
58371,2
58371,5
58371,1
58371,3
58371,6
58371,4
58372,7
58372,2
58372,5
58372,1
58372,3
58372,6
58372,4
58373,5
58374,3
58376,2
58376,5
58378,4
58379,5
58380,7
58380,2
58380,5
58380,1
58380,3
58381,5
58382,7
58383,7
58383,2
58383,5
58383,1
58383,3
58384,2
58385,4
58386,7
58386,2
58386,5
58386,1
58386,3
58386,6
58386,4
58387,1
58388,7
58388,2
58388,5
58388,1
58388,3
58389,3
58390,5
58391,1
58391,6
58392,6
58393,3
58394,6
58396,4
58397,7
58398,6
58399,7
58399,2
58399,3
58399,6
58399,4
58400,3
58401,7
58401,2
58401,5
58401,1
58401,3
58401,6
58401,4
58402,7
58402,2
58402,5
58402,1
58402,3
58402,6
58402,4
58403,7
58403,2
58403,5
58403,1
58403,3
58403,6
58403,4
58405,2
58406,4
58407,4
58408,6
58409,7
58410,4
58413,7
58413,2
58413,5
58413,1
58413,3
58414,2
58415,7
58416,7
58417,5
58418,1
58419,1
58420,7
58420,2
58420,5
58420,1
58420,3
58420,6
58420,4
58421,7
58421,4
58422,5
58423,6
58423,4
58424,2
58425,7
58425,2
58425,5
58425,1
58425,3
58426,6
58426,4
58427,2
58429,7
58431,3
58432,5
58432,1
58432,3
58435,5
58436,4
58437,7
58437,2
58437,5
58437,1
58438,7
58438,2
58438,5
58438,1
58438,3
58439,7
58439,2
58439,5
58439,1
58439,3
58439,6
58439,4
58440,7
58441,7
58442,3
58442,6
58442,4
58443,7
58443,2
58444,7
58444,2
58444,5
58444,1
58444,3
58444,6
58444,4
58445,5
58445,1
58445,3
58446,4
58447,1
58449,5
58450,7
58450,2
58451,6
58452,6
58453,1
58454,7
58454,2
58454,5
58454,1
58454,3
58454,6
58454,4
58455,7
58455,2
58455,5
58455,1
58455,3
58455,6
58456,2
58457,3
58458,4
58460,6
58461,7
58461,2
58461,5
58461,1
58461,3
58461,6
58461,4
58462,2
58463,7
58463,2
58464,1
58465,2
58466,1
58467,2
58467,5
58468,4
58469,7
58469,2
58469,5
58470,3
58471,7
58471,2
58471,5
58471,1
58471,3
58472,4
58474,7
58474,2
58474,5
58474,1
58474,3
58474,6
58474,4
58475,7
58476,7
58476,2
58477,7
58478,2
58479,2
58480,3
58481,5
58482,3
58483,7
58483,5
58483,1
58484,5
58484,3
58485,7
58485,4
58486,6
58487,6
58488,4
58489,4
58490,7
58490,5
58490,3
58490,4
58491,2
58492,2
58492,1
58493,2
58493,5
58493,1
58494,2
58495,4
58496,5
58497,2
58498,3
58499,6
58500,2
58501,2
58502,7
58503,7
58503,2
58503,5
58503,1
58503,3
58504,7
58504,2
58504,5
58504,1
58504,3
58504,6
58504,4
58505,5
58505,1
58506,5
58507,7
58507,1
58508,4
58509,3
58510,7
58510,2
58510,5
58510,1
58511,2
58511,1
58512,6
58513,7
58514,4
58515,4
58516,7
58516,2
58516,5
58516,4
58517,3
58518,7
58518,2
58518,5
58518,1
58518,3
58518,6
58518,4
58519,7
58519,2
58519,5
58519,1
58519,3
58520,7
58520,2
58520,5
58520,1
58520,3
58521,5
58522,3
58523,7
58523,2
58523,5
58523,1
58523,3
58524,7
58524,2
58524,5
58524,1
58524,3
58525,1
58526,3
58527,7
58527,2
58527,5
58527,1
58527,3
58527,6
58527,4
58528,7
58528,2
58528,5
58528,1
58528,3
58529,7
58529,2
58529,5
58529,1
58529,3
58530,7
58530,2
58530,5
58530,1
58530,3
58530,6
58530,4
58531,7
58531,2
58531,5
58531,1
58532,5
58533,3
58534,7
58535,7
58535,2
58535,5
58535,1
58535,3
58536,7
58536,2
58536,5
58536,1
58536,3
58537,7
58537,2
58537,5
58537,1
58537,3
58538,7
58538,2
58538,5
58538,1
58538,3
58539,7
58539,2
58539,5
58539,1
58539,3
58540,7
58540,2
58540,5
58540,1
58540,3
58541,7
58541,2
58541,5
58541,1
58541,3
58542,7
58542,2
58542,5
58542,1
58542,3
58543,5
58543,1
58545,1
58546,6
58547,1
58548,7
58548,2
58548,5
58548,1
58548,3
58549,7
58550,1
58551,7
58551,2
58551,5
58551,1
58552,7
58554,1
58555,7
58556,3
58557,2
58558,2
58559,5
58559,1
58560,1
58561,7
58561,2
58561,5
58561,1
58561,3
58561,6
58561,4
58562,7
58562,2
58562,5
58562,1
58562,3
58562,6
58562,4
58563,7
58563,2
58563,5
58563,1
58563,3
58563,6
58563,4
58564,6
58565,6
58566,2
58567,7
58567,2
58567,5
58567,1
58567,3
58567,6
58567,4
58568,3
58569,7
58570,7
58570,2
58570,5
58570,1
58570,3
58571,1
58572,2
58573,6
58574,1
58575,5
58576,1
58578,6
58579,4
58580,2
58581,7
58581,2
58581,5
58581,1
58581,3
58582,5
58583,2
58583,5
58583,1
58583,3
58584,7
58584,2
58584,5
58584,1
58584,3
58584,6
58584,4
58585,7
58585,2
58585,5
58585,1
58585,3
58586,7
58586,2
58586,5
58586,1
58586,3
58586,6
58586,4
58587,7
58587,2
58587,5
58587,1
58587,3
58587,6
58587,4
58588,7
58588,2
58588,5
58588,1
58588,3
58588,6
58588,4
58589,6
58590,6
58591,5
58592,4
58593,5
58594,7
58594,2
58594,5
58594,1
58594,3
58595,6
58596,3
58597,7
58597,2
58597,5
58597,1
58597,3
58597,6
58597,4
58598,1
58599,7
58600,2
58601,1
58602,5
58603,7
58604,7
58604,2
58604,5
58604,1
58604,3
58605,7
58605,2
58605,5
58605,1
58605,3
58606,4
58607,5
58608,5
58608,1
58609,7
58610,1
58611,7
58612,7
58612,2
58612,5
58612,1
58613,1
58613,3
58613,6
58614,1
58615,4
58616,6
58617,1
58618,7
58618,1
58619,7
58622,6
58623,1
58624,3
58624,4
58625,2
58626,3
58627,3
58628,1
58629,6
58629,4
58630,7
58630,2
58630,5
58630,1
58630,3
58630,6
58630,4
58631,7
58631,2
58631,5
58631,1
58633,7
58634,7
58634,2
58635,2
58636,1
58637,5
58638,7
58638,2
58638,5
58638,1
58638,3
58638,6
58638,4
58639,7
58639,2
58639,5
58639,1
58639,3
58639,6
58639,4
58640,7
58640,2
58640,5
58640,1
58640,3
58640,6
58640,4
58641,7
58641,2
58641,5
58641,1
58641,3
58641,6
58641,4
58642,2
58643,5
58644,5
58645,7
58646,3
58647,7
58647,2
58647,5
58647,1
58647,3
58648,3
58649,4
58650,5
58651,7
58652,7
58652,2
58652,5
58652,1
58652,3
58653,5
58654,5
58655,2
58656,4
58657,1
58658,5
58659,6
58660,7
58660,2
58660,5
58660,1
58660,3
58661,7
58662,2
58663,5
58664,7
58665,1
58666,7
58666,2
58666,5
58666,1
58666,3
58667,7
58667,2
58667,5
58667,1
58667,3
58667,6
58667,4
58668,7
58668,2
58668,5
58668,1
58668,3
58668,6
58668,4
58669,7
58669,2
58669,5
58669,1
58669,3
58669,6
58669,4
58670,2
58671,7
58673,6
58673,4
58674,1
58675,2
58676,3
58677,7
58678,7
58679,7
58679,2
58679,5
58679,1
58680,7
58681,6
58682,4
58683,5
58684,7
58684,2
58684,5
58684,1
58685,7
58686,5
58687,1
58688,7
58689,1
58690,3
58691,3
58692,5
58693,4
58694,5
58694,4
58695,6
58696,1
58697,3
58698,3
58699,6
58700,2
58701,7
58701,2
58701,5
58701,1
58701,3
58701,6
58701,4
58702,7
58702,2
58702,5
58702,1
58702,3
58703,3
58704,3
58705,3
58706,6
58707,5
58708,7
58708,2
58708,5
58708,1
58709,4
58710,6
58711,5
58712,6
58713,7
58713,2
58713,5
58713,1
58713,3
58714,1
58715,5
58716,7
58716,2
58716,5
58716,1
58716,4
58717,3
58718,3
58719,4
58720,6
58721,6
58722,2
58723,7
58724,1
58725,3
58727,2
58729,5
58730,6
58730,4
58732,2
58733,7
58734,5
58735,7
58735,2
58735,5
58735,1
58735,3
58736,2
58737,5
58738,2
58739,2
58740,5
58741,7
58742,7
58742,2
58742,5
58742,1
58742,3
58743,7
58744,7
58744,2
58744,5
58744,1
58744,3
58745,7
58746,1
58747,7
58747,2
58747,5
58747,1
58747,3
58748,4
58749,3
58750,4
58751,7
58751,2
58751,5
58751,1
58751,4
58752,7
58752,2
58752,5
58752,1
58752,3
58752,6
58752,4
58753,3
58754,6
58755,1
58756,6
58757,7
58757,2
58757,5
58757,1
58757,3
58758,2
58759,7
58759,2
58759,5
58759,1
58759,3
58759,6
58759,4
58760,7
58760,2
58760,5
58760,1
58760,3
58761,3
58762,5
58763,3
58764,1
58765,1
58766,7
58766,4
58767,6
58768,7
58768,2
58768,5
58768,1
58769,7
58769,2
58769,5
58769,1
58769,3
58769,6
58769,4
58770,7
58770,2
58770,5
58770,1
58771,2
58772,5
58773,3
58774,2
58775,5
58776,4
58777,7
58777,2
58777,5
58777,1
58777,3
58777,6
58777,4
58778,6
58779,7
58779,2
58779,5
58779,1
58779,6
58779,4
58780,3
58781,6
58782,7
58782,2
58782,5
58782,1
58782,3
58782,6
58782,4
58783,5
58783,4
58784,2
58785,5
58786,7
58787,7
58787,2
58787,5
58787,1
58787,3
58787,6
58787,4
58788,2
58789,4
58790,5
58790,1
58790,3
58791,3
58791,6
58793,3
58794,3
58795,7
58795,2
58795,5
58795,1
58795,3
58796,7
58796,2
58796,5
58796,1
58796,3
58796,6
58796,4
58797,7
58798,6
58799,2
58800,7
58800,2
58800,5
58800,1
58801,7
58802,7
58803,4
58804,4
58805,1
58805,4
58806,5
58807,5
58808,3
58809,2
58811,1
58812,5
58814,6
58815,1
58816,7
58817,6
58818,2
58819,7
58819,2
58819,5
58819,1
58819,3
58820,5
58821,1
58822,7
58824,1
58825,3
58826,7
58826,2
58826,5
58826,1
58827,7
58828,7
58828,2
58828,5
58828,1
58828,3
58828,6
58828,4
58829,6
58831,7
58831,2
58831,5
58831,1
58831,3
58832,7
58832,2
58832,5
58832,1
58832,3
58833,5
58834,7
58834,2
58834,5
58834,1
58834,3
58834,6
58834,4
58835,6
58836,7
58837,7
58837,2
58838,3
58839,3
58840,2
58841,7
58841,2
58841,5
58841,1
58841,3
58841,6
58841,4
58842,7
58842,2
58842,5
58842,1
58843,5
58844,7
58844,2
58844,5
58844,1
58844,3
58844,6
58844,4
58845,1
58846,7
58846,2
58846,5
58846,1
58846,3
58847,7
58847,2
58847,5
58847,1
58847,3
58848,7
58848,2
58848,5
58848,1
58848,3
58849,7
58849,2
58849,5
58849,1
58850,5
58851,7
58852,7
58852,2
58852,5
58852,1
58852,3
58852,6
58852,4
58853,3
58855,3
58856,7
58858,7
58858,1
58859,7
58860,1
58861,7
58862,7
58863,7
58863,2
58863,5
58863,1
58863,3
58863,6
58863,4
58864,7
58865,5
58866,6
58867,2
58868,3
58869,7
58869,2
58869,5
58869,1
58869,3
58870,1
58872,3
58873,4
58874,7
58874,2
58874,5
58874,1
58874,3
58875,4
58876,4
58877,4
58878,3
58878,6
58878,4
58879,7
58879,2
58879,5
58879,1
58879,3
58879,6
58879,4
58880,7
58880,2
58880,5
58880,1
58880,3
58880,6
58880,4
58881,5
58882,7
58882,2
58882,5
58882,1
58882,3
58882,6
58882,4
58883,7
58884,6
58885,1
58885,3
58886,5
58887,6
58888,7
58888,2
58889,6
58889,4
58890,4
58891,4
58892,7
58893,5
58894,7
58895,5
58896,6
58897,5
58898,7
58898,2
58898,5
58898,1
58898,3
58899,7
58900,7
58900,2
58900,5
58900,1
58900,3
58901,7
58901,2
58901,5
58901,1
58901,3
58902,7
58902,2
58902,5
58902,1
58902,3
58903,3
58904,2
58905,7
58905,2
58906,7
58906,2
58907,5
58908,7
58908,2
58908,5
58908,1
58908,3
58909,2
58910,7
58910,2
58910,5
58910,1
58910,3
58911,5
58912,5
58914,6
58915,6
58916,4
58917,7
58917,2
58917,5
58917,1
58917,3
58918,3
58919,3
58920,7
58921,1
58922,7
58922,2
58922,5
58922,1
58922,3
58922,6
58922,4
58924,7
58924,2
58924,5
58924,1
58924,3
58924,6
58924,4
58925,3
58926,7
58927,3
58928,6
58929,3
58930,6
58930,4
58931,7
58932,5
58933,7
58933,2
58933,5
58933,1
58933,3
58934,7
58935,5
58936,3
58937,1
58938,7
58939,7
58939,2
58939,5
58939,1
58939,3
58940,4
58941,1
58941,3
58941,6
58941,4
58942,7
58942,2
58942,5
58942,1
58942,3
58943,7
58943,2
58943,5
58943,1
58943,3
58944,7
58944,2
58944,5
58944,1
58944,3
58945,4
58946,3
58947,2
58947,5
58948,4
58949,3
58950,2
58951,7
58951,2
58951,5
58951,1
58952,6
58953,3
58954,6
58955,4
58956,4
58957,6
58958,6
58959,7
58960,5
58961,3
58962,7
58962,2
58962,5
58962,1
58962,3
58962,6
58962,4
58963,2
58964,6
58965,3
58967,7
58967,2
58967,5
58967,1
58968,6
58969,6
58969,4
58970,7
58971,2
58972,3
58973,4
58974,7
58974,2
58975,1
58976,7
58977,7
58977,2
58977,5
58977,1
58977,3
58977,6
58978,6
58979,6
58980,2
58981,7
58981,4
58982,7
58983,3
58984,5
58985,7
58986,4
58987,4
58988,7
58989,7
58990,7
58991,6
58992,4
58993,1
58994,3
58995,5
58995,1
58996,7
58997,2
58997,6
58998,3
59000,7
59000,2
59000,5
59000,1
59000,3
59001,1
59002,3
59003,1
59004,6
59005,3
59006,4
59007,4
59008,4
59009,5
59010,7
59010,2
59010,5
59010,1
59010,3
59011,7
59011,2
59011,5
59011,1
59011,3
59011,6
59011,4
59012,2
59016,3
59017,2
59018,3
59019,2
59020,4
59021,6
59021,4
59022,7
59023,5
59024,7
59024,2
59025,3
59026,2
59026,5
59026,1
59026,3
59026,6
59026,4
59027,7
59027,2
59027,5
59027,1
59027,3
59027,6
59027,4
59028,5
59028,3
59028,6
59028,4
59029,5
59029,3
59029,6
59030,5
59031,6
59032,6
59033,3
59035,7
59036,7
59036,2
59036,5
59036,1
59036,3
59037,7
59037,2
59037,5
59037,1
59037,3
59038,3
59039,7
59040,5
59041,3
59042,4
59044,7
59044,2
59044,5
59044,1
59044,3
59045,5
59045,1
59046,1
59047,1
59048,5
59049,1
59050,6
59051,1
59052,3
59053,2
59054,7
59054,2
59054,5
59054,1
59054,3
59054,6
59054,4
59055,6
59056,6
59057,5
59058,2
59059,7
59059,2
59059,5
59059,1
59059,3
59059,6
59059,4
59060,4
59061,1
59062,2
59063,4
59064,7
59064,2
59064,5
59064,1
59065,3
59065,6
59066,7
59066,2
59067,3
59068,7
59068,2
59068,5
59068,1
59068,3
59069,7
59069,2
59069,5
59069,1
59069,3
59070,3
59071,6
59071,4
59073,5
59074,4
59075,2
59076,4
59077,2
59078,6
59079,2
59080,2
59082,5
59083,7
59083,2
59083,5
59083,1
59083,3
59083,6
59083,4
59084,1
59085,2
59086,7
59087,7
59088,6
59089,5
59090,6
59091,4
59092,2
59093,4
59094,5
59095,7
59095,2
59096,6
59096,4
59097,6
59098,4
59099,2
59100,2
59101,5
59102,4
59103,7
59104,7
59104,2
59104,5
59104,1
59104,3
59104,6
59104,4
59105,7
59105,2
59105,5
59105,1
59105,3
59105,6
59105,4
59106,7
59106,2
59106,5
59106,3
59106,6
59106,4
59107,7
59107,2
59107,5
59107,1
59107,3
59107,6
59107,4
59108,7
59108,2
59108,5
59108,1
59108,3
59108,6
59108,4
59109,7
59109,2
59109,5
59109,1
59109,3
59109,6
59109,4
59110,7
59110,2
59110,5
59110,1
59110,3
59110,6
59110,4
59111,7
59111,2
59111,5
59111,1
59111,3
59111,6
59111,4
59112,3
59113,7
59113,2
59113,5
59114,7
59114,2
59114,5
59114,1
59114,3
59114,6
59114,4
59115,7
59116,2
59117,7
59117,2
59117,5
59117,1
59117,3
59117,6
59117,4
59118,2
59118,1
59119,1
59119,3
59120,4
59121,3
59122,7
59122,2
59122,5
59122,1
59123,5
59124,2
59124,5
59124,1
59124,3
59125,2
59126,6
59127,7
59128,5
59129,5
59130,5
59131,5
59132,1
59133,7
59133,2
59133,5
59133,1
59133,3
59133,6
59133,4
59134,7
59134,2
59134,5
59134,1
59134,3
59135,7
59135,2
59135,5
59135,1
59135,3
59135,6
59135,4
59136,5
59137,1
59137,3
59138,7
59138,2
59138,5
59138,1
59138,3
59138,6
59138,4
59139,6
59140,3
59141,4
59142,6
59143,1
59144,3
59147,6
59148,7
59149,7
59149,2
59149,5
59149,1
59149,3
59149,6
59149,4
59150,1
59151,6
59151,4
59152,3
59153,7
59154,1
59155,1
59157,6
59158,2
59159,7
59159,2
59159,5
59161,3
59162,3
59163,1
59165,7
59165,2
59165,5
59165,1
59167,7
59167,2
59167,5
59167,1
59168,6
59169,7
59169,2
59169,5
59169,1
59169,3
59169,6
59169,4
59170,4
59171,7
59171,2
59171,5
59171,1
59171,3
59172,5
59173,7
59173,2
59173,5
59173,1
59173,3
59173,6
59173,4
59174,3
59174,6
59174,4
59175,1
59176,2
59176,4
59177,4
59178,7
59178,2
59178,5
59178,1
59178,4
59180,5
59181,7
59181,2
59181,5
59181,1
59181,3
59181,6
59181,4
59182,1
59183,7
59183,2
59183,5
59183,1
59183,3
59183,6
59183,4
59184,7
59184,2
59184,5
59184,1
59184,3
59184,6
59184,4
59185,7
59185,2
59185,5
59185,1
59185,3
59185,6
59185,4
59186,7
59186,2
59186,5
59186,1
59186,3
59186,6
59186,4
59187,7
59187,2
59187,5
59187,1
59187,3
59187,6
59187,4
59188,1
59189,3
59190,6
59191,4
59192,7
59193,5
59193,3
59194,1
59195,3
59196,1
59197,5
59197,1
59198,1
59199,7
59199,2
59199,5
59199,1
59199,3
59199,6
59199,4
59200,3
59200,6
59201,2
59202,5
59203,5
59204,1
59205,1
59206,5
59207,6
59208,2
59209,6
59210,1
59211,4
59212,7
59212,2
59212,5
59212,1
59212,3
59213,7
59213,2
59213,5
59213,1
59213,3
59214,5
59215,2
59216,1
59216,3
59217,7
59217,3
59218,7
59219,6
59220,7
59220,2
59220,5
59220,1
59220,3
59221,7
59221,2
59221,5
59221,1
59221,3
59222,4
59224,4
59225,7
59225,2
59225,5
59225,1
59225,3
59226,3
59227,5
59228,7
59228,2
59228,5
59228,1
59228,3
59229,3
59230,3
59231,7
59231,2
59231,5
59231,1
59231,3
59231,6
59231,4
59232,3
59233,7
59234,7
59235,4
59236,6
59237,6
59238,2
59239,1
59240,2
59241,1
59242,7
59242,2
59242,5
59242,1
59243,7
59244,7
59244,2
59245,4
59246,5
59247,7
59247,2
59247,5
59247,1
59247,3
59248,7
59248,2
59248,5
59248,1
59248,3
59249,1
59250,4
59251,4
59252,4
59253,7
59254,1
59255,6
59256,5
59257,3
59258,5
59259,3
59260,4
59261,7
59261,2
59261,5
59261,1
59261,3
59262,7
59262,2
59262,5
59262,1
59262,3
59263,3
59264,3
59265,7
59266,6
59267,7
59268,7
59268,2
59268,5
59268,1
59268,3
59269,4
59270,1
59271,3
59272,2
59273,1
59274,4
59275,4
59276,3
59277,3
59278,7
59279,3
59280,7
59280,2
59280,5
59280,1
59280,3
59280,6
59280,4
59281,7
59281,2
59281,5
59281,1
59281,3
59281,6
59281,4
59282,7
59282,2
59282,5
59282,1
59282,3
59282,6
59282,4
59283,7
59283,2
59283,5
59283,1
59283,3
59283,6
59283,4
59284,7
59284,2
59284,5
59284,1
59284,3
59284,6
59284,4
59285,7
59285,2
59285,5
59285,1
59285,3
59285,6
59285,4
59286,7
59286,2
59286,5
59286,1
59286,3
59286,6
59286,4
59287,7
59287,2
59287,5
59287,1
59287,3
59287,6
59287,4
59288,4
59289,7
59290,6
59291,7
59291,2
59292,4
59293,2
59293,5
59294,1
59295,5
59296,3
59297,3
59298,1
59299,3
59300,7
59300,2
59300,5
59300,1
59300,3
59300,6
59300,4
59301,1
59302,3
59303,7
59305,4
59306,2
59307,1
59308,6
59309,7
59310,7
59310,2
59310,5
59310,1
59311,7
59312,3
59313,7
59313,2
59314,1
59315,6
59316,4
59317,7
59317,2
59317,5
59317,1
59317,3
59317,6
59317,4
59318,7
59318,2
59318,5
59318,1
59319,7
59319,2
59319,5
59319,1
59320,6
59321,7
59321,2
59321,5
59321,1
59321,3
59321,6
59321,4
59322,6
59323,7
59323,2
59323,5
59323,1
59323,3
59323,6
59323,4
59324,7
59324,2
59324,5
59324,1
59324,3
59324,6
59324,4
59326,3
59327,7
59327,2
59327,5
59327,1
59327,3
59328,7
59328,2
59328,5
59328,1
59328,3
59329,5
59329,1
59330,6
59331,7
59332,7
59332,2
59332,5
59332,1
59332,3
59332,6
59332,4
59333,7
59333,2
59333,5
59333,1
59333,3
59333,6
59333,4
59334,6
59334,4
59335,5
59336,7
59336,2
59336,5
59336,1
59337,1
59338,7
59339,1
59340,7
59340,2
59340,5
59340,1
59340,3
59340,6
59340,4
59341,5
59341,1
59342,1
59343,2
59343,5
59344,7
59345,5
59346,7
59347,5
59348,5
59349,2
59350,7
59351,4
59352,2
59353,7
59354,7
59354,2
59354,5
59354,1
59354,3
59354,6
59354,4
59355,3
59356,4
59358,7
59358,2
59358,5
59358,1
59358,3
59359,7
59359,2
59359,5
59359,1
59359,3
59360,3
59361,7
59362,4
59363,6
59364,4
59365,7
59366,5
59367,7
59367,2
59367,5
59367,1
59367,3
59367,6
59367,4
59368,7
59368,2
59368,5
59368,1
59368,3
59368,6
59368,4
59369,7
59369,2
59369,5
59369,1
59369,3
59369,6
59369,4
59370,4
59371,3
59372,4
59373,2
59374,2
59375,7
59375,2
59375,5
59375,1
59375,3
59376,4
59377,3
59378,1
59379,3
59381,5
59382,4
59383,1
59384,7
59385,3
59386,1
59387,5
59387,1
59388,3
59388,6
59388,4
59389,7
59390,5
59391,3
59392,1
59393,6
59394,5
59395,1
59396,7
59396,2
59396,5
59396,1
59396,3
59397,3
59398,7
59398,2
59398,5
59398,1
59398,3
59399,7
59400,1
59401,5
59402,7
59403,3
59404,7
59404,2
59404,5
59404,1
59404,3
59405,7
59405,2
59405,5
59405,1
59405,3
59405,6
59405,4
59406,4
59407,5
59408,7
59409,2
59410,5
59411,1
59414,2
59415,7
59416,3
59417,3
59418,7
59418,2
59418,5
59418,1
59418,3
59419,7
59419,2
59419,5
59419,1
59419,3
59420,5
59421,7
59421,2
59421,5
59421,1
59421,3
59422,7
59422,2
59422,5
59422,1
59423,7
59423,2
59423,5
59423,1
59423,3
59424,7
59424,2
59424,5
59424,1
59424,3
59425,7
59425,2
59425,5
59425,1
59425,3
59426,4
59427,7
59427,2
59427,5
59427,1
59428,1
59429,1
59430,7
59431,7
59431,2
59431,5
59431,1
59431,3
59431,6
59431,4
59432,7
59432,2
59432,5
59432,1
59432,3
59432,6
59432,4
59433,7
59433,2
59433,5
59433,1
59433,3
59433,6
59433,4
59434,7
59434,2
59434,5
59434,1
59434,3
59435,1
59436,2
59436,5
59436,1
59436,3
59437,7
59438,7
59438,2
59438,5
59438,1
59438,3
59438,6
59438,4
59439,1
59441,5
59442,3
59443,4
59444,3
59445,7
59445,2
59445,5
59445,1
59445,3
59445,6
59445,4
59446,6
59447,7
59447,2
59447,5
59447,1
59447,3
59447,6
59447,4
59448,7
59448,2
59448,5
59448,1
59448,3
59448,6
59448,4
59449,5
59450,5
59451,6
59452,7
59452,2
59452,5
59452,1
59452,3
59452,6
59452,4
59453,5
59454,5
59455,7
59455,2
59455,5
59455,1
59455,3
59455,6
59455,4
59456,7
59456,2
59456,5
59456,1
59456,3
59456,6
59456,4
59457,7
59457,2
59457,5
59457,1
59458,7
59458,2
59458,5
59458,1
59458,3
59458,6
59458,4
59459,5
59460,5
59460,1
59461,7
59461,2
59461,5
59461,1
59461,3
59462,5
59463,7
59463,2
59463,5
59463,1
59463,3
59463,6
59463,4
59464,7
59464,2
59464,5
59464,1
59464,3
59464,6
59464,4
59465,7
59466,6
59467,7
59468,3
59469,5
59470,7
59470,2
59470,5
59470,1
59471,5
59472,7
59473,3
59474,7
59474,2
59474,5
59474,1
59474,3
59474,6
59474,4
59475,1
59476,1
59477,3
59478,4
59479,7
59480,1
59481,5
59482,7
59483,3
59484,6
59484,4
59485,7
59485,2
59485,5
59485,1
59485,3
59485,6
59485,4
59486,7
59486,5
59487,3
59488,3
59489,7
59489,2
59489,5
59489,1
59489,3
59489,6
59489,4
59490,3
59491,4
59493,5
59494,7
59494,2
59494,5
59494,1
59494,3
59494,6
59494,4
59495,2
59496,6
59497,5
59498,6
59499,7
59500,1
59501,6
59502,6
59503,6
59504,2
59504,5
59504,1
59505,4
59506,4
59507,2
59508,5
59509,7
59509,2
59509,5
59509,1
59509,3
59509,6
59509,4
59510,1
59511,2
59512,1
59513,7
59513,2
59513,5
59513,1
59513,3
59514,6
59515,7
59515,2
59515,5
59515,1
59516,6
59517,6
59518,6
59519,7
59519,2
59519,5
59519,1
59520,7
59520,2
59520,5
59520,1
59520,3
59520,6
59520,4
59521,3
59522,7
59523,5
59524,5
59525,4
59528,7
59528,2
59528,5
59528,1
59529,5
59530,7
59531,2
59532,3
59533,7
59533,2
59533,5
59533,1
59538,5
59539,2
59540,7
59540,2
59540,5
59540,1
59540,3
59540,6
59540,4
59541,7
59541,2
59541,5
59541,1
59541,3
59541,6
59541,4
59542,1
59543,5
59544,7
59545,7
59545,2
59545,5
59545,1
59545,3
59546,7
59546,2
59546,5
59546,1
59546,3
59547,7
59547,2
59547,5
59547,1
59547,3
59548,6
59549,4
59550,2
59550,3
59551,5
59551,4
59552,5
59553,1
59554,1
59555,7
59557,3
59558,6
59559,7
59559,2
59560,7
59560,2
59560,5
59560,1
59561,6
59563,7
59564,7
59564,2
59564,4
59565,7
59566,7
59567,7
59567,2
59567,5
59567,1
59567,3
59568,1
59570,2
59571,6
59572,7
59573,6
59574,6
59575,5
59576,2
59576,5
59576,1
59576,3
59577,6
59578,7
59578,2
59578,5
59578,1
59578,3
59578,6
59578,4
59579,1
59580,6
59581,3
59582,1
59583,1
59584,4
59585,5
59586,7
59586,2
59586,5
59586,1
59586,3
59587,6
59588,7
59589,7
59589,2
59589,5
59590,6
59591,1
59592,6
59593,1
59594,5
59595,6
59596,2
59597,6
59598,6
59599,4
59601,7
59601,2
59601,5
59601,1
59601,3
59601,6
59601,4
59602,4
59603,7
59603,2
59603,5
59603,1
59603,3
59603,6
59603,4
59604,7
59604,2
59604,5
59604,1
59604,3
59604,6
59604,4
59605,7
59605,2
59605,5
59605,1
59605,3
59605,6
59605,4
59606,7
59606,2
59606,5
59606,1
59606,3
59606,6
59606,4
59607,7
59607,2
59607,5
59607,1
59607,3
59607,6
59607,4
59608,7
59608,2
59608,5
59608,1
59608,3
59608,6
59608,4
59609,7
59609,2
59609,5
59609,1
59609,3
59609,6
59609,4
59610,7
59610,2
59610,5
59610,1
59610,3
59610,6
59610,4
59611,7
59611,2
59611,5
59611,1
59611,3
59611,6
59611,4
59612,7
59612,2
59612,5
59612,1
59612,3
59612,6
59612,4
59613,7
59613,2
59613,5
59613,1
59613,3
59613,4
59614,7
59614,2
59614,5
59614,1
59614,3
59614,6
59614,4
59615,7
59615,2
59615,5
59615,1
59615,3
59615,6
59615,4
59616,3
59617,7
59617,2
59617,5
59617,1
59617,3
59617,6
59617,4
59618,7
59619,2
59619,5
59619,1
59619,3
59620,7
59620,2
59620,5
59620,1
59620,3
59620,6
59620,4
59621,7
59621,2
59621,5
59621,1
59621,3
59621,6
59621,4
59622,7
59622,2
59622,5
59622,1
59622,3
59622,6
59622,4
59623,7
59623,2
59623,5
59623,1
59623,3
59623,6
59623,4
59624,7
59624,2
59624,5
59624,1
59624,3
59624,6
59624,4
59625,7
59625,2
59625,5
59625,1
59625,3
59625,6
59625,4
59626,7
59626,2
59626,5
59626,1
59626,3
59626,6
59626,4
59627,5
59628,7
59628,2
59628,5
59628,1
59628,3
59628,6
59628,4
59629,5
59630,5
59631,7
59632,7
59633,2
59634,6
59635,7
59635,2
59635,5
59635,1
59636,4
59637,7
59637,2
59638,3
59639,7
59639,2
59639,5
59639,1
59639,3
59639,6
59639,4
59640,7
59640,2
59640,5
59640,1
59641,7
59641,2
59641,5
59641,1
59641,3
59642,7
59642,2
59642,5
59642,1
59642,3
59643,5
59643,1
59644,7
59644,2
59644,5
59644,1
59644,3
59645,7
59645,2
59645,5
59645,1
59645,3
59645,6
59645,4
59646,7
59646,2
59646,5
59646,1
59646,3
59646,6
59646,4
59647,7
59647,2
59647,5
59647,1
59647,3
59647,6
59647,4
59648,7
59648,2
59648,5
59648,1
59648,3
59648,6
59648,4
59649,7
59649,2
59649,5
59649,1
59649,3
59649,6
59649,4
59650,7
59650,2
59650,5
59650,1
59650,3
59650,6
59650,4
59651,4
59652,1
59653,7
59653,2
59653,5
59653,1
59653,3
59653,6
59653,4
59654,7
59654,2
59654,5
59654,1
59654,3
59654,6
59654,4
59655,7
59655,2
59655,5
59655,1
59655,3
59655,6
59655,4
59656,5
59657,5
59658,7
59658,2
59658,5
59658,1
59659,4
59660,2
59661,7
59661,2
59662,6
59662,4
59663,4
59664,7
59664,2
59664,5
59664,1
59664,3
59664,6
59664,4
59665,7
59665,2
59665,5
59665,1
59665,3
59665,6
59665,4
59666,7
59666,2
59666,5
59666,1
59666,3
59667,7
59667,2
59667,5
59667,1
59667,3
59667,6
59667,4
59668,7
59668,2
59668,5
59668,1
59668,3
59668,6
59668,4
59669,7
59669,2
59669,5
59669,1
59669,3
59669,6
59669,4
59670,7
59670,2
59670,5
59670,1
59670,3
59670,6
59670,4
59671,7
59671,2
59671,5
59671,1
59671,3
59671,6
59671,4
59672,7
59672,2
59672,5
59672,1
59672,3
59672,6
59672,4
59673,7
59674,7
59674,2
59674,5
59674,1
59674,3
59674,6
59674,4
59675,7
59675,2
59675,5
59675,1
59675,3
59675,6
59675,4
59676,7
59676,2
59676,5
59676,1
59676,3
59676,6
59676,4
59677,7
59677,2
59677,5
59677,1
59677,3
59677,6
59678,7
59678,2
59678,5
59678,1
59679,6
59680,7
59680,2
59680,5
59680,1
59680,3
59680,6
59680,4
59681,3
59682,7
59682,2
59682,5
59682,1
59683,1
59684,7
59685,1
59686,5
59687,5
59687,1
59688,2
59689,2
59690,7
59691,2
59692,5
59693,6
59694,4
59695,3
59696,7
59696,2
59696,5
59696,1
59696,3
59697,2
59697,6
59698,7
59698,2
59698,5
59698,1
59698,3
59699,4
59700,3
59700,6
59700,4
59701,5
59701,1
59702,7
59702,2
59703,5
59703,1
59704,5
59704,1
59705,1
59706,6
59707,7
59707,2
59707,5
59707,1
59707,3
59707,6
59707,4
59708,1
59708,4
59709,6
59710,1
59711,1
59712,1
59713,1
59714,6
59714,4
59715,7
59715,2
59715,5
59715,1
59715,3
59716,6
59717,7
59718,3
59718,6
59718,4
59719,7
59719,2
59719,5
59719,1
59719,3
59720,5
59720,1
59721,5
59721,1
59722,6
59723,7
59723,2
59723,5
59723,1
59723,3
59724,5
59724,1
59725,7
59725,2
59725,5
59725,1
59725,3
59726,2
59727,1
59728,7
59728,2
59728,5
59728,1
59728,3
59729,7
59729,2
59729,5
59729,1
59729,3
59729,6
59729,4
59730,7
59730,2
59730,5
59730,1
59730,3
59730,6
59730,4
59731,7
59731,2
59731,5
59731,1
59731,3
59731,6
59731,4
59732,7
59732,2
59732,5
59732,1
59732,3
59732,6
59732,4
59733,7
59733,2
59733,5
59733,1
59733,3
59733,6
59733,4
59734,7
59734,2
59734,5
59734,1
59734,3
59734,6
59734,4
59735,7
59735,2
59735,5
59735,1
59735,3
59735,6
59735,4
59736,7
59736,2
59736,5
59736,1
59736,3
59736,6
59736,4
59737,7
59737,2
59737,5
59737,1
59737,3
59737,6
59737,4
59738,7
59738,2
59738,5
59738,1
59738,3
59739,2
59740,1
59741,4
59742,7
59742,2
59742,5
59742,1
59743,5
59743,1
59744,2
59745,7
59745,2
59745,5
59745,1
59745,3
59745,6
59745,4
59746,7
59746,2
59746,5
59746,1
59746,3
59747,7
59747,2
59747,5
59747,1
59748,3
59749,7
59749,2
59749,5
59749,1
59749,3
59749,6
59749,4
59750,7
59750,2
59750,5
59750,1
59750,3
59750,6
59750,4
59751,7
59751,2
59751,5
59751,1
59751,3
59751,6
59751,4
59752,7
59752,2
59752,5
59752,1
59752,3
59752,6
59752,4
59753,7
59753,2
59753,5
59753,1
59753,3
59753,6
59753,4
59754,7
59754,2
59756,5
59757,7
59757,2
59757,5
59757,1
59757,3
59758,6
59759,7
59759,2
59760,3
59760,6
59760,4
59761,5
59761,1
59762,3
59762,6
59762,4
59763,3
59763,6
59763,4
59766,1
59767,1
59769,1
59770,2
59771,6
59772,3
59772,6
59774,7
59774,2
59774,5
59774,1
59775,3
59776,4
59777,3
59778,3
59778,6
59779,3
59780,7
59780,2
59780,5
59780,1
59780,4
59781,7
59781,2
59781,5
59781,1
59781,3
59781,6
59781,4
59782,4
59783,7
59784,7
59784,2
59784,5
59784,1
59785,5
59785,1
59786,7
59787,3
59787,6
59789,1
59790,7
59790,2
59790,5
59790,1
59790,3
59790,6
59790,4
59791,7
59791,2
59791,5
59791,1
59791,3
59791,6
59791,4
59792,7
59792,2
59792,5
59792,1
59792,3
59792,6
59792,4
59793,7
59793,2
59793,5
59793,1
59793,3
59793,6
59793,4
59794,7
59794,2
59794,5
59794,1
59794,3
59794,6
59794,4
59795,7
59795,2
59795,5
59795,1
59795,3
59795,6
59795,4
59796,7
59796,2
59796,5
59796,1
59796,3
59796,6
59796,4
59797,6
59798,2
59799,1
59800,7
59800,2
59800,5
59800,1
59800,3
59800,6
59800,4
59801,6
59801,4
59802,6
59802,4
59803,1
59803,6
59804,6
59805,7
59806,7
59806,2
59806,5
59806,1
59806,3
59807,7
59807,2
59807,5
59807,1
59808,7
59808,2
59808,5
59808,1
59809,6
59810,4
59811,3
59812,6
59813,1
59814,4
59815,7
59815,2
59815,5
59815,1
59815,3
59816,7
59816,2
59816,5
59816,1
59816,3
59817,7
59817,2
59817,5
59818,5
59819,7
59819,2
59819,5
59819,1
59819,3
59820,7
59820,2
59820,5
59820,1
59820,3
59821,6
59822,7
59822,2
59822,5
59822,1
59822,3
59823,7
59823,2
59823,5
59823,1
59823,3
59824,7
59825,7
59826,1
59827,2
59828,5
59829,7
59829,2
59829,5
59829,1
59829,3
59829,6
59829,4
59830,6
59830,4
59831,4
59832,4
59833,4
59834,1
59835,6
59836,4
59837,2
59837,1
59838,1
59839,2
59839,5
59839,1
59839,3
59840,2
59840,5
59840,1
59840,3
59841,7
59841,2
59841,5
59841,1
59841,3
59841,6
59841,4
59842,7
59842,2
59842,5
59842,1
59842,3
59842,6
59842,4
59843,7
59843,2
59843,5
59843,1
59843,3
59843,6
59843,4
59844,1
59845,2
59846,7
59846,2
59846,5
59846,1
59846,3
59847,7
59847,2
59847,5
59847,1
59847,3
59847,6
59847,4
59848,7
59848,2
59848,5
59848,1
59848,3
59848,6
59848,4
59849,7
59849,2
59849,5
59849,1
59849,3
59849,6
59849,4
59850,7
59850,2
59850,5
59850,1
59850,3
59850,6
59850,4
59851,7
59851,2
59851,5
59851,1
59851,3
59851,6
59851,4
59852,7
59852,2
59852,5
59852,1
59852,3
59852,6
59852,4
59853,7
59853,2
59853,5
59853,1
59853,3
59853,6
59853,4
59854,7
59854,2
59854,5
59854,1
59854,3
59854,6
59854,4
59855,6
59855,4
59856,7
59857,7
59857,2
59857,5
59857,1
59857,3
59858,1
59859,3
59860,5
59861,5
59862,2
59863,7
59863,2
59863,5
59864,7
59864,2
59864,5
59864,1
59864,3
59865,7
59865,2
59865,5
59865,1
59865,3
59866,7
59867,7
59867,2
59867,5
59867,1
59868,6
59868,4
59869,7
59869,2
59869,5
59869,1
59869,3
59870,7
59870,2
59870,5
59870,1
59871,4
59872,7
59872,2
59872,5
59872,1
59873,4
59874,6
59875,6
59876,4
59877,2
59878,7
59878,2
59878,5
59878,1
59879,7
59879,2
59879,5
59879,1
59879,3
59879,6
59879,4
59880,4
59881,6
59881,4
59882,5
59882,3
59883,7
59883,2
59883,5
59883,1
59883,3
59883,6
59883,4
59884,3
59885,7
59885,2
59885,5
59885,1
59885,3
59885,6
59885,4
59886,7
59886,2
59886,5
59886,1
59886,3
59886,6
59886,4
59887,7
59887,2
59887,5
59887,1
59887,3
59887,6
59887,4
59888,2
59889,1
59890,2
59891,6
59892,7
59892,2
59892,5
59892,1
59892,3
59892,6
59892,4
59893,2
59893,3
59894,7
59894,2
59894,5
59894,1
59894,3
59895,7
59895,2
59895,5
59895,1
59895,3
59896,5
59897,7
59897,2
59897,5
59897,1
59897,3
59897,6
59897,4
59898,3
59899,3
59901,1
59902,2
59903,6
59904,7
59904,2
59904,5
59904,1
59906,5
59906,1
59907,4
59908,7
59909,5
59910,5
59911,1
59912,7
59912,1
59913,7
59913,2
59914,3
59915,7
59915,2
59915,5
59915,1
59915,3
59916,7
59916,2
59916,5
59916,1
59916,3
59917,7
59918,7
59918,2
59918,5
59918,1
59918,3
59919,7
59919,2
59919,5
59919,1
59919,3
59920,1
59921,7
59921,2
59921,5
59921,1
59921,3
59922,3
59923,2
59924,7
59925,2
59926,5
59926,1
59927,3
59927,6
59927,4
59928,7
59928,2
59928,5
59928,1
59929,7
59929,2
59929,5
59929,1
59929,3
59930,7
59931,7
59931,2
59931,5
59931,1
59931,3
59931,6
59931,4
59932,7
59932,2
59932,5
59932,1
59932,3
59932,6
59933,2
59934,7
59934,2
59934,5
59934,1
59934,3
59934,6
59934,4
59935,7
59935,2
59935,5
59935,1
59935,3
59935,6
59935,4
59936,4
59937,4
59938,3
59939,4
59940,5
59940,1
59941,4
59943,7
59943,2
59943,5
59943,1
59943,3
59943,6
59943,4
59944,4
59945,1
59946,1
59947,6
59948,1
59949,3
59950,5
59950,1
59951,7
59951,2
59951,5
59951,1
59951,3
59951,6
59951,4
59952,5
59952,1
59953,6
59953,4
59954,1
59955,4
59956,7
59956,2
59957,2
59958,4
59959,7
59959,2
59959,5
59959,1
59959,3
59960,5
59961,6
59962,1
59963,5
59964,3
59965,6
59966,3
59967,3
59968,4
59969,7
59970,7
59971,2
59972,1
59973,7
59973,2
59973,5
59973,1
59974,3
59975,7
59975,2
59975,5
59975,1
59975,3
59976,2
59976,5
59977,7
59977,2
59977,5
59977,1
59977,3
59978,3
59979,7
59979,2
59979,5
59979,1
59979,3
59980,7
59980,2
59980,5
59980,1
59980,3
59981,1
59982,6
59983,6
59984,4
59985,2
59986,7
59987,2
59988,7
59988,2
59988,5
59988,1
59988,3
59989,2
59990,7
59990,2
59990,5
59990,1
59990,3
59991,1
59992,3
59993,5
59993,4
59994,7
59994,2
59994,5
59995,7
59995,2
59995,5
59995,1
59995,3
59995,6
59995,4
59996,2
59997,3
59998,5
59999,5
60000,7
60000,2
60000,5
60000,1
60001,4
60002,5
60003,7
60004,7
60005,3
60006,6
60007,7
60008,5
60009,6
60010,7
60010,2
60010,5
60010,1
60010,3
60011,1
60012,3
60013,1
60014,7
60015,6
60016,2
60017,6
60017,4
60018,5
60019,5
60020,6
60021,7
60021,2
60021,5
60022,7
60022,2
60022,5
60022,1
60023,7
60024,5
60025,2
60025,5
60025,1
60025,3
60025,6
60026,3
60027,7
60027,2
60027,5
60027,1
60028,1
60029,2
60030,2
60030,6
60031,7
60031,2
60031,5
60031,1
60031,3
60031,6
60031,4
60032,3
60033,7
60033,2
60033,5
60033,1
60033,3
60033,6
60033,4
60034,6
60034,4
60035,7
60036,7
60037,1
60038,4
60039,3
60040,7
60040,2
60040,5
60040,1
60040,3
60041,6
60042,1
60043,7
60043,2
60043,5
60043,1
60044,1
60045,1
60046,7
60046,2
60046,5
60046,1
60046,3
60047,7
60047,2
60047,5
60047,1
60047,3
60048,7
60048,2
60048,5
60048,1
60048,3
60049,7
60049,2
60049,5
60049,1
60049,3
60050,1
60052,5
60053,3
60054,1
60055,1
60056,7
60056,2
60056,5
60056,1
60057,7
60058,4
60059,4
60060,2
60061,3
60062,5
60063,4
60064,6
60065,6
60066,7
60066,2
60066,5
60066,1
60066,3
60067,7
60067,2
60067,5
60067,1
60067,3
60068,2
60069,7
60070,5
60071,7
60071,2
60071,5
60071,1
60071,3
60071,6
60071,4
60072,5
60073,1
60074,7
60074,2
60074,5
60074,1
60074,3
60074,6
60074,4
60075,1
60076,1
60077,7
60077,2
60078,3
60078,6
60079,6
60079,4
60080,6
60081,6
60081,4
60082,3
60083,6
60084,2
60085,4
60086,1
60088,1
60089,6
60090,4
60091,5
60091,1
60092,3
60093,7
60093,2
60093,5
60093,1
60093,3
60093,6
60093,4
60094,5
60095,4
60096,7
60096,2
60096,5
60096,1
60096,3
60097,4
60098,5
60099,6
60100,3
60101,5
60102,5
60104,2
60105,7
60105,2
60105,5
60105,1
60106,7
60107,3
60108,1
60109,6
60110,7
60110,2
60110,5
60110,1
60110,3
60110,6
60110,4
60111,7
60111,2
60111,5
60111,1
60111,3
60111,6
60111,4
60112,2
60113,7
60113,2
60113,5
60113,1
60113,3
60113,6
60113,4
60114,7
60114,2
60114,5
60114,1
60114,3
60114,6
60114,4
60115,7
60115,2
60115,5
60115,1
60115,3
60116,7
60116,2
60116,5
60116,1
60116,3
60116,6
60116,4
60117,7
60117,2
60117,5
60117,1
60117,3
60117,6
60117,4
60118,2
60119,5
60120,2
60121,4
60122,6
60123,7
60123,2
60124,3
60125,7
60126,3
60127,5
60128,1
60129,7
60129,2
60129,5
60129,1
60129,3
60130,6
60131,7
60131,2
60131,5
60131,1
60132,6
60133,6
60134,6
60135,3
60136,7
60136,2
60137,7
60137,2
60137,5
60137,1
60137,3
60137,6
60137,4
60138,1
60139,1
60140,2
60141,7
60141,2
60141,5
60141,1
60141,3
60141,6
60142,7
60142,2
60142,5
60142,1
60142,3
60142,6
60142,4
60143,7
60143,2
60143,5
60143,1
60143,3
60143,6
60143,4
60144,7
60144,2
60144,5
60144,1
60144,3
60144,6
60144,4
60145,7
60145,2
60145,5
60145,1
60145,3
60145,6
60145,4
60146,7
60146,2
60146,5
60146,1
60146,3
60146,6
60146,4
60147,7
60147,2
60147,5
60147,1
60147,3
60147,6
60147,4
60148,3
60149,7
60149,2
60149,5
60149,1
60149,3
60149,6
60149,4
60150,7
60150,2
60150,5
60150,1
60150,3
60150,6
60150,4
60151,7
60151,2
60151,5
60151,1
60151,3
60152,7
60152,2
60152,5
60152,1
60152,3
60152,6
60152,4
60153,5
60154,4
60155,7
60155,2
60155,5
60155,1
60155,3
60155,6
60155,4
60156,7
60156,2
60156,5
60156,1
60156,3
60156,6
60156,4
60157,4
60158,5
60159,3
60160,3
60161,6
60162,4
60164,7
60164,2
60164,5
60164,1
60164,3
60164,6
60164,4
60165,7
60165,2
60165,5
60165,1
60165,3
60165,6
60165,4
60166,7
60166,2
60166,5
60166,1
60166,3
60166,6
60166,4
60167,7
60167,2
60167,5
60167,1
60167,3
60167,6
60167,4
60168,5
60169,3
60170,6
60171,4
60172,3
60173,3
60174,5
60176,3
60177,4
60178,7
60178,2
60178,5
60178,1
60178,3
60179,7
60179,2
60179,5
60179,1
60179,3
60180,7
60181,1
60182,7
60182,2
60182,5
60182,1
60182,3
60182,6
60182,4
60183,7
60183,2
60183,5
60183,1
60183,3
60184,5
60185,5
60185,6
60186,7
60186,2
60186,5
60186,1
60186,3
60186,6
60186,4
60187,7
60187,2
60187,5
60187,1
60187,3
60187,6
60187,4
60188,7
60188,2
60188,5
60188,1
60188,3
60188,6
60188,4
60189,7
60189,2
60189,5
60189,1
60189,3
60190,7
60190,2
60190,5
60190,1
60190,3
60190,6
60190,4
60191,7
60191,2
60191,5
60191,1
60191,3
60192,1
60193,7
60193,2
60193,5
60193,1
60193,3
60193,6
60193,4
60194,7
60194,2
60194,5
60194,1
60194,3
60194,6
60194,4
60195,7
60195,2
60195,5
60195,1
60195,3
60195,6
60195,4
60196,7
60197,6
60198,3
60199,3
60200,7
60201,3
60202,7
60202,2
60202,5
60202,1
60202,3
60202,6
60202,4
60203,7
60203,2
60203,5
60203,1
60203,3
60203,6
60203,4
60204,7
60205,1
60206,2
60208,4
60209,6
60210,5
60211,7
60211,2
60211,5
60212,6
60213,3
60214,5
60215,7
60215,2
60215,5
60215,1
60215,3
60216,2
60217,5
60218,6
60219,7
60219,5
60220,6
60221,3
60222,2
60223,7
60224,2
60225,5
60226,7
60226,2
60226,5
60226,1
60226,3
60228,2
60229,7
60229,2
60229,5
60229,1
60229,3
60230,3
60231,2
60232,5
60233,4
60234,4
60235,4
60237,7
60237,2
60237,5
60237,1
60237,3
60238,4
60239,2
60243,7
60243,2
60243,5
60243,1
60243,4
60244,6
60245,7
60245,2
60245,5
60245,1
60245,3
60246,7
60246,2
60246,5
60246,1
60246,3
60247,7
60247,2
60247,5
60247,1
60247,3
60248,5
60248,1
60249,6
60250,6
60251,4
60252,6
60252,4
60253,7
60253,2
60253,5
60253,1
60253,3
60254,7
60254,2
60254,5
60254,1
60255,6
60255,4
60256,3
60257,2
60259,7
60259,2
60259,5
60259,1
60259,3
60260,4
60261,4
60262,1
60263,6
60264,3
60265,5
60266,2
60267,2
60268,3
60269,1
60270,6
60271,4
60274,7
60274,2
60274,5
60274,1
60274,3
60275,5
60276,1
60277,7
60277,2
60277,5
60277,1
60277,3
60277,6
60277,4
60278,7
60278,2
60278,5
60278,1
60278,3
60278,6
60278,4
60279,7
60279,2
60279,5
60279,1
60279,3
60279,6
60279,4
60280,2
60281,7
60281,2
60281,5
60281,1
60281,3
60281,6
60281,4
60282,7
60282,2
60282,5
60282,1
60282,3
60282,6
60282,4
60283,1
60284,7
60284,2
60284,5
60284,1
60284,3
60284,6
60284,4
60285,7
60285,2
60285,5
60286,1
60287,3
60288,3
60289,7
60289,2
60289,5
60289,1
60290,5
60291,5
60292,1
60293,4
60294,1
60295,6
60296,4
60297,7
60297,2
60297,5
60297,1
60297,3
60297,6
60297,4
60298,7
60298,2
60298,5
60298,1
60298,3
60298,6
60298,4
60299,7
60299,2
60299,5
60299,1
60299,3
60299,6
60299,4
60300,7
60300,2
60300,5
60300,1
60300,3
60300,6
60300,4
60301,7
60301,2
60301,5
60301,1
60301,3
60301,6
60301,4
60302,7
60302,2
60302,5
60302,1
60302,3
60302,6
60302,4
60303,2
60304,6
60305,2
60306,3
60307,7
60307,2
60307,5
60307,1
60307,3
60307,6
60307,4
60308,7
60308,2
60308,5
60308,1
60308,3
60308,6
60308,4
60309,3
60310,2
60311,1
60312,1
60313,4
60314,3
60315,7
60315,2
60315,5
60315,1
60316,4
60317,4
60319,7
60319,2
60319,5
60319,1
60320,7
60320,2
60320,5
60320,1
60320,3
60320,6
60320,4
60321,2
60322,6
60322,4
60323,1
60324,6
60325,3
60326,3
60327,7
60327,2
60327,5
60327,1
60327,3
60327,6
60327,4
60328,3
60329,2
60330,7
60330,2
60330,5
60330,1
60331,7
60331,2
60331,5
60332,2
60333,1
60334,6
60335,1
60336,4
60337,7
60337,2
60337,5
60338,4
60339,7
60339,2
60339,5
60339,1
60340,3
60341,3
60342,1
60342,3
60343,1
60344,6
60345,7
60345,2
60345,5
60345,1
60345,3
60346,7
60347,2
60348,7
60348,2
60348,5
60348,1
60348,3
60349,4
60350,5
60351,5
60351,4
60352,6
60353,6
60354,5
60356,1
60357,6
60358,7
60359,7
60359,2
60360,2
60360,6
60361,2
60362,3
60363,7
60364,6
60364,4
60365,7
60366,6
60367,3
60368,1
60369,3
60370,7
60370,2
60370,5
60370,1
60370,3
60370,6
60370,4
60371,5
60372,3
60373,7
60373,2
60373,5
60373,1
60373,3
60374,7
60374,2
60374,5
60374,1
60374,3
60375,7
60375,2
60375,5
60375,1
60375,3
60376,3
60377,5
60378,7
60378,2
60378,5
60378,1
60378,3
60379,3
60380,3
60381,7
60381,2
60381,5
60381,1
60381,3
60382,7
60382,2
60382,5
60382,1
60382,3
60383,7
60383,2
60383,3
60384,5
60385,4
60386,7
60386,2
60386,5
60386,1
60386,3
60387,3
60388,7
60388,2
60388,5
60388,1
60388,3
60388,6
60389,7
60389,2
60389,5
60389,1
60389,3
60389,6
60390,7
60390,2
60390,5
60390,1
60390,3
60390,6
60391,7
60391,2
60391,5
60391,1
60391,3
60392,7
60392,2
60392,5
60392,1
60392,3
60393,6
60394,7
60394,2
60394,5
60394,1
60394,3
60395,7
60395,2
60395,5
60395,1
60395,3
60396,7
60396,2
60396,5
60396,1
60396,3
60396,6
60397,7
60397,2
60397,5
60397,1
60397,3
60397,6
60398,7
60398,2
60398,5
60398,1
60398,3
60398,6
60399,7
60399,2
60399,5
60399,1
60399,3
60400,7
60400,2
60400,5
60400,1
60400,3
60400,6
60401,6
60403,3
60404,4
60405,7
60406,6
60407,7
60408,1
60409,7
60409,2
60409,5
60410,5
60411,3
60412,7
60412,2
60412,5
60412,1
60412,3
60412,6
60412,4
60413,7
60413,2
60413,5
60413,1
60413,3
60414,7
60414,2
60414,5
60414,1
60414,3
60414,6
60414,4
60415,7
60415,2
60415,5
60415,1
60415,3
60415,6
60415,4
60416,5
60417,4
60418,4
60419,7
60419,2
60419,5
60419,1
60420,5
60421,7
60421,2
60421,5
60422,6
60423,7
60423,2
60423,5
60423,1
60423,3
60423,6
60423,4
60424,3
60425,7
60425,2
60425,5
60425,1
60425,3
60426,4
60427,7
60428,7
60428,2
60428,5
60428,1
60428,3
60429,7
60429,2
60429,5
60429,1
60429,3
60430,1
60431,4
60432,4
60433,6
60434,4
60436,7
60436,2
60436,5
60436,1
60436,3
60436,6
60437,7
60437,2
60437,5
60437,1
60437,3
60438,3
60439,7
60439,2
60439,5
60439,1
60439,3
60440,1
60441,4
60442,6
60442,4
60444,5
60445,7
60445,2
60445,5
60445,1
60445,3
60446,7
60446,2
60446,5
60446,1
60446,3
60447,7
60447,2
60447,5
60447,1
60447,3
60448,3
60449,7
60449,2
60449,5
60449,1
60449,3
60450,7
60450,2
60450,5
60450,1
60450,3
60451,7
60451,2
60451,5
60451,1
60451,3
60451,6
60451,4
60452,4
60454,1
60455,7
60455,2
60455,5
60455,1
60455,3
60456,4
60457,6
60459,7
60460,4
60461,2
60462,1
60463,5
60463,1
60464,7
60464,2
60464,5
60464,1
60464,3
60465,6
60465,4
60466,7
60466,2
60466,5
60466,1
60466,3
60467,7
60467,2
60467,5
60467,1
60467,3
60468,6
60469,7
60469,2
60469,5
60469,1
60469,3
60470,6
60470,4
60471,7
60471,2
60471,5
60471,1
60471,3
60471,6
60471,4
60472,7
60472,2
60472,5
60472,1
60472,3
60472,6
60472,4
60473,7
60473,2
60473,5
60473,1
60473,3
60473,6
60473,4
60474,7
60474,2
60474,5
60474,1
60474,3
60474,6
60474,4
60475,7
60475,2
60475,5
60475,1
60475,3
60475,6
60475,4
60476,7
60476,2
60476,5
60476,1
60476,3
60476,6
60476,4
60477,1
60478,3
60479,2
60480,4
60482,6
60482,4
60483,4
60488,6
60489,7
60490,4
60491,7
60491,2
60491,5
60491,1
60492,7
60492,2
60492,5
60492,1
60492,3
60493,7
60493,2
60493,5
60493,1
60494,6
60495,7
60495,2
60495,5
60495,1
60495,3
60496,5
60497,2
60498,7
60498,2
60498,5
60498,1
60499,7
60499,2
60499,5
60500,4
60501,7
60501,2
60501,5
60501,1
60501,3
60502,7
60502,2
60502,5
60502,1
60502,3
60503,7
60503,2
60503,5
60503,1
60503,3
60504,6
60504,4
60505,7
60505,2
60505,5
60505,1
60505,3
60506,7
60506,2
60506,5
60506,1
60506,3
60507,7
60507,2
60507,5
60507,1
60507,3
60508,7
60508,2
60508,5
60508,1
60508,3
60509,7
60509,2
60509,5
60509,1
60509,3
60510,6
60511,6
60512,6
60512,4
60513,6
60514,6
60515,4
60516,4
60517,4
60518,7
60519,5
60520,7
60520,2
60520,5
60521,7
60521,2
60521,5
60521,1
60521,3
60521,6
60521,4
60522,7
60522,2
60522,5
60522,1
60522,3
60522,6
60522,4
60523,7
60523,2
60523,5
60523,1
60523,3
60523,6
60523,4
60524,7
60524,2
60524,5
60524,1
60524,3
60525,6
60526,4
60527,6
60528,6
60529,7
60529,2
60529,5
60529,1
60529,3
60530,7
60530,2
60530,5
60530,1
60530,3
60531,7
60531,2
60531,5
60531,1
60531,3
60533,7
60534,7
60534,2
60534,5
60535,5
60536,7
60536,2
60536,5
60536,1
60537,2
60538,7
60538,2
60538,5
60538,1
60538,3
60538,6
60538,4
60539,7
60539,2
60539,5
60539,1
60539,3
60539,6
60539,4
60540,7
60540,2
60540,5
60540,1
60540,3
60541,1
60542,5
60543,7
60543,2
60543,5
60543,1
60543,3
60543,6
60543,4
60544,7
60544,2
60544,5
60544,1
60544,3
60545,7
60545,2
60545,5
60545,1
60546,7
60546,2
60546,5
60546,1
60547,7
60547,2
60547,5
60547,1
60548,7
60548,2
60548,5
60548,1
60548,3
60549,5
60550,2
60550,6
60551,7
60551,2
60551,5
60551,1
60551,3
60552,7
60552,2
60552,5
60552,1
60552,3
60553,7
60553,2
60553,5
60553,1
60553,3
60554,1
60555,5
60556,4
60557,4
60558,7
60559,3
60560,7
60561,7
60561,2
60561,5
60561,1
60561,3
60562,7
60562,2
60562,5
60562,1
60562,3
60563,4
60564,7
60564,2
60564,5
60564,1
60564,3
60565,7
60565,2
60565,5
60565,1
60565,3
60566,2
60567,7
60567,2
60567,5
60567,1
60567,3
60568,7
60568,2
60568,5
60568,1
60568,3
60570,4
60571,7
60571,2
60571,5
60571,1
60571,3
60572,5
60573,1
60574,1
60575,3
60576,2
60577,2
60578,1
60579,2
60580,7
60580,2
60580,5
60580,1
60580,3
60580,6
60580,4
60581,7
60581,2
60581,5
60581,1
60581,3
60581,6
60581,4
60582,2
60583,1
60583,3
60584,7
60584,2
60584,5
60585,1
60586,3
60587,6
60587,4
60588,7
60588,2
60588,5
60588,1
60589,7
60590,7
60591,7
60591,2
60591,5
60591,1
60591,3
60592,6
60592,4
60593,7
60593,2
60593,5
60593,1
60593,3
60594,7
60594,2
60594,5
60594,1
60594,3
60595,7
60595,2
60595,5
60595,1
60595,3
60596,2
60597,3
60598,6
60598,4
60599,5
60600,7
60601,7
60601,2
60601,5
60601,1
60601,3
60601,6
60601,4
60603,2
60604,7
60604,2
60604,5
60604,1
60604,3
60604,6
60604,4
60605,7
60605,2
60605,5
60605,1
60605,3
60606,7
60606,2
60606,6
60606,4
60607,7
60607,2
60607,5
60607,1
60607,3
60607,6
60607,4
60608,7
60608,2
60608,5
60608,1
60608,3
60608,6
60608,4
60609,1
60610,1
60611,5
60612,7
60612,2
60612,5
60612,1
60612,3
60613,7
60613,2
60613,5
60613,1
60613,3
60613,6
60613,4
60614,7
60614,2
60614,5
60614,1
60614,3
60614,6
60615,7
60615,2
60615,5
60615,1
60615,3
60616,1
60616,3
60616,6
60617,5
60619,4
60620,3
60621,7
60621,2
60621,5
60621,1
60621,3
60621,6
60621,4
60622,7
60622,2
60622,5
60622,1
60622,3
60622,6
60622,4
60623,7
60624,3
60624,6
60624,4
60625,1
60626,4
60627,7
60627,2
60627,5
60627,1
60627,3
60627,6
60627,4
60629,1
60630,2
60631,4
60632,7
60632,2
60632,5
60632,1
60632,3
60633,6
60634,2
60635,7
60635,2
60635,5
60635,1
60635,4
60636,7
60636,2
60636,5
60636,1
60636,4
60637,3
60637,6
60638,7
60638,2
60638,5
60638,1
60638,3
60639,3
60639,6
60640,3
60640,6
60641,4
60642,7
60642,2
60642,5
60642,1
60642,3
60642,6
60642,4
60643,1
60644,5
60645,7
60646,7
60646,2
60646,5
60646,1
60647,7
60647,2
60647,5
60647,1
60647,3
60648,6
60649,4
60650,4
60651,5
60652,3
60653,1
60654,1
60655,2
60656,7
60656,2
60656,5
60656,1
60656,3
60656,6
60656,4
60657,7
60657,2
60657,5
60657,1
60657,3
60657,6
60657,4
60658,6
60659,7
60659,2
60659,5
60659,1
60659,3
60659,6
60659,4
60660,2
60662,1
60663,7
60663,2
60663,5
60663,1
60663,3
60664,6
60664,4
60665,7
60665,2
60665,5
60665,1
60665,3
60666,7
60666,2
60666,5
60666,1
60666,3
60667,7
60667,2
60667,5
60667,1
60667,3
60668,7
60668,2
60668,5
60668,1
60668,3
60669,7
60669,2
60669,5
60669,1
60669,3
60670,7
60670,2
60670,5
60670,1
60670,3
60671,7
60671,2
60671,5
60671,1
60671,3
60672,7
60672,2
60672,5
60672,1
60672,3
60673,7
60673,2
60673,5
60673,1
60673,3
60674,7
60674,2
60674,5
60674,1
60674,3
60675,7
60675,2
60675,5
60675,1
60675,3
60676,1
60677,5
60678,7
60679,7
60680,7
60680,2
60680,5
60680,1
60681,7
60681,2
60681,5
60681,1
60681,3
60682,7
60682,2
60682,5
60682,1
60682,3
60683,3
60684,7
60684,2
60684,5
60684,1
60684,3
60685,1
60686,5
60687,3
60688,6
60688,4
60689,7
60689,2
60689,5
60689,1
60689,3
60689,6
60690,6
60691,3
60692,7
60693,6
60694,4
60696,5
60697,3
60698,2
60698,5
60698,1
60699,7
60699,2
60699,5
60699,1
60699,3
60700,7
60700,2
60700,5
60700,1
60700,3
60700,6
60700,4
60701,7
60701,2
60701,4
60702,2
60703,2
60703,1
60703,3
60704,1
60705,3
60706,6
60707,7
60707,1
60707,3
60707,6
60707,4
60708,6
60709,4
60710,6
60711,4
60712,3
60713,1
60714,7
60715,6
60715,4
60716,2
60717,6
60718,4
60719,7
60719,2
60719,5
60719,1
60719,3
60719,6
60719,4
60720,6
60721,6
60722,7
60722,2
60722,5
60722,1
60722,3
60722,6
60722,4
60723,7
60723,2
60723,5
60723,1
60723,3
60723,6
60723,4
60724,7
60724,2
60724,5
60724,1
60724,3
60724,6
60724,4
60725,7
60725,2
60725,5
60725,1
60725,3
60725,6
60725,4
60726,7
60726,2
60726,5
60726,1
60726,3
60726,6
60726,4
60727,7
60727,2
60727,5
60727,1
60727,3
60727,6
60727,4
60728,7
60728,2
60728,5
60728,1
60728,3
60728,6
60728,4
60729,7
60729,2
60729,5
60729,1
60729,3
60729,6
60729,4
60730,7
60730,2
60730,5
60730,1
60730,3
60730,6
60730,4
60731,7
60731,2
60731,5
60731,1
60731,3
60731,6
60731,4
60732,4
60733,1
60734,7
60734,2
60734,5
60734,1
60734,3
60734,6
60734,4
60735,3
60736,7
60737,2
60738,7
60739,2
60740,3
60741,2
60741,1
60742,7
60742,2
60742,5
60742,1
60742,6
60742,4
60743,7
60743,2
60743,4
60745,4
60746,5
60747,3
60748,1
60749,7
60749,2
60749,5
60749,1
60749,3
60749,6
60749,4
60750,7
60751,5
60751,3
60751,6
60752,5
60753,1
60754,7
60755,5
60756,5
60756,1
60757,7
60757,2
60757,5
60757,1
60757,3
60757,6
60757,4
60758,7
60759,1
60760,2
60761,2
60761,5
60762,7
60762,2
60762,5
60762,1
60763,7
60763,2
60763,5
60763,1
60763,3
60763,6
60763,4
60764,7
60764,2
60764,5
60765,1
60766,7
60766,2
60766,5
60766,1
60766,3
60767,6
60767,4
60768,4
60769,7
60769,2
60769,5
60769,1
60769,3
60770,1
60771,6
60772,7
60773,7
60773,2
60775,5
60776,5
60777,5
60777,1
60778,3
60779,6
60780,4
60781,7
60781,2
60782,6
60782,4
60783,2
60784,6
60785,6
60786,6
60787,4
60788,6
60789,7
60789,2
60789,5
60789,1
60789,3
60790,7
60791,5
60792,7
60792,2
60792,5
60792,1
60792,3
60793,7
60793,2
60793,5
60793,1
60793,3
60794,7
60794,2
60794,5
60794,1
60794,3
60795,5
60796,5
60797,3
60798,3
60798,6
60799,4
60800,3
60801,1
60802,7
60802,2
60802,5
60802,1
60803,7
60803,2
60803,5
60803,1
60803,3
60805,6
60806,7
60806,2
60806,5
60806,1
60806,3
60807,7
60807,2
60807,5
60807,1
60808,7
60808,2
60808,5
60808,1
60809,4
60810,2
60811,3
60812,4
60813,7
60814,6
60814,4
60815,4
60816,7
60816,2
60816,5
60816,1
60816,3
60816,6
60816,4
60817,6
60818,2
60819,4
60821,5
60822,7
60822,2
60822,5
60822,1
60822,3
60822,6
60822,4
60823,7
60823,2
60823,5
60823,1
60823,3
60823,6
60823,4
60824,7
60824,2
60824,5
60824,1
60824,3
60824,6
60824,4
60825,7
60825,2
60825,5
60825,1
60825,3
60825,6
60825,4
60826,7
60826,2
60826,5
60826,1
60826,3
60826,6
60826,4
60827,5
60828,7
60828,2
60828,5
60828,1
60829,1
60830,1
60831,7
60831,2
60831,5
60831,1
60831,3
60832,7
60833,5
60834,5
60835,4
60836,7
60836,2
60836,5
60837,7
60837,2
60837,5
60837,1
60837,3
60838,1
60839,3
60840,7
60840,2
60840,5
60841,3
60841,6
60841,4
60842,2
60843,1
60844,3
60845,3
60846,3
60847,1
60848,6
60849,7
60849,2
60849,5
60849,1
60849,3
60849,6
60849,4
60850,1
60851,7
60851,2
60851,5
60851,1
60851,3
60852,6
60853,4
60854,6
60854,4
60855,7
60856,7
60857,1
60858,6
60859,3
60860,1
60862,6
60863,2
60863,5
60863,1
60864,1
60865,3
60866,4
60867,7
60867,2
60867,5
60867,1
60867,3
60868,1
60869,2
60869,5
60869,1
60869,3
60871,7
60872,7
60872,2
60872,5
60872,1
60872,3
60873,7
60873,2
60873,5
60873,1
60873,3
60874,2
60874,5
60874,1
60874,3
60875,5
60875,1
60875,3
60876,5
60876,1
60876,3
60877,5
60878,4
60879,7
60879,2
60880,7
60880,2
60880,5
60880,1
60880,3
60881,5
60882,3
60883,6
60884,3
60885,7
60886,5
60887,1
60888,7
60889,7
60889,2
60889,5
60889,1
60889,3
60889,6
60889,4
60890,1
60891,7
60891,2
60891,5
60892,1
60893,7
60894,2
60895,3
60896,7
60897,7
60897,2
60897,5
60897,1
60898,1
60899,3
60900,1
60901,7
60901,2
60901,5
60901,1
60901,3
60902,5
60903,3
60904,2
60905,5
60906,4
60907,7
60907,2
60907,5
60907,1
60907,3
60907,6
60907,4
60908,7
60908,2
60908,5
60908,1
60908,3
60908,6
60908,4
60909,7
60909,2
60909,5
60909,1
60909,3
60909,6
60909,4
60910,3
60911,5
60912,6
60913,2
60914,1
60915,2
60917,7
60917,2
60917,5
60917,1
60917,3
60918,7
60918,2
60918,5
60918,1
60918,3
60919,7
60919,2
60919,5
60919,1
60919,3
60920,7
60920,2
60920,5
60920,1
60920,3
60921,7
60921,2
60921,5
60921,1
60922,7
60922,2
60922,5
60922,1
60922,3
60923,1
60924,3
60925,6
60926,6
60927,6
60928,6
60929,4
60930,4
60931,7
60931,2
60931,5
60931,1
60931,3
60932,7
60932,2
60932,5
60932,1
60932,3
60932,6
60932,4
60933,2
60933,4
60934,2
60934,5
60934,1
60935,1
60936,7
60936,2
60936,5
60936,1
60937,1
60938,4
60939,5
60940,5
60941,7
60941,2
60941,5
60941,1
60941,3
60942,7
60942,2
60942,5
60942,1
60942,3
60943,5
60944,7
60944,2
60944,5
60944,1
60944,3
60944,6
60944,4
60945,6
60946,7
60946,2
60946,5
60946,1
60946,3
60946,6
60946,4
60947,7
60947,2
60947,5
60947,1
60948,1
60949,1
60950,7
60950,2
60950,5
60950,1
60950,3
60951,3
60952,1
60953,2
60954,3
60955,7
60955,2
60955,5
60955,1
60955,3
60956,7
60956,2
60956,5
60956,1
60956,3
60957,7
60957,2
60957,5
60957,1
60957,3
60957,6
60957,4
60958,7
60958,2
60958,5
60958,1
60958,3
60958,6
60958,4
60959,6
60959,4
60960,7
60960,2
60960,5
60960,1
60960,3
60961,3
60961,6
60962,3
60962,6
60963,7
60963,2
60963,5
60963,1
60963,3
60964,7
60965,3
60966,1
60967,7
60967,2
60967,5
60967,1
60967,3
60968,5
60969,3
60970,6
60971,1
60972,7
60972,2
60972,5
60972,1
60972,3
60973,7
60973,2
60973,5
60973,1
60973,3
60973,6
60973,4
60974,7
60974,2
60974,5
60974,1
60974,3
60974,6
60974,4
60975,7
60975,2
60975,5
60975,1
60975,3
60975,6
60975,4
60976,7
60976,2
60976,5
60976,1
60976,3
60976,6
60976,4
60977,6
60977,4
60978,6
60979,6
60979,4
60980,6
60980,4
60981,6
60981,4
60982,7
60982,2
60982,5
60982,1
60982,3
60982,6
60983,6
60983,4
60984,6
60984,4
60985,2
60986,3
60986,6
60986,4
60987,7
60987,2
60987,5
60987,1
60987,3
60988,7
60988,2
60988,5
60988,1
60988,3
60988,6
60988,4
60989,6
60990,1
60990,3
60990,6
60991,7
60992,3
60993,5
60994,2
60995,4
60996,4
60997,6
60998,7
60998,2
60998,5
60998,1
60998,3
60998,6
60998,4
60999,7
60999,2
60999,5
60999,1
61000,7
61000,2
61000,5
61000,1
61000,3
61001,7
61001,2
61001,5
61001,1
61002,7
61002,2
61002,5
61002,1
61003,7
61004,7
61004,2
61004,5
61004,1
61004,3
61004,6
61004,4
61005,7
61005,2
61005,5
61005,1
61005,3
61005,6
61005,4
61006,7
61006,2
61006,5
61006,1
61006,3
61006,6
61006,4
61007,7
61007,2
61007,5
61007,1
61007,3
61007,6
61007,4
61008,7
61008,2
61008,5
61008,1
61008,3
61008,6
61009,2
61010,1
61011,1
61012,6
61013,1
61014,5
61015,6
61016,4
61019,5
61020,7
61020,2
61020,5
61020,1
61021,5
61022,7
61023,3
61024,7
61024,2
61024,5
61024,1
61024,3
61025,6
61026,7
61026,2
61026,5
61026,1
61026,3
61027,3
61028,7
61028,2
61028,5
61028,1
61028,3
61029,4
61030,7
61030,2
61030,5
61030,1
61030,3
61031,7
61031,2
61031,5
61031,1
61031,3
61032,7
61033,1
61034,5
61035,4
61036,7
61036,2
61036,5
61036,1
61036,3
61037,7
61037,2
61037,5
61038,5
61038,1
61039,1
61040,7
61040,2
61040,5
61040,1
61041,5
61041,1
61041,3
61042,6
61043,7
61043,2
61043,5
61043,1
61043,3
61044,2
61044,5
61044,1
61045,4
61047,4
61048,6
61049,7
61049,2
61049,5
61049,1
61049,3
61050,7
61050,2
61050,5
61050,1
61050,3
61051,2
61052,6
61053,4
61054,7
61054,2
61054,5
61054,1
61054,3
61054,6
61055,1
61056,2
61057,1
61058,2
61059,2
61059,5
61060,1
61061,4
61062,7
61062,2
61062,5
61062,1
61063,5
61064,5
61065,6
61066,3
61067,1
61068,7
61068,2
61068,5
61068,1
61068,3
61068,6
61068,4
61069,7
61069,2
61069,5
61069,1
61069,3
61069,6
61069,4
61070,7
61070,2
61070,5
61070,1
61070,3
61071,7
61071,2
61071,5
61071,1
61071,3
61071,6
61071,4
61072,7
61072,2
61072,5
61072,1
61072,3
61072,6
61072,4
61073,7
61073,2
61073,5
61073,1
61073,3
61073,6
61073,4
61074,4
61075,7
61076,3
61077,3
61078,6
61079,1
61080,6
61081,4
61082,7
61082,2
61082,5
61082,1
61082,3
61082,6
61082,4
61083,7
61083,2
61083,5
61083,1
61083,3
61083,6
61083,4
61084,5
61085,7
61086,6
61087,5
61087,1
61088,3
61088,6
61088,4
61089,2
61090,7
61090,2
61090,5
61090,1
61090,3
61091,7
61091,2
61091,5
61091,1
61091,3
61092,6
61093,5
61094,5
61095,4
61096,4
61097,6
61097,4
61098,2
61099,4
61100,4
61101,7
61101,6
61101,4
61102,6
61103,7
61103,2
61103,5
61103,1
61103,3
61103,6
61103,4
61104,7
61104,2
61104,5
61104,1
61104,3
61104,6
61104,4
61105,7
61105,2
61105,5
61105,1
61105,3
61105,6
61105,4
61106,7
61106,2
61106,5
61106,1
61106,3
61107,4
61108,3
61109,7
61109,2
61109,5
61109,1
61109,3
61109,6
61109,4
61110,1
61111,7
61111,2
61111,5
61111,1
61111,3
61111,6
61111,4
61112,7
61112,2
61112,5
61112,1
61112,3
61112,6
61112,4
61113,7
61113,2
61113,5
61113,1
61113,3
61113,6
61113,4
61115,3
61116,4
61117,7
61117,2
61117,5
61117,1
61117,3
61118,4
61119,2
61120,7
61121,3
61122,7
61123,7
61123,2
61123,5
61124,7
61124,2
61124,5
61124,1
61124,3
61125,5
61126,7
61126,5
61126,1
61127,6
61128,7
61128,2
61128,5
61128,1
61128,3
61128,6
61128,4
61129,7
61129,2
61129,5
61129,1
61129,3
61129,6
61129,4
61130,7
61130,2
61130,5
61130,1
61130,3
61130,6
61130,4
61131,5
61133,5
61134,5
61135,6
61135,4
61136,7
61136,2
61136,5
61136,1
61136,3
61137,4
61138,4
61139,1
61139,6
61140,4
61141,6
61142,6
61142,4
61143,4
61145,3
61146,7
61146,2
61146,5
61146,1
61146,3
61146,6
61146,4
61147,7
61147,2
61147,5
61147,1
61147,3
61147,6
61147,4
61148,7
61149,7
61150,7
61151,2
61152,2
61153,2
61154,6
61155,7
61156,6
61156,4
61157,6
61157,4
61158,6
61158,4
61159,5
61160,3
61160,4
61161,6
61161,4
61162,6
61162,4
61163,7
61163,2
61163,5
61163,1
61163,3
61163,6
61163,4
61164,2
61165,5
61166,7
61166,2
61166,5
61166,1
61166,3
61166,6
61166,4
61167,5
61168,7
61168,2
61168,5
61168,1
61169,3
61170,7
61170,2
61170,5
61170,1
61171,7
61171,2
61171,5
61171,1
61171,3
61172,4
61173,7
61173,2
61173,5
61173,1
61174,3
61175,6
61176,4
61177,4
61178,1
61179,7
61180,3
61181,3
61182,5
61183,7
61183,2
61183,5
61183,1
61183,3
61183,6
61183,4
61184,7
61184,2
61184,5
61184,1
61184,3
61184,6
61184,4
61185,7
61185,2
61185,5
61185,1
61185,3
61185,6
61185,4
61186,7
61186,2
61186,5
61186,1
61186,3
61186,6
61186,4
61187,7
61187,2
61187,5
61187,1
61187,3
61187,6
61187,4
61188,7
61188,2
61188,5
61188,1
61188,3
61188,6
61188,4
61189,7
61189,2
61189,5
61189,1
61189,3
61189,6
61189,4
61190,7
61190,2
61190,5
61190,1
61190,3
61190,6
61190,4
61191,7
61191,2
61191,5
61191,1
61191,3
61191,6
61191,4
61192,7
61193,5
61195,7
61195,2
61195,5
61195,1
61196,6
61196,4
61197,3
61198,7
61199,7
61199,2
61199,5
61199,1
61199,3
61199,6
61199,4
61200,7
61200,2
61200,5
61200,1
61200,3
61200,6
61200,4
61202,3
61202,6
61203,3
61203,6
61204,7
61204,2
61204,5
61204,4
61205,1
61206,7
61206,2
61206,5
61206,1
61207,1
61208,7
61208,2
61208,5
61208,1
61209,7
61209,2
61209,5
61209,1
61210,7
61210,2
61210,5
61210,1
61210,3
61210,6
61210,4
61211,7
61211,2
61211,5
61211,1
61211,3
61212,2
61213,7
61213,2
61213,5
61213,1
61213,3
61214,7
61214,2
61214,5
61214,1
61214,3
61215,7
61216,1
61217,1
61218,7
61219,1
61220,7
61220,2
61220,5
61220,1
61220,3
61221,4
61222,2
61222,1
61223,7
61223,2
61223,5
61223,1
61224,7
61224,2
61224,5
61224,1
61225,5
61226,7
61226,2
61226,5
61226,1
61227,7
61228,1
61229,3
61230,5
61231,2
61232,7
61232,2
61232,5
61232,1
61232,3
61232,6
61232,4
61233,7
61233,2
61233,5
61233,1
61233,4
61234,6
61234,4
61235,4
61236,1
61237,7
61238,4
61239,4
61240,5
61241,7
61241,2
61241,5
61241,1
61241,3
61241,6
61241,4
61242,2
61243,7
61243,2
61243,5
61243,1
61243,3
61243,6
61243,4
61244,7
61244,2
61244,5
61244,1
61244,3
61244,6
61244,4
61245,7
61245,2
61245,5
61245,1
61245,3
61245,6
61245,4
61246,7
61246,2
61246,5
61246,1
61246,3
61246,6
61246,4
61247,7
61247,2
61247,5
61247,1
61247,3
61248,7
61248,2
61248,5
61248,1
61248,3
61249,7
61249,2
61249,5
61249,1
61249,3
61250,7
61250,2
61250,5
61250,1
61250,3
61251,7
61251,2
61251,5
61251,1
61251,3
61252,7
61252,2
61252,5
61252,1
61252,3
61253,7
61253,2
61253,5
61253,1
61253,3
61254,7
61254,2
61254,5
61254,1
61254,3
61255,7
61255,2
61255,5
61255,1
61255,3
61256,7
61256,2
61256,5
61256,1
61256,3
61257,7
61257,2
61257,5
61257,1
61257,3
61258,7
61258,2
61258,5
61258,1
61258,3
61259,4
61260,6
61261,7
61261,2
61261,5
61261,1
61261,3
61261,6
61261,4
61262,5
61263,5
61264,5
61265,7
61265,2
61265,5
61265,1
61265,3
61266,5
61266,1
61267,3
61268,4
61269,7
61269,2
61269,5
61269,1
61269,3
61269,6
61269,4
61270,7
61271,7
61271,2
61271,5
61271,1
61272,6
61272,4
61273,6
61274,4
61275,3
61275,6
61275,4
61276,2
61276,5
61276,1
61276,3
61277,5
61279,7
61279,2
61279,5
61279,1
61279,3
61280,3
61281,6
61282,7
61283,7
61283,2
61283,5
61283,1
61283,3
61284,7
61285,7
61285,2
61285,5
61285,1
61285,3
61285,6
61285,4
61286,1
61287,3
61288,6
61289,6
61290,7
61290,2
61290,5
61290,1
61290,3
61290,6
61290,4
61291,7
61291,2
61291,5
61291,1
61291,3
61291,6
61291,4
61292,1
61294,7
61295,5
61296,7
61296,2
61296,5
61296,1
61296,3
61296,6
61296,4
61297,4
61298,3
61299,7
61299,2
61299,5
61299,1
61299,3
61299,6
61299,4
61300,3
61301,6
61302,3
61303,7
61304,5
61305,2
61306,2
61308,7
61308,2
61308,5
61308,1
61308,3
61308,6
61308,4
61309,7
61309,2
61309,5
61309,1
61309,3
61309,6
61309,4
61310,3
61311,5
61312,7
61312,2
61312,5
61312,1
61312,3
61313,7
61314,6
61315,3
61316,5
61316,1
61317,3
61318,7
61318,2
61318,5
61318,1
61318,3
61318,6
61318,4
61320,7
61320,2
61320,5
61320,1
61320,3
61321,3
61322,3
61324,4
61325,1
61326,7
61326,2
61326,5
61326,1
61326,3
61327,7
61327,2
61327,5
61327,1
61327,3
61327,6
61327,4
61328,5
61329,5
61329,1
61330,7
61331,4
61332,1
61333,6
61334,7
61334,2
61334,5
61334,1
61334,3
61335,7
61335,2
61335,5
61335,1
61335,3
61335,6
61335,4
61336,4
61337,5
61338,7
61338,4
61339,7
61340,7
61341,5
61342,1
61343,7
61343,2
61343,5
61343,1
61343,3
61344,1
61345,3
61346,7
61346,2
61346,5
61346,1
61346,3
61347,3
61348,2
61349,7
61350,4
61351,7
61351,2
61351,5
61351,1
61351,3
61352,2
61354,7
61354,2
61354,5
61354,1
61354,3
61355,7
61355,2
61355,5
61355,1
61355,3
61356,7
61356,2
61356,5
61356,1
61356,3
61356,6
61357,7
61357,2
61357,5
61357,1
61357,3
61357,6
61357,4
61358,6
61359,2
61360,2
61361,2
61362,2
61363,1
61364,5
61365,7
61365,2
61365,5
61365,1
61365,3
61365,6
61365,4
61366,3
61367,3
61368,4
61369,2
61370,7
61370,2
61371,7
61371,2
61371,5
61371,1
61371,3
61371,6
61371,4
61372,6
61373,2
61374,1
61375,5
61376,4
61377,2
61377,5
61378,7
61379,4
61380,7
61380,2
61380,5
61380,1
61380,3
61380,6
61380,4
61381,5
61382,1
61383,7
61383,2
61383,5
61383,1
61383,3
61383,6
61383,4
61384,7
61384,2
61384,5
61384,1
61384,3
61385,1
61387,7
61387,2
61387,5
61387,1
61387,3
61388,2
61390,6
61391,2
61391,4
61392,7
61392,2
61392,5
61392,1
61392,3
61393,7
61394,3
61395,4
61396,7
61396,2
61396,5
61396,1
61397,7
61397,2
61397,5
61397,1
61398,7
61398,2
61398,5
61398,1
61398,3
61399,4
61400,7
61400,2
61400,5
61400,1
61400,3
61401,2
61402,5
61403,7
61403,2
61403,5
61403,1
61403,3
61403,6
61403,4
61404,4
61405,1
61406,3
61407,7
61407,2
61407,5
61407,1
61407,3
61408,7
61408,2
61408,5
61408,1
61408,3
61409,7
61409,2
61409,5
61409,1
61409,3
61410,7
61410,2
61410,5
61410,1
61410,3
61411,7
61411,2
61411,5
61411,1
61411,3
61412,6
61413,6
61414,4
61415,3
61416,1
61417,6
61417,4
61418,3
61418,6
61419,7
61419,2
61420,7
61421,2
61422,3
61423,6
61424,7
61424,2
61424,5
61424,1
61424,3
61426,7
61427,1
61428,2
61429,3
61431,7
61431,2
61431,5
61431,1
61431,3
61431,6
61431,4
61432,6
61433,7
61433,2
61433,5
61433,1
61433,3
61434,7
61434,2
61434,5
61434,1
61434,3
61435,6
61435,4
61436,2
61437,5
61438,7
61439,2
61440,5
61441,7
61442,4
61443,4
61444,7
61444,2
61444,5
61444,1
61444,3
61445,7
61445,2
61445,5
61445,1
61445,3
61445,6
61445,4
61446,5
61448,5
61449,7
61450,4
61451,7
61451,2
61451,5
61451,1
61452,7
61453,6
61454,4
61455,4
61456,2
61456,5
61456,1
61457,7
61457,2
61458,6
61459,7
61459,2
61459,5
61459,1
61459,3
61460,7
61460,2
61460,5
61460,1
61460,3
61460,6
61460,4
61461,7
61461,2
61461,5
61461,1
61461,3
61461,6
61461,4
61462,7
61462,2
61462,5
61462,1
61462,3
61463,7
61463,2
61463,5
61463,1
61463,3
61463,6
61463,4
61464,7
61464,2
61464,5
61464,1
61464,3
61464,6
61464,4
61465,7
61465,2
61465,5
61465,1
61465,3
61465,6
61465,4
61466,7
61466,2
61466,5
61466,1
61466,3
61466,6
61466,4
61467,7
61467,2
61467,5
61467,1
61467,3
61467,6
61467,4
61468,7
61468,2
61468,5
61468,1
61468,3
61468,6
61468,4
61469,5
61469,1
61469,3
61470,7
61470,2
61470,5
61470,1
61470,3
61470,6
61470,4
61471,5
61472,3
61473,7
61474,7
61475,7
61476,6
61477,6
61478,4
61479,7
61479,2
61479,5
61479,1
61479,3
61480,7
61481,6
61481,4
61482,7
61482,2
61482,5
61482,1
61483,3
61484,7
61484,2
61484,5
61484,1
61484,3
61485,7
61485,2
61485,5
61485,1
61485,3
61486,7
61486,2
61486,4
61487,7
61488,3
61489,6
61489,4
61490,4
61491,7
61491,2
61491,5
61491,1
61491,3
61491,6
61491,4
61492,7
61492,2
61492,5
61492,1
61492,3
61492,6
61492,4
61493,7
61493,2
61493,5
61493,1
61493,3
61493,6
61493,4
61494,7
61494,2
61494,5
61494,1
61494,3
61494,6
61494,4
61495,7
61495,2
61495,5
61495,1
61495,3
61495,6
61495,4
61496,6
61496,4
61497,7
61498,7
61498,2
61498,5
61498,1
61498,3
61499,7
61499,2
61499,5
61499,1
61499,3
61499,6
61499,4
61500,7
61500,2
61500,5
61500,1
61500,3
61500,6
61500,4
61501,7
61501,2
61501,5
61501,1
61501,3
61501,6
61501,4
61502,7
61502,2
61502,5
61502,1
61502,3
61502,6
61502,4
61503,7
61503,2
61503,5
61503,1
61503,3
61503,6
61503,4
61504,7
61504,2
61504,5
61504,1
61504,3
61504,6
61504,4
61505,5
61506,7
61507,6
61508,6
61509,7
61509,2
61509,5
61509,1
61509,3
61509,6
61509,4
61510,6
61511,7
61511,2
61511,5
61511,1
61511,3
61512,3
61513,2
61513,5
61513,1
61514,1
61515,6
61516,7
61516,2
61516,5
61516,1
61517,5
61517,6
61517,4
61518,3
61519,1
61520,3
61521,2
61522,2
61523,3
61524,6
61525,3
61526,3
61527,7
61529,6
61531,7
61531,2
61531,5
61531,1
61531,3
61531,6
61531,4
61532,7
61532,2
61532,5
61532,1
61532,3
61532,6
61532,4
61533,5
61533,1
61533,3
61533,6
61534,4
61535,7
61535,2
61535,5
61535,1
61535,3
61535,6
61535,4
61536,7
61536,2
61536,5
61536,1
61537,7
61537,2
61537,5
61537,1
61537,3
61537,6
61537,4
61538,5
61540,7
61540,2
61540,5
61540,1
61540,3
61540,6
61540,4
61541,7
61541,2
61541,5
61541,1
61541,3
61541,6
61541,4
61542,7
61542,2
61542,5
61542,1
61542,3
61542,6
61542,4
61543,7
61543,2
61543,5
61543,3
61543,6
61543,4
61544,3
61546,7
61546,2
61546,5
61546,1
61546,3
61547,4
61548,7
61548,2
61548,5
61548,1
61548,3
61549,5
61550,1
61551,7
61552,7
61553,5
61554,1
61555,7
61555,2
61555,5
61555,1
61555,3
61555,6
61555,4
61556,7
61556,2
61556,5
61556,1
61556,3
61556,6
61556,4
61557,7
61558,3
61558,6
61559,5
61560,2
61560,1
61560,6
61560,4
61561,6
61562,5
61563,7
61564,7
61565,5
61566,5
61567,2
61568,3
61569,2
61570,5
61571,7
61572,7
61573,4
61574,5
61575,4
61576,4
61577,7
61577,2
61577,5
61577,1
61577,3
61577,6
61578,1
61579,7
61579,2
61579,5
61579,1
61579,4
61580,1
61581,5
61582,5
61583,4
61584,1
61585,4
61586,6
61587,1
61588,7
61588,2
61588,5
61588,1
61588,3
61588,6
61588,4
61589,3
61590,2
61591,4
61592,4
61593,1
61594,7
61594,2
61594,5
61594,1
61594,3
61594,6
61594,4
61595,4
61598,2
61599,1
61600,6
61601,5
61602,5
61603,7
61603,2
61603,5
61603,1
61603,3
61604,3
61605,6
61606,4
61607,7
61608,7
61609,1
61610,3
61611,4
61612,6
61613,7
61614,4
61615,3
61616,2
61617,7
61617,2
61617,5
61617,1
61617,3
61617,6
61617,4
61618,6
61618,4
61619,4
61620,7
61620,2
61620,5
61621,2
61622,1
61623,6
61624,3
61625,1
61626,6
61627,4
61628,7
61628,2
61628,5
61628,1
61628,3
61628,6
61628,4
61629,7
61630,1
61631,1
61632,5
61633,7
61634,7
61634,2
61634,5
61634,1
61634,3
61635,6
61636,7
61636,2
61636,5
61636,1
61636,3
61636,6
61636,4
61637,7
61637,2
61637,5
61637,1
61637,3
61637,6
61637,4
61638,4
61639,7
61639,2
61639,5
61639,1
61639,3
61639,6
61639,4
61640,3
61641,1
61641,3
61641,4
61642,7
61642,2
61642,5
61643,1
61644,7
61644,2
61644,5
61644,1
61644,3
61645,5
61646,2
61647,4
61648,5
61649,7
61650,3
61651,7
61652,4
61653,7
61653,2
61653,5
61653,1
61653,3
61653,6
61654,7
61654,2
61654,5
61654,1
61654,3
61655,3
61655,6
61655,4
61656,3
61657,6
61658,6
61659,7
61659,2
61659,5
61659,3
61659,6
61661,2
61661,5
61661,1
61661,3
61661,6
61661,4
61662,4
61663,6
61665,6
61665,4
61666,3
61667,6
61667,4
61668,7
61668,2
61668,5
61668,1
61668,3
61669,6
61670,6
61671,6
61672,7
61672,2
61672,5
61672,1
61672,3
61672,6
61672,4
61673,7
61673,2
61673,5
61673,1
61673,3
61673,6
61673,4
61674,4
61675,7
61675,2
61675,5
61675,1
61675,3
61675,6
61675,4
61676,7
61676,2
61676,5
61676,1
61676,3
61677,5
61678,2
61679,5
61680,7
61680,2
61680,5
61680,1
61680,3
61680,6
61680,4
61681,7
61681,2
61681,5
61681,1
61681,3
61681,6
61681,4
61682,7
61682,2
61682,5
61682,1
61683,7
61683,2
61683,5
61683,1
61683,3
61684,7
61684,2
61684,5
61684,1
61684,3
61685,5
61685,1
61686,4
61687,7
61687,2
61688,3
61689,7
61689,2
61689,5
61690,5
61691,1
61692,7
61693,4
61694,7
61694,2
61694,5
61694,1
61694,3
61695,6
61696,7
61696,2
61696,5
61696,1
61696,3
61696,6
61696,4
61697,7
61697,2
61697,5
61697,1
61697,3
61697,6
61697,4
61698,2
61699,2
61699,6
61700,7
61701,7
61701,2
61701,5
61701,1
61701,3
61701,6
61701,4
61702,7
61703,7
61704,7
61705,1
61706,7
61706,2
61706,5
61706,1
61706,3
61706,6
61706,4
61707,7
61707,2
61707,5
61707,1
61707,3
61707,6
61707,4
61708,7
61709,2
61710,7
61710,2
61710,5
61710,1
61710,3
61711,7
61711,2
61711,5
61711,1
61711,3
61711,6
61711,4
61712,7
61712,2
61712,5
61712,1
61712,3
61712,6
61712,4
61713,6
61713,4
61714,7
61714,2
61714,5
61714,1
61714,3
61714,6
61714,4
61715,7
61715,2
61715,5
61716,7
61717,2
61717,5
61718,4
61719,4
61720,7
61721,3
61722,6
61723,6
61724,6
61725,6
61726,4
61727,7
61727,2
61727,5
61727,1
61727,3
61727,6
61727,4
61728,6
61728,4
61729,5
61730,1
61731,5
61732,7
61733,6
61734,7
61734,2
61734,5
61734,1
61734,3
61734,6
61734,4
61735,7
61735,2
61735,5
61735,1
61735,3
61736,5
61737,7
61738,1
61739,1
61740,6
61741,6
61741,4
61742,5
61743,6
61744,6
61745,7
61745,2
61745,5
61745,1
61745,3
61746,6
61747,7
61747,2
61747,5
61747,1
61747,3
61748,1
61749,7
61750,7
61751,7
61751,2
61751,5
61751,1
61751,3
61752,6
61753,6
61754,5
61755,7
61755,2
61755,5
61755,1
61755,3
61755,6
61755,4
61756,7
61756,2
61757,5
61758,4
61759,6
61759,4
61760,5
61761,1
61762,3
61763,7
61764,7
61765,7
61766,6
61766,4
61767,3
61767,6
61767,4
61768,5
61769,5
61770,7
61770,2
61770,5
61770,1
61770,3
61771,6
61772,1
61773,5
61774,3
61775,7
61776,6
61777,1
61778,3
61779,7
61780,7
61781,6
61781,4
61782,7
61783,5
61783,1
61784,6
61785,6
61786,4
61787,6
61788,7
61789,1
61790,4
61791,7
61791,2
61791,5
61791,1
61791,3
61792,4
61793,5
61794,3
61795,2
61796,4
61797,4
61798,7
61798,2
61799,5
61800,4
61801,3
61802,7
61802,2
61802,1
61802,3
61802,6
61802,4
61803,4
61804,7
61804,2
61804,5
61804,1
61804,3
61804,6
61804,4
61805,7
61806,1
61807,2
61808,2
61809,5
61810,5
61810,6
61811,6
61812,3
61813,2
61814,7
61814,2
61814,5
61814,1
61814,3
61815,7
61816,5
61817,5
61818,7
61819,6
61820,7
61820,2
61820,5
61820,1
61820,3
61820,6
61820,4
61821,4
61822,6
61823,6
61824,4
61825,4
61826,7
61826,2
61826,5
61826,1
61827,7
61828,5
61829,3
61830,4
61831,6
61832,6
61833,7
61833,3
61834,5
61835,3
61836,6
61837,1
61838,6
61839,3
61840,1
61841,7
61841,2
61841,5
61841,1
61841,3
61841,6
61841,4
61842,5
61843,7
61843,3
61843,6
61843,4
61844,5
61845,3
61846,7
61846,2
61846,5
61846,1
61846,3
61847,7
61847,2
61847,5
61847,1
61847,3
61847,6
61847,4
61848,6
61849,4
61850,5
61852,5
61852,1
61853,3
61853,6
61854,4
61855,3
61856,5
61857,4
61858,7
61858,2
61858,5
61858,1
61859,7
61859,2
61859,5
61859,1
61860,6
61861,1
61862,6
61863,7
61863,2
61863,5
61863,1
61863,3
61863,6
61863,4
61864,2
61865,3
61866,1
61867,2
61868,4
61869,6
61870,5
61871,7
61872,7
61872,2
61872,5
61872,1
61872,4
61873,4
61874,7
61875,7
61875,2
61875,5
61875,1
61875,3
61876,4
61877,7
61877,2
61877,5
61877,1
61878,7
61878,2
61878,5
61878,1
61879,7
61879,2
61879,5
61879,1
61880,6
61881,7
61881,2
61881,5
61881,1
61881,3
61882,2
61883,7
61883,2
61883,5
61883,1
61884,7
61884,2
61884,5
61884,1
61885,7
61885,2
61885,5
61885,1
61886,4
61887,7
61887,2
61887,5
61887,1
61887,3
61888,7
61888,2
61888,5
61888,1
61888,3
61888,6
61888,4
61889,6
61890,7
61891,1
61892,7
61893,7
61894,5
61895,2
61896,7
61896,2
61896,5
61896,1
61896,3
61897,3
61898,2
61899,5
61900,7
61901,5
61902,1
61903,7
61904,1
61904,3
61905,7
61905,2
61905,5
61905,1
61905,3
61905,6
61905,4
61906,7
61906,2
61906,5
61906,1
61906,3
61906,6
61906,4
61907,7
61907,2
61907,5
61907,1
61907,3
61907,6
61907,4
61908,1
61909,2
61910,7
61911,7
61911,2
61911,5
61912,7
61912,2
61913,7
61914,4
61915,7
61915,2
61915,5
61915,1
61915,3
61916,5
61917,4
61919,3
61920,7
61920,4
61921,6
61922,7
61923,5
61924,7
61925,7
61925,2
61925,5
61925,1
61925,3
61925,6
61925,4
61926,5
61926,3
61926,6
61926,4
61927,2
61927,1
61927,3
61927,6
61927,4
61928,5
61928,1
61928,3
61928,6
61928,4
61929,1
61930,7
61930,2
61930,5
61930,1
61930,3
61930,6
61930,4
61931,7
61931,2
61931,5
61931,1
61931,3
61931,6
61931,4
61932,3
61934,3
61934,6
61934,4
61935,6
61936,6
61937,2
61938,6
61939,7
61939,2
61939,5
61939,1
61939,4
61940,7
61940,2
61940,5
61940,1
61940,3
61940,6
61940,4
61941,3
61942,6
61943,1
61944,2
61945,4
61946,7
61946,2
61946,5
61946,1
61946,3
61946,6
61947,7
61947,2
61947,5
61947,1
61947,3
61947,6
61948,1
61949,4
61950,6
61951,5
61952,7
61952,2
61952,5
61952,1
61952,3
61953,7
61953,2
61953,5
61953,1
61953,3
61954,7
61954,2
61954,5
61954,1
61954,3
61954,6
61954,4
61955,2
61956,2
61956,5
61957,5
61958,7
61958,2
61958,5
61958,1
61958,3
61958,6
61958,4
61959,4
61960,5
61961,5
61962,1
61963,5
61964,2
61965,5
61965,1
61966,7
61967,4
61968,1
61971,1
61972,1
61973,4
61975,6
61976,7
61977,2
61978,6
61979,2
61980,5
61981,1
61982,5
61983,7
61983,2
61983,5
61983,1
61983,6
61984,4
61985,5
61987,1
61988,1
61989,3
61990,4
61991,5
61992,4
61993,4
61994,7
61995,4
61996,7
61996,2
61996,5
61996,1
61996,3
61996,6
61996,4
61997,5
61998,4
61999,7
62000,4
62001,2
62002,7
62002,2
62003,2
62004,5
62005,7
62005,2
62005,5
62005,3
62005,6
62005,4
62006,7
62007,1
62008,7
62009,1
62010,1
62011,2
62012,7
62012,2
62012,5
62012,1
62012,3
62012,6
62012,4
62013,2
62014,4
62015,3
62016,7
62017,4
62018,4
62019,7
62020,3
62021,7
62022,7
62022,2
62022,5
62022,1
62023,7
62023,2
62023,5
62023,1
62023,3
62023,6
62023,4
62024,1
62025,1
62026,4
62027,7
62028,2
62028,5
62028,1
62029,7
62030,5
62031,5
62032,5
62033,4
62034,2
62035,1
62036,1
62037,1
62038,7
62039,7
62039,2
62039,5
62039,1
62039,3
62039,6
62039,4
62040,7
62040,2
62040,1
62040,3
62040,6
62040,4
62041,7
62041,2
62041,5
62041,1
62041,3
62042,3
62043,7
62043,2
62043,5
62043,1
62043,3
62043,6
62043,4
62044,7
62045,1
62046,3
62047,6
62048,7
62049,1
62050,3
62051,7
62051,2
62051,5
62051,1
62051,3
62051,6
62051,4
62052,7
62052,2
62052,5
62052,1
62052,3
62052,6
62052,4
62053,6
62054,6
62055,7
62057,4
62058,6
62059,5
62059,1
62060,2
62061,5
62062,5
62063,3
62064,7
62065,6
62065,4
62066,1
62067,4
62068,5
62069,5
62070,4
62071,1
62072,1
62073,7
62074,2
62075,7
62075,2
62075,5
62075,1
62075,3
62075,6
62075,4
62076,7
62076,2
62076,5
62076,1
62076,3
62076,6
62076,4
62077,7
62077,2
62077,5
62077,1
62077,3
62077,6
62077,4
62078,7
62078,2
62078,5
62078,1
62078,3
62078,6
62078,4
62079,5
62079,1
62079,3
62080,1
62081,2
62082,5
62083,5
62084,7
62085,6
62086,3
62087,7
62087,2
62087,5
62087,1
62087,3
62087,6
62087,4
62088,6
62089,7
62089,2
62089,5
62089,1
62089,3
62090,1
62091,4
62092,7
62092,2
62092,5
62092,1
62092,3
62092,6
62092,4
62093,7
62093,2
62093,5
62093,1
62093,3
62093,6
62093,4
62094,5
62095,3
62096,3
62097,6
62098,7
62099,7
62099,2
62099,5
62099,1
62099,3
62099,6
62100,5
62101,7
62102,2
62103,5
62104,5
62105,7
62105,2
62105,5
62105,1
62105,3
62106,4
62107,2
62108,6
62110,7
62110,2
62110,5
62110,1
62110,3
62110,6
62110,4
62111,7
62111,2
62111,5
62111,1
62111,3
62111,6
62111,4
62112,4
62113,3
62114,4
62115,7
62115,2
62115,5
62115,1
62115,3
62115,6
62115,4
62116,1
62117,6
62117,4
62118,6
62119,7
62119,2
62119,5
62119,1
62119,3
62119,6
62119,4
62120,4
62121,7
62121,2
62121,5
62121,1
62121,3
62122,7
62122,2
62122,5
62122,1
62122,3
62123,2
62123,5
62123,1
62124,5
62125,7
62126,7
62127,3
62128,7
62128,2
62129,6
62130,1
62131,6
62132,2
62132,5
62132,1
62132,3
62133,2
62134,1
62135,4
62136,5
62137,7
62137,2
62137,5
62137,1
62137,3
62138,7
62138,2
62138,5
62138,1
62138,3
62139,7
62139,2
62139,5
62139,1
62139,3
62140,7
62140,2
62140,5
62140,1
62140,3
62141,7
62142,2
62143,2
62144,7
62145,6
62146,5
62147,7
62147,2
62147,5
62147,1
62147,3
62148,7
62148,2
62148,5
62148,4
62149,6
62150,7
62150,2
62150,5
62150,1
62150,3
62151,7
62151,2
62151,5
62151,1
62152,3
62153,7
62154,1
62155,7
62156,7
62156,2
62156,5
62156,1
62156,3
62157,7
62157,2
62157,5
62157,1
62157,3
62157,6
62157,4
62158,7
62158,2
62158,5
62158,1
62158,3
62158,6
62158,4
62159,3
62160,6
62160,4
62161,5
62162,4
62163,1
62164,4
62165,7
62165,2
62165,5
62165,1
62166,5
62167,1
62168,5
62168,1
62168,3
62169,2
62170,4
62171,2
62172,1
62173,3
62174,6
62175,5
62175,3
62176,6
62177,1
62178,6
62179,5
62179,3
62180,7
62181,3
62182,7
62182,2
62182,5
62182,1
62183,4
62184,5
62185,7
62186,2
62187,7
62188,1
62189,5
62191,7
62192,1
62193,7
62193,2
62193,5
62193,1
62193,3
62194,7
62195,7
62195,2
62195,5
62195,1
62196,7
62196,2
62196,5
62196,1
62196,3
62197,6
62198,2
62199,7
62199,2
62199,5
62199,1
62199,3
62200,2
62201,7
62201,2
62201,5
62201,1
62202,3
62203,3
62204,7
62204,2
62204,5
62204,1
62204,3
62204,6
62204,4
62205,4
62206,7
62206,2
62206,5
62206,1
62206,3
62206,6
62206,4
62207,7
62207,2
62207,5
62207,1
62207,3
62207,6
62207,4
62208,6
62209,5
62210,1
62213,1
62214,3
62215,2
62215,5
62216,4
62217,4
62218,7
62218,2
62218,5
62218,1
62219,1
62220,5
62221,3
62222,2
62223,6
62224,7
62224,2
62224,5
62224,1
62224,3
62225,7
62225,2
62225,5
62225,1
62225,3
62226,7
62226,2
62226,5
62226,1
62226,3
62227,7
62227,2
62227,5
62227,1
62227,3
62228,7
62228,2
62228,5
62228,1
62228,3
62229,2
62230,4
62231,4
62232,3
62233,7
62234,3
62235,4
62236,1
62237,4
62238,2
62239,7
62240,7
62241,7
62242,6
62243,4
62244,4
62245,3
62246,2
62247,5
62248,4
62249,7
62250,5
62251,7
62251,2
62251,5
62251,1
62251,3
62251,6
62251,4
62252,7
62252,2
62252,5
62252,1
62252,3
62252,6
62252,4
62253,7
62254,2
62255,3
62256,1
62257,6
62258,2
62259,1
62260,7
62260,2
62260,5
62260,1
62261,1
62264,1
62265,7
62265,2
62265,5
62265,1
62265,3
62265,6
62265,4
62266,7
62266,2
62266,5
62266,1
62266,3
62266,6
62266,4
62267,5
62268,3
62269,1
62270,3
62271,3
62272,3
62273,1
62274,7
62274,2
62274,4
62275,7
62275,2
62275,5
62275,1
62275,3
62276,7
62276,2
62276,5
62276,1
62276,3
62277,1
62278,2
62279,7
62280,2
62281,7
62281,2
62281,5
62281,1
62281,3
62282,7
62282,2
62282,5
62282,1
62282,3
62282,6
62282,4
62283,7
62283,2
62283,5
62283,1
62283,3
62283,6
62283,4
62284,6
62285,3
62286,6
62287,4
62288,4
62289,7
62289,2
62289,5
62289,1
62289,3
62290,3
62291,1
62292,7
62293,6
62294,5
62295,4
62296,6
62297,4
62298,3
62299,2
62300,3
62300,6
62301,2
62303,7
62304,1
62305,7
62305,2
62305,5
62305,1
62305,3
62305,6
62306,1
62307,5
62308,2
62309,7
62310,1
62311,7
62311,2
62311,5
62311,1
62311,3
62311,6
62311,4
62313,7
62313,2
62313,5
62313,1
62313,3
62314,6
62315,5
62317,7
62318,4
62319,7
62319,1
62319,3
62319,6
62319,4
62320,7
62320,2
62320,5
62320,1
62320,3
62321,7
62321,2
62321,5
62321,1
62321,3
62322,7
62322,2
62322,5
62322,1
62322,3
62323,6
62324,2
62325,5
62326,5
62327,1
62328,1
62329,7
62329,2
62329,5
62329,1
62329,3
62329,6
62329,4
62330,7
62331,1
62332,5
62333,7
62334,7
62335,5
62336,2
62337,2
62337,5
62337,1
62337,3
62338,5
62338,3
62339,3
62340,2
62341,4
62342,7
62343,2
62344,6
62344,4
62345,7
62346,2
62347,7
62348,1
62349,6
62349,4
62350,3
62351,6
62352,7
62353,6
62354,6
62355,4
62356,7
62356,2
62356,5
62357,5
62358,5
62360,5
62361,3
62362,1
62363,5
62363,3
62364,7
62364,2
62364,5
62365,7
62365,2
62365,5
62365,1
62365,3
62365,6
62365,4
62366,7
62366,2
62366,5
62366,1
62366,3
62366,6
62366,4
62367,7
62367,2
62367,5
62367,1
62367,3
62367,6
62367,4
62368,7
62368,3
62368,6
62368,4
62369,7
62369,2
62369,5
62369,1
62369,3
62370,5
62371,7
62371,2
62371,5
62371,1
62371,3
62371,6
62371,4
62372,6
62373,2
62374,7
62375,2
62376,2
62377,1
62378,1
62378,3
62378,6
62379,3
62380,4
62382,7
62382,2
62382,5
62382,1
62382,3
62382,6
62382,4
62383,7
62384,7
62384,2
62384,5
62384,1
62384,3
62385,1
62386,7
62386,2
62387,4
62388,3
62388,6
62389,2
62390,7
62391,5
62392,4
62393,1
62393,3
62394,4
62395,5
62396,7
62397,7
62397,2
62397,5
62397,1
62397,3
62397,6
62397,4
62398,7
62398,2
62398,5
62398,1
62398,3
62398,6
62398,4
62399,5
62400,5
62401,3
62402,3
62403,4
62404,6
62405,4
62406,4
62407,7
62407,2
62407,5
62407,1
62407,3
62407,6
62407,4
62408,7
62409,1
62410,4
62411,1
62412,5
62413,1
62414,3
62415,4
62416,4
62417,5
62418,4
62420,1
62421,7
62422,3
62423,7
62424,3
62425,7
62425,2
62425,5
62425,1
62426,1
62427,7
62427,2
62427,5
62427,1
62427,3
62428,2
62428,5
62428,4
62429,4
62430,4
62431,7
62432,6
62433,7
62433,2
62433,5
62433,1
62433,3
62434,4
62435,7
62436,1
62437,3
62438,5
62439,5
62439,1
62439,3
62439,6
62439,4
62440,7
62440,2
62440,5
62440,1
62440,3
62440,6
62440,4
62441,7
62441,2
62441,5
62441,1
62441,3
62441,6
62441,4
62442,4
62443,5
62444,5
62445,5
62446,1
62447,7
62447,2
62447,5
62447,1
62447,3
62447,6
62447,4
62448,5
62449,2
62450,1
62451,3
62452,3
62453,2
62454,7
62455,3
62456,7
62456,2
62457,6
62458,7
62458,2
62458,5
62458,1
62458,3
62458,6
62458,4
62459,4
62460,7
62460,2
62460,1
62460,3
62461,4
62462,1
62463,3
62464,1
62465,6
62465,4
62466,2
62467,7
62467,2
62467,5
62467,1
62467,3
62467,6
62467,4
62468,7
62468,2
62468,5
62468,1
62468,3
62468,6
62468,4
62469,4
62470,6
62471,6
62472,3
62473,3
62473,6
62473,4
62474,7
62474,2
62475,6
62476,7
62476,2
62476,5
62477,7
62477,2
62477,5
62477,1
62477,3
62477,6
62477,4
62478,1
62479,4
62480,3
62481,1
62482,3
62483,7
62484,6
62485,7
62486,5
62487,5
62488,5
62489,3
62489,6
62490,5
62491,4
62492,2
62493,3
62494,7
62495,7
62496,6
62497,3
62498,7
62499,1
62500,6
62501,5
62502,2
62503,5
62504,2
62505,4
62506,7
62507,1
62508,7
62509,7
62509,2
62509,5
62509,1
62509,3
62509,6
62510,7
62510,2
62510,5
62510,1
62510,3
62510,6
62511,7
62512,3
62513,5
62513,1
62514,7
62515,1
62515,3
62515,6
62516,1
62517,1
62518,2
62518,5
62518,1
62518,3
62519,7
62519,2
62519,5
62519,1
62519,3
62519,6
62520,7
62520,2
62520,5
62520,1
62520,3
62520,6
62521,3
62521,4
62522,7
62523,3
62524,7
62524,2
62524,5
62524,1
62524,3
62524,6
62524,4
62525,7
62525,2
62525,5
62525,1
62525,3
62525,6
62525,4
62526,6
62527,7
62527,2
62527,5
62527,1
62527,3
62527,6
62527,4
62528,2
62529,6
62530,4
62531,5
62532,3
62533,3
62534,5
62535,7
62535,2
62535,5
62535,4
62536,2
62536,5
62536,1
62536,3
62537,5
62537,1
62537,3
62537,6
62538,4
62539,7
62539,2
62539,5
62539,4
62540,2
62541,7
62543,7
62543,2
62543,5
62543,1
62543,3
62543,4
62544,4
62545,2
62546,6
62547,6
62548,1
62549,1
62550,4
62551,1
62552,1
62553,4
62554,2
62555,1
62556,1
62557,7
62557,2
62557,5
62557,1
62557,3
62557,6
62557,4
62558,6
62559,7
62560,1
62561,4
62562,4
62563,5
62564,2
62565,7
62566,2
62567,7
62567,2
62567,5
62567,1
62567,3
62567,6
62567,4
62568,7
62568,2
62568,5
62568,1
62568,3
62568,6
62568,4
62569,7
62569,2
62569,5
62569,1
62569,3
62570,7
62570,2
62570,5
62570,1
62570,3
62570,6
62571,7
62571,2
62571,5
62571,1
62571,3
62572,7
62572,2
62572,5
62572,1
62572,3
62572,6
62573,7
62573,2
62573,5
62573,1
62573,3
62574,3
62575,7
62575,2
62575,5
62575,1
62575,3
62575,6
62576,5
62577,1
62578,1
62579,3
62580,3
62581,6
62581,4
62582,6
62583,6
62584,6
62585,7
62585,2
62585,5
62585,1
62585,3
62585,6
62585,4
62586,7
62586,2
62586,5
62586,1
62586,3
62586,6
62586,4
62587,1
62588,3
62589,6
62589,4
62590,7
62590,2
62590,5
62590,1
62590,3
62590,6
62590,4
62591,1
62592,5
62593,2
62594,7
62594,2
62594,5
62594,1
62594,3
62594,6
62594,4
62595,3
62596,7
62596,2
62596,5
62597,5
62598,7
62598,2
62598,4
62599,3
62600,7
62601,2
62602,3
62603,1
62604,5
62605,7
62605,2
62605,5
62605,1
62605,3
62607,3
62608,6
62609,7
62609,2
62609,5
62609,1
62609,3
62610,2
62611,2
62612,7
62613,4
62614,3
62614,6
62614,4
62615,1
62616,1
62616,3
62616,6
62617,1
62618,7
62618,4
62619,1
62620,3
62621,7
62621,4
62622,7
62622,2
62622,5
62622,1
62622,3
62622,6
62622,4
62623,7
62623,2
62623,5
62623,1
62623,3
62623,6
62623,4
62624,7
62624,2
62624,5
62624,1
62624,3
62624,6
62624,4
62625,5
62625,1
62625,3
62626,6
62627,7
62627,2
62628,1
62629,5
62630,2
62631,7
62631,2
62631,5
62631,1
62631,3
62631,6
62632,4
62633,4
62634,3
62635,2
62636,7
62637,3
62637,6
62638,6
62639,3
62640,5
62641,2
62642,4
62643,5
62644,3
62645,6
62646,6
62647,1
62648,3
62649,1
62650,6
62650,4
62651,6
62651,4
62652,5
62653,7
62653,2
62653,5
62653,1
62654,3
62655,2
62656,7
62656,2
62656,5
62656,1
62656,3
62657,7
62657,2
62657,5
62657,1
62658,6
62659,7
62660,7
62660,2
62660,5
62660,1
62660,3
62660,6
62660,4
62661,7
62661,2
62661,5
62661,1
62661,3
62661,6
62661,4
62662,4
62663,7
62663,2
62663,5
62663,1
62663,3
62664,7
62664,2
62664,5
62664,1
62664,3
62665,3
62666,3
62667,1
62668,5
62669,1
62670,7
62670,2
62670,5
62670,1
62670,3
62671,7
62672,1
62673,4
62674,7
62674,2
62674,5
62674,3
62675,4
62676,3
62677,1
62678,1
62679,7
62680,2
62681,2
62682,7
62682,2
62682,5
62682,1
62682,3
62682,6
62682,4
62683,7
62684,5
62685,7
62685,2
62685,5
62685,1
62685,3
62686,7
62687,7
62687,2
62687,5
62687,1
62688,7
62690,1
62691,5
62692,7
62693,5
62694,5
62695,7
62695,2
62695,5
62695,1
62695,3
62695,6
62695,4
62696,5
62697,6
62698,5
62699,7
62699,2
62699,5
62699,1
62700,5
62701,6
62702,7
62702,2
62702,5
62702,1
62703,5
62704,2
62705,5
62706,3
62707,6
62707,4
62708,7
62709,2
62710,7
62711,2
62712,3
62713,2
62714,1
62715,2
62716,4
62717,5
62717,1
62718,2
62718,3
62719,7
62719,2
62719,5
62719,1
62719,3
62719,6
62719,4
62720,2
62721,7
62721,2
62721,5
62721,1
62721,3
62721,6
62722,7
62723,6
62724,6
62725,3
62726,5
62727,7
62727,2
62727,5
62727,1
62728,6
62729,7
62729,2
62729,5
62729,1
62729,3
62729,6
62729,4
62730,7
62730,2
62730,5
62730,1
62730,3
62730,6
62730,4
62731,7
62731,2
62731,5
62731,1
62731,3
62731,6
62731,4
62732,7
62732,2
62732,5
62732,1
62732,3
62732,6
62732,4
62733,7
62733,2
62733,5
62733,1
62733,3
62733,6
62733,4
62734,7
62734,2
62734,5
62734,1
62734,3
62734,6
62734,4
62735,7
62736,7
62737,3
62738,1
62739,5
62740,3
62741,5
62742,1
62743,5
62743,1
62744,3
62745,2
62746,4
62747,1
62749,5
62749,1
62750,2
62751,7
62751,2
62751,5
62751,1
62751,3
62751,6
62751,4
62752,7
62752,2
62752,5
62752,1
62752,3
62752,6
62752,4
62753,7
62753,2
62753,5
62753,1
62753,3
62753,6
62753,4
62754,7
62754,2
62755,4
62756,7
62756,2
62756,5
62756,1
62757,3
62758,7
62758,2
62758,5
62759,3
62760,2
62761,6
62762,1
62763,3
62764,7
62766,7
62767,7
62767,2
62767,5
62767,1
62767,3
62767,6
62767,4
62768,3
62769,7
62770,2
62771,4
62772,1
62773,1
62774,1
62775,5
62777,1
62778,2
62779,5
62780,5
62781,5
62782,7
62782,2
62782,5
62782,1
62782,3
62783,5
62784,6
62785,2
62786,7
62786,3
62786,6
62786,4
62787,5
62788,7
62788,2
62788,5
62788,1
62788,3
62788,6
62788,4
62789,2
62790,1
62791,3
62792,1
62793,7
62794,7
62794,2
62794,5
62795,7
62795,2
62795,5
62796,3
62797,1
62797,4
62799,3
62800,6
62801,7
62801,2
62801,5
62801,1
62801,3
62802,7
62802,2
62802,5
62802,1
62802,3
62802,6
62802,4
62803,1
62804,4
62805,7
62805,2
62805,5
62805,1
62805,3
62807,4
62808,7
62808,2
62808,5
62808,1
62808,3
62809,2
62810,7
62810,2
62810,5
62810,1
62810,3
62810,6
62810,4
62811,3
62812,4
62813,5
62814,3
62814,6
62814,4
62815,4
62816,7
62816,2
62816,5
62816,1
62816,3
62816,6
62816,4
62817,4
62818,4
62819,7
62819,2
62819,5
62819,1
62819,3
62819,6
62819,4
62820,7
62820,2
62820,5
62820,1
62820,3
62821,7
62821,2
62821,5
62821,1
62821,3
62821,6
62821,4
62822,3
62823,5
62824,6
62825,7
62825,2
62825,5
62825,1
62826,7
62826,2
62826,5
62826,1
62827,4
62830,7
62830,2
62830,5
62830,1
62830,3
62831,2
62832,5
62833,6
62834,5
62835,6
62836,4
62837,5
62838,2
62839,7
62840,3
62841,3
62842,1
62843,1
62844,7
62844,2
62844,5
62844,1
62844,3
62844,6
62844,4
62845,7
62845,2
62845,5
62845,1
62845,3
62846,7
62847,4
62848,2
62848,5
62848,1
62848,3
62849,7
62849,2
62849,5
62849,1
62849,3
62850,7
62851,1
62852,2
62853,5
62854,7
62854,2
62854,5
62854,1
62854,3
62857,6
62857,4
62858,4
62859,5
62859,1
62859,3
62859,6
62859,4
62860,7
62860,2
62860,5
62860,1
62860,3
62860,6
62860,4
62861,7
62861,2
62861,5
62861,1
62861,3
62861,6
62861,4
62862,3
62863,5
62864,6
62864,4
62865,7
62865,2
62865,5
62865,1
62865,3
62866,2
62866,5
62868,7
62869,7
62869,2
62869,5
62869,1
62869,3
62870,2
62871,5
62871,4
62872,7
62872,2
62872,5
62872,1
62872,3
62872,6
62872,4
62873,7
62873,2
62873,5
62873,1
62873,3
62873,6
62873,4
62874,1
62875,2
62876,5
62878,6
62878,4
62879,3
62880,7
62880,2
62880,5
62880,1
62880,3
62880,6
62880,4
62881,4
62882,7
62882,4
62883,2
62884,1
62885,3
62886,1
62887,1
62888,7
62889,6
62890,6
62891,1
62892,5
62893,6
62893,4
62894,2
62895,3
62896,5
62896,1
62897,7
62898,7
62899,4
62900,5
62900,1
62900,3
62900,6
62901,7
62901,2
62901,5
62901,1
62901,3
62901,6
62901,4
62902,7
62902,2
62902,5
62902,1
62902,3
62902,6
62902,4
62903,6
62903,4
62904,1
62905,4
62907,4
62908,1
62909,4
62910,7
62910,2
62911,7
62911,2
62911,5
62911,1
62911,3
62911,6
62911,4
62912,5
62913,4
62914,7
62914,2
62914,5
62914,1
62914,3
62915,7
62915,2
62915,5
62915,1
62915,3
62916,7
62916,2
62916,5
62916,1
62916,3
62916,6
62916,4
62918,2
62918,5
62919,1
62920,5
62921,2
62922,1
62923,3
62924,7
62925,7
62926,2
62927,7
62927,4
62928,7
62928,2
62928,5
62928,1
62928,3
62928,6
62928,4
62929,4
62930,1
62931,7
62932,4
62934,4
62935,4
62936,4
62937,7
62938,7
62939,7
62939,2
62939,5
62939,1
62939,3
62939,6
62939,4
62941,7
62941,2
62941,5
62941,1
62941,3
62941,6
62941,4
62942,4
62944,4
62946,6
62946,4
62947,4
62948,7
62948,2
62948,5
62948,1
62948,3
62948,6
62948,4
62949,4
62950,7
62950,2
62950,5
62950,1
62950,3
62950,6
62950,4
62951,1
62952,7
62952,2
62952,5
62953,7
62953,2
62953,5
62953,1
62953,3
62954,7
62954,2
62954,5
62954,1
62954,3
62955,1
62956,7
62956,2
62956,5
62956,1
62956,3
62957,6
62958,5
62959,5
62960,4
62961,7
62961,5
62961,3
62962,5
62963,5
62964,7
62964,2
62964,5
62964,1
62965,3
62966,6
62968,7
62968,2
62968,5
62968,1
62968,3
62968,6
62968,4
62969,7
62969,2
62969,5
62969,1
62969,3
62969,6
62969,4
62970,7
62970,2
62970,5
62970,1
62970,3
62970,6
62970,4
62971,7
62971,2
62971,5
62971,1
62971,3
62971,6
62973,5
62975,1
62977,3
62978,2
62979,7
62979,2
62979,5
62979,1
62979,3
62979,6
62980,7
62980,2
62980,5
62980,1
62980,3
62981,5
62983,7
62984,1
62985,2
62986,4
62987,7
62988,3
62988,6
62989,6
62990,7
62990,2
62990,5
62990,1
62990,3
62990,6
62990,4
62991,2
62992,1
62993,2
62993,5
62993,1
62994,7
62994,2
62994,5
62994,1
62995,7
62995,2
62995,5
62995,1
62995,3
62995,6
62995,4
62996,7
62996,2
62996,5
62996,1
62996,3
62996,6
62996,4
62997,7
62997,2
62997,5
62997,1
62997,3
62998,6
62998,4
62999,2
63000,4
63001,2
63002,2
63003,4
63004,7
63005,6
63006,4
63007,3
63008,3
63009,2
63010,7
63010,2
63010,5
63010,1
63010,3
63010,6
63010,4
63011,5
63011,1
63011,3
63011,6
63012,7
63012,2
63012,3
63012,6
63012,4
63013,7
63015,3
63016,7
63017,2
63018,3
63019,7
63019,2
63019,5
63019,1
63019,3
63020,3
63022,5
63022,6
63023,7
63023,1
63024,4
63025,1
63025,3
63026,7
63026,2
63026,5
63026,1
63026,3
63027,7
63027,2
63027,5
63027,1
63027,3
63028,7
63028,2
63028,5
63028,1
63028,3
63029,4
63030,6
63031,5
63032,7
63032,2
63032,5
63032,1
63032,3
63033,7
63033,2
63033,5
63033,1
63033,3
63034,7
63034,2
63034,5
63034,1
63034,3
63035,3
63035,6
63036,5
63037,1
63038,3
63039,1
63040,3
63041,1
63042,7
63043,7
63043,2
63043,5
63043,1
63044,4
63045,5
63046,4
63047,3
63048,3
63049,4
63050,7
63050,2
63050,5
63050,1
63050,3
63050,6
63050,4
63051,6
63052,7
63052,2
63052,5
63052,1
63052,3
63052,6
63052,4
63053,4
63054,7
63054,2
63054,5
63054,1
63054,3
63054,6
63054,4
63055,7
63055,3
63055,6
63055,4
63056,1
63056,3
63056,6
63056,4
63057,7
63058,2
63058,4
63059,3
63060,2
63060,1
63061,7
63061,2
63061,5
63061,1
63061,3
63062,4
63063,6
63065,6
63066,6
63067,7
63067,2
63067,5
63067,1
63068,2
63069,4
63070,5
63071,6
63072,2
63073,7
63073,2
63073,5
63073,1
63073,3
63073,6
63073,4
63074,4
63075,5
63076,3
63077,2
63077,5
63077,1
63078,7
63078,2
63078,5
63078,1
63078,3
63078,6
63078,4
63079,7
63079,2
63079,5
63079,1
63079,3
63079,6
63079,4
63080,7
63080,2
63080,5
63080,1
63080,3
63081,4
63082,4
63083,6
63084,7
63084,1
63085,6
63086,7
63087,7
63087,2
63087,5
63087,1
63087,3
63087,6
63087,4
63088,4
63089,2
63089,5
63089,1
63089,4
63090,2
63090,5
63090,1
63090,3
63091,3
63092,6
63092,4
63093,1
63094,2
63095,7
63095,2
63095,5
63095,1
63095,3
63095,6
63095,4
63096,6
63097,1
63098,7
63098,2
63098,5
63098,1
63098,3
63099,4
63100,1
63101,7
63101,2
63101,5
63101,1
63101,3
63102,7
63102,2
63102,5
63102,1
63102,3
63103,3
63104,4
63105,5
63106,1
63107,4
63108,1
63109,7
63109,2
63109,5
63109,1
63109,3
63109,6
63109,4
63110,6
63111,1
63112,4
63113,2
63115,5
63116,7
63116,2
63116,1
63116,3
63116,6
63116,4
63117,7
63117,2
63117,5
63117,1
63117,3
63118,7
63118,2
63118,5
63118,1
63118,3
63118,6
63118,4
63119,7
63119,2
63119,5
63119,1
63119,3
63119,6
63119,4
63120,5
63121,5
63122,5
63123,6
63124,7
63124,2
63124,5
63124,1
63124,3
63125,1
63126,4
63127,5
63128,6
63129,5
63130,3
63131,3
63132,3
63133,4
63134,3
63135,6
63136,7
63137,2
63138,7
63139,4
63140,4
63141,3
63142,6
63143,2
63144,3
63145,6
63146,6
63146,4
63147,6
63147,4
63148,4
63149,1
63150,1
63151,4
63152,4
63153,7
63153,2
63153,5
63154,5
63155,5
63156,7
63157,1
63158,6
63160,2
63161,7
63161,2
63161,5
63161,1
63161,3
63162,7
63163,6
63164,6
63165,7
63165,2
63166,1
63167,1
63167,3
63167,6
63167,4
63168,7
63168,2
63168,5
63168,1
63168,3
63169,7
63169,2
63169,5
63169,1
63170,7
63170,2
63170,5
63170,1
63170,3
63171,5
63172,1
63173,3
63174,7
63174,2
63174,5
63174,1
63174,3
63174,6
63174,4
63175,7
63175,2
63175,5
63175,1
63175,3
63175,6
63175,4
63176,7
63176,2
63176,5
63176,1
63176,3
63176,6
63176,4
63177,7
63177,2
63177,5
63177,1
63178,6
63179,7
63179,2
63179,5
63179,1
63179,3
63180,7
63180,2
63180,5
63180,1
63180,3
63180,6
63180,4
63181,7
63182,7
63183,4
63184,7
63184,2
63184,5
63184,1
63184,3
63185,5
63186,7
63186,6
63187,2
63188,1
63189,1
63190,7
63191,7
63191,2
63191,5
63191,1
63191,3
63192,7
63192,2
63192,5
63192,1
63192,3
63193,1
63194,7
63194,2
63194,5
63194,1
63195,4
63196,6
63197,1
63198,3
63199,4
63200,3
63201,3
63201,6
63202,6
63202,4
63203,7
63203,2
63204,7
63204,2
63204,5
63204,1
63204,3
63204,6
63204,4
63205,7
63205,2
63205,5
63205,1
63205,3
63205,6
63205,4
63206,7
63206,2
63206,5
63206,1
63206,3
63206,6
63206,4
63207,3
63208,6
63209,7
63209,2
63209,5
63209,1
63209,6
63210,3
63211,7
63211,2
63211,5
63211,1
63211,3
63211,6
63211,4
63212,7
63212,2
63212,5
63212,1
63212,3
63213,5
63213,6
63214,7
63214,2
63214,5
63214,1
63214,3
63215,5
63216,7
63216,2
63216,5
63216,1
63216,3
63216,6
63216,4
63217,7
63217,2
63217,5
63217,1
63217,3
63217,6
63217,4
63218,3
63219,3
63220,7
63220,2
63220,5
63220,1
63221,4
63222,2
63223,4
63224,7
63225,5
63226,3
63227,7
63227,2
63227,5
63227,1
63227,3
63227,6
63227,4
63228,7
63228,2
63228,5
63228,1
63229,5
63229,6
63230,7
63230,2
63230,5
63230,1
63230,3
63230,6
63230,4
63231,7
63231,2
63231,5
63231,1
63231,3
63231,6
63231,4
63232,7
63232,2
63232,5
63232,1
63232,3
63232,6
63232,4
63233,2
63234,7
63235,4
63236,7
63236,4
63237,4
63238,3
63239,4
63240,7
63240,6
63240,4
63241,7
63241,2
63241,5
63241,1
63241,3
63242,3
63243,5
63243,1
63243,3
63243,6
63243,4
63244,3
63245,6
63245,4
63246,4
63247,4
63248,7
63248,2
63248,5
63248,1
63248,3
63249,3
63250,6
63251,6
63252,1
63253,7
63253,2
63253,5
63253,1
63253,3
63253,6
63253,4
63254,2
63255,2
63256,4
63257,7
63258,1
63259,5
63260,5
63261,2
63262,7
63263,3
63264,4
63265,7
63266,3
63267,5
63268,3
63269,4
63270,4
63271,7
63271,2
63271,5
63271,1
63271,3
63271,6
63271,4
63272,7
63272,2
63272,5
63272,1
63272,3
63272,6
63272,4
63273,7
63273,2
63273,5
63273,1
63273,3
63273,6
63273,4
63274,7
63274,2
63274,5
63274,1
63274,3
63274,6
63274,4
63275,6
63276,1
63277,3
63278,6
63278,4
63279,1
63280,3
63281,1
63282,7
63283,7
63283,2
63284,1
63286,7
63286,2
63286,5
63286,1
63286,3
63286,6
63286,4
63287,7
63287,2
63287,5
63287,1
63287,3
63288,7
63290,1
63290,4
63291,1
63292,3
63293,3
63294,1
63295,1
63296,1
63297,7
63298,6
63299,7
63301,5
63302,7
63303,4
63304,5
63304,1
63305,5
63305,1
63306,7
63306,2
63306,5
63306,1
63306,3
63307,7
63307,2
63307,5
63307,1
63307,3
63308,7
63308,2
63308,5
63308,1
63308,3
63308,6
63308,4
63309,5
63310,7
63311,2
63312,1
63313,7
63314,3
63314,6
63315,6
63316,2
63317,1
63318,4
63320,2
63321,1
63322,1
63323,3
63324,7
63324,2
63324,5
63324,1
63325,7
63325,2
63325,5
63325,1
63325,3
63325,6
63325,4
63326,7
63326,2
63326,5
63326,1
63326,3
63326,6
63326,4
63327,2
63327,5
63327,1
63328,7
63328,2
63328,5
63328,1
63328,3
63328,6
63328,4
63329,7
63329,2
63329,5
63329,1
63329,3
63329,6
63329,4
63330,7
63330,2
63330,5
63330,1
63330,3
63330,6
63330,4
63331,7
63331,2
63331,5
63331,1
63331,3
63331,6
63331,4
63332,7
63332,2
63332,5
63332,1
63332,3
63332,6
63332,4
63333,1
63334,7
63335,5
63336,6
63337,6
63338,6
63339,2
63340,7
63340,2
63340,5
63340,1
63341,2
63341,5
63341,1
63341,3
63342,6
63343,3
63344,1
63345,3
63346,3
63347,3
63347,6
63347,4
63348,2
63349,7
63349,2
63349,5
63349,1
63350,4
63351,2
63352,2
63352,5
63352,1
63353,2
63354,4
63355,3
63356,1
63358,5
63359,7
63359,2
63359,5
63359,1
63359,3
63359,6
63359,4
63361,6
63362,3
63363,7
63364,6
63365,7
63365,2
63365,5
63365,1
63365,3
63366,3
63366,6
63367,1
63368,7
63368,2
63368,5
63368,1
63368,3
63368,6
63368,4
63369,7
63369,2
63369,5
63369,1
63369,3
63369,6
63369,4
63370,5
63370,1
63370,3
63370,6
63370,4
63371,4
63372,7
63372,2
63372,5
63372,1
63373,3
63374,5
63375,1
63376,3
63377,3
63379,4
63380,7
63380,2
63380,5
63380,1
63381,7
63381,2
63381,5
63381,1
63381,3
63381,6
63381,4
63382,7
63382,2
63382,5
63382,1
63382,3
63382,6
63382,4
63383,1
63384,3
63385,5
63386,1
63387,1
63388,2
63388,5
63388,1
63389,6
63390,6
63391,7
63391,2
63391,5
63391,1
63392,4
63393,6
63394,7
63394,2
63394,5
63394,1
63395,6
63396,7
63396,2
63396,5
63396,1
63397,5
63397,1
63398,4
63399,6
63400,6
63401,4
63402,1
63403,7
63403,2
63403,5
63403,1
63404,7
63404,2
63404,5
63404,1
63404,3
63404,6
63404,4
63405,7
63405,2
63405,5
63405,1
63405,3
63406,4
63407,7
63408,7
63409,2
63410,2
63411,5
63412,7
63412,2
63412,5
63412,1
63413,5
63413,1
63413,3
63413,6
63414,7
63415,6
63416,7
63417,7
63417,2
63417,5
63417,1
63417,3
63417,6
63417,4
63418,5
63420,5
63421,1
63422,4
63423,7
63423,5
63423,3
63424,7
63424,1
63424,3
63424,6
63424,4
63425,5
63426,1
63428,6
63430,5
63431,2
63432,3
63433,7
63433,2
63433,5
63433,1
63433,3
63434,6
63435,6
63436,1
63436,3
63436,6
63438,7
63438,2
63438,5
63438,1
63438,3
63438,6
63438,4
63439,3
63441,6
63442,7
63442,2
63442,5
63442,1
63442,3
63442,6
63443,7
63443,2
63443,5
63443,1
63443,3
63444,6
63444,4
63445,7
63445,2
63445,5
63445,1
63445,3
63446,7
63446,2
63446,5
63446,1
63446,3
63447,7
63447,2
63447,5
63447,1
63447,3
63447,6
63448,7
63448,2
63448,5
63448,1
63448,3
63448,6
63449,7
63449,2
63449,5
63449,1
63449,3
63449,6
63450,7
63450,2
63450,5
63450,1
63450,3
63451,4
63452,3
63453,5
63454,3
63455,1
63456,1
63457,4
63458,7
63458,6
63459,7
63459,2
63459,5
63459,1
63459,3
63459,6
63459,4
63460,7
63461,3
63462,2
63462,5
63462,1
63463,5
63464,1
63465,5
63466,3
63466,6
63468,5
63469,3
63470,7
63471,3
63472,6
63473,7
63473,2
63473,5
63473,3
63473,6
63473,4
63474,2
63474,1
63475,3
63476,7
63477,6
63478,6
63479,7
63479,2
63479,5
63479,1
63479,3
63479,6
63479,4
63480,6
63481,1
63482,4
63485,7
63485,2
63485,5
63485,1
63485,3
63486,7
63486,2
63486,5
63486,1
63486,3
63487,3
63488,3
63489,3
63490,7
63490,2
63491,3
63492,7
63492,1
63493,3
63493,6
63494,6
63494,4
63495,6
63495,4
63496,3
63496,6
63497,7
63498,4
63499,7
63499,2
63499,5
63499,1
63499,3
63499,6
63499,4
63500,1
63501,7
63501,2
63501,5
63501,1
63501,3
63501,6
63501,4
63502,7
63502,2
63502,5
63502,1
63502,3
63502,6
63502,4
63503,1
63504,6
63505,7
63505,2
63505,5
63505,1
63505,3
63506,6
63507,7
63507,4
63508,4
63509,6
63510,5
63511,2
63512,6
63513,6
63514,6
63515,7
63516,5
63517,1
63518,7
63519,7
63519,2
63519,5
63519,1
63519,3
63519,6
63519,4
63520,3
63520,6
63520,4
63521,7
63521,2
63521,5
63521,1
63521,3
63521,6
63521,4
63522,1
63523,1
63524,5
63525,7
63525,2
63525,5
63525,1
63525,3
63525,6
63525,4
63526,7
63526,2
63526,5
63526,1
63526,3
63526,6
63526,4
63527,7
63527,2
63527,5
63527,1
63527,3
63527,6
63527,4
63528,6
63528,4
63529,4
63530,1
63531,6
63532,7
63532,2
63532,5
63532,1
63532,3
63532,6
63532,4
63533,7
63533,2
63534,3
63535,3
63536,5
63537,7
63537,2
63537,5
63537,1
63537,3
63537,6
63537,4
63538,7
63538,2
63538,5
63538,1
63538,3
63538,6
63538,4
63539,4
63540,1
63541,7
63542,1
63542,3
63543,1
63544,5
63545,7
63545,2
63545,5
63545,1
63545,3
63545,6
63546,7
63546,2
63546,5
63546,1
63546,3
63546,6
63546,4
63547,3
63548,6
63549,7
63549,2
63549,5
63549,1
63549,3
63549,6
63549,4
63550,3
63551,3
63552,7
63552,2
63552,5
63552,1
63552,3
63553,5
63553,1
63553,3
63554,1
63556,5
63557,5
63558,7
63558,2
63558,5
63558,1
63559,6
63560,4
63561,4
63562,1
63563,4
63564,5
63565,5
63565,1
63565,3
63565,6
63566,2
63567,6
63567,4
63568,7
63569,5
63571,1
63572,7
63573,3
63574,5
63575,7
63576,1
63578,3
63579,3
63581,2
63590,7
63590,2
63590,5
63590,1
63590,3
63590,6
63590,4
63591,1
63592,2
63593,5
63594,3
63595,4
63596,3
63597,5
63597,1
63597,3
63598,1
63599,3
63600,2
63601,7
63602,6
63603,7
63604,3
63605,7
63605,2
63605,5
63605,1
63605,3
63606,7
63606,2
63606,5
63606,1
63606,3
63607,6
63608,2
63609,7
63609,3
63609,6
63609,4
63610,6
63611,7
63611,2
63611,5
63611,1
63611,4
63612,6
63613,6
63614,3
63615,7
63616,7
63617,1
63619,7
63620,2
63621,2
63622,3
63623,6
63624,1
63625,6
63626,7
63627,2
63628,3
63629,7
63630,7
63630,2
63630,5
63630,1
63630,3
63630,6
63630,4
63631,7
63631,2
63631,5
63631,1
63631,3
63632,7
63632,2
63633,4
63634,2
63634,5
63635,3
63636,7
63636,2
63636,5
63636,1
63636,3
63636,6
63636,4
63637,7
63637,2
63637,5
63637,1
63637,3
63637,6
63637,4
63638,7
63638,2
63638,5
63638,1
63638,3
63638,6
63638,4
63639,5
63640,2
63641,2
63642,2
63643,4
63644,2
63645,2
63646,1
63647,5
63648,7
63648,2
63648,5
63648,1
63648,3
63649,5
63650,7
63650,2
63650,5
63650,1
63650,3
63650,6
63650,4
63651,5
63651,1
63651,3
63651,6
63651,4
63652,2
63653,3
63654,2
63655,7
63655,2
63655,5
63655,1
63655,3
63655,6
63655,4
63656,6
63656,4
63657,7
63657,2
63657,5
63657,1
63657,3
63657,6
63657,4
63658,7
63658,2
63658,5
63658,1
63658,3
63658,6
63658,4
63659,7
63660,7
63660,2
63660,5
63660,1
63660,3
63661,1
63662,1
63663,2
63665,7
63666,6
63667,6
63668,6
63669,2
63670,7
63671,3
63672,6
63673,1
63674,7
63674,2
63674,5
63674,1
63674,3
63674,6
63674,4
63675,1
63677,5
63679,1
63680,7
63680,2
63680,5
63680,1
63680,3
63681,2
63682,4
63683,3
63684,7
63684,2
63684,5
63684,1
63684,3
63685,5
63686,3
63687,4
63688,2
63688,3
63690,2
63690,5
63691,5
63692,4
63693,5
63694,1
63695,7
63696,6
63697,7
63698,2
63699,7
63700,7
63701,7
63702,2
63703,5
63704,3
63705,7
63705,2
63705,5
63705,1
63705,3
63707,3
63709,6
63710,6
63711,7
63711,2
63711,5
63711,1
63711,3
63711,6
63711,4
63712,7
63713,7
63715,7
63715,2
63715,5
63715,1
63715,3
63715,6
63715,4
63716,7
63716,2
63716,5
63716,1
63716,3
63716,6
63716,4
63717,5
63718,3
63719,7
63719,2
63719,5
63719,1
63719,3
63720,2
63720,5
63721,7
63721,2
63721,5
63721,1
63721,3
63722,2
63722,5
63722,1
63722,3
63722,6
63723,2
63724,3
63725,1
63725,3
63726,3
63727,7
63727,2
63727,5
63727,1
63727,3
63727,6
63728,7
63728,2
63728,5
63729,2
63730,7
63730,2
63730,5
63730,1
63730,3
63731,1
63732,5
63733,7
63733,2
63733,5
63733,1
63733,3
63733,6
63733,4
63734,7
63734,2
63734,5
63734,1
63734,3
63734,6
63734,4
63735,7
63735,2
63735,5
63735,1
63735,3
63735,6
63735,4
63736,7
63736,2
63736,5
63736,1
63736,3
63736,6
63736,4
63737,6
63738,7
63738,2
63738,5
63738,1
63738,3
63739,4
63740,7
63740,2
63740,5
63740,1
63740,3
63741,7
63742,7
63742,2
63742,5
63742,1
63743,7
63743,2
63743,5
63743,1
63743,3
63743,6
63743,4
63744,2
63745,5
63746,7
63746,2
63746,5
63746,1
63746,3
63746,6
63746,4
63747,4
63748,2
63749,7
63749,2
63749,5
63749,1
63749,3
63750,2
63751,6
63751,4
63752,6
63753,7
63754,2
63755,5
63756,6
63757,4
63758,3
63759,5
63760,3
63761,1
63762,1
63763,4
63764,3
63765,7
63765,2
63765,5
63765,1
63765,3
63766,1
63767,6
63767,4
63768,6
63768,4
63769,7
63769,2
63770,7
63770,2
63770,5
63770,1
63770,3
63771,7
63771,2
63771,5
63771,1
63771,3
63771,6
63771,4
63772,1
63773,5
63774,3
63775,2
63775,5
63775,1
63775,3
63775,6
63776,1
63777,3
63778,5
63778,1
63779,6
63780,4
63781,4
63782,4
63783,5
63784,7
63784,2
63784,5
63784,1
63784,3
63785,2
63786,5
63788,7
63788,2
63788,5
63788,1
63788,3
63789,1
63789,3
63790,4
63791,5
63792,3
63793,5
63794,6
63795,4
63796,5
63797,2
63798,6
63799,7
63799,2
63799,5
63799,1
63799,3
63800,7
63801,7
63801,2
63801,5
63801,1
63801,3
63801,6
63801,4
63802,7
63803,6
63803,4
63804,7
63804,2
63804,5
63804,1
63805,1
63806,5
63807,7
63807,2
63807,5
63807,1
63807,3
63808,7
63808,2
63808,5
63808,1
63808,3
63808,6
63808,4
63809,1
63809,3
63809,6
63810,7
63810,2
63810,5
63810,1
63810,3
63810,6
63810,4
63811,1
63812,2
63813,1
63814,4
63815,5
63815,1
63815,3
63816,6
63817,2
63818,7
63818,2
63818,5
63818,1
63819,7
63819,2
63819,5
63819,1
63819,3
63819,6
63819,4
63820,7
63820,2
63820,5
63820,1
63821,4
63822,6
63823,7
63823,2
63823,5
63823,1
63823,3
63823,6
63823,4
63824,3
63825,4
63826,5
63827,5
63828,7
63829,6
63830,7
63830,2
63830,5
63830,1
63830,3
63830,6
63830,4
63831,7
63831,2
63831,5
63831,1
63831,3
63831,6
63831,4
63832,7
63832,2
63832,5
63832,1
63832,3
63833,7
63833,2
63833,5
63833,1
63833,3
63834,4
63836,6
63837,5
63838,2
63839,4
63840,4
63841,7
63841,2
63841,5
63841,1
63841,3
63841,6
63841,4
63842,7
63842,2
63842,5
63842,1
63842,3
63843,7
63843,2
63843,5
63843,1
63843,3
63844,7
63845,4
63846,1
63847,6
63848,5
63849,1
63850,7
63851,1
63852,7
63852,2
63852,5
63852,1
63852,3
63852,6
63852,4
63853,5
63854,7
63855,3
63856,7
63857,2
63858,1
63859,4
63860,7
63860,2
63860,5
63860,1
63861,7
63861,2
63861,5
63861,1
63862,5
63862,1
63862,3
63862,6
63863,7
63863,2
63863,5
63863,1
63863,3
63863,6
63863,4
63864,4
63865,7
63865,2
63865,5
63865,1
63865,3
63866,3
63867,6
63868,6
63869,6
63870,7
63870,2
63870,5
63870,1
63871,5
63872,6
63872,4
63873,7
63873,2
63873,5
63873,1
63874,4
63875,7
63875,2
63875,5
63875,1
63875,3
63875,6
63875,4
63876,5
63876,1
63877,7
63877,2
63877,5
63877,1
63877,3
63878,1
63879,7
63879,2
63879,4
63880,4
63881,1
63882,2
63883,1
63883,3
63884,6
63886,4
63887,3
63888,7
63888,2
63889,3
63890,3
63891,3
63892,7
63892,2
63892,5
63892,1
63893,7
63893,2
63894,1
63895,7
63896,4
63897,2
63898,2
63899,6
63900,6
63901,6
63902,6
63903,7
63903,2
63903,5
63903,1
63903,3
63903,6
63903,4
63904,3
63904,6
63905,7
63905,2
63905,5
63905,1
63905,3
63906,4
63907,7
63908,7
63908,2
63908,5
63909,5
63909,1
63910,7
63910,2
63910,5
63910,1
63910,3
63911,3
63912,7
63912,2
63913,3
63913,6
63913,4
63914,3
63915,3
63916,5
63917,4
63918,5
63919,6
63920,5
63921,3
63922,6
63923,7
63923,2
63924,3
63924,6
63924,4
63925,4
63926,7
63927,7
63927,2
63928,7
63928,2
63928,5
63928,1
63929,7
63929,2
63929,5
63929,1
63929,4
63930,7
63930,2
63930,5
63930,1
63930,3
63930,6
63930,4
63931,1
63932,4
63933,3
63934,4
63935,2
63936,1
63937,3
63938,4
63939,7
63939,2
63939,5
63939,1
63940,7
63940,2
63940,5
63940,1
63941,1
63942,4
63943,7
63943,2
63943,5
63945,7
63946,2
63947,5
63948,2
63949,4
63950,6
63950,4
63952,7
63952,2
63952,5
63952,1
63952,3
63953,7
63953,2
63953,5
63953,1
63953,3
63953,6
63953,4
63954,4
63955,5
63955,3
63955,6
63955,4
63956,3
63958,3
63959,3
63959,6
63959,4
63960,7
63960,2
63961,1
63962,5
63963,7
63963,2
63963,5
63963,1
63963,3
63964,2
63965,4
63967,2
63968,6
63969,7
63969,2
63969,5
63969,1
63969,3
63969,6
63969,4
63970,6
63971,1
63973,7
63973,2
63973,5
63973,1
63973,3
63974,1
63975,1
63976,7
63977,7
63978,7
63978,2
63978,5
63978,1
63978,3
63979,7
63979,2
63979,5
63979,1
63980,7
63980,2
63980,5
63980,1
63980,3
63980,6
63980,4
63981,7
63981,2
63981,5
63981,1
63981,3
63982,5
63983,6
63985,5
63986,2
63987,3
63988,2
63989,4
63990,1
63991,1
63991,3
63992,7
63993,5
63994,7
63994,2
63995,1
63995,3
63995,6
63996,7
63996,2
63996,5
63996,1
63996,3
63997,2
63998,6
63999,6
64000,7
64001,5
64002,1
64003,3
64004,7
64004,2
64004,5
64004,1
64005,5
64006,7
64006,2
64006,5
64006,1
64006,3
64007,7
64008,7
64009,1
64010,7
64010,2
64010,5
64010,1
64010,3
64010,6
64010,4
64011,4
64012,1
64013,2
64013,5
64014,7
64014,2
64014,5
64014,1
64014,3
64014,6
64015,7
64015,2
64015,5
64015,1
64015,3
64015,6
64015,4
64016,3
64017,1
64018,1
64019,4
64020,3
64021,4
64023,7
64023,2
64023,5
64023,1
64024,1
64025,3
64026,7
64027,6
64028,7
64028,2
64028,5
64028,1
64029,6
64030,7
64030,2
64030,5
64030,1
64030,3
64031,4
64032,4
64033,3
64034,7
64034,2
64034,5
64034,1
64034,3
64034,6
64034,4
64035,6
64036,7
64036,2
64036,5
64036,1
64036,3
64037,5
64038,5
64040,7
64040,2
64041,2
64042,7
64042,2
64042,5
64042,1
64042,3
64043,7
64043,2
64044,2
64045,5
64046,7
64046,2
64046,5
64046,1
64047,7
64047,2
64047,5
64047,1
64047,3
64048,5
64049,3
64050,5
64051,7
64052,3
64053,1
64054,6
64055,4
64056,7
64056,2
64056,4
64057,7
64057,2
64057,4
64058,5
64059,7
64059,2
64059,5
64059,1
64059,3
64059,6
64059,4
64060,4
64061,7
64061,2
64061,5
64061,1
64061,3
64062,3
64063,4
64064,7
64064,2
64064,5
64064,1
64064,3
64064,6
64064,4
64065,7
64065,2
64065,5
64065,1
64065,3
64065,6
64065,4
64066,7
64066,2
64066,5
64066,1
64066,3
64067,7
64067,2
64067,5
64067,1
64067,3
64067,6
64067,4
64068,4
64069,4
64070,7
64070,2
64070,5
64071,1
64072,3
64073,7
64073,4
64074,2
64074,5
64075,7
64075,2
64075,5
64075,3
64075,6
64075,4
64077,5
64078,4
64079,4
64080,3
64081,7
64082,3
64083,7
64083,2
64083,5
64083,1
64083,3
64083,6
64083,4
64084,1
64085,1
64086,4
64087,7
64088,7
64089,3
64090,4
64091,6
64092,4
64093,6
64093,4
64094,7
64095,4
64096,5
64097,3
64098,5
64101,2
64102,7
64103,7
64103,2
64103,5
64104,7
64104,5
64105,2
64106,3
64107,3
64108,6
64109,4
64110,7
64110,2
64110,5
64110,1
64110,3
64111,7
64111,2
64111,5
64111,1
64111,3
64112,3
64113,7
64113,2
64115,6
64116,2
64117,4
64118,7
64118,2
64118,5
64118,1
64118,3
64118,4
64119,1
64120,1
64121,1
64122,7
64122,2
64122,5
64122,1
64123,6
64124,7
64125,2
64126,5
64127,3
64128,6
64129,5
64130,5
64130,1
64131,3
64132,3
64133,5
64134,1
64135,2
64136,5
64137,5
64138,2
64138,3
64139,7
64139,2
64139,5
64139,1
64139,3
64140,1
64141,5
64142,4
64143,5
64144,1
64144,3
64144,6
64144,4
64145,7
64145,2
64146,7
64146,2
64146,5
64146,1
64146,3
64146,6
64146,4
64147,7
64148,3
64149,3
64151,7
64152,6
64154,5
64156,5
64158,2
64158,5
64158,1
64158,3
64159,7
64159,2
64159,5
64160,4
64162,3
64163,5
64164,3
64165,6
64166,7
64166,2
64166,5
64166,1
64166,3
64167,4
64168,6
64168,4
64169,4
64170,7
64170,2
64170,5
64170,1
64170,3
64171,7
64171,2
64171,5
64171,1
64171,3
64172,7
64173,7
64174,3
64174,6
64174,4
64175,7
64175,2
64175,5
64175,1
64175,3
64175,6
64175,4
64176,5
64177,3
64178,5
64179,2
64180,7
64181,4
64182,7
64182,2
64182,5
64182,1
64182,3
64182,6
64182,4
64183,4
64185,1
64186,5
64187,5
64188,1
64189,1
64190,4
64191,7
64191,2
64191,5
64191,1
64193,7
64193,2
64193,5
64193,1
64194,4
64195,7
64196,6
64196,4
64197,6
64198,3
64199,3
64200,7
64201,7
64201,2
64201,5
64202,7
64202,2
64202,5
64202,1
64203,4
64204,7
64205,7
64205,2
64205,5
64205,1
64205,3
64205,6
64205,4
64206,1
64207,7
64207,2
64207,5
64207,1
64207,3
64208,5
64209,3
64210,5
64211,3
64212,7
64212,2
64212,5
64212,1
64212,3
64212,6
64212,4
64213,3
64213,6
64214,5
64215,7
64215,2
64215,5
64215,1
64215,3
64216,3
64217,7
64217,2
64217,5
64217,1
64218,4
64219,4
64220,4
64221,7
64221,1
64222,1
64223,1
64223,3
64223,6
64224,2
64225,4
64226,1
64227,5
64228,1
64229,7
64229,2
64229,5
64229,1
64229,3
64229,6
64229,4
64230,3
64231,3
64233,5
64234,2
64235,7
64235,2
64235,5
64235,1
64236,5
64237,7
64238,7
64239,7
64239,2
64239,5
64239,1
64239,3
64239,6
64239,4
64240,3
64241,5
64242,1
64243,6
64245,7
64245,2
64245,5
64245,1
64245,3
64245,6
64245,4
64246,3
64248,2
64250,7
64250,2
64250,5
64251,7
64252,5
64253,2
64254,5
64254,1
64254,3
64255,5
64255,1
64256,7
64257,3
64258,2
64259,3
64260,5
64261,5
64262,4
64263,7
64263,2
64263,5
64263,1
64263,3
64264,4
64265,4
64266,3
64267,7
64267,2
64267,5
64267,1
64267,3
64267,6
64267,4
64268,7
64268,2
64268,5
64268,1
64268,3
64269,5
64269,1
64270,3
64270,6
64270,4
64271,7
64272,7
64272,2
64272,5
64272,1
64272,3
64273,2
64274,7
64275,5
64276,4
64277,2
64278,7
64279,1
64280,2
64281,4
64282,7
64282,2
64284,3
64286,7
64286,2
64286,5
64286,1
64286,3
64286,6
64286,4
64287,1
64287,3
64288,7
64289,7
64289,2
64290,5
64291,7
64291,2
64291,5
64291,1
64291,3
64292,4
64293,7
64293,2
64293,5
64293,1
64294,2
64295,4
64296,6
64297,2
64298,5
64299,3
64300,6
64300,4
64301,1
64302,4
64303,4
64304,7
64305,4
64306,6
64307,7
64307,2
64307,5
64307,1
64307,3
64307,6
64307,4
64308,7
64309,2
64310,2
64311,6
64312,7
64312,2
64312,5
64312,1
64313,3
64314,4
64315,7
64315,2
64315,5
64315,1
64315,3
64315,6
64315,4
64316,5
64317,7
64317,2
64318,7
64318,2
64318,5
64318,1
64318,3
64318,6
64318,4
64319,7
64319,2
64319,5
64319,1
64319,3
64319,6
64319,4
64320,5
64321,7
64321,2
64321,5
64321,1
64321,3
64321,6
64321,4
64323,3
64324,7
64324,2
64324,5
64324,1
64324,3
64325,7
64326,7
64326,2
64326,5
64326,1
64326,3
64326,6
64326,4
64328,6
64329,2
64330,5
64331,3
64332,7
64332,2
64332,5
64332,1
64332,3
64332,6
64332,4
64333,7
64334,1
64335,5
64336,6
64337,1
64338,7
64338,2
64338,5
64339,5
64339,3
64340,7
64340,2
64340,5
64340,1
64340,3
64341,7
64341,2
64341,5
64341,1
64341,3
64342,7
64342,2
64342,5
64342,1
64342,3
64343,7
64343,2
64343,5
64343,1
64343,3
64344,7
64344,2
64344,5
64344,1
64344,3
64345,7
64345,2
64345,5
64345,1
64345,3
64345,6
64345,4
64346,3
64347,5
64348,7
64349,7
64349,2
64349,5
64349,1
64349,3
64350,7
64350,2
64350,5
64350,1
64350,3
64351,2
64351,5
64352,7
64352,2
64352,5
64352,1
64352,3
64353,7
64353,2
64353,5
64353,1
64353,3
64353,6
64353,4
64354,7
64355,3
64356,7
64357,7
64358,7
64358,2
64358,5
64358,1
64358,3
64358,6
64359,3
64360,6
64361,4
64362,1
64362,3
64362,6
64363,7
64363,2
64363,5
64363,1
64363,3
64364,7
64364,2
64364,5
64364,1
64364,3
64364,6
64364,4
64365,3
64366,3
64366,6
64367,5
64368,3
64368,6
64368,4
64369,7
64369,2
64369,5
64369,1
64370,1
64371,3
64372,3
64373,2
64374,2
64375,6
64375,4
64376,5
64377,1
64378,4
64379,1
64380,6
64381,1
64381,3
64381,6
64381,4
64382,5
64383,7
64383,2
64383,5
64383,1
64383,3
64383,6
64383,4
64384,4
64385,1
64386,1
64386,3
64387,7
64387,2
64387,5
64387,1
64387,3
64387,6
64387,4
64388,7
64388,2
64388,5
64388,1
64388,3
64389,7
64389,2
64389,5
64389,1
64389,3
64390,5
64391,5
64392,5
64393,7
64394,7
64395,2
64395,5
64395,1
64395,3
64395,6
64395,4
64396,7
64396,2
64396,5
64396,1
64396,3
64396,6
64396,4
64397,2
64398,4
64399,1
64400,4
64401,3
64402,2
64402,3
64403,7
64403,2
64403,5
64403,1
64403,3
64403,6
64403,4
64404,6
64405,4
64406,6
64407,7
64408,1
64409,7
64409,2
64409,5
64409,1
64409,3
64410,6
64410,4
64411,6
64411,4
64412,1
64413,4
64414,3
64415,3
64416,5
64416,1
64417,1
64418,1
64419,5
64420,7
64421,1
64422,3
64422,6
64423,7
64423,2
64423,5
64423,1
64423,3
64423,6
64423,4
64424,3
64425,4
64426,2
64427,5
64428,4
64429,6
64430,7
64431,7
64432,5
64435,5
64436,1
64437,3
64438,6
64439,3
64440,6
64441,2
64442,2
64443,3
64444,7
64444,2
64444,5
64444,1
64444,3
64445,6
64445,4
64446,6
64446,4
64447,6
64448,2
64449,7
64449,2
64449,5
64449,1
64450,3
64451,3
64452,1
64453,7
64454,1
64455,6
64456,7
64456,2
64456,5
64456,1
64456,3
64456,6
64456,4
64457,5
64458,7
64458,2
64458,5
64458,1
64458,3
64458,6
64458,4
64459,7
64459,2
64459,5
64459,1
64459,3
64459,6
64459,4
64460,7
64460,2
64460,5
64460,1
64460,3
64460,6
64460,4
64461,7
64461,2
64461,5
64461,1
64461,3
64461,6
64461,4
64462,7
64462,2
64462,5
64462,1
64463,7
64463,2
64463,5
64463,1
64463,3
64463,6
64463,4
64464,7
64465,7
64466,6
64466,4
64467,7
64467,2
64467,5
64468,6
64468,4
64469,1
64470,6
64470,4
64471,6
64472,7
64472,2
64472,5
64472,1
64472,3
64472,6
64472,4
64473,4
64474,4
64475,5
64476,7
64477,1
64478,4
64479,7
64479,2
64479,5
64479,1
64479,3
64480,7
64480,2
64480,5
64480,1
64481,7
64481,2
64481,5
64481,1
64481,3
64481,6
64481,4
64482,7
64482,2
64483,7
64483,2
64483,5
64483,1
64483,3
64484,2
64485,6
64486,6
64487,6
64488,4
64489,3
64490,7
64490,2
64490,5
64490,1
64491,7
64491,2
64491,5
64491,1
64491,3
64491,6
64491,4
64492,1
64493,7
64494,1
64495,4
64496,6
64497,6
64497,4
64498,5
64499,2
64499,1
64501,5
64502,6
64503,3
64504,4
64505,7
64506,3
64507,3
64508,4
64509,2
64509,1
64510,7
64510,2
64510,5
64510,1
64510,3
64511,6
64512,3
64513,5
64514,3
64515,5
64516,2
64517,7
64517,2
64517,5
64517,1
64517,3
64517,6
64517,4
64518,3
64519,6
64520,4
64521,7
64522,2
64523,7
64524,6
64524,4
64525,3
64525,6
64526,3
64527,7
64527,2
64527,5
64527,1
64527,3
64528,3
64529,6
64529,4
64530,1
64531,7
64531,2
64531,5
64531,1
64531,3
64532,3
64533,4
64534,1
64535,3
64536,2
64537,4
64538,7
64538,2
64538,5
64538,1
64538,3
64538,6
64538,4
64539,3
64540,4
64541,7
64542,6
64543,5
64544,7
64545,3
64546,6
64547,3
64548,5
64549,3
64550,7
64550,2
64550,5
64550,1
64550,3
64551,2
64552,1
64553,1
64554,3
64555,4
64556,2
64556,5
64557,2
64557,1
64558,3
64560,7
64560,2
64560,5
64560,1
64560,3
64561,2
64562,7
64562,2
64562,5
64562,1
64563,7
64563,2
64563,5
64563,1
64564,7
64564,2
64564,5
64564,1
64564,3
64564,6
64564,4
64565,7
64566,3
64567,1
64568,7
64568,2
64568,5
64568,1
64569,7
64569,2
64569,5
64569,1
64569,3
64569,6
64569,4
64570,6
64571,5
64572,2
64573,7
64574,5
64575,2
64575,5
64576,7
64576,2
64577,6
64577,4
64578,5
64579,7
64580,6
64581,2
64582,7
64582,2
64582,5
64582,1
64582,3
64583,2
64584,7
64584,2
64584,5
64584,1
64585,4
64586,1
64586,3
64586,6
64586,4
64587,7
64587,2
64587,5
64588,4
64589,7
64590,3
64591,4
64592,1
64593,7
64593,2
64593,5
64593,1
64594,3
64595,5
64595,1
64596,6
64597,5
64598,6
64599,7
64599,2
64599,5
64599,1
64599,3
64599,6
64599,4
64600,3
64601,7
64601,2
64601,5
64601,1
64601,3
64601,6
64601,4
64602,7
64602,2
64602,5
64602,1
64602,3
64602,6
64602,4
64603,4
64604,7
64604,2
64604,5
64604,1
64604,3
64605,1
64606,7
64607,7
64607,2
64607,5
64607,1
64608,4
64609,5
64610,3
64611,4
64612,7
64613,1
64614,6
64615,7
64615,2
64615,5
64615,1
64616,2
64617,1
64618,6
64618,4
64619,5
64620,2
64621,7
64624,7
64624,2
64624,5
64624,1
64624,3
64625,7
64625,2
64625,5
64625,1
64625,3
64625,6
64625,4
64626,6
64627,7
64627,2
64627,5
64627,1
64627,3
64627,6
64627,4
64628,7
64628,2
64628,5
64628,1
64628,3
64628,6
64628,4
64629,1
64630,7
64630,2
64630,5
64630,1
64631,6
64632,5
64633,5
64634,1
64636,7
64637,6
64638,3
64639,4
64640,2
64641,3
64642,2
64643,5
64644,7
64645,6
64646,3
64647,6
64648,2
64649,3
64651,2
64652,7
64652,2
64652,5
64652,1
64652,3
64652,6
64652,4
64653,7
64653,2
64653,5
64653,1
64653,3
64653,6
64653,4
64654,7
64655,4
64656,4
64657,7
64657,2
64657,5
64657,1
64657,3
64658,6
64658,4
64660,5
64662,1
64664,1
64665,1
64666,7
64667,4
64668,7
64669,6
64669,4
64670,4
64671,6
64672,3
64673,7
64674,1
64675,1
64676,1
64677,1
64678,1
64679,7
64679,2
64679,5
64679,1
64679,3
64680,2
64681,2
64682,7
64682,2
64682,5
64682,1
64682,3
64682,6
64682,4
64683,7
64683,2
64683,5
64683,1
64683,3
64683,6
64683,4
64684,7
64684,2
64684,5
64684,1
64684,3
64684,6
64684,4
64685,7
64685,2
64685,5
64685,1
64685,3
64685,6
64685,4
64686,6
64687,7
64688,7
64689,7
64690,4
64691,4
64692,7
64693,6
64694,3
64695,7
64696,3
64697,7
64697,2
64697,5
64697,1
64698,7
64698,2
64698,5
64698,1
64699,5
64700,5
64700,1
64701,3
64702,3
64703,3
64704,4
64705,6
64705,4
64706,2
64706,5
64706,1
64706,3
64707,7
64707,2
64707,5
64707,1
64707,3
64708,1
64709,2
64710,4
64711,5
64712,4
64713,7
64713,2
64713,5
64713,1
64713,3
64713,6
64713,4
64714,7
64714,2
64714,5
64714,1
64714,3
64714,6
64714,4
64715,7
64716,1
64717,7
64718,5
64719,7
64719,2
64720,1
64721,6
64721,4
64722,7
64722,2
64722,5
64722,1
64722,3
64722,6
64722,4
64723,7
64723,2
64723,5
64723,1
64723,3
64723,6
64723,4
64724,1
64725,2
64726,7
64727,7
64728,2
64729,5
64730,7
64731,1
64732,3
64733,6
64734,7
64734,2
64734,5
64734,1
64735,7
64736,3
64737,7
64737,2
64737,5
64737,1
64737,3
64737,6
64737,4
64738,4
64739,2
64740,6
64741,6
64742,7
64743,7
64743,2
64743,5
64743,1
64743,3
64744,6
64745,2
64746,4
64748,7
64748,2
64748,5
64748,1
64748,3
64749,7
64749,2
64749,5
64749,1
64749,3
64750,7
64750,2
64751,4
64752,3
64753,7
64753,2
64753,5
64753,1
64753,3
64753,6
64754,7
64754,2
64754,5
64754,1
64754,3
64754,6
64755,7
64755,2
64755,5
64755,1
64755,3
64756,1
64757,7
64757,2
64758,4
64759,7
64759,2
64759,5
64759,1
64759,3
64759,6
64759,4
64760,4
64761,1
64762,6
64763,5
64764,3
64765,2
64765,3
64766,7
64766,2
64766,5
64766,1
64766,3
64766,6
64766,4
64767,3
64767,6
64768,2
64769,3
64770,6
64771,7
64772,7
64773,4
64774,2
64775,2
64776,4
64777,7
64778,4
64779,2
64779,5
64780,2
64781,7
64781,2
64781,5
64781,1
64781,3
64781,6
64781,4
64782,7
64782,2
64783,1
64784,4
64785,1
64786,3
64786,6
64786,4
64787,7
64788,7
64789,3
64791,2
64792,1
64793,1
64794,3
64795,3
64796,2
64797,1
64798,7
64798,2
64798,5
64798,1
64799,2
64800,3
64801,5
64801,1
64802,1
64803,7
64803,2
64803,5
64803,1
64803,3
64803,4
64804,7
64804,2
64804,5
64804,1
64804,3
64805,7
64805,2
64805,5
64805,1
64805,3
64806,5
64806,1
64806,3
64806,6
64806,4
64807,6
64808,7
64808,2
64809,6
64810,6
64811,4
64812,2
64813,7
64814,4
64815,2
64816,6
64817,3
64818,6
64818,4
64819,7
64819,2
64819,5
64819,1
64819,3
64820,7
64820,2
64820,5
64820,1
64820,3
64821,2
64822,3
64823,7
64823,2
64823,5
64823,1
64823,3
64823,6
64823,4
64824,5
64825,3
64826,1
64827,7
64827,2
64827,5
64827,1
64827,3
64827,6
64827,4
64828,5
64829,3
64830,6
64831,5
64831,1
64832,2
64832,5
64832,1
64832,3
64833,2
64833,5
64833,1
64833,3
64834,2
64835,3
64836,6
64837,3
64838,3
64839,7
64839,2
64839,5
64839,1
64839,3
64840,6
64841,6
64842,7
64842,2
64842,5
64842,1
64842,3
64843,2
64844,3
64845,7
64845,2
64845,5
64845,1
64845,3
64846,7
64846,2
64846,5
64846,1
64846,3
64847,3
64848,4
64849,7
64849,2
64849,5
64849,1
64849,3
64850,7
64850,2
64850,5
64850,1
64850,3
64850,6
64850,4
64851,5
64852,7
64852,2
64852,5
64852,1
64852,3
64852,6
64852,4
64853,7
64854,2
64855,5
64857,5
64858,7
64859,5
64860,5
64861,2
64862,1
64863,3
64864,4
64865,5
64866,6
64867,1
64868,2
64869,4
64870,6
64871,4
64872,5
64873,4
64874,5
64875,1
64875,3
64875,6
64876,7
64876,2
64876,5
64876,1
64876,3
64877,7
64877,2
64877,5
64877,1
64877,3
64877,6
64877,4
64878,2
64879,7
64880,6
64880,4
64881,7
64882,5
64883,5
64883,1
64883,3
64884,3
64885,7
64885,2
64885,5
64885,1
64885,3
64885,6
64885,4
64886,7
64886,2
64886,5
64886,1
64886,3
64886,6
64886,4
64887,1
64888,7
64889,4
64890,6
64891,3
64892,4
64893,6
64893,4
64894,1
64895,3
64896,4
64897,7
64898,4
64899,5
64899,1
64900,2
64901,7
64901,2
64901,5
64901,1
64902,7
64902,2
64902,5
64902,1
64903,3
64904,7
64905,7
64905,2
64905,5
64905,1
64905,3
64905,6
64905,4
64906,7
64907,7
64907,4
64908,7
64908,2
64908,5
64909,4
64912,7
64913,7
64914,7
64914,2
64914,5
64914,1
64915,4
64916,3
64916,6
64916,4
64917,2
64917,5
64918,5
64919,7
64919,2
64919,5
64919,1
64919,3
64919,6
64919,4
64920,1
64921,5
64921,6
64922,7
64922,2
64922,5
64922,1
64923,7
64923,2
64923,5
64923,1
64924,2
64924,5
64924,1
64925,2
64925,5
64925,1
64925,3
64926,3
64927,1
64928,1
64929,5
64930,1
64931,2
64932,7
64933,7
64934,3
64935,3
64936,1
64937,7
64937,2
64937,5
64937,1
64937,3
64937,6
64937,4
64938,7
64938,2
64938,5
64938,1
64938,3
64938,6
64938,4
64939,7
64940,6
64942,4
64943,7
64943,2
64943,5
64943,1
64943,3
64943,6
64943,4
64944,2
64947,2
64948,1
64949,5
64950,7
64950,2
64950,5
64950,1
64950,4
64951,3
64952,5
64952,3
64954,7
64954,2
64954,5
64954,1
64954,3
64955,7
64955,2
64955,5
64955,1
64955,3
64955,6
64955,4
64956,5
64956,1
64956,3
64956,6
64956,4
64957,3
64958,2
64959,3
64960,7
64960,2
64960,5
64960,1
64960,3
64961,2
64962,5
64963,2
64964,7
64965,2
64965,5
64965,1
64965,3
64966,2
64966,5
64966,1
64966,3
64966,6
64967,7
64967,2
64967,5
64967,1
64967,3
64967,6
64967,4
64968,4
64969,7
64969,2
64969,5
64969,1
64969,3
64970,2
64971,2
64972,7
64972,2
64972,5
64972,1
64972,3
64973,2
64974,1
64975,2
64976,3
64977,4
64978,3
64979,7
64979,2
64979,5
64979,1
64979,3
64979,6
64979,4
64980,7
64980,2
64980,5
64980,1
64980,3
64981,4
64982,7
64983,2
64983,5
64983,1
64983,3
64984,3
64984,6
64985,5
64986,4
64987,1
64988,7
64988,2
64988,5
64988,3
64988,6
64988,4
64989,5
64990,3
64990,6
64991,7
64991,2
64991,5
64991,1
64991,3
64991,6
64991,4
64992,1
64993,7
64993,2
64993,5
64993,1
64993,3
64993,6
64993,4
64994,7
64994,2
64994,5
64994,1
64994,3
64995,7
64996,5
64997,7
64998,7
64999,2
65000,5
65001,1
65002,7
65003,2
65004,7
65004,2
65004,5
65004,1
65004,3
65004,6
65004,4
65005,7
65005,2
65005,5
65005,1
65005,3
65005,6
65005,4
65006,1
65007,5
65008,5
65009,5
65010,7
65010,2
65010,5
65010,1
65010,3
65010,6
65010,4
65011,7
65011,2
65011,5
65011,1
65011,3
65011,6
65011,4
65012,7
65012,2
65012,5
65012,1
65012,3
65012,6
65012,4
65013,7
65013,4
65014,4
65015,7
65015,2
65015,5
65015,1
65015,3
65016,7
65016,2
65016,5
65016,1
65017,1
65018,7
65018,2
65018,5
65018,1
65019,4
65021,6
65022,2
65024,4
65025,6
65026,5
65026,6
65026,4
65027,7
65027,2
65027,5
65027,1
65027,3
65028,4
65029,4
65030,7
65030,2
65030,5
65030,1
65030,3
65031,1
65032,5
65033,1
65034,7
65035,7
65035,2
65035,5
65035,1
65035,3
65035,6
65035,4
65036,5
65037,2
65038,2
65039,5
65040,1
65041,6
65042,2
65042,5
65042,1
65043,5
65044,3
65045,7
65046,7
65046,2
65046,5
65046,1
65046,3
65046,6
65046,4
65047,7
65048,7
65048,2
65048,5
65048,1
65048,3
65048,6
65048,4
65049,7
65050,7
65050,2
65050,5
65050,1
65050,3
65050,6
65050,4
65051,7
65051,2
65051,5
65051,1
65051,3
65051,6
65051,4
65052,2
65053,3
65054,2
65055,7
65056,1
65057,4
65058,5
65059,2
65060,4
65061,4
65062,6
65063,1
65064,6
65065,3
65066,2
65067,1
65068,3
65069,3
65069,6
65070,7
65070,2
65070,5
65070,1
65071,4
65072,1
65073,3
65074,7
65075,7
65076,5
65077,2
65077,6
65079,6
65080,4
65081,2
65082,6
65083,4
65084,6
65085,7
65086,1
65087,2
65087,5
65087,1
65087,3
65088,5
65088,1
65088,3
65088,6
65088,4
65089,5
65090,6
65091,4
65092,2
65094,1
65095,6
65097,4
65098,7
65099,7
65100,5
65101,6
65102,6
65103,7
65103,2
65103,5
65103,1
65103,3
65104,4
65105,4
65106,2
65107,6
65108,4
65109,5
65110,5
65111,2
65112,7
65112,2
65112,5
65112,1
65112,3
65113,3
65114,6
65114,4
65115,6
65116,5
65117,7
65118,1
65119,1
65120,5
65121,7
65122,2
65123,7
65123,2
65123,5
65123,1
65124,1
65125,3
65126,3
65127,6
65128,5
65129,4
65130,2
65131,4
65132,2
65133,7
65133,2
65133,5
65133,1
65134,7
65134,2
65134,5
65134,1
65134,3
65135,7
65135,2
65135,5
65135,1
65135,3
65136,5
65137,5
65137,1
65138,7
65138,2
65138,5
65138,1
65139,3
65140,7
65141,2
65142,7
65143,3
65144,1
65145,7
65145,2
65145,5
65145,1
65145,3
65146,7
65146,2
65146,5
65146,1
65146,3
65147,7
65147,2
65147,5
65147,1
65147,3
65148,3
65149,7
65149,2
65149,5
65149,1
65150,2
65151,7
65152,7
65152,2
65153,4
65154,4
65155,4
65156,4
65157,1
65158,1
65159,1
65160,7
65160,2
65160,5
65160,1
65160,3
65161,5
65162,6
65163,5
65164,3
65165,7
65166,1
65168,7
65168,2
65168,5
65168,1
65168,3
65169,4
65170,5
65171,5
65172,4
65173,5
65174,7
65175,4
65176,4
65177,4
65178,3
65179,7
65180,5
65181,7
65182,7
65183,7
65183,2
65184,3
65184,6
65185,6
65186,3
65187,2
65188,3
65189,3
65190,2
65191,3
65192,4
65193,4
65194,1
65196,5
65197,1
65198,7
65198,2
65198,5
65198,1
65198,3
65199,5
65200,7
65201,4
65202,5
65203,3
65203,6
65203,4
65205,7
65205,2
65205,5
65205,1
65205,3
65206,5
65207,7
65207,2
65207,5
65207,1
65207,3
65207,6
65207,4
65208,7
65208,2
65208,5
65208,1
65208,3
65209,5
65209,3
65209,6
65209,4
65210,5
65210,6
65210,4
65211,5
65212,7
65213,5
65213,1
65214,3
65215,7
65216,5
65217,7
65217,2
65217,5
65217,1
65218,3
65219,3
65220,3
65221,1
65222,2
65224,3
65225,7
65225,2
65226,7
65227,6
65228,1
65229,7
65229,2
65229,5
65229,1
65229,3
65230,4
65231,7
65231,2
65231,5
65231,1
65231,3
65232,5
65233,1
65234,1
65235,6
65236,7
65236,2
65236,5
65236,1
65236,3
65237,7
65237,2
65237,5
65237,1
65237,3
65237,6
65237,4
65239,7
65239,2
65239,5
65239,1
65239,3
65240,7
65240,2
65240,5
65240,1
65240,3
65241,3
65242,1
65243,6
65244,7
65245,4
65246,4
65247,4
65248,7
65248,2
65248,5
65248,1
65248,3
65249,7
65249,2
65249,5
65249,1
65249,3
65250,7
65250,2
65250,5
65250,1
65250,3
65251,7
65251,2
65251,5
65251,1
65251,3
65252,7
65252,5
65252,1
65252,3
65252,6
65252,4
65253,7
65253,2
65253,5
65253,1
65253,3
65253,6
65253,4
65254,7
65254,5
65254,1
65254,3
65254,6
65254,4
65255,1
65256,5
65256,1
65257,2
65257,5
65257,1
65257,3
65258,1
65259,7
65259,2
65259,5
65259,3
65259,6
65259,4
65260,7
65260,2
65260,5
65260,1
65260,3
65260,6
65260,4
65261,4
65262,3
65263,2
65264,3
65265,7
65265,2
65265,5
65265,1
65265,3
65265,6
65265,4
65267,2
65268,3
65269,7
65269,2
65269,5
65269,1
65270,4
65271,7
65271,2
65271,5
65271,1
65271,3
65271,6
65271,4
65272,7
65272,2
65272,5
65272,1
65272,3
65272,6
65272,4
65274,5
65274,1
65274,3
65274,6
65275,2
65275,5
65275,1
65276,2
65276,4
65277,7
65277,2
65277,5
65277,1
65278,7
65278,5
65279,3
65279,6
65279,4
65280,1
65281,5
65282,7
65283,3
65284,5
65285,7
65285,2
65285,5
65285,1
65285,3
65286,7
65286,2
65286,5
65286,1
65286,3
65286,6
65286,4
65287,7
65287,2
65287,5
65287,1
65287,3
65287,6
65287,4
65288,1
65289,1
65289,3
65289,6
65289,4
65290,6
65291,2
65292,4
65293,7
65293,2
65293,5
65293,1
65294,7
65294,2
65295,7
65295,2
65295,5
65295,1
65296,6
65296,4
65297,7
65297,2
65297,5
65297,1
65298,2
65298,5
65298,1
65298,3
65299,4
65300,7
65300,2
65300,5
65300,1
65300,3
65300,6
65300,4
65301,5
65302,7
65302,3
65303,7
65303,2
65303,5
65303,1
65303,3
65303,6
65304,7
65304,2
65304,5
65304,1
65304,3
65304,6
65304,4
65305,1
65306,3
65307,6
65308,3
65308,6
65308,4
65309,2
65310,1
65311,7
65311,2
65312,7
65312,2
65312,5
65312,1
65313,7
65313,2
65313,5
65313,1
65313,3
65313,6
65314,7
65314,2
65314,5
65314,1
65314,3
65314,6
65314,4
65315,7
65315,2
65315,5
65315,1
65315,3
65316,7
65317,6
65317,4
65318,3
65319,7
65319,2
65319,5
65319,1
65319,3
65320,5
65321,2
65322,7
65322,2
65322,5
65322,1
65322,3
65323,7
65323,2
65323,5
65323,1
65323,3
65324,7
65324,2
65324,5
65324,1
65324,3
65325,7
65325,2
65325,5
65325,1
65325,3
65326,1
65327,2
65328,1
65329,7
65329,2
65329,5
65329,1
65330,7
65330,2
65330,5
65330,1
65331,2
65332,1
65333,4
65334,7
65334,2
65334,5
65334,1
65334,3
65335,7
65335,2
65335,5
65335,1
65335,3
65335,6
65336,1
65337,7
65337,2
65337,5
65337,1
65337,3
65337,6
65337,4
65338,2
65339,5
65340,7
65340,2
65340,5
65340,1
65340,3
65340,6
65340,4
65341,7
65341,2
65341,5
65341,1
65341,3
65341,6
65341,4
65342,7
65342,2
65342,5
65342,1
65342,3
65342,6
65342,4
65343,4
65344,7
65344,2
65344,5
65344,1
65346,1
65347,7
65347,2
65347,5
65347,1
65347,3
65347,6
65347,4
65348,7
65348,2
65348,5
65348,1
65348,3
65348,6
65348,4
65349,7
65349,2
65349,5
65349,1
65349,3
65349,6
65349,4
65350,7
65350,2
65350,5
65350,1
65350,3
65350,6
65350,4
65351,7
65351,2
65351,5
65351,1
65351,3
65351,6
65351,4
65352,7
65352,2
65352,5
65352,1
65352,3
65352,6
65352,4
65353,7
65353,2
65353,5
65353,1
65353,3
65353,6
65353,4
65354,7
65354,2
65354,5
65354,1
65354,3
65354,6
65354,4
65355,7
65355,2
65355,5
65355,1
65355,3
65355,6
65355,4
65356,7
65356,2
65356,5
65356,1
65356,3
65356,6
65356,4
65357,7
65357,2
65357,5
65357,1
65357,3
65358,7
65358,2
65358,5
65358,1
65358,3
65359,7
65359,2
65359,5
65359,1
65359,3
65359,6
65359,4
65360,4
65361,7
65361,2
65361,5
65361,1
65361,3
65361,6
65362,1
65363,7
65364,6
65365,7
65365,2
65365,5
65365,1
65365,3
65366,7
65366,2
65366,5
65366,1
65366,3
65367,7
65367,2
65367,5
65367,1
65367,3
65368,6
65369,7
65369,2
65369,5
65369,1
65369,3
65369,6
65369,4
65370,7
65370,2
65370,5
65370,1
65370,3
65370,6
65370,4
65371,7
65371,2
65371,5
65371,1
65371,3
65372,7
65372,2
65372,5
65372,1
65372,3
65373,7
65374,2
65375,1
65376,2
65377,7
65377,2
65377,5
65377,1
65378,2
65378,5
65378,1
65379,1
65380,5
65381,6
65381,4
65382,7
65382,2
65382,5
65382,1
65382,3
65382,6
65383,7
65383,2
65383,5
65383,1
65383,3
65383,6
65385,3
65386,6
65386,4
65387,2
65388,4
65389,4
65390,3
65391,7
65391,2
65391,5
65391,1
65391,3
65392,7
65392,2
65392,5
65392,1
65392,3
65393,7
65393,2
65393,5
65393,1
65393,3
65394,7
65394,2
65395,7
65395,2
65395,5
65395,1
65395,3
65395,6
65395,4
65396,7
65396,2
65396,5
65396,1
65397,7
65397,2
65397,5
65397,1
65397,3
65397,6
65397,4
65399,6
65401,7
65401,2
65401,5
65401,1
65401,3
65402,2
65403,7
65403,2
65403,5
65403,1
65403,3
65404,1
65405,7
65405,2
65405,5
65405,1
65405,3
65406,3
65407,2
65409,1
65410,7
65410,2
65410,5
65410,1
65410,3
65411,7
65411,2
65411,5
65411,1
65412,7
65412,2
65412,5
65412,1
65412,3
65412,6
65412,4
65413,7
65413,2
65413,5
65413,1
65413,3
65414,4
65415,3
65416,3
65417,7
65417,2
65417,5
65417,1
65417,3
65418,7
65419,7
65420,1
65421,1
65422,6
65423,6
65423,4
65424,1
65425,3
65425,6
65426,5
65427,4
65428,2
65428,3
65429,1
65431,2
65432,2
65432,5
65432,1
65432,3
65433,7
65434,7
65434,2
65434,5
65434,1
65434,3
65434,6
65434,4
65435,7
65435,2
65435,1
65435,3
65435,6
65435,4
65436,5
65437,3
65438,7
65438,2
65438,4
65439,7
65439,2
65439,5
65439,1
65439,3
65440,7
65441,3
65442,1
65443,7
65443,2
65443,5
65443,1
65443,3
65443,6
65443,4
65444,3
65445,1
65446,4
65447,1
65448,1
65449,3
65450,7
65450,2
65450,5
65450,1
65450,3
65451,6
65452,3
65453,2
65454,6
65455,3
65455,6
65456,1
65456,3
65456,6
65457,1
65457,3
65457,6
65458,5
65459,6
65460,2
65462,5
65463,1
65464,7
65464,2
65464,5
65464,1
65464,3
65464,6
65464,4
65465,7
65465,2
65465,5
65465,1
65465,3
65465,6
65465,4
65466,7
65466,2
65466,5
65466,1
65466,3
65467,2
65468,7
65468,2
65468,5
65468,1
65468,3
65468,6
65468,4
65469,7
65469,2
65469,5
65469,1
65469,3
65469,6
65469,4
65470,7
65470,2
65470,5
65470,1
65470,3
65470,6
65470,4
65471,7
65471,2
65471,5
65471,1
65471,3
65471,6
65471,4
65472,7
65472,2
65472,5
65472,1
65472,3
65472,6
65472,4
65473,7
65473,2
65473,5
65473,1
65473,3
65473,6
65473,4
65474,7
65474,2
65474,5
65474,1
65474,3
65475,7
65475,2
65475,5
65475,1
65475,3
65476,3
65477,7
65477,2
65477,5
65477,1
65477,3
65477,6
65477,4
65478,2
65479,7
65479,2
65480,7
65480,2
65480,5
65480,1
65480,3
65481,3
65482,5
65483,7
65483,2
65483,5
65483,1
65483,3
65483,6
65483,4
65484,2
65485,3
65486,2
65487,7
65487,2
65488,6
65490,7
65491,7
65491,2
65491,5
65491,1
65491,3
65493,6
65494,7
65494,2
65495,4
65496,2
65497,2
65497,5
65497,1
65498,7
65498,2
65498,5
65498,1
65498,3
65499,7
65499,2
65499,5
65499,1
65499,3
65499,6
65499,4
65500,4
65502,4
65503,3
65504,7
65504,2
65504,5
65504,1
65505,7
65505,2
65505,5
65505,1
65505,3
65506,3
65507,2
65507,5
65507,1
65510,5
65511,5
65512,3
65513,5
65514,4
65515,4
65516,5
65517,6
65518,3
65520,3
65521,5
65522,3
65523,6
65524,2
65525,3
65525,6
65525,4
65526,7
65526,2
65526,5
65526,1
65526,3
65526,6
65526,4
65527,7
65527,2
65527,5
65527,1
65527,3
65527,6
65527,4
65528,7
65528,2
65528,5
65528,1
65528,3
65528,6
65528,4
65529,7
65529,2
65529,5
65529,1
65529,3
65529,6
65529,4
65530,5
65531,1
65532,2
65533,1
65534,5
65535,1
65536,1
65536,3
65536,6
65538,4
65539,5
65540,7
65541,7
65541,2
65541,5
65541,1
65541,3
65542,5
65543,5
65544,6
65545,4
65546,6
65547,7
65547,2
65547,5
65547,1
65547,3
65547,6
65547,4
65548,3
65549,7
65550,7
65550,2
65550,5
65550,1
65550,3
65551,5
65552,5
65553,5
65554,2
65555,2
65556,2
65557,1
65558,7
65559,6
65560,6
65561,2
65562,2
65563,3
65565,7
65565,2
65565,5
65565,1
65565,3
65565,6
65565,4
65566,5
65567,7
65567,2
65567,5
65567,1
65567,3
65567,6
65567,4
65568,7
65568,2
65568,5
65568,1
65568,3
65568,6
65568,4
65569,7
65569,2
65569,5
65569,1
65569,3
65569,6
65569,4
65570,7
65570,2
65570,5
65570,1
65570,3
65570,6
65570,4
65571,7
65572,6
65573,3
65574,4
65575,7
65575,2
65575,5
65575,1
65575,3
65575,4
65576,5
65577,6
65578,5
65579,2
65580,7
65580,2
65580,5
65580,1
65580,3
65580,6
65580,4
65581,2
65582,4
65583,5
65584,3
65585,6
65586,2
65587,6
65588,7
65588,2
65588,5
65588,1
65588,3
65588,6
65588,4
65589,7
65589,2
65589,5
65589,1
65589,3
65589,6
65589,4
65590,5
65591,4
65592,1
65593,1
65594,6
65594,4
65595,5
65596,3
65597,7
65597,2
65597,5
65597,1
65597,3
65597,6
65597,4
65598,3
65599,6
65600,5
65601,7
65601,2
65601,5
65601,1
65601,3
65601,6
65601,4
65602,7
65602,2
65602,1
65602,3
65602,6
65602,4
65603,5
65604,2
65604,5
65604,1
65604,3
65605,2
65606,5
65608,3
65609,5
65610,7
65611,3
65612,2
65613,2
65614,3
65615,6
65616,5
65617,7
65618,3
65619,4
65620,7
65621,7
65621,2
65621,5
65621,1
65621,3
65621,6
65621,4
65622,7
65623,4
65624,7
65624,2
65624,5
65624,1
65624,6
65624,4
65625,7
65625,2
65625,5
65625,1
65625,3
65625,6
65625,4
65626,7
65626,2
65626,5
65626,1
65627,7
65627,2
65627,5
65627,1
65627,3
65628,7
65628,2
65628,5
65628,1
65628,3
65629,4
65630,2
65630,5
65630,1
65631,3
65632,3
65632,6
65632,4
65633,7
65633,2
65633,5
65633,1
65633,3
65633,6
65634,7
65634,2
65634,5
65634,1
65634,3
65634,6
65635,7
65635,2
65635,5
65635,1
65635,3
65636,6
65637,7
65637,2
65637,5
65637,1
65637,3
65638,7
65639,3
65640,7
65640,2
65640,5
65640,1
65640,3
65640,6
65640,4
65641,7
65641,2
65641,5
65641,1
65641,3
65641,6
65641,4
65642,7
65642,2
65642,5
65642,1
65642,3
65642,6
65642,4
65643,7
65643,2
65643,5
65643,1
65643,3
65644,7
65644,2
65644,5
65644,1
65644,3
65644,6
65645,1
65646,4
65647,4
65648,3
65649,7
65649,2
65649,6
65649,4
65650,7
65650,2
65650,5
65650,1
65650,3
65650,6
65650,4
65651,2
65652,2
65653,3
65654,1
65655,1
65656,5
65657,4
65658,6
65659,2
65660,3
65661,3
65662,1
65663,6
65664,4
65665,7
65666,2
65667,1
65668,5
65669,6
65670,3
65671,2
65672,4
65673,7
65674,3
65675,4
65676,6
65677,7
65678,7
65678,2
65678,5
65678,1
65678,3
65678,6
65678,4
65679,7
65679,2
65679,5
65679,1
65679,3
65679,6
65679,4
65680,7
65680,2
65680,5
65680,1
65680,3
65680,6
65680,4
65681,7
65681,2
65681,5
65681,1
65681,3
65681,6
65681,4
65682,7
65682,2
65682,5
65682,1
65682,3
65682,6
65682,4
65683,7
65683,2
65683,5
65683,1
65683,3
65683,6
65683,4
65684,7
65684,2
65684,5
65684,1
65684,3
65684,6
65684,4
65685,7
65685,2
65685,5
65685,1
65685,3
65685,6
65685,4
65686,7
65686,2
65686,5
65686,1
65686,3
65686,6
65686,4
65687,7
65687,2
65687,5
65687,1
65687,3
65687,6
65687,4
65688,3
65689,6
65690,7
65690,2
65690,5
65690,1
65690,3
65690,6
65690,4
65691,7
65691,2
65691,5
65691,1
65691,3
65691,6
65691,4
65692,6
65693,7
65693,2
65693,5
65693,1
65693,3
65693,6
65693,4
65694,3
65694,6
65694,4
65695,7
65695,2
65695,5
65695,1
65695,3
65695,6
65695,4
65696,6
65697,7
65697,2
65697,5
65697,1
65697,3
65697,6
65697,4
65698,7
65698,2
65698,5
65698,1
65698,3
65698,6
65698,4
65699,7
65699,2
65699,5
65699,1
65699,3
65699,6
65699,4
65700,7
65700,2
65700,5
65700,1
65700,3
65700,6
65700,4
65701,5
65702,5
65703,7
65704,5
65706,3
65707,7
65707,2
65707,5
65707,1
65707,3
65708,1
65709,4
65710,7
65710,2
65710,5
65710,1
65710,3
65710,6
65710,4
65711,7
65711,2
65711,5
65711,1
65711,3
65711,6
65711,4
65712,6
65713,7
65713,2
65713,5
65714,3
65714,6
65715,5
65716,3
65717,1
65718,2
65719,3
65720,5
65721,1
65723,1
65724,7
65724,5
65724,1
65724,6
65725,7
65725,2
65725,5
65725,1
65725,3
65725,6
65725,4
65726,7
65726,2
65726,5
65726,1
65726,3
65726,6
65726,4
65727,7
65727,2
65727,5
65727,1
65727,3
65727,6
65727,4
65728,6
65728,4
65729,7
65730,5
65731,6
65732,7
65732,1
65733,7
65733,2
65733,5
65733,1
65733,3
65733,6
65733,4
65734,4
65736,4
65737,7
65738,7
65738,2
65738,5
65738,1
65738,3
65739,2
65739,5
65739,1
65739,3
65739,6
65739,4
65740,4
65741,7
65741,2
65741,5
65741,1
65741,3
65741,6
65741,4
65742,2
65743,7
65743,2
65743,5
65743,1
65743,3
65743,6
65743,4
65744,7
65745,2
65746,3
65747,1
65748,6
65749,7
65750,4
65751,2
65752,7
65752,2
65752,5
65752,1
65752,3
65752,6
65752,4
65753,4
65754,1
65755,4
65756,7
65757,5
65758,6
65759,5
65760,3
65761,3
65763,6
65764,3
65765,7
65765,2
65765,5
65765,1
65765,3
65766,2
65767,2
65768,3
65769,2
65770,6
65771,2
65772,2
65773,5
65774,3
65775,7
65775,2
65776,4
65777,3
65778,6
65779,1
65780,5
65781,4
65782,4
65783,6
65784,2
65784,5
65784,1
65784,3
65785,1
65786,7
65787,2
65788,7
65789,7
65789,2
65789,5
65789,1
65789,3
65790,7
65790,2
65790,5
65790,1
65790,4
65791,7
65791,2
65791,5
65791,1
65791,3
65792,3
65793,2
65794,2
65795,7
65795,2
65795,5
65795,1
65796,1
65797,7
65797,2
65797,5
65797,1
65797,3
65797,6
65797,4
65798,3
65799,7
65800,6
65801,3
65802,7
65802,2
65802,5
65802,1
65802,3
65802,6
65803,4
65804,4
65805,4
65806,7
65806,2
65806,5
65806,1
65806,3
65807,7
65807,2
65807,5
65807,1
65807,3
65807,6
65807,4
65808,7
65808,2
65808,5
65808,1
65808,3
65809,7
65810,3
65811,7
65811,2
65811,5
65811,1
65811,4
65812,3
65813,2
65814,7
65815,1
65816,7
65816,4
65817,4
65818,6
65819,7
65819,2
65819,5
65819,1
65820,3
65821,6
65822,7
65823,3
65824,6
65825,4
65826,6
65827,3
65828,5
65828,1
65829,3
65830,1
65831,6
65832,1
65833,7
65833,2
65833,5
65833,1
65833,4
65834,7
65834,2
65834,5
65834,1
65834,3
65834,6
65834,4
65835,1
65836,7
65837,7
65837,2
65837,5
65837,1
65837,3
65837,6
65837,4
65838,3
65839,7
65840,1
65841,5
65841,1
65842,4
65843,6
65843,4
65844,1
65845,4
65846,7
65846,2
65846,5
65846,1
65846,3
65847,7
65847,2
65847,5
65847,1
65847,3
65848,1
65849,5
65850,7
65850,2
65850,5
65850,1
65850,3
65850,6
65850,4
65851,6
65852,1
65853,6
65854,1
65855,7
65855,2
65855,5
65855,1
65855,3
65856,7
65856,2
65856,5
65856,1
65856,3
65857,7
65857,2
65857,5
65857,1
65857,3
65858,7
65858,2
65858,5
65858,1
65858,3
65859,7
65859,2
65859,5
65859,1
65859,3
65860,7
65860,2
65860,5
65860,1
65860,3
65860,6
65860,4
65861,2
65862,3
65863,3
65864,4
65865,4
65866,7
65867,1
65868,4
65869,3
65870,3
65871,4
65872,6
65873,6
65874,1
65875,5
65876,7
65877,1
65878,7
65879,7
65880,6
65882,3
65882,6
65883,5
65884,2
65885,1
65886,7
65886,2
65886,5
65886,1
65886,3
65887,7
65888,7
65888,2
65888,5
65888,1
65888,3
65888,6
65888,4
65889,3
65890,5
65891,1
65892,4
65893,3
65893,6
65893,4
65894,3
65895,2
65896,5
65896,1
65897,2
65898,7
65898,2
65899,6
65900,6
65901,2
65902,7
65902,2
65902,5
65902,1
65902,3
65903,1
65904,1
65905,6
65906,2
65906,1
65907,3
65908,2
65909,2
65910,5
65911,6
65912,2
65914,5
65915,7
65915,2
65915,5
65915,1
65915,4
65916,2
65917,7
65918,2
65919,3
65920,6
65921,4
65922,5
65923,3
65924,2
65924,5
65924,1
65925,6
65925,4
65926,5
65927,1
65928,7
65929,2
65930,2
65930,5
65930,1
65930,3
65931,7
65931,2
65931,5
65931,1
65931,3
65931,6
65931,4
65932,6
65933,3
65934,4
65935,5
65936,4
65937,5
65937,1
65938,2
65939,6
65940,5
65941,4
65942,6
65943,5
65944,5
65944,1
65945,3
65946,3
65947,1
65948,2
65949,7
65949,2
65949,5
65949,1
65949,3
65950,3
65951,4
65952,6
65952,4
65953,7
65953,2
65953,5
65953,1
65953,3
65954,5
65955,2
65956,5
65957,6
65958,6
65959,5
65960,6
65961,7
65962,2
65963,6
65964,4
65965,6
65966,3
65967,7
65967,2
65967,5
65967,1
65967,3
65967,6
65967,4
65968,7
65968,2
65968,5
65968,1
65968,3
65968,6
65968,4
65969,4
65970,3
65971,2
65972,2
65973,6
65974,6
65975,3
65976,2
65976,5
65976,1
65977,7
65977,2
65977,5
65977,1
65977,3
65977,6
65977,4
65978,1
65979,1
65980,7
65980,2
65981,3
65982,2
65983,3
65984,4
65985,2
65986,5
65987,7
65987,2
65987,5
65987,1
65987,3
65988,2
65988,5
65989,6
65990,6
65991,7
65992,2
65993,1
65994,7
65995,2
65996,6
65997,2
65998,2
65999,3
66000,4
66001,7
66002,2
66002,5
66003,7
66004,1
66004,3
66005,4
66006,4
66007,3
66008,2
66009,7
66009,2
66009,5
66009,1
66009,3
66009,6
66009,4
66010,6
66011,1
66012,2
66013,4
66014,2
66015,5
66016,6
66017,3
66018,5
66018,1
66019,2
66020,1
66021,7
66021,2
66021,5
66021,1
66021,3
66022,2
66023,7
66023,2
66023,5
66023,1
66024,7
66024,2
66024,5
66024,1
66024,3
66024,6
66024,4
66025,2
66026,7
66026,2
66026,5
66026,1
66026,3
66026,6
66026,4
66027,5
66028,6
66029,6
66030,6
66031,5
66032,5
66033,1
66034,3
66035,3
66036,7
66036,2
66036,5
66036,1
66036,3
66037,5
66038,4
66039,7
66039,2
66039,5
66039,1
66040,7
66041,5
66042,2
66043,7
66043,2
66043,5
66043,1
66043,3
66044,7
66044,2
66044,5
66044,1
66044,3
66045,7
66045,2
66045,5
66045,1
66045,3
66045,6
66045,4
66046,3
66047,3
66048,1
66049,7
66049,2
66049,5
66049,1
66049,3
66049,6
66049,4
66050,6
66051,6
66052,5
66053,5
66053,6
66054,5
66055,7
66055,2
66055,5
66055,1
66055,3
66055,6
66055,4
66056,2
66057,5
66058,3
66059,1
66060,7
66060,2
66060,5
66060,1
66061,7
66062,4
66063,7
66063,2
66063,5
66063,4
66064,1
66066,6
66066,4
66067,7
66067,2
66068,6
66069,1
66070,7
66070,2
66070,5
66070,1
66070,3
66071,1
66072,7
66073,5
66074,1
66075,2
66076,5
66077,4
66078,2
66079,3
66080,4
66081,7
66082,7
66082,2
66082,5
66082,1
66082,3
66083,5
66084,3
66085,1
66086,2
66087,2
66088,3
66089,4
66091,7
66091,2
66091,5
66091,1
66091,3
66091,6
66091,4
66092,7
66093,3
66094,1
66095,5
66096,4
66097,1
66098,7
66098,2
66098,5
66098,1
66098,3
66098,6
66098,4
66099,7
66099,2
66099,5
66099,1
66099,3
66099,6
66099,4
66100,7
66100,2
66100,5
66100,1
66100,3
66100,6
66100,4
66101,7
66101,2
66101,5
66101,1
66101,3
66101,6
66101,4
66102,3
66103,7
66104,5
66106,7
66106,2
66106,5
66106,1
66106,3
66106,6
66106,4
66107,7
66107,2
66107,5
66107,1
66108,7
66108,2
66108,5
66108,1
66108,3
66108,6
66108,4
66109,7
66109,2
66109,5
66109,1
66109,3
66109,6
66109,4
66110,7
66110,2
66110,5
66110,1
66110,3
66110,6
66110,4
66111,7
66111,2
66111,5
66111,1
66111,3
66111,6
66111,4
66112,4
66113,3
66114,1
66115,7
66115,4
66116,7
66117,7
66117,2
66117,5
66117,1
66117,3
66117,6
66117,4
66118,2
66119,5
66119,1
66119,3
66120,7
66120,2
66120,5
66120,1
66120,3
66120,6
66120,4
66121,7
66121,2
66121,5
66121,1
66121,3
66121,6
66121,4
66122,6
66123,5
66124,7
66124,2
66124,5
66124,1
66124,3
66125,7
66125,2
66125,5
66125,1
66126,7
66126,2
66126,1
66126,3
66126,6
66126,4
66127,5
66128,7
66128,5
66129,6
66129,4
66130,1
66131,6
66132,1
66133,7
66133,2
66133,5
66133,1
66134,6
66135,5
66136,3
66137,2
66138,7
66139,5
66139,1
66140,7
66140,2
66141,6
66142,6
66143,1
66144,3
66145,2
66146,7
66146,2
66146,5
66146,1
66146,3
66146,6
66146,4
66147,4
66148,1
66149,3
66150,5
66151,7
66151,2
66151,5
66151,1
66151,3
66151,6
66151,4
66152,3
66153,7
66154,2
66154,5
66154,1
66155,5
66155,1
66156,1
66157,3
66158,3
66159,4
66160,6
66160,4
66161,3
66162,3
66163,3
66164,3
66165,3
66166,3
66167,4
66168,5
66169,7
66169,3
66169,6
66169,4
66170,7
66170,2
66170,5
66170,1
66170,3
66171,6
66172,7
66172,2
66172,5
66172,1
66173,2
66174,1
66177,5
66178,2
66179,4
66180,5
66182,6
66183,2
66184,3
66184,6
66184,4
66185,7
66185,2
66185,5
66185,1
66186,3
66187,6
66188,2
66188,5
66188,1
66188,3
66188,6
66189,7
66189,1
66190,3
66191,5
66192,1
66193,5
66194,7
66194,2
66194,4
66195,7
66195,2
66195,5
66195,1
66195,3
66195,6
66195,4
66196,7
66196,2
66196,5
66196,1
66196,3
66196,6
66196,4
66197,4
66198,7
66198,2
66198,5
66198,1
66198,3
66198,6
66198,4
66199,5
66199,1
66200,4
66201,2
66202,4
66203,7
66203,2
66203,5
66203,1
66203,3
66203,6
66203,4
66204,1
66205,7
66205,2
66205,5
66205,1
66205,4
66208,2
66208,5
66208,1
66208,3
66208,4
66209,7
66209,1
66210,1
66211,5
66212,6
66213,6
66214,5
66215,4
66216,3
66217,3
66217,6
66217,4
66218,2
66219,4
66220,1
66221,6
66222,7
66222,2
66222,5
66222,4
66223,5
66224,5
66225,1
66226,7
66226,2
66226,5
66226,1
66226,3
66226,6
66226,4
66227,7
66227,2
66227,5
66227,1
66227,3
66229,7
66229,2
66229,5
66229,1
66229,3
66230,5
66231,7
66232,7
66232,2
66232,5
66232,1
66232,3
66232,6
66232,4
66233,7
66233,2
66233,5
66233,1
66233,3
66233,6
66233,4
66234,4
66235,2
66236,1
66237,5
66238,2
66241,7
66242,4
66243,5
66243,1
66244,7
66244,2
66244,5
66244,1
66244,3
66244,6
66244,4
66245,5
66245,4
66246,7
66247,7
66247,2
66247,5
66247,1
66247,3
66247,6
66247,4
66248,7
66248,2
66248,5
66248,1
66248,3
66248,6
66248,4
66249,5
66250,3
66251,6
66252,1
66253,1
66254,6
66255,7
66255,2
66255,5
66255,1
66255,3
66255,6
66256,7
66256,2
66256,5
66256,1
66256,3
66256,6
66257,5
66258,2
66258,5
66258,1
66258,3
66259,3
66260,5
66261,1
66262,5
66263,5
66264,3
66265,7
66266,7
66266,2
66266,5
66266,1
66267,3
66268,7
66269,7
66270,7
66271,7
66271,2
66271,5
66271,1
66271,3
66271,6
66272,7
66272,2
66272,5
66272,1
66272,3
66273,3
66274,6
66275,7
66276,4
66277,3
66278,6
66279,3
66280,6
66281,2
66282,4
66283,3
66284,4
66285,2
66285,5
66285,1
66286,1
66287,7
66287,2
66287,5
66287,1
66287,3
66287,6
66287,4
66288,7
66288,2
66288,5
66288,1
66288,3
66288,6
66288,4
66289,3
66290,3
66291,1
66292,7
66293,7
66293,2
66293,5
66293,1
66293,3
66295,2
66296,7
66296,2
66296,5
66296,1
66296,3
66297,3
66298,1
66299,3
66300,2
66301,2
66302,5
66303,2
66304,7
66304,2
66304,5
66304,1
66304,3
66304,6
66304,4
66305,6
66306,7
66306,2
66306,5
66306,1
66306,3
66306,6
66306,4
66307,7
66307,2
66307,5
66307,1
66307,3
66307,6
66307,4
66308,7
66308,2
66308,5
66308,1
66308,3
66308,6
66308,4
66309,3
66310,1
66311,1
66312,2
66313,4
66314,3
66315,7
66316,6
66316,4
66317,7
66317,2
66317,5
66317,1
66317,3
66318,7
66318,2
66318,5
66318,1
66318,3
66319,4
66320,7
66320,2
66320,5
66320,1
66321,4
66322,2
66323,6
66324,1
66326,1
66326,4
66327,6
66328,7
66329,7
66329,2
66329,5
66329,1
66329,3
66329,6
66329,4
66330,2
66333,5
66334,7
66334,2
66334,5
66334,1
66334,4
66335,7
66336,6
66337,2
66338,4
66339,2
66340,4
66341,7
66342,7
66342,2
66342,5
66342,1
66343,4
66344,4
66345,1
66346,7
66347,4
66348,7
66349,6
66350,2
66351,2
66352,2
66353,5
66354,1
66355,5
66356,2
66357,2
66357,5
66357,1
66357,3
66358,7
66358,2
66358,5
66358,1
66358,3
66358,6
66358,4
66359,2
66360,7
66360,2
66360,5
66360,1
66360,3
66360,6
66360,4
66361,5
66362,5
66363,2
66364,7
66365,7
66366,7
66366,2
66366,5
66366,1
66366,3
66366,6
66366,4
66367,7
66367,2
66367,5
66367,1
66367,3
66368,1
66369,2
66369,5
66369,1
66369,3
66370,7
66370,2
66370,5
66370,1
66371,4
66372,6
66373,7
66373,2
66373,5
66373,1
66374,4
66375,7
66375,2
66375,5
66375,1
66375,3
66376,7
66376,2
66376,5
66376,1
66377,7
66377,2
66377,5
66377,1
66378,6
66379,7
66379,2
66379,5
66379,1
66380,2
66380,5
66380,1
66381,3
66382,7
66382,2
66382,5
66382,1
66383,3
66383,6
66384,7
66384,2
66384,5
66384,1
66385,2
66385,5
66386,7
66386,2
66386,5
66386,1
66387,1
66388,7
66388,2
66388,5
66388,1
66389,7
66389,2
66389,5
66389,1
66389,3
66390,4
66391,3
66392,7
66392,2
66392,5
66392,1
66393,7
66393,2
66393,5
66393,1
66393,3
66394,7
66394,2
66394,5
66394,1
66395,7
66395,2
66395,5
66395,1
66395,3
66397,7
66397,2
66397,5
66397,1
66398,7
66398,2
66398,5
66398,1
66398,3
66399,6
66400,4
66401,7
66401,2
66401,5
66401,1
66401,3
66401,6
66401,4
66402,7
66402,2
66402,5
66402,1
66403,7
66403,2
66403,5
66404,3
66405,1
66406,3
66407,6
66408,5
66409,2
66410,7
66410,2
66410,5
66410,1
66410,3
66410,6
66410,4
66411,1
66412,7
66412,3
66413,7
66414,5
66414,1
66415,5
66416,7
66416,2
66416,5
66416,1
66416,3
66417,7
66417,2
66417,5
66417,1
66417,3
66418,7
66418,2
66418,5
66418,1
66418,3
66419,7
66419,2
66419,6
66419,4
66420,7
66421,2
66421,5
66422,6
66423,3
66424,2
66425,1
66426,7
66426,2
66426,5
66426,1
66426,3
66426,6
66426,4
66427,4
66428,5
66429,7
66430,2
66431,7
66431,2
66431,5
66431,1
66431,3
66432,3
66433,5
66434,7
66434,2
66434,5
66434,1
66434,3
66435,7
66435,1
66436,3
66437,7
66437,2
66438,6
66439,3
66440,1
66441,5
66442,6
66443,1
66444,5
66445,6
66446,4
66447,2
66448,7
66448,2
66449,4
66450,2
66451,6
66452,5
66453,3
66454,1
66455,6
66456,7
66456,2
66456,5
66457,3
66458,4
66459,6
66460,1
66461,4
66462,7
66463,6
66464,1
66465,2
66466,5
66467,7
66467,2
66467,5
66467,1
66467,3
66468,7
66469,6
66470,4
66471,4
66472,4
66474,5
66475,1
66476,3
66476,6
66477,7
66477,2
66478,1
66479,7
66479,2
66479,5
66479,1
66479,3
66479,6
66479,4
66480,2
66481,1
66482,7
66482,2
66482,5
66482,1
66482,3
66482,6
66482,4
66483,7
66484,4
66485,5
66486,1
66487,7
66488,7
66488,2
66488,5
66488,1
66488,3
66489,7
66490,7
66490,2
66490,5
66490,1
66490,3
66490,6
66490,4
66491,5
66491,1
66492,2
66493,1
66494,2
66495,7
66496,2
66497,5
66498,6
66499,3
66500,3
66501,3
66502,1
66503,3
66504,6
66505,4
66506,4
66507,4
66508,1
66509,1
66510,2
66511,1
66512,2
66513,2
66514,6
66515,5
66516,4
66517,5
66517,4
66518,3
66519,6
66520,4
66521,2
66522,7
66522,2
66522,5
66522,1
66522,4
66523,7
66524,4
66525,5
66526,7
66526,2
66526,5
66526,1
66526,3
66526,6
66526,4
66527,5
66528,1
66529,3
66530,4
66531,7
66531,2
66531,5
66531,1
66531,3
66532,2
66533,6
66534,4
66535,3
66536,6
66537,2
66538,3
66539,2
66540,7
66540,2
66540,5
66540,1
66541,7
66541,2
66541,5
66541,1
66541,3
66541,6
66541,4
66542,2
66543,1
66544,1
66544,3
66544,6
66545,1
66546,3
66547,6
66548,7
66549,5
66550,7
66551,7
66551,2
66551,5
66551,1
66552,7
66552,2
66552,5
66552,1
66552,3
66552,4
66553,7
66553,5
66553,3
66554,7
66554,2
66554,5
66554,1
66554,4
66555,6
66556,5
66557,3
66558,7
66558,2
66558,5
66558,1
66559,1
66560,7
66561,7
66561,2
66561,5
66561,1
66562,1
66563,7
66563,2
66563,5
66563,1
66563,3
66564,3
66565,6
66566,7
66567,7
66568,4
66569,4
66570,3
66571,5
66572,3
66573,7
66573,2
66573,5
66573,1
66573,3
66573,6
66573,4
66574,6
66575,7
66575,2
66575,5
66575,1
66575,3
66575,6
66575,4
66576,3
66577,1
66578,1
66579,5
66579,1
66579,6
66580,3
66581,2
66582,5
66583,7
66583,2
66583,5
66583,1
66583,3
66584,5
66584,1
66585,7
66585,2
66585,5
66585,1
66585,4
66586,4
66587,7
66588,7
66588,2
66588,5
66588,1
66588,3
66589,1
66590,4
66592,5
66593,7
66593,2
66593,5
66593,1
66594,2
66595,4
66596,7
66596,2
66596,5
66596,1
66597,2
66598,2
66598,5
66599,6
66600,7
66601,7
66601,2
66601,5
66601,1
66602,2
66603,3
66604,3
66605,5
66606,7
66606,2
66606,5
66607,2
66608,3
66609,7
66609,2
66609,5
66609,1
66610,1
66611,7
66611,2
66611,5
66611,1
66611,3
66612,7
66613,1
66614,7
66615,3
66616,5
66617,7
66618,5
66618,1
66619,7
66619,4
66620,7
66621,7
66622,2
66623,7
66623,2
66623,5
66623,1
66624,7
66624,2
66624,5
66624,1
66625,2
66626,7
66626,2
66626,5
66626,1
66626,3
66627,6
66628,1
66629,4
66630,7
66630,2
66630,5
66630,1
66630,3
66631,5
66632,7
66632,2
66632,5
66632,1
66632,3
66633,7
66633,2
66633,5
66633,1
66633,3
66634,5
66635,6
66636,7
66637,5
66637,1
66638,3
66639,2
66640,2
66641,7
66642,3
66643,1
66644,7
66645,7
66645,2
66645,5
66645,1
66645,3
66645,6
66645,4
66646,4
66647,7
66647,2
66647,5
66647,1
66647,3
66647,6
66647,4
66648,6
66649,4
66650,6
66650,4
66651,7
66651,1
66652,5
66653,6
66653,4
66654,3
66654,6
66655,6
66655,4
66656,5
66657,3
66657,6
66657,4
66658,7
66659,1
66660,2
66661,2
66662,3
66663,3
66664,1
66665,1
66666,7
66666,2
66666,5
66666,1
66666,3
66666,4
66667,2
66667,5
66667,1
66668,4
66669,4
66670,2
66671,3
66672,7
66672,2
66672,5
66672,1
66672,3
66672,6
66672,4
66673,7
66673,2
66673,5
66673,1
66674,7
66674,2
66674,5
66674,1
66674,3
66674,6
66674,4
66675,4
66676,7
66676,2
66676,5
66676,1
66676,4
66677,5
66678,5
66678,3
66679,4
66680,7
66681,4
66682,6
66683,4
66684,3
66685,6
66686,4
66687,6
66688,1
66689,2
66690,1
66690,3
66691,1
66693,2
66694,7
66694,2
66694,5
66694,1
66694,3
66694,6
66694,4
66695,7
66695,2
66695,5
66695,1
66695,3
66695,6
66695,4
66696,2
66697,1
66698,5
66699,7
66699,2
66699,5
66699,1
66699,3
66700,3
66701,6
66702,4
66703,7
66704,4
66705,4
66706,7
66706,2
66706,5
66706,1
66706,3
66707,2
66708,7
66708,2
66708,3
66708,6
66708,4
66709,5
66710,3
66711,7
66711,2
66711,5
66711,1
66711,3
66711,6
66711,4
66712,3
66713,2
66714,7
66714,2
66714,5
66714,1
66714,3
66714,6
66714,4
66715,7
66715,2
66715,5
66715,1
66715,3
66715,6
66715,4
66716,7
66717,7
66717,2
66717,5
66717,1
66717,3
66717,6
66717,4
66718,7
66718,2
66718,5
66718,1
66719,7
66719,2
66719,5
66719,1
66720,3
66721,3
66722,3
66723,7
66724,2
66725,4
66726,7
66727,7
66727,2
66727,5
66727,1
66727,3
66729,2
66730,2
66731,6
66732,7
66733,6
66734,5
66735,5
66736,6
66737,6
66738,5
66739,6
66740,3
66741,6
66742,2
66743,5
66744,4
66745,4
66746,5
66746,6
66747,1
66748,3
66749,5
66750,5
66751,7
66751,2
66751,5
66751,1
66751,3
66753,4
66754,3
66755,2
66756,7
66756,2
66756,5
66756,1
66756,3
66757,3
66758,2
66759,3
66759,4
66760,4
66761,1
66762,7
66762,2
66762,5
66762,1
66763,7
66763,2
66763,5
66763,1
66763,3
66764,1
66764,3
66765,7
66766,1
66767,5
66768,2
66768,5
66769,7
66770,7
66771,7
66771,2
66771,5
66771,1
66771,3
66771,6
66771,4
66772,7
66772,2
66772,5
66772,1
66772,3
66772,6
66773,6
66774,7
66774,2
66774,5
66774,1
66775,7
66775,2
66775,5
66775,1
66775,3
66776,7
66776,2
66776,5
66776,1
66776,3
66777,1
66778,2
66779,1
66780,2
66781,3
66781,6
66781,4
66782,7
66782,2
66782,5
66782,1
66782,3
66782,6
66782,4
66783,7
66783,2
66783,5
66783,1
66783,3
66783,6
66783,4
66784,5
66784,6
66785,2
66786,3
66787,2
66788,1
66789,5
66790,3
66791,3
66792,1
66792,3
66792,6
66792,4
66793,3
66794,7
66795,3
66796,7
66796,2
66796,5
66796,1
66796,3
66796,6
66796,4
66797,7
66797,2
66797,5
66797,1
66797,3
66797,6
66797,4
66798,1
66799,5
66800,7
66800,2
66800,5
66800,1
66800,3
66801,5
66802,7
66802,2
66802,5
66802,4
66803,4
66805,3
66806,2
66807,7
66807,2
66807,5
66807,1
66807,3
66807,6
66807,4
66808,2
66809,7
66809,2
66809,5
66809,1
66809,3
66809,6
66809,4
66810,7
66810,2
66810,5
66810,1
66810,3
66810,6
66810,4
66811,5
66812,2
66813,7
66813,2
66813,5
66813,1
66814,5
66815,1
66816,4
66818,1
66819,1
66820,2
66821,6
66822,4
66823,6
66824,7
66824,2
66824,5
66824,1
66824,3
66824,6
66824,4
66825,6
66826,7
66826,2
66826,5
66826,1
66826,3
66826,6
66826,4
66827,3
66827,6
66827,4
66828,7
66829,1
66830,4
66831,2
66832,6
66832,4
66833,6
66834,2
66835,5
66836,7
66836,2
66836,5
66836,1
66836,3
66836,6
66836,4
66837,1
66838,1
66839,1
66840,7
66841,1
66842,7
66842,2
66842,5
66842,1
66843,7
66843,2
66843,5
66843,1
66843,3
66843,6
66844,3
66845,7
66845,2
66845,5
66845,1
66845,3
66846,3
66847,6
66848,7
66848,2
66849,1
66850,2
66851,5
66852,2
66853,3
66854,5
66855,5
66856,3
66857,4
66858,5
66859,5
66860,5
66861,6
66862,1
66864,2
66865,7
66865,2
66865,5
66865,1
66865,3
66865,6
66865,4
66866,7
66866,2
66866,5
66866,1
66867,7
66867,1
66867,3
66867,6
66867,4
66868,2
66869,7
66869,2
66869,5
66869,1
66869,3
66869,6
66869,4
66870,5
66871,5
66872,3
66872,6
66873,4
66874,2
66875,5
66875,3
66876,2
66876,6
66877,6
66879,5
66880,6
66881,5
66882,4
66883,7
66884,7
66884,1
66885,7
66886,4
66887,3
66888,3
66889,1
66890,6
66891,6
66892,7
66892,2
66892,5
66892,1
66892,3
66893,7
66893,1
66894,1
66894,6
66895,1
66896,4
66897,6
66897,4
66898,6
66899,7
66900,4
66901,4
66903,6
66903,4
66904,6
66905,5
66906,7
66906,2
66906,5
66906,1
66906,3
66906,6
66906,4
66907,3
66908,2
66909,2
66910,7
66910,2
66910,5
66910,1
66911,7
66912,7
66913,3
66914,1
66915,2
66916,5
66917,7
66918,7
66919,1
66920,7
66921,7
66921,2
66922,1
66923,5
66924,3
66925,1
66926,6
66927,6
66928,6
66929,7
66930,1
66931,2
66932,5
66933,4
66934,1
66935,3
66936,7
66936,2
66936,5
66936,1
66936,3
66936,6
66936,4
66937,7
66937,2
66937,5
66937,1
66937,3
66937,6
66937,4
66938,5
66939,7
66939,2
66939,5
66939,1
66939,3
66939,6
66939,4
66940,6
66941,7
66941,2
66941,5
66941,1
66941,3
66942,5
66944,7
66944,2
66944,5
66944,1
66944,3
66944,6
66944,4
66945,7
66945,2
66945,5
66945,1
66945,3
66945,6
66945,4
66946,5
66947,7
66948,2
66949,5
66950,2
66951,4
66952,7
66953,3
66954,7
66954,2
66954,5
66954,1
66954,3
66954,6
66954,4
66955,5
66956,2
66957,7
66957,2
66957,5
66957,1
66957,3
66958,6
66959,4
66960,7
66960,1
66961,7
66962,6
66963,1
66964,7
66964,2
66964,5
66964,1
66964,3
66965,3
66965,6
66966,7
66967,5
66968,3
66969,2
66970,2
66971,2
66972,4
66973,1
66974,1
66975,5
66976,7
66976,2
66976,3
66976,6
66976,4
66977,2
66978,1
66979,6
66980,3
66981,7
66982,3
66983,4
66984,2
66985,3
66986,2
66987,2
66988,2
66989,7
66990,3
66991,7
66991,2
66991,5
66991,1
66991,3
66991,6
66991,4
66992,6
66993,6
66994,1
66995,2
66996,7
66996,2
66997,5
66997,1
66998,5
66999,1
67000,5
67001,1
67002,7
67002,2
67002,5
67002,1
67002,3
67002,6
67002,4
67003,7
67004,3
67005,7
67005,2
67005,5
67005,1
67005,3
67005,6
67005,4
67006,3
67007,7
67007,2
67007,5
67007,1
67007,3
67007,6
67007,4
67008,7
67008,2
67008,5
67008,1
67008,6
67008,4
67009,5
67010,7
67010,2
67010,5
67010,1
67010,3
67010,6
67010,4
67011,1
67012,6
67013,7
67013,2
67013,5
67013,1
67013,3
67013,6
67013,4
67014,2
67015,7
67015,5
67015,3
67016,7
67016,2
67017,5
67018,1
67019,1
67020,7
67021,2
67022,5
67023,5
67024,3
67025,3
67026,2
67027,3
67028,5
67029,7
67029,2
67029,5
67029,1
67029,3
67030,6
67031,4
67032,5
67033,2
67034,2
67035,5
67036,3
67037,5
67038,4
67039,7
67039,2
67040,3
67041,3
67042,7
67042,2
67042,5
67043,2
67044,5
67045,3
67046,2
67047,4
67048,1
67049,5
67050,1
67051,7
67051,2
67051,5
67051,1
67051,3
67051,6
67051,4
67052,1
67052,6
67053,1
67054,3
67055,3
67056,7
67057,4
67058,2
67059,7
67060,2
67061,4
67062,4
67063,7
67063,2
67063,5
67063,1
67064,7
67064,2
67064,5
67064,1
67065,7
67065,2
67065,5
67065,1
67065,3
67066,7
67066,2
67066,5
67066,1
67066,3
67066,6
67066,4
67067,7
67067,2
67067,5
67067,1
67067,3
67067,6
67067,4
67068,7
67068,2
67068,5
67068,1
67068,3
67068,6
67068,4
67069,7
67069,2
67069,5
67069,1
67069,3
67069,6
67069,4
67070,7
67070,2
67070,5
67070,1
67070,3
67070,6
67070,4
67071,7
67071,2
67071,5
67071,1
67071,3
67071,6
67071,4
67072,2
67074,2
67075,5
67075,1
67075,3
67075,6
67075,4
67076,7
67077,1
67078,7
67078,2
67078,5
67078,1
67078,3
67078,6
67078,4
67079,7
67079,2
67079,5
67079,1
67079,3
67079,6
67079,4
67080,7
67081,3
67082,7
67082,2
67082,5
67082,1
67083,2
67084,7
67084,2
67084,5
67084,1
67085,6
67086,7
67086,2
67086,5
67086,1
67087,3
67088,7
67088,2
67088,5
67089,7
67089,2
67089,5
67089,1
67090,3
67091,7
67091,2
67091,5
67091,1
67091,3
67091,6
67091,4
67092,6
67093,5
67094,3
67095,5
67096,2
67097,2
67097,4
67098,7
67099,3
67100,5
67101,7
67102,7
67102,2
67102,5
67102,1
67103,7
67103,2
67103,5
67103,1
67104,7
67104,2
67104,5
67104,1
67105,7
67105,2
67105,5
67105,1
67106,7
67106,2
67106,5
67106,1
67107,7
67107,2
67107,5
67107,1
67108,7
67108,2
67108,5
67108,1
67108,3
67109,2
67110,7
67111,1
67111,3
67111,6
67111,4
67112,2
67113,1
67114,6
67115,4
67116,1
67117,3
67118,2
67119,1
67120,5
67121,3
67122,3
67123,6
67124,6
67125,5
67126,5
67127,7
67127,2
67127,5
67127,1
67127,3
67128,7
67128,2
67128,5
67128,1
67128,3
67129,7
67129,6
67129,4
67130,7
67130,2
67130,5
67130,1
67131,7
67132,2
67133,7
67133,2
67133,5
67133,1
67133,3
67134,6
67135,2
67136,1
67137,3
67138,5
67139,7
67139,2
67139,5
67139,1
67139,3
67139,6
67139,4
67140,5
67141,3
67142,3
67143,7
67143,2
67143,5
67143,1
67144,5
67145,6
67146,6
67147,7
67147,2
67147,5
67147,1
67147,3
67147,6
67147,4
67148,1
67148,3
67148,6
67149,5
67150,7
67151,7
67152,1
67153,7
67154,7
67155,6
67156,1
67157,7
67157,2
67157,5
67157,1
67157,3
67157,6
67157,4
67158,6
67159,5
67160,6
67161,5
67162,7
67163,3
67164,7
67164,2
67164,5
67164,1
67164,3
67164,6
67164,4
67165,1
67166,7
67166,2
67166,5
67166,1
67166,3
67166,6
67166,4
67167,7
67167,2
67167,5
67167,1
67167,3
67167,6
67167,4
67168,7
67169,5
67170,6
67171,1
67172,6
67174,5
67175,1
67176,1
67176,3
67176,6
67177,1
67178,5
67179,5
67180,7
67181,3
67182,6
67183,5
67184,1
67185,1
67186,4
67187,6
67188,7
67188,2
67189,7
67189,2
67189,5
67189,1
67189,3
67189,6
67189,4
67190,7
67190,2
67190,5
67190,1
67190,3
67190,6
67190,4
67191,6
67191,4
67192,7
67192,2
67192,5
67192,1
67192,3
67193,3
67194,1
67195,3
67195,6
67195,4
67196,5
67196,1
67196,3
67197,4
67198,6
67199,7
67200,2
67201,2
67202,2
67203,5
67204,7
67205,3
67205,6
67206,7
67207,3
67208,2
67209,4
67210,4
67211,7
67212,2
67213,7
67213,4
67214,7
67215,5
67216,5
67217,2
67218,4
67219,4
67220,4
67221,2
67222,2
67222,5
67223,6
67224,1
67225,5
67226,7
67226,2
67226,5
67226,1
67227,5
67228,1
67229,2
67230,4
67231,1
67232,3
67233,1
67234,5
67235,1
67236,2
67237,7
67237,2
67237,5
67237,1
67237,3
67238,3
67239,1
67239,3
67239,6
67239,4
67240,4
67241,3
67242,1
67243,5
67244,4
67245,3
67246,2
67247,7
67248,5
67249,7
67249,2
67249,5
67249,1
67249,3
67249,6
67249,4
67250,7
67250,2
67250,5
67250,1
67250,3
67250,6
67250,4
67251,6
67252,2
67253,6
67254,4
67255,6
67256,2
67257,7
67258,1
67259,6
67260,2
67261,7
67262,7
67262,2
67262,5
67262,1
67262,3
67262,6
67263,7
67264,7
67265,2
67265,5
67265,1
67265,3
67266,7
67266,2
67266,5
67266,1
67266,3
67267,5
67267,1
67268,6
67269,7
67269,2
67269,5
67269,1
67269,3
67272,3
67273,4
67274,3
67275,7
67275,2
67275,5
67275,1
67275,3
67275,6
67275,4
67276,1
67277,3
67278,1
67279,2
67280,3
67281,5
67281,6
67282,2
67283,6
67284,7
67284,2
67284,5
67284,1
67285,5
67286,7
67286,2
67286,5
67286,1
67286,3
67290,7
67290,2
67290,5
67290,1
67291,1
67291,3
67291,6
67291,4
67292,7
67292,2
67292,6
67292,4
67295,7
67295,2
67295,5
67295,1
67295,3
67297,4
67298,7
67298,2
67298,5
67298,1
67299,2
67301,7
67301,2
67301,5
67301,1
67302,7
67302,2
67302,5
67302,1
67302,3
67302,6
67302,4
67303,7
67303,2
67303,5
67303,1
67303,3
67304,7
67304,2
67304,5
67304,1
67304,3
67306,7
67306,2
67306,5
67306,1
67307,7
67307,2
67307,5
67307,1
67307,3
67307,6
67307,4
67308,3
67309,6
67310,7
67310,2
67310,5
67310,1
67311,7
67311,2
67311,5
67311,1
67312,5
67313,7
67313,2
67313,5
67313,1
67314,7
67314,2
67314,5
67314,1
67314,3
67314,6
67314,4
67315,7
67315,2
67315,5
67315,1
67316,6
67317,4
67318,7
67318,2
67318,5
67318,1
67319,7
67319,2
67319,5
67319,1
67319,3
67319,6
67319,4
67320,7
67320,2
67320,5
67320,1
67320,3
67320,6
67320,4
67321,7
67321,2
67321,5
67321,1
67322,7
67323,7
67324,2
67325,7
67325,2
67325,5
67325,1
67326,4
67327,2
67328,4
67329,4
67330,5
67331,4
67332,7
67332,2
67332,5
67332,1
67332,3
67332,6
67332,4
67333,1
67334,2
67335,6
67336,7
67336,2
67336,5
67336,1
67336,3
67336,6
67336,4
67337,7
67338,1
67338,3
67339,6
67340,3
67340,6
67340,4
67344,6
67344,4
67345,6
67346,4
67347,7
67347,2
67347,5
67347,1
67347,3
67348,7
67348,2
67348,5
67348,1
67348,3
67348,6
67348,4
67349,4
67350,7
67350,2
67350,5
67350,1
67350,3
67351,7
67352,7
67352,2
67352,5
67352,1
67353,7
67353,2
67353,5
67353,1
67354,6
67355,7
67355,2
67355,5
67355,1
67355,3
67355,6
67355,4
67356,7
67356,2
67356,5
67356,1
67357,1
67358,7
67358,2
67358,5
67358,1
67359,6
67360,3
67361,1
67362,7
67362,2
67362,5
67362,1
67362,3
67362,6
67362,4
67363,1
67364,7
67365,7
67365,2
67365,5
67365,1
67365,3
67366,5
67367,1
67368,3
67369,6
67370,2
67371,7
67372,6
67373,7
67373,2
67373,5
67373,1
67374,2
67375,6
67376,3
67376,6
67377,7
67377,2
67377,5
67377,1
67378,3
67379,7
67379,2
67379,5
67379,1
67380,7
67380,2
67380,5
67380,1
67381,7
67381,2
67381,5
67381,1
67382,7
67382,2
67382,5
67382,1
67382,3
67383,2
67383,5
67383,1
67384,7
67384,2
67384,5
67384,1
67384,3
67385,7
67385,2
67385,5
67385,1
67385,3
67387,4
67388,2
67390,7
67390,2
67390,5
67390,1
67391,7
67391,2
67391,5
67391,1
67392,1
67392,3
67392,6
67393,3
67394,1
67395,4
67396,7
67396,2
67396,5
67396,1
67396,3
67398,7
67398,2
67398,5
67398,1
67398,3
67399,2
67400,7
67400,2
67400,5
67400,1
67401,7
67401,2
67401,5
67401,1
67401,3
67401,6
67401,4
67402,6
67402,4
67403,3
67404,5
67405,2
67405,1
67406,7
67407,6
67407,4
67408,3
67409,2
67410,1
67412,4
67413,3
67413,6
67414,1
67415,7
67415,2
67415,5
67415,1
67415,3
67415,6
67416,7
67416,2
67416,3
67416,6
67416,4
67417,3
67418,7
67418,2
67418,5
67418,1
67418,3
67418,6
67418,4
67419,7
67420,2
67421,7
67421,2
67421,5
67421,1
67421,3
67421,6
67421,4
67422,2
67423,3
67424,6
67425,4
67426,7
67427,3
67428,3
67429,2
67430,7
67431,7
67431,2
67431,5
67431,1
67432,6
67433,6
67434,3
67435,7
67435,2
67436,4
67437,4
67438,7
67438,2
67438,5
67438,1
67439,7
67439,2
67439,5
67439,1
67440,6
67441,7
67442,1
67443,5
67443,6
67444,6
67444,4
67445,7
67446,1
67447,5
67448,7
67448,2
67448,5
67448,1
67448,3
67449,1
67450,7
67450,4
67451,3
67452,4
67453,1
67454,7
67454,2
67454,5
67454,1
67454,3
67454,6
67454,4
67455,1
67456,1
67457,7
67457,2
67457,5
67457,1
67457,3
67458,7
67458,2
67458,5
67458,1
67458,3
67458,6
67458,4
67459,7
67459,2
67459,5
67459,1
67459,3
67459,6
67459,4
67460,7
67460,2
67460,5
67460,1
67461,7
67461,2
67461,5
67461,1
67461,3
67462,7
67462,2
67462,5
67462,1
67462,3
67462,6
67462,4
67464,7
67464,2
67464,5
67464,1
67464,3
67466,6
67467,3
67468,3
67469,1
67470,1
67471,4
67472,2
67472,6
67473,4
67474,1
67475,4
67476,7
67476,2
67476,5
67476,1
67476,3
67476,6
67476,4
67477,5
67478,3
67479,7
67479,2
67479,5
67479,1
67479,3
67479,6
67479,4
67480,7
67480,2
67480,5
67480,1
67480,3
67481,3
67483,1
67484,4
67485,7
67485,2
67485,5
67485,1
67485,3
67486,7
67487,7
67487,2
67487,5
67487,1
67487,3
67488,7
67488,2
67488,5
67488,1
67488,3
67488,6
67488,4
67489,3
67490,7
67491,3
67492,3
67493,1
67494,6
67495,3
67496,6
67497,3
67498,4
67499,2
67500,2
67501,3
67502,3
67503,1
67504,3
67505,3
67506,6
67507,5
67507,1
67507,3
67508,3
67508,6
67509,4
67510,1
67511,3
67512,7
67512,2
67512,5
67512,1
67512,3
67512,6
67512,4
67513,1
67514,7
67515,1
67515,3
67515,6
67515,4
67516,7
67517,3
67518,6
67519,5
67520,4
67521,7
67522,6
67523,4
67524,2
67525,3
67526,7
67526,2
67526,5
67526,1
67526,3
67526,6
67526,4
67527,7
67527,2
67527,5
67527,1
67527,3
67527,6
67527,4
67528,2
67529,7
67529,2
67529,5
67529,1
67529,3
67529,6
67529,4
67530,6
67531,7
67532,1
67533,7
67533,3
67534,3
67535,4
67536,5
67536,1
67537,7
67537,2
67537,5
67538,1
67539,7
67539,2
67539,5
67539,1
67539,3
67539,6
67539,4
67540,7
67540,2
67540,5
67540,1
67540,3
67540,6
67540,4
67541,7
67541,2
67541,5
67541,1
67541,3
67541,6
67541,4
67542,1
67543,1
67544,7
67544,2
67545,7
67546,7
67546,2
67546,5
67546,1
67546,3
67547,7
67547,2
67547,5
67547,1
67547,3
67548,6
67549,5
67550,1
67551,7
67551,2
67551,5
67551,1
67551,3
67551,6
67551,4
67552,7
67552,2
67552,5
67552,1
67552,3
67552,6
67552,4
67553,6
67554,4
67555,3
67556,4
67557,5
67558,3
67558,6
67558,4
67559,2
67559,5
67559,1
67559,3
67560,1
67561,2
67562,1
67563,4
67564,5
67565,6
67566,5
67567,7
67567,2
67567,5
67567,1
67568,7
67568,2
67568,5
67568,1
67568,3
67568,6
67568,4
67569,5
67570,1
67571,7
67571,2
67571,5
67571,1
67571,3
67571,6
67571,4
67572,7
67572,2
67572,5
67572,1
67572,3
67572,6
67572,4
67573,4
67574,4
67575,7
67576,7
67576,2
67576,5
67576,1
67576,3
67576,6
67576,4
67577,7
67577,2
67577,5
67577,1
67577,3
67577,6
67577,4
67578,7
67578,2
67578,5
67578,1
67578,3
67578,6
67578,4
67579,5
67580,2
67581,6
67582,7
67582,2
67582,5
67582,1
67582,3
67582,6
67582,4
67583,1
67584,5
67585,6
67586,2
67586,5
67587,5
67587,4
67588,2
67589,5
67590,7
67590,2
67590,5
67590,1
67590,3
67591,7
67591,2
67591,5
67591,1
67591,3
67592,3
67593,7
67593,2
67593,5
67593,1
67593,3
67594,7
67594,2
67594,5
67594,1
67594,3
67595,3
67596,6
67597,4
67598,7
67599,3
67600,7
67600,2
67600,5
67600,1
67600,3
67601,5
67601,3
67602,7
67603,6
67604,4
67605,3
67606,7
67606,2
67606,5
67606,1
67606,3
67606,6
67607,7
67607,2
67607,5
67607,1
67607,3
67607,6
67608,6
67609,7
67609,2
67609,5
67609,1
67609,3
67610,7
67610,2
67610,5
67610,1
67610,3
67611,2
67612,1
67613,6
67614,3
67615,2
67615,5
67615,1
67615,3
67615,6
67616,3
67617,7
67617,2
67617,1
67617,3
67617,6
67617,4
67618,7
67618,2
67618,5
67618,1
67618,3
67618,6
67618,4
67619,2
67620,5
67620,1
67621,1
67622,3
67622,6
67623,5
67624,2
67625,7
67625,2
67625,5
67625,1
67625,3
67626,1
67627,6
67628,1
67629,1
67630,2
67631,1
67632,5
67633,3
67634,3
67635,1
67636,3
67637,4
67638,5
67640,2
67641,4
67642,7
67643,7
67644,7
67645,7
67646,2
67647,2
67648,1
67649,7
67650,1
67651,3
67652,3
67653,7
67653,2
67654,6
67656,5
67657,7
67657,2
67657,5
67657,1
67657,3
67657,4
67658,6
67659,7
67660,7
67660,2
67660,5
67660,1
67660,3
67661,7
67661,2
67661,5
67661,1
67662,3
67663,1
67664,4
67665,7
67665,2
67665,5
67665,1
67665,3
67665,6
67665,4
67666,7
67667,1
67668,1
67669,7
67670,2
67671,4
67672,1
67673,1
67674,1
67675,2
67676,6
67677,1
67678,6
67679,5
67679,4
67680,6
67681,5
67682,7
67682,2
67683,1
67684,6
67685,3
67686,7
67686,2
67686,5
67686,1
67686,3
67687,4
67689,5
67689,1
67690,7
67690,2
67690,5
67690,1
67691,7
67691,4
67692,6
67693,5
67694,7
67695,1
67696,7
67696,2
67696,6
67697,6
67698,7
67698,2
67698,5
67698,1
67698,3
67699,1
67700,7
67700,2
67700,5
67700,1
67700,3
67701,7
67701,2
67701,5
67701,1
67701,3
67702,7
67702,2
67702,5
67702,1
67702,3
67703,3
67704,7
67705,2
67706,7
67706,2
67706,5
67706,1
67706,3
67706,6
67706,4
67707,5
67707,1
67707,3
67707,6
67708,7
67709,7
67709,2
67709,5
67709,1
67709,3
67709,6
67709,4
67710,5
67711,4
67712,4
67713,6
67714,7
67715,4
67716,7
67716,2
67716,5
67716,1
67716,3
67717,5
67718,7
67718,2
67718,5
67718,1
67718,3
67718,6
67718,4
67719,7
67719,2
67719,5
67719,1
67719,3
67720,7
67720,2
67720,5
67720,1
67720,3
67721,7
67722,5
67723,7
67723,2
67723,5
67723,1
67723,3
67724,6
67725,7
67725,2
67725,5
67725,1
67725,3
67726,7
67726,2
67726,5
67726,1
67726,3
67727,7
67727,2
67727,5
67727,1
67727,3
67728,3
67729,7
67729,2
67729,5
67729,1
67730,3
67731,3
67732,2
67732,5
67732,1
67732,3
67733,3
67734,1
67735,4
67736,3
67737,1
67738,2
67739,5
67740,4
67741,3
67742,7
67742,2
67742,5
67742,1
67742,3
67742,6
67742,4
67743,4
67744,2
67745,3
67746,1
67747,5
67748,7
67749,7
67749,2
67749,5
67749,1
67749,3
67749,6
67749,4
67750,7
67750,2
67750,5
67750,1
67751,1
67751,4
67752,4
67753,5
67754,5
67755,7
67756,3
67757,4
67758,4
67759,3
67760,7
67761,2
67762,1
67763,7
67763,2
67763,5
67763,1
67763,3
67763,6
67763,4
67764,2
67765,1
67766,4
67767,3
67768,7
67768,2
67768,5
67768,1
67769,7
67769,2
67769,5
67769,1
67769,3
67770,3
67771,7
67771,2
67771,5
67771,1
67772,6
67773,2
67773,5
67774,4
67775,5
67776,6
67777,3
67778,4
67779,7
67779,2
67779,5
67779,1
67779,3
67780,3
67781,6
67781,4
67782,7
67782,2
67782,5
67782,1
67783,7
67783,2
67783,5
67783,1
67783,3
67784,1
67785,1
67786,3
67787,7
67787,2
67787,5
67787,4
67788,7
67788,2
67788,5
67788,1
67788,3
67789,5
67790,4
67792,4
67793,7
67793,2
67793,5
67793,1
67793,3
67793,6
67793,4
67795,7
67795,2
67796,6
67797,1
67798,6
67798,4
67799,7
67799,2
67799,5
67799,1
67799,3
67800,7
67800,2
67800,5
67800,1
67800,3
67801,4
67802,2
67804,6
67805,4
67806,6
67807,7
67807,2
67808,2
67809,7
67810,3
67811,4
67812,7
67814,4
67815,6
67816,4
67817,7
67818,2
67819,2
67820,1
67822,7
67822,2
67823,1
67824,1
67825,6
67827,5
67828,4
67829,7
67829,2
67829,5
67829,1
67829,3
67830,6
67831,2
67832,5
67833,4
67834,1
67835,2
67836,7
67836,2
67836,5
67836,1
67836,3
67837,1
67838,4
67839,2
67840,7
67841,7
67841,2
67841,5
67841,1
67841,3
67842,1
67843,7
67844,3
67845,5
67846,7
67846,2
67846,5
67846,1
67846,3
67847,5
67848,4
67849,7
67849,2
67849,5
67849,1
67849,3
67850,1
67851,7
67852,2
67853,7
67854,6
67855,6
67857,7
67857,2
67857,5
67857,1
67857,3
67857,6
67857,4
67858,7
67858,2
67858,5
67858,1
67858,3
67858,6
67858,4
67859,3
67860,3
67861,2
67862,2
67863,3
67864,3
67865,7
67865,2
67865,5
67865,1
67865,3
67866,6
67867,5
67868,7
67868,2
67868,5
67868,1
67868,3
67869,7
67869,2
67869,5
67869,1
67869,3
67870,6
67871,3
67872,3
67873,7
67873,2
67873,5
67873,1
67873,3
67874,7
67874,2
67874,5
67874,1
67874,3
67875,4
67876,7
67876,2
67876,5
67876,1
67876,3
67877,7
67878,2
67879,7
67879,2
67879,5
67879,1
67879,3
67880,6
67881,7
67881,2
67881,5
67881,1
67881,3
67882,7
67882,2
67882,5
67882,1
67882,3
67883,2
67884,7
67884,2
67884,5
67884,1
67884,3
67884,6
67884,4
67885,2
67886,3
67886,6
67886,4
67887,1
67887,3
67887,6
67887,4
67888,2
67889,3
67890,5
67891,3
67892,3
67893,1
67894,5
67895,6
67896,7
67896,2
67896,5
67896,1
67896,3
67896,6
67896,4
67898,7
67898,2
67898,5
67898,1
67898,3
67899,1
67900,3
67901,7
67901,2
67901,5
67901,1
67901,3
67901,6
67902,2
67903,7
67903,2
67903,5
67903,1
67904,7
67904,2
67904,5
67904,1
67904,3
67904,6
67904,4
67906,5
67907,7
67907,2
67907,5
67907,1
67907,3
67908,7
67908,2
67908,5
67908,1
67908,3
67909,7
67909,2
67909,5
67909,1
67909,3
67910,2
67910,1
67911,6
67912,7
67912,2
67912,5
67912,1
67912,3
67913,7
67913,2
67913,5
67913,1
67913,3
67914,7
67914,2
67914,5
67914,1
67914,3
67915,7
67915,2
67915,5
67915,1
67915,3
67916,6
67917,2
67918,7
67918,2
67918,5
67918,1
67918,3
67919,7
67919,2
67919,5
67919,1
67919,3
67920,7
67920,2
67920,5
67920,1
67920,3
67921,7
67921,2
67921,5
67921,1
67921,3
67922,7
67922,2
67922,5
67922,1
67922,3
67923,7
67923,2
67923,5
67923,1
67923,3
67924,2
67925,2
67926,5
67926,1
67926,3
67926,6
67926,4
67927,7
67928,5
67930,7
67930,2
67930,5
67930,1
67930,3
67930,6
67930,4
67931,6
67932,6
67932,4
67933,7
67933,2
67933,5
67933,1
67933,3
67934,6
67935,4
67936,1
67937,1
67938,3
67939,7
67939,2
67939,5
67939,1
67939,3
67940,7
67940,2
67940,5
67940,1
67940,3
67941,2
67942,2
67943,7
67943,2
67943,5
67943,1
67943,3
67943,6
67943,4
67944,6
67945,7
67945,2
67945,5
67945,1
67945,3
67945,6
67945,4
67946,5
67947,5
67948,1
67949,7
67950,7
67950,2
67950,5
67950,1
67950,3
67951,7
67951,2
67951,5
67951,1
67951,3
67951,6
67952,7
67953,7
67953,2
67953,5
67953,1
67953,3
67954,6
67955,4
67956,6
67956,4
67957,6
67958,3
67958,6
67959,6
67959,4
67960,7
67960,2
67960,5
67960,1
67960,3
67961,7
67961,2
67961,5
67961,1
67961,3
67962,7
67962,2
67962,5
67962,1
67962,3
67963,7
67963,2
67963,5
67963,1
67963,3
67964,3
67965,7
67965,2
67965,5
67965,1
67965,3
67966,6
67966,4
67967,7
67967,2
67967,5
67967,1
67967,3
67968,7
67968,2
67968,5
67968,1
67968,3
67969,2
67970,7
67970,2
67970,5
67970,1
67970,3
67971,7
67971,2
67971,5
67971,1
67971,3
67972,7
67972,2
67972,5
67972,1
67972,3
67973,3
67974,5
67975,7
67975,2
67975,5
67975,1
67975,3
67976,7
67976,2
67976,5
67976,1
67976,3
67977,7
67977,2
67977,5
67977,1
67977,3
67978,7
67978,2
67978,5
67978,1
67978,3
67979,7
67979,2
67979,5
67979,1
67979,3
67980,7
67980,2
67980,5
67980,1
67980,3
67981,7
67981,2
67981,5
67981,1
67981,3
67982,7
67982,2
67982,5
67982,1
67982,3
67983,7
67983,2
67983,5
67983,1
67983,3
67984,7
67984,2
67984,5
67984,1
67984,3
67985,6
67986,7
67986,2
67986,5
67986,1
67986,3
67987,7
67987,2
67987,5
67987,1
67987,3
67988,7
67988,2
67988,5
67988,1
67988,3
67989,7
67989,2
67989,5
67989,1
67989,3
67990,7
67990,2
67990,5
67990,1
67990,3
67991,7
67991,2
67991,5
67991,1
67991,3
67992,7
67992,2
67992,5
67992,1
67992,3
67993,7
67993,2
67993,5
67993,1
67993,3
67994,7
67994,2
67994,5
67994,1
67994,3
67995,7
67995,2
67995,5
67995,1
67995,3
67996,7
67996,2
67996,5
67996,1
67996,3
67997,7
67997,2
67997,5
67997,1
67997,3
67998,7
67998,2
67998,5
67998,1
67998,3
67999,7
67999,2
67999,5
67999,1
67999,3
68000,2
68001,7
68001,2
68001,5
68001,1
68001,3
68002,3
68003,7
68003,2
68003,5
68003,1
68003,3
68004,7
68004,2
68004,5
68004,1
68004,3
68005,7
68005,2
68005,5
68005,1
68005,3
68006,3
68007,7
68007,2
68007,5
68007,1
68007,3
68008,7
68008,2
68008,5
68008,1
68008,3
68009,7
68009,2
68009,5
68009,1
68009,3
68010,7
68010,2
68010,5
68010,1
68010,3
68011,7
68011,2
68011,5
68011,1
68011,3
68012,7
68012,2
68012,5
68012,1
68012,3
68013,6
68014,7
68014,2
68014,5
68014,1
68014,3
68015,6
68016,7
68016,2
68016,5
68016,1
68016,3
68017,7
68017,2
68017,5
68017,1
68017,3
68018,7
68018,2
68018,5
68018,1
68018,3
68019,7
68019,2
68019,5
68019,1
68019,3
68020,7
68020,2
68020,5
68020,1
68020,3
68021,7
68021,2
68021,5
68021,1
68021,3
68022,7
68022,2
68022,5
68022,1
68022,3
68023,7
68023,2
68023,5
68023,1
68023,3
68024,7
68024,2
68024,5
68024,1
68024,3
68025,7
68025,2
68025,5
68025,1
68025,3
68026,7
68026,2
68026,5
68026,1
68026,3
68027,7
68027,2
68027,5
68027,1
68027,3
68028,7
68028,2
68028,5
68028,1
68028,3
68029,3
68030,7
68030,2
68030,5
68030,1
68030,3
68031,7
68031,2
68031,5
68031,1
68031,3
68032,7
68032,2
68032,5
68032,1
68032,3
68033,7
68033,2
68033,5
68033,1
68033,3
68034,7
68034,2
68034,5
68034,1
68034,3
68035,7
68035,2
68035,5
68035,1
68035,3
68036,7
68036,2
68036,5
68036,1
68036,3
68037,7
68037,2
68037,5
68037,1
68037,3
68038,7
68038,2
68038,5
68038,1
68038,3
68039,7
68039,2
68039,5
68039,1
68039,3
68040,7
68040,2
68040,5
68040,1
68040,3
68041,7
68041,2
68041,5
68041,1
68041,3
68042,7
68042,2
68042,5
68042,1
68042,3
68043,7
68043,2
68043,5
68043,1
68043,3
68044,7
68044,2
68044,5
68044,1
68044,3
68045,3
68045,6
68045,4
68046,5
68047,1
68048,3
68049,7
68049,2
68049,5
68049,1
68049,3
68050,7
68050,2
68050,5
68050,1
68050,3
68051,7
68051,2
68051,5
68051,1
68051,3
68052,7
68052,2
68052,5
68052,1
68052,3
68053,7
68053,2
68053,5
68053,1
68053,3
68054,7
68054,2
68054,5
68054,1
68054,3
68055,7
68055,2
68055,5
68055,1
68055,3
68056,7
68056,2
68056,5
68056,1
68056,3
68057,7
68057,2
68057,5
68057,1
68057,3
68058,7
68058,2
68058,5
68058,1
68058,3
68059,2
68060,7
68060,2
68060,5
68060,1
68060,3
68061,7
68061,2
68061,5
68061,1
68061,3
68062,7
68062,2
68062,5
68062,1
68062,3
68063,7
68063,2
68063,5
68063,1
68063,3
68064,7
68064,2
68064,5
68064,1
68064,3
68065,7
68065,2
68065,5
68065,1
68065,3
68066,7
68066,2
68066,5
68066,1
68066,3
68067,7
68067,2
68067,5
68067,1
68067,3
68068,7
68068,2
68068,5
68068,1
68068,3
68069,7
68069,2
68069,5
68069,1
68069,3
68070,7
68070,2
68070,5
68070,1
68070,3
68071,7
68071,2
68071,5
68071,1
68071,3
68072,7
68072,2
68072,5
68072,1
68072,3
68073,7
68073,2
68073,5
68073,1
68073,3
68074,7
68074,2
68074,5
68074,1
68074,3
68075,7
68075,2
68075,5
68075,1
68075,3
68076,7
68076,2
68076,5
68076,1
68076,3
68077,7
68077,2
68077,5
68077,1
68077,3
68078,7
68078,2
68078,5
68078,1
68078,3
68079,7
68079,2
68079,5
68079,1
68079,3
68080,7
68080,2
68080,5
68080,1
68080,3
68081,3
68082,7
68082,2
68082,5
68082,1
68082,3
68083,7
68083,2
68083,5
68083,1
68083,3
68084,7
68084,2
68084,5
68084,1
68084,3
68085,7
68085,2
68085,5
68085,1
68085,3
68086,7
68086,2
68086,5
68086,1
68086,3
68087,7
68087,2
68087,5
68087,1
68087,3
68088,7
68088,2
68088,5
68088,1
68088,3
68089,7
68089,2
68089,5
68089,1
68089,3
68090,7
68090,2
68090,5
68090,1
68090,3
68091,7
68091,2
68091,5
68091,1
68091,3
68092,7
68092,2
68092,5
68092,1
68092,3
68093,7
68093,2
68093,5
68093,1
68093,3
68094,7
68094,2
68094,5
68094,1
68094,3
68095,7
68095,2
68095,5
68095,1
68095,3
68096,5
68097,7
68097,2
68097,5
68097,1
68098,7
68099,6
68100,6
68101,7
68102,6
68103,7
68104,3
68105,7
68106,7
68106,2
68106,5
68106,1
68106,3
68107,4
68108,7
68108,2
68108,5
68108,1
68108,3
68109,2
68109,1
68110,5
68111,3
68112,7
68112,2
68112,5
68112,1
68112,3
68112,6
68112,4
68113,3
68114,7
68114,2
68114,5
68114,1
68114,3
68114,6
68114,4
68115,4
68116,1
68117,1
68118,7
68118,2
68118,5
68118,1
68118,3
68118,6
68118,4
68119,5
68120,5
68121,6
68121,4
68122,3
68123,7
68123,2
68123,5
68123,1
68123,3
68124,3
68125,7
68125,2
68125,3
68125,6
68125,4
68126,3
68127,7
68127,2
68127,5
68127,1
68127,3
68127,6
68127,4
68128,7
68128,2
68128,5
68129,2
68130,3
68134,7
68134,2
68134,5
68134,1
68134,3
68134,6
68134,4
68135,2
68136,7
68136,2
68136,5
68136,1
68136,3
68136,6
68136,4
68137,7
68138,3
68139,5
68140,3
68141,1
68142,6
68143,7
68143,2
68143,5
68143,1
68143,3
68143,6
68143,4
68144,4
68145,3
68146,3
68147,6
68148,6
68149,6
68150,7
68150,2
68150,5
68150,1
68150,3
68150,6
68150,4
68151,3
68152,7
68152,2
68152,5
68152,1
68153,3
68154,5
68156,7
68157,2
68158,7
68158,2
68159,2
68160,4
68161,1
68162,6
68163,7
68164,7
68164,2
68164,5
68164,1
68164,3
68167,1
68168,7
68168,2
68168,5
68168,1
68168,3
68169,2
68170,1
68171,5
68171,1
68172,5
68173,3
68174,7
68174,2
68174,5
68174,1
68175,5
68175,1
68176,3
68176,6
68176,4
68177,5
68177,1
68178,1
68179,4
68180,5
68180,1
68181,2
68181,5
68181,1
68181,3
68182,6
68183,6
68184,4
68185,1
68186,1
68187,7
68187,2
68187,5
68187,1
68187,3
68188,7
68188,2
68188,5
68188,1
68188,3
68189,7
68189,2
68189,5
68189,1
68189,3
68189,6
68189,4
68190,1
68191,6
68192,4
68193,6
68194,1
68195,4
68196,1
68197,7
68197,2
68197,5
68197,1
68197,3
68198,6
68198,4
68199,7
68199,2
68199,5
68199,1
68199,3
68199,6
68199,4
68200,4
68201,7
68202,1
68203,6
68203,4
68204,3
68205,6
68206,7
68206,2
68207,7
68207,2
68208,5
68208,1
68209,4
68210,3
68210,6
68210,4
68211,7
68211,2
68211,4
68212,7
68212,2
68212,5
68212,1
68213,1
68215,2
68216,7
68216,2
68216,5
68216,1
68216,3
68216,6
68216,4
68217,7
68217,2
68217,5
68217,1
68218,7
68218,2
68218,5
68218,1
68219,7
68219,2
68219,5
68219,1
68219,3
68219,6
68219,4
68220,4
68221,7
68221,2
68221,5
68221,1
68222,4
68223,2
68225,7
68225,2
68225,5
68225,1
68225,3
68226,7
68226,2
68226,5
68226,1
68226,3
68226,6
68226,4
68227,5
68228,3
68229,7
68229,2
68229,5
68229,1
68229,3
68229,6
68230,1
68231,3
68232,6
68233,2
68234,4
68235,1
68236,5
68237,2
68238,7
68238,2
68238,5
68238,1
68239,4
68240,5
68241,7
68241,2
68241,5
68241,1
68241,3
68242,7
68242,2
68242,5
68242,1
68243,3
68244,4
68245,4
68246,5
68247,6
68248,4
68249,7
68249,2
68249,5
68249,1
68250,5
68251,7
68251,2
68251,5
68251,1
68252,3
68253,4
68254,7
68255,5
68256,1
68256,3
68256,6
68256,4
68257,1
68258,3
68259,4
68260,6
68261,7
68261,2
68261,5
68261,1
68262,5
68263,5
68264,3
68265,2
68266,6
68266,4
68267,6
68267,4
68268,7
68268,2
68269,5
68269,1
68270,1
68272,3
68273,7
68273,1
68274,5
68274,1
68275,2
68276,3
68277,7
68277,2
68277,5
68277,1
68277,3
68277,6
68277,4
68278,5
68279,7
68280,3
68280,6
68281,4
68282,7
68282,2
68282,5
68282,1
68282,3
68282,6
68282,4
68283,5
68283,1
68283,3
68283,6
68284,5
68285,7
68286,4
68287,7
68287,2
68287,5
68287,1
68287,3
68288,7
68288,2
68288,5
68288,1
68288,3
68289,1
68289,3
68290,2
68292,1
68293,4
68294,7
68294,2
68294,5
68294,1
68295,7
68295,2
68295,5
68295,1
68295,3
68295,6
68296,5
68297,4
68298,7
68298,2
68298,5
68298,1
68298,3
68298,6
68299,7
68299,2
68299,5
68299,1
68299,3
68301,7
68302,7
68302,2
68302,5
68302,1
68302,3
68302,6
68303,1
68304,7
68304,2
68304,5
68304,1
68304,3
68305,7
68305,1
68305,3
68305,6
68305,4
68306,7
68306,2
68306,5
68306,1
68306,3
68306,6
68306,4
68307,7
68307,2
68307,5
68307,1
68307,3
68307,6
68307,4
68308,7
68308,2
68308,5
68308,1
68309,7
68309,2
68309,5
68309,1
68310,7
68310,2
68310,5
68310,1
68311,7
68311,2
68311,5
68311,1
68311,3
68312,7
68313,5
68314,2
68315,2
68315,5
68315,1
68315,3
68316,5
68317,3
68318,1
68319,3
68320,4
68321,5
68322,7
68322,2
68322,5
68322,1
68322,3
68323,3
68324,7
68324,2
68324,5
68324,1
68324,3
68325,7
68325,2
68325,5
68325,1
68325,3
68325,6
68325,4
68326,7
68327,2
68327,1
68328,6
68329,6
68330,1
68331,7
68331,2
68331,5
68331,1
68332,7
68333,6
68334,7
68334,2
68334,5
68336,7
68337,1
68338,2
68339,7
68339,2
68339,5
68339,1
68339,3
68339,6
68339,4
68341,1
68342,7
68342,2
68342,5
68342,1
68342,3
68343,7
68344,7
68344,2
68344,5
68344,1
68345,2
68346,7
68346,2
68346,5
68346,1
68346,3
68346,6
68346,4
68347,1
68348,2
68349,1
68351,3
68352,7
68353,1
68354,7
68354,2
68354,5
68354,1
68354,3
68354,6
68354,4
68355,7
68356,7
68356,2
68356,5
68356,1
68356,3
68356,6
68356,4
68357,3
68359,1
68360,3
68361,7
68363,3
68364,2
68368,3
68369,7
68369,2
68369,5
68369,1
68369,3
68369,6
68369,4
68370,5
68371,6
68372,7
68373,3
68374,1
68375,7
68376,1
68377,4
68378,7
68378,2
68378,5
68378,1
68378,3
68378,6
68378,4
68379,2
68380,1
68381,4
68382,5
68383,6
68384,3
68385,7
68386,1
68387,7
68388,6
68389,1
68390,7
68390,2
68390,5
68390,1
68391,4
68392,1
68392,3
68392,6
68392,4
68393,6
68394,1
68395,5
68396,1
68397,2
68398,2
68399,1
68400,3
68401,7
68402,4
68403,5
68404,7
68404,2
68404,5
68404,1
68404,3
68405,7
68406,3
68407,7
68407,2
68407,5
68407,1
68407,3
68407,6
68407,4
68409,7
68409,2
68409,5
68409,1
68409,3
68410,7
68411,5
68412,3
68413,7
68414,5
68415,2
68416,2
68417,7
68418,7
68419,2
68419,6
68420,5
68421,7
68421,2
68422,4
68423,1
68424,7
68424,2
68424,5
68424,1
68425,3
68426,2
68426,5
68426,1
68426,3
68426,6
68426,4
68427,1
68428,7
68429,6
68429,4
68430,5
68432,7
68433,2
68434,1
68435,7
68435,2
68436,7
68436,2
68436,5
68436,1
68436,3
68436,6
68436,4
68437,1
68438,7
68438,2
68438,5
68438,1
68438,3
68438,6
68438,4
68439,5
68440,2
68441,3
68442,3
68443,3
68445,7
68446,5
68447,1
68448,3
68449,7
68450,4
68451,3
68452,6
68453,2
68454,2
68455,2
68456,3
68457,5
68458,1
68459,3
68460,7
68460,2
68460,5
68460,1
68460,3
68460,6
68460,4
68461,7
68462,7
68462,2
68462,5
68462,1
68462,3
68463,7
68463,2
68463,5
68463,1
68463,3
68463,4
68464,5
68465,7
68465,2
68465,5
68465,1
68465,3
68465,6
68466,2
68467,1
68467,3
68468,3
68469,7
68469,2
68469,5
68469,1
68469,3
68470,4
68471,6
68472,2
68473,5
68473,1
68474,5
68475,1
68476,7
68476,2
68476,5
68476,1
68476,3
68477,7
68478,4
68479,3
68480,5
68481,1
68482,7
68482,2
68482,5
68482,1
68482,3
68483,7
68483,2
68483,5
68483,1
68483,3
68484,3
68485,7
68485,2
68485,5
68485,1
68485,3
68486,3
68487,5
68488,2
68490,7
68490,2
68490,1
68490,3
68490,6
68490,4
68491,5
68492,1
68493,7
68494,6
68494,4
68495,5
68496,2
68496,1
68497,6
68498,2
68499,5
68500,1
68500,3
68500,6
68500,4
68501,3
68501,6
68502,7
68503,1
68504,1
68505,6
68506,6
68507,1
68508,6
68509,6
68510,6
68511,4
68512,4
68513,2
68513,5
68514,3
68515,7
68515,2
68515,5
68515,1
68515,3
68515,6
68515,4
68516,7
68517,2
68518,5
68518,1
68518,3
68518,6
68518,4
68519,5
68520,2
68520,5
68520,1
68521,6
68522,3
68522,6
68523,7
68524,7
68524,2
68525,3
68526,4
68527,3
68528,3
68528,6
68528,4
68529,5
68529,1
68530,1
68531,4
68532,2
68532,5
68532,1
68532,3
68532,6
68532,4
68533,4
68534,6
68534,4
68535,5
68536,5
68537,6
68537,4
68538,3
68539,3
68539,6
68539,4
68540,5
68541,3
68541,6
68541,4
68542,7
68542,2
68542,5
68542,1
68542,3
68543,7
68543,2
68543,5
68543,1
68543,3
68544,4
68545,3
68546,5
68546,1
68547,6
68547,4
68548,4
68549,1
68550,3
68551,1
68552,6
68553,7
68553,2
68553,5
68553,1
68554,1
68555,7
68555,2
68555,5
68555,1
68555,3
68556,4
68557,3
68558,7
68559,1
68560,5
68561,6
68562,3
68563,3
68564,4
68566,4
68567,7
68567,2
68567,5
68567,1
68567,3
68568,4
68569,4
68571,3
68572,7
68573,1
68573,3
68574,7
68574,2
68574,5
68575,6
68575,4
68576,4
68577,3
68578,4
68579,7
68579,5
68579,3
68579,6
68579,4
68580,5
68581,7
68581,2
68581,5
68581,1
68581,3
68581,6
68582,4
68583,7
68584,2
68584,4
68585,7
68586,2
68586,5
68586,1
68587,2
68587,5
68588,6
68589,1
68590,6
68591,7
68591,1
68592,7
68594,1
68595,6
68596,7
68597,3
68598,2
68599,6
68600,1
68601,2
68602,5
68603,1
68604,7
68604,2
68604,5
68604,1
68604,3
68605,5
68606,5
68607,2
68608,1
68609,1
68610,1
68611,6
68612,1
68613,5
68614,2
68615,7
68615,2
68615,5
68615,1
68615,3
68616,6
68617,5
68618,1
68619,3
68620,1
68621,1
68622,1
68623,5
68623,6
68624,3
68625,6
68626,7
68627,4
68628,7
68629,2
68630,2
68631,1
68632,5
68633,5
68634,1
68635,7
68636,7
68636,2
68636,5
68636,1
68636,3
68636,6
68636,4
68637,7
68637,2
68637,5
68637,1
68637,3
68638,1
68639,6
68639,4
68640,4
68641,3
68642,5
68643,6
68644,4
68645,7
68645,2
68645,1
68645,3
68645,6
68645,4
68646,7
68647,2
68648,2
68649,3
68650,1
68651,2
68652,6
68653,7
68653,2
68653,5
68653,1
68653,3
68653,6
68653,4
68654,3
68654,6
68654,4
68655,6
68656,4
68657,7
68657,2
68657,5
68657,1
68657,3
68658,7
68658,2
68659,7
68660,6
68661,7
68661,2
68661,5
68661,1
68661,4
68662,7
68662,2
68662,5
68662,1
68662,3
68663,5
68664,5
68665,3
68666,7
68666,2
68666,5
68666,1
68666,3
68666,6
68666,4
68667,7
68667,2
68667,5
68667,1
68667,3
68667,6
68667,4
68669,7
68670,7
68670,2
68670,5
68670,1
68670,3
68670,6
68670,4
68671,7
68672,7
68673,2
68674,7
68674,2
68675,1
68676,7
68677,5
68678,4
68679,7
68679,2
68679,5
68679,1
68679,3
68679,6
68679,4
68680,6
68681,7
68682,1
68683,3
68684,3
68685,3
68685,6
68686,6
68687,7
68687,2
68687,5
68687,1
68689,6
68690,3
68691,7
68692,5
68693,7
68693,2
68693,5
68693,1
68693,3
68693,6
68693,4
68694,1
68695,7
68695,2
68695,5
68695,1
68695,3
68695,6
68695,4
68696,7
68697,4
68698,3
68699,7
68699,2
68699,5
68699,1
68700,4
68701,5
68701,4
68702,2
68702,5
68702,1
68702,3
68703,6
68704,1
68705,4
68706,6
68707,6
68708,6
68709,3
68710,2
68710,5
68710,1
68711,2
68711,5
68711,1
68712,3
68713,3
68714,3
68715,4
68716,2
68717,7
68717,2
68718,2
68719,2
68720,6
68721,1
68723,5
68724,6
68724,4
68725,1
68726,1
68727,6
68728,3
68729,2
68730,5
68731,2
68732,2
68733,5
68733,1
68734,1
68735,3
68736,1
68737,5
68738,5
68739,6
68740,7
68741,1
68742,4
68743,5
68744,7
68744,2
68744,5
68744,1
68744,3
68744,6
68745,2
68746,1
68747,3
68748,7
68749,6
68750,7
68751,3
68752,1
68753,1
68754,3
68755,3
68756,7
68756,2
68756,5
68756,1
68757,1
68758,1
68759,7
68759,2
68759,5
68759,1
68760,7
68760,5
68761,5
68762,5
68763,7
68764,7
68764,2
68764,5
68764,1
68764,3
68765,1
68766,1
68767,7
68768,7
68768,2
68768,5
68768,1
68768,3
68768,6
68768,4
68769,6
68769,4
68770,6
68770,4
68771,7
68771,2
68771,5
68771,1
68771,3
68771,6
68771,4
68772,1
68773,1
68774,3
68775,7
68775,2
68776,3
68776,6
68777,6
68778,4
68779,3
68780,3
68781,7
68782,4
68783,7
68784,4
68785,7
68785,2
68785,5
68785,1
68785,3
68785,6
68785,4
68786,3
68787,6
68788,5
68789,1
68790,7
68791,7
68791,2
68791,5
68791,1
68791,3
68792,6
68793,2
68793,5
68793,1
68793,3
68793,6
68794,2
68795,1
68796,7
68796,2
68796,5
68796,1
68796,3
68797,5
68798,5
68799,2
68801,1
68802,1
68803,5
68804,3
68805,7
68806,2
68807,1
68808,3
68809,3
68810,7
68810,2
68810,5
68811,4
68812,7
68812,2
68812,5
68812,1
68812,3
68813,6
68814,7
68815,1
68816,4
68817,4
68818,2
68819,7
68820,5
68821,7
68821,2
68822,3
68823,7
68823,2
68823,5
68823,1
68823,3
68823,6
68823,4
68826,3
68827,7
68827,2
68827,5
68827,1
68827,3
68828,7
68829,3
68830,7
68830,2
68830,5
68830,1
68830,3
68831,7
68831,2
68831,5
68831,1
68831,3
68832,5
68833,3
68834,1
68834,4
68835,4
68836,5
68837,7
68838,5
68839,5
68840,3
68841,1
68842,7
68842,2
68842,5
68842,1
68842,3
68842,6
68842,4
68843,3
68844,1
68845,6
68846,4
68847,7
68847,2
68847,5
68847,1
68847,3
68847,6
68847,4
68848,2
68849,3
68850,5
68850,4
68851,3
68852,6
68853,2
68854,3
68855,1
68856,2
68857,5
68858,3
68858,6
68858,4
68859,5
68859,1
68859,3
68860,6
68861,3
68861,6
68861,4
68862,3
68862,6
68862,4
68863,2
68864,5
68865,7
68865,2
68865,5
68865,1
68865,3
68865,6
68865,4
68866,1
68867,7
68867,2
68867,5
68867,1
68867,3
68867,6
68867,4
68868,5
68868,1
68869,7
68869,2
68869,5
68869,1
68869,3
68869,6
68869,4
68870,6
68871,1
68872,5
68872,1
68872,3
68873,2
68873,5
68873,1
68874,2
68875,1
68876,2
68877,1
68878,1
68879,2
68880,3
68882,6
68883,3
68884,5
68885,1
68886,5
68886,1
68887,6
68887,4
68888,6
68889,7
68889,2
68889,5
68889,1
68890,6
68891,7
68891,2
68891,5
68891,1
68891,3
68892,5
68893,7
68894,7
68894,2
68894,5
68894,1
68894,3
68894,6
68894,4
68895,7
68895,2
68895,5
68895,1
68895,3
68895,6
68895,4
68896,7
68896,2
68896,5
68896,1
68896,3
68896,6
68896,4
68897,7
68898,7
68898,2
68898,5
68898,1
68898,3
68898,6
68898,4
68899,2
68900,2
68901,7
68901,2
68901,5
68901,1
68901,3
68902,7
68902,2
68902,5
68902,1
68902,3
68903,5
68904,2
68905,2
68906,5
68907,3
68908,5
68909,3
68910,6
68912,4
68913,6
68914,7
68915,2
68916,7
68916,2
68916,5
68916,1
68916,3
68917,6
68918,5
68919,7
68919,2
68919,5
68919,1
68919,3
68920,3
68921,2
68922,7
68923,7
68923,2
68923,5
68923,1
68923,3
68923,6
68923,4
68924,5
68925,7
68925,2
68925,5
68926,2
68927,3
68928,5
68929,5
68929,1
68929,3
68930,4
68931,5
68932,3
68933,3
68934,5
68935,2
68936,5
68937,3
68938,3
68939,4
68940,6
68941,1
68942,7
68944,2
68945,4
68946,5
68947,1
68948,1
68949,3
68950,7
68950,2
68950,5
68950,1
68951,7
68951,2
68951,5
68951,1
68951,3
68952,7
68953,7
68954,7
68954,2
68954,5
68954,1
68954,3
68955,7
68955,2
68955,5
68955,1
68955,3
68955,6
68955,4
68956,7
68956,2
68956,5
68956,1
68956,3
68957,7
68957,2
68957,5
68957,1
68957,3
68958,3
68959,2
68960,2
68961,3
68962,1
68963,7
68963,2
68963,5
68963,1
68963,3
68963,6
68963,4
68964,4
68965,2
68966,6
68967,7
68967,2
68967,5
68967,1
68967,3
68968,4
68969,7
68970,6
68971,6
68972,2
68972,1
68972,3
68973,3
68974,3
68975,2
68976,7
68977,5
68978,2
68978,5
68978,1
68979,7
68980,1
68981,3
68982,6
68983,2
68984,2
68985,3
68986,4
68987,7
68989,3
68990,2
68991,4
68992,6
68993,4
68994,7
68995,7
68996,7
68996,2
68996,5
68996,1
68996,3
68997,7
68998,2
68998,5
68999,2
69000,2
69001,5
69002,2
69003,1
69004,7
69004,2
69004,5
69004,1
69004,3
69004,4
69005,7
69005,2
69005,5
69005,1
69005,3
69005,6
69005,4
69006,7
69007,5
69008,2
69009,5
69010,6
69011,2
69012,3
69013,4
69014,6
69014,4
69015,7
69015,2
69015,5
69015,1
69015,3
69016,7
69017,1
69018,6
69019,1
69020,1
69021,7
69021,2
69021,5
69021,1
69021,3
69022,3
69023,6
69024,7
69024,2
69025,6
69026,6
69027,7
69027,2
69027,5
69027,1
69027,3
69027,6
69027,4
69028,4
69029,7
69030,2
69031,1
69032,5
69033,7
69034,2
69035,7
69035,2
69035,5
69035,1
69035,3
69036,3
69037,6
69038,5
69039,2
69040,3
69041,5
69041,1
69042,3
69043,5
69044,6
69045,5
69045,1
69046,5
69047,7
69047,2
69047,5
69047,1
69047,3
69048,5
69049,5
69049,1
69050,5
69052,7
69052,2
69052,5
69052,1
69052,3
69052,6
69052,4
69053,2
69054,1
69055,7
69055,2
69055,5
69055,1
69055,3
69055,6
69055,4
69056,7
69056,2
69056,5
69056,4
69057,3
69058,7
69059,1
69059,3
69060,7
69060,2
69060,5
69060,1
69060,3
69061,7
69061,2
69061,5
69061,1
69061,3
69062,6
69063,5
69064,4
69065,2
69066,2
69067,2
69068,4
69069,3
69070,2
69071,5
69072,3
69073,1
69074,6
69075,3
69076,2
69077,7
69079,5
69080,5
69082,7
69083,4
69084,4
69085,2
69085,1
69085,6
69086,5
69087,2
69088,3
69089,5
69090,7
69090,2
69091,7
69091,2
69091,5
69092,6
69093,2
69094,7
69094,2
69094,5
69094,1
69094,3
69095,7
69096,3
69097,3
69098,7
69098,2
69098,5
69098,1
69098,3
69099,7
69100,5
69101,7
69101,2
69101,5
69101,1
69101,3
69101,6
69101,4
69102,2
69103,7
69104,7
69105,3
69106,1
69107,3
69108,7
69108,2
69108,5
69108,1
69108,3
69108,6
69108,4
69109,7
69110,7
69110,2
69110,5
69110,1
69110,3
69111,7
69112,1
69113,2
69113,5
69113,1
69113,3
69114,5
69114,1
69115,3
69115,6
69116,1
69117,7
69117,2
69117,5
69117,1
69117,3
69117,6
69117,4
69118,7
69118,2
69118,5
69118,1
69118,3
69118,6
69118,4
69119,5
69120,7
69120,2
69120,5
69120,1
69120,3
69120,6
69120,4
69121,7
69121,2
69121,5
69121,1
69121,3
69121,6
69121,4
69122,7
69122,2
69122,5
69122,1
69122,3
69122,6
69122,4
69123,7
69123,2
69123,5
69123,1
69123,3
69123,6
69123,4
69124,7
69124,2
69124,5
69124,1
69124,3
69125,7
69125,2
69125,5
69125,1
69125,3
69126,6
69127,7
69127,2
69127,5
69127,1
69127,3
69128,7
69128,2
69128,5
69128,1
69128,3
69129,3
69130,7
69130,2
69130,5
69130,1
69130,3
69130,6
69130,4
69131,7
69131,2
69131,5
69131,1
69131,3
69132,3
69133,7
69133,2
69133,5
69133,1
69133,4
69134,3
69135,4
69136,7
69136,2
69136,5
69136,1
69136,3
69137,7
69137,2
69137,5
69137,1
69137,3
69138,7
69139,7
69140,1
69141,3
69142,1
69143,1
69144,7
69145,3
69146,7
69146,2
69146,5
69146,1
69146,3
69146,6
69146,4
69147,7
69147,2
69147,5
69147,1
69147,3
69147,6
69147,4
69148,7
69148,2
69148,5
69148,1
69148,3
69148,6
69148,4
69149,7
69149,2
69149,5
69149,1
69149,3
69149,6
69149,4
69150,2
69151,5
69152,7
69152,2
69152,5
69152,1
69152,3
69152,6
69152,4
69153,1
69154,5
69155,3
69155,6
69155,4
69156,6
69156,4
69157,6
69158,1
69159,2
69160,7
69160,2
69161,4
69162,1
69163,5
69164,2
69165,5
69167,7
69167,2
69167,5
69167,1
69167,3
69167,6
69167,4
69168,7
69168,2
69168,5
69168,1
69168,3
69168,6
69168,4
69169,1
69170,2
69171,1
69172,7
69173,7
69173,2
69174,7
69175,7
69175,2
69175,5
69176,6
69177,7
69177,2
69177,5
69177,1
69177,3
69177,6
69177,4
69178,6
69179,6
69180,2
69181,3
69182,6
69183,2
69183,6
69184,4
69185,7
69185,2
69186,3
69186,6
69187,3
69188,6
69188,4
69189,6
69189,4
69190,7
69190,2
69191,1
69193,5
69194,7
69194,2
69194,5
69194,1
69194,3
69194,6
69194,4
69195,2
69196,7
69196,2
69196,5
69196,1
69196,3
69197,2
69198,7
69198,2
69199,2
69199,1
69200,1
69201,7
69201,2
69201,5
69201,1
69201,3
69202,7
69202,2
69202,5
69202,1
69203,7
69203,2
69203,5
69203,1
69203,3
69204,4
69205,3
69205,6
69205,4
69206,1
69207,2
69207,5
69207,1
69207,3
69208,2
69209,7
69210,4
69211,7
69211,2
69212,2
69213,3
69214,2
69214,5
69214,1
69214,3
69215,7
69215,2
69215,5
69215,1
69216,5
69217,5
69218,6
69218,4
69219,7
69219,2
69219,5
69219,1
69220,7
69220,2
69220,5
69220,1
69220,3
69221,5
69222,2
69223,4
69224,4
69225,7
69225,2
69225,5
69225,1
69225,3
69226,7
69226,2
69226,5
69227,1
69228,4
69229,7
69229,2
69229,5
69229,1
69229,3
69230,2
69231,7
69231,2
69231,5
69231,1
69231,3
69232,3
69233,2
69234,6
69235,1
69236,1
69237,3
69238,6
69239,2
69240,5
69241,1
69242,2
69243,7
69243,2
69243,5
69243,1
69243,3
69243,6
69243,4
69244,6
69245,3
69246,5
69247,3
69248,3
69249,3
69250,5
69251,2
69251,1
69252,1
69253,7
69253,2
69253,5
69253,1
69253,3
69253,6
69254,6
69255,7
69255,2
69255,5
69255,1
69255,3
69256,6
69256,4
69257,4
69258,3
69259,6
69260,2
69260,5
69261,5
69262,5
69263,5
69263,1
69264,6
69264,4
69265,2
69265,5
69265,1
69266,6
69268,1
69269,1
69270,5
69271,7
69271,2
69271,5
69271,1
69271,3
69272,7
69273,5
69273,1
69274,5
69275,1
69276,2
69277,7
69277,2
69277,5
69277,1
69277,3
69278,3
69280,7
69281,7
69282,6
69283,5
69284,4
69285,6
69285,4
69286,5
69286,1
69287,5
69287,1
69288,3
69289,7
69289,2
69290,3
69291,1
69292,7
69292,2
69292,5
69292,1
69292,3
69292,6
69292,4
69293,7
69294,7
69294,2
69295,5
69295,1
69296,2
69297,3
69298,3
69299,1
69299,3
69299,6
69299,4
69300,3
69301,6
69302,4
69303,5
69304,1
69305,7
69305,2
69305,5
69305,1
69305,3
69306,6
69307,6
69308,5
69309,3
69310,7
69311,3
69312,1
69313,6
69313,4
69314,7
69315,1
69316,2
69317,1
69318,1
69319,5
69320,5
69321,2
69322,3
69323,3
69324,4
69325,5
69326,1
69326,3
69327,7
69327,2
69327,5
69327,1
69327,3
69328,3
69329,1
69330,5
69331,2
69332,5
69333,1
69334,3
69335,1
69336,2
69337,1
69338,3
69339,6
69340,2
69341,3
69341,6
69341,4
69342,7
69342,2
69342,5
69342,1
69342,3
69343,7
69343,2
69343,5
69343,1
69343,3
69344,6
69345,4
69346,7
69346,2
69347,4
69348,1
69348,3
69349,7
69350,5
69351,1
69352,4
69353,2
69355,7
69356,1
69357,3
69359,5
69360,7
69360,2
69360,5
69360,1
69360,3
69361,4
69362,1
69363,2
69363,5
69364,5
69365,2
69366,5
69367,1
69368,1
69369,1
69370,1
69371,2
69372,3
69373,1
69375,7
69375,2
69375,5
69375,1
69375,3
69376,3
69377,7
69377,2
69377,5
69377,1
69377,3
69377,6
69377,4
69378,3
69379,5
69380,1
69381,5
69382,6
69383,4
69384,1
69385,6
69386,5
69387,4
69388,4
69389,3
69390,3
69391,5
69392,6
69393,4
69394,4
69395,7
69395,2
69395,5
69395,1
69395,3
69395,6
69395,4
69396,7
69397,5
69397,1
69397,3
69397,6
69398,7
69398,2
69398,5
69398,1
69399,1
69400,7
69400,2
69400,5
69400,1
69401,3
69402,4
69403,4
69404,1
69405,7
69405,2
69405,5
69405,1
69405,3
69405,6
69405,4
69406,7
69406,2
69406,5
69406,1
69406,3
69407,3
69408,7
69408,2
69408,5
69408,1
69408,3
69408,6
69408,4
69409,7
69409,2
69409,5
69409,1
69409,3
69409,6
69409,4
69410,7
69410,2
69410,5
69410,1
69410,3
69410,6
69410,4
69411,5
69411,1
69411,3
69411,6
69412,5
69413,3
69414,7
69415,4
69416,1
69417,2
69418,3
69419,2
69420,2
69421,7
69422,4
69423,5
69424,7
69425,5
69426,4
69427,1
69428,7
69428,2
69428,5
69428,1
69429,6
69429,4
69430,7
69430,2
69430,5
69430,1
69430,3
69431,7
69431,2
69431,5
69431,1
69431,3
69432,7
69432,2
69432,5
69432,1
69432,3
69433,2
69434,3
69435,1
69436,2
69437,3
69438,6
69439,1
69440,3
69441,5
69442,1
69443,4
69444,6
69445,5
69446,1
69447,3
69448,7
69449,2
69450,3
69450,6
69450,4
69451,2
69452,7
69452,2
69452,5
69452,1
69452,3
69452,6
69452,4
69453,5
69453,1
69453,3
69453,6
69453,4
69454,7
69455,7
69455,2
69455,5
69455,3
69455,6
69455,4
69456,7
69456,2
69456,5
69456,1
69456,3
69456,6
69456,4
69457,4
69458,3
69459,2
69460,7
69461,7
69461,2
69461,5
69461,1
69461,3
69461,6
69462,1
69464,4
69465,2
69466,1
69467,5
69468,7
69468,2
69468,5
69468,1
69468,3
69468,6
69468,4
69469,2
69469,5
69470,7
69470,6
69470,4
69472,3
69472,6
69472,4
69473,3
69474,6
69475,7
69475,2
69475,5
69475,1
69475,3
69476,7
69477,7
69478,6
69479,7
69479,2
69479,5
69479,1
69479,3
69479,6
69479,4
69480,4
69481,6
69482,4
69483,6
69483,4
69484,5
69485,1
69486,1
69487,5
69487,1
69488,1
69488,3
69488,6
69488,4
69489,1
69490,2
69491,6
69491,4
69492,6
69493,5
69494,5
69495,5
69496,1
69497,3
69498,7
69499,7
69499,2
69499,5
69499,1
69499,3
69499,6
69499,4
69500,7
69500,2
69500,5
69500,1
69500,3
69500,6
69500,4
69501,7
69501,2
69501,5
69501,1
69501,3
69501,6
69501,4
69502,6
69503,6
69503,4
69504,6
69506,6
69507,7
69507,2
69507,5
69507,1
69507,3
69507,6
69507,4
69508,7
69509,7
69509,2
69509,5
69509,1
69509,3
69510,3
69511,5
69512,5
69513,6
69513,4
69514,7
69514,2
69514,5
69514,1
69514,3
69514,6
69515,3
69516,2
69516,1
69517,3
69518,7
69519,7
69519,2
69519,5
69519,1
69519,3
69519,6
69520,7
69520,2
69520,5
69520,1
69520,3
69520,6
69520,4
69521,2
69522,3
69522,6
69522,4
69523,7
69523,2
69523,5
69523,1
69523,3
69523,6
69523,4
69524,6
69525,7
69525,2
69525,5
69525,1
69525,3
69525,6
69525,4
69526,2
69527,7
69528,1
69529,1
69530,3
69531,7
69531,2
69531,5
69531,1
69531,3
69531,6
69531,4
69532,7
69532,2
69532,5
69532,1
69532,3
69533,6
69534,6
69535,5
69535,1
69536,3
69537,6
69538,4
69540,5
69541,5
69542,7
69543,7
69543,2
69543,5
69543,4
69544,4
69545,7
69546,6
69549,2
69550,3
69550,6
69550,4
69551,1
69551,3
69551,6
69552,7
69553,2
69554,1
69555,7
69556,3
69557,7
69558,2
69559,7
69559,2
69559,5
69559,1
69559,3
69559,6
69559,4
69560,6
69561,5
69562,3
69563,2
69563,5
69563,1
69564,6
69565,7
69565,2
69565,5
69565,1
69565,3
69565,6
69565,4
69566,7
69566,2
69566,5
69566,1
69566,3
69566,6
69566,4
69567,7
69567,2
69567,5
69567,1
69567,3
69567,6
69567,4
69568,5
69569,6
69570,2
69571,1
69572,7
69572,2
69573,5
69573,1
69574,1
69575,3
69576,2
69577,2
69578,3
69579,1
69580,1
69581,2
69581,5
69581,1
69582,2
69583,2
69584,1
69585,1
69586,3
69587,1
69588,5
69590,1
69591,5
69591,1
69592,7
69593,7
69593,2
69593,5
69593,1
69593,3
69593,6
69593,4
69594,3
69595,7
69595,2
69595,5
69595,1
69595,3
69595,6
69595,4
69596,6
69597,5
69598,5
69599,3
69600,4
69601,3
69602,5
69603,2
69604,7
69604,2
69604,5
69604,1
69604,3
69604,6
69604,4
69605,4
69606,4
69607,3
69608,1
69609,1
69610,7
69610,2
69611,4
69612,7
69612,4
69613,3
69614,3
69615,1
69616,5
69617,5
69618,5
69619,2
69620,5
69621,4
69622,1
69623,7
69623,2
69623,5
69623,1
69623,3
69624,6
69625,1
69626,6
69627,7
69628,5
69629,7
69629,2
69629,3
69629,6
69629,4
69630,5
69630,1
69630,3
69631,3
69632,1
69633,7
69633,2
69634,6
69635,3
69636,3
69636,6
69637,7
69638,1
69639,4
69640,7
69640,3
69641,7
69642,5
69642,3
69643,7
69643,2
69643,5
69643,1
69643,3
69644,1
69645,2
69646,7
69646,2
69646,5
69646,1
69646,3
69646,6
69646,4
69647,2
69648,1
69649,2
69650,3
69651,2
69652,6
69653,1
69654,2
69655,1
69656,7
69656,1
69658,7
69658,2
69658,5
69658,1
69658,3
69658,6
69658,4
69659,7
69659,2
69659,5
69659,1
69659,3
69659,6
69659,4
69660,2
69660,5
69660,1
69661,5
69662,7
69662,2
69662,5
69662,1
69662,3
69662,6
69662,4
69663,5
69664,7
69664,2
69664,5
69664,1
69664,3
69664,6
69664,4
69665,7
69665,2
69665,5
69665,1
69665,3
69665,6
69665,4
69666,4
69667,7
69667,2
69667,5
69667,1
69667,3
69667,6
69667,4
69668,2
69668,5
69668,1
69668,3
69669,7
69669,2
69669,5
69669,1
69669,3
69669,6
69669,4
69670,7
69670,2
69670,5
69670,1
69670,3
69670,6
69670,4
69671,6
69672,4
69673,7
69673,2
69673,5
69673,1
69673,3
69674,1
69675,2
69675,5
69675,1
69675,3
69675,6
69676,1
69677,3
69678,7
69679,2
69680,3
69681,1
69682,1
69683,3
69683,6
69684,3
69685,3
69686,3
69687,6
69688,4
69689,3
69690,3
69691,5
69692,7
69692,2
69692,5
69692,1
69692,3
69692,6
69692,4
69693,3
69694,2
69694,3
69695,6
69696,2
69697,6
69697,4
69698,7
69698,2
69698,5
69698,1
69698,3
69698,6
69698,4
69699,6
69699,4
69700,4
69701,7
69701,2
69701,5
69701,1
69701,3
69701,6
69701,4
69702,4
69703,6
69704,3
69705,4
69706,5
69707,3
69708,7
69708,2
69708,5
69708,1
69708,3
69708,6
69708,4
69709,7
69709,2
69710,5
69711,4
69712,7
69712,2
69713,3
69714,7
69714,2
69714,5
69714,1
69715,5
69716,3
69717,6
69718,2
69719,5
69720,7
69720,2
69720,5
69720,1
69720,3
69720,4
69721,7
69722,5
69723,7
69723,2
69723,5
69723,1
69723,3
69724,7
69724,2
69724,5
69724,1
69724,3
69725,7
69726,5
69727,3
69728,6
69729,4
69730,7
69730,2
69730,5
69730,1
69730,3
69731,3
69731,6
69731,4
69732,5
69733,7
69733,2
69733,5
69733,1
69733,3
69734,7
69734,2
69734,5
69734,1
69734,3
69735,4
69736,4
69737,5
69738,7
69738,2
69738,5
69738,1
69738,3
69739,4
69740,3
69741,3
69742,7
69742,2
69742,5
69742,1
69742,3
69743,7
69744,7
69744,2
69744,5
69744,1
69744,3
69744,6
69744,4
69745,7
69746,7
69746,2
69746,5
69746,1
69746,3
69746,6
69746,4
69747,2
69748,3
69749,7
69749,2
69749,5
69749,1
69749,3
69750,6
69751,3
69752,2
69752,3
69753,4
69754,5
69756,1
69758,2
69759,7
69759,2
69759,5
69759,1
69759,3
69759,6
69759,4
69760,7
69760,2
69760,5
69760,1
69761,7
69761,2
69761,1
69762,3
69763,1
69764,2
69765,7
69766,5
69766,1
69766,3
69766,6
69766,4
69767,5
69768,3
69768,6
69768,4
69769,7
69769,2
69769,5
69769,1
69769,3
69770,5
69771,6
69772,2
69773,5
69773,3
69774,3
69775,2
69776,4
69777,7
69778,2
69779,7
69779,2
69779,5
69779,1
69779,3
69779,6
69779,4
69780,7
69780,2
69780,5
69780,1
69780,3
69780,6
69780,4
69781,7
69781,2
69781,5
69781,1
69781,3
69781,6
69781,4
69783,5
69784,1
69784,3
69785,3
69786,3
69787,1
69788,4
69789,2
69790,1
69791,7
69792,6
69793,7
69794,2
69795,7
69795,2
69795,5
69795,1
69795,3
69796,7
69796,2
69796,5
69796,1
69796,3
69797,6
69797,4
69798,3
69799,1
69800,3
69801,4
69803,3
69804,5
69805,2
69806,5
69807,7
69808,5
69809,6
69810,5
69810,1
69810,3
69810,6
69810,4
69813,7
69814,2
69816,3
69817,1
69818,2
69819,2
69820,3
69821,7
69821,2
69821,5
69821,1
69821,3
69822,7
69822,2
69823,1
69824,4
69825,6
69826,6
69827,5
69828,1
69829,7
69830,1
69831,6
69832,6
69833,6
69834,3
69835,4
69836,2
69837,2
69838,6
69839,6
69840,7
69841,2
69842,1
69843,1
69844,2
69845,6
69846,3
69847,3
69848,3
69849,7
69849,2
69850,4
69851,3
69852,6
69852,4
69853,7
69853,2
69853,5
69853,1
69855,2
69856,2
69857,7
69857,2
69857,3
69857,6
69857,4
69858,7
69859,7
69859,2
69859,5
69859,1
69859,3
69860,3
69861,7
69862,2
69863,7
69863,2
69863,5
69863,1
69863,3
69864,4
69865,7
69865,2
69865,5
69865,1
69865,3
69865,6
69865,4
69866,5
69867,2
69868,1
69869,4
69870,7
69870,2
69870,5
69870,1
69870,3
69871,7
69871,2
69871,5
69871,1
69871,3
69871,6
69871,4
69872,1
69873,6
69874,6
69875,2
69876,2
69877,7
69877,2
69877,5
69877,1
69877,3
69878,7
69879,5
69879,1
69880,7
69880,2
69881,5
69882,3
69883,6
69884,5
69885,7
69885,2
69885,5
69885,1
69886,7
69886,4
69887,1
69888,3
69889,7
69889,2
69889,5
69889,1
69889,3
69889,6
69889,4
69890,7
69891,7
69892,1
69892,3
69892,6
69892,4
69893,2
69893,5
69893,1
69893,3
69893,6
69894,7
69894,2
69894,5
69894,1
69894,3
69895,7
69896,1
69897,5
69898,3
69899,3
69900,1
69901,4
69902,7
69903,5
69904,7
69904,2
69904,5
69904,1
69904,3
69905,7
69905,2
69905,5
69905,1
69905,3
69906,3
69907,1
69909,7
69909,2
69909,5
69909,1
69909,3
69909,6
69909,4
69910,3
69911,1
69912,7
69912,5
69912,3
69913,4
69914,5
69914,1
69914,3
69915,5
69915,1
69917,6
69918,3
69919,7
69920,3
69921,7
69922,7
69922,2
69922,5
69922,1
69922,3
69922,6
69922,4
69923,4
69924,3
69925,3
69925,6
69925,4
69926,5
69927,1
69928,3
69929,4
69930,3
69931,7
69932,7
69933,2
69933,3
69934,4
69935,6
69936,3
69936,6
69937,5
69937,1
69938,1
69939,5
69940,1
69941,7
69942,7
69943,4
69944,7
69945,5
69946,7
69947,2
69948,6
69949,5
69950,7
69951,7
69952,1
69952,3
69952,6
69952,4
69953,7
69953,2
69953,6
69953,4
69954,4
69955,1
69956,6
69957,2
69958,3
69959,4
69960,4
69961,7
69961,2
69961,5
69961,1
69961,3
69961,6
69961,4
69962,1
69963,1
69964,6
69965,3
69966,7
69966,2
69967,1
69968,1
69969,5
69970,7
69970,2
69970,5
69970,1
69970,3
69970,6
69971,3
69972,1
69973,7
69974,6
69975,1
69976,6
69977,5
69978,7
69979,1
69980,5
69981,4
69982,7
69983,1
69984,6
69985,2
69986,4
69987,5
69988,1
69989,3
69990,3
69991,1
69992,7
69993,1
69994,3
69994,6
69995,3
69996,4
69997,7
69997,2
69997,5
69997,1
69997,3
69997,6
69997,4
69998,7
69998,2
69998,5
69998,1
69998,3
69998,6
69998,4
69999,3
70000,1
70001,7
70002,3
70004,1
70005,7
70006,6
70007,7
70008,3
70009,3
70010,2
70011,1
70012,5
70013,6
70015,2
70016,3
70017,5
70018,7
70018,2
70018,5
70018,1
70018,3
70018,6
70018,4
70019,2
70019,5
70019,1
70019,3
70019,6
70020,1
70021,3
70021,4
70022,2
70023,6
70024,4
70025,7
70025,2
70025,5
70025,1
70025,3
70025,6
70025,4
70026,7
70026,2
70026,3
70026,6
70026,4
70027,3
70027,6
70027,4
70028,7
70028,2
70029,7
70029,2
70029,5
70029,1
70030,2
70031,2
70032,7
70032,2
70032,5
70032,1
70032,3
70032,6
70032,4
70034,7
70034,2
70034,5
70034,1
70034,3
70035,3
70036,5
70037,4
70038,3
70039,7
70040,7
70040,2
70040,5
70040,1
70040,3
70040,6
70040,4
70041,7
70041,2
70041,5
70041,1
70041,3
70041,6
70041,4
70042,6
70043,3
70044,4
70045,6
70046,7
70047,3
70048,2
70049,2
70050,3
70051,2
70052,7
70052,2
70052,5
70052,1
70053,7
70054,3
70055,6
70056,7
70057,7
70057,2
70057,5
70057,1
70057,3
70058,7
70058,2
70058,5
70058,1
70059,2
70060,7
70061,2
70062,4
70063,2
70064,3
70065,3
70066,1
70067,2
70067,5
70067,1
70067,3
70068,7
70068,2
70068,5
70068,1
70068,3
70069,7
70069,2
70069,5
70069,1
70069,3
70070,7
70070,2
70070,5
70070,1
70070,3
70070,6
70071,7
70071,2
70071,5
70071,1
70071,3
70072,7
70072,2
70072,5
70072,1
70072,3
70073,4
70074,4
70075,7
70075,2
70075,5
70075,1
70075,3
70076,7
70076,2
70076,5
70076,1
70076,3
70076,6
70077,7
70077,2
70077,5
70077,1
70077,3
70078,4
70079,7
70079,2
70079,5
70079,1
70079,3
70080,6
70081,7
70081,2
70081,5
70081,1
70081,3
70082,5
70082,1
70083,7
70083,2
70083,5
70083,1
70083,3
70084,5
70085,7
70085,2
70085,5
70085,1
70085,3
70085,6
70086,5
70087,3
70087,6
70087,4
70088,6
70088,4
70089,6
70090,7
70090,2
70090,5
70090,1
70090,3
70090,6
70091,3
70092,7
70092,2
70092,5
70092,1
70092,3
70092,4
70093,5
70093,1
70093,3
70093,6
70094,1
70095,7
70095,2
70095,5
70095,1
70095,3
70096,7
70096,2
70096,5
70096,1
70096,3
70097,6
70098,3
70100,7
70100,2
70100,5
70100,1
70100,3
70101,5
70102,2
70103,1
70104,1
70104,3
70104,6
70105,3
70106,7
70106,2
70106,5
70106,1
70106,3
70107,1
70108,3
70109,7
70109,2
70109,5
70109,1
70110,1
70111,1
70112,7
70113,2
70114,7
70114,2
70114,5
70114,1
70114,3
70114,6
70114,4
70115,6
70116,3
70116,6
70116,4
70117,3
70118,6
70119,1
70120,6
70121,7
70121,2
70121,5
70121,1
70121,3
70121,6
70122,1
70123,7
70123,2
70124,3
70125,4
70126,4
70127,7
70128,1
70128,3
70128,6
70128,4
70129,2
70130,2
70130,5
70130,1
70131,7
70131,2
70132,7
70132,2
70132,5
70132,1
70133,4
70134,1
70135,3
70136,1
70137,7
70137,2
70137,5
70137,1
70137,3
70137,6
70137,4
70138,1
70139,4
70140,6
70140,4
70141,4
70142,3
70143,5
70144,5
70145,7
70145,2
70145,5
70145,1
70145,3
70145,6
70145,4
70146,7
70146,2
70146,5
70146,1
70146,3
70146,6
70146,4
70147,5
70148,6
70149,6
70150,6
70151,3
70152,7
70152,2
70152,5
70152,3
70152,6
70152,4
70153,1
70154,1
70155,3
70156,7
70157,3
70158,1
70159,2
70160,7
70161,5
70162,7
70162,2
70162,5
70162,1
70162,3
70163,7
70163,2
70163,5
70163,1
70163,3
70164,6
70165,1
70166,7
70167,7
70167,2
70167,5
70167,1
70167,3
70167,6
70167,4
70168,6
70169,3
70170,2
70170,3
70171,5
70172,6
70173,3
70173,6
70173,4
70174,1
70175,6
70175,4
70176,3
70177,5
70178,6
70179,1
70180,5
70181,2
70182,4
70183,5
70184,3
70184,6
70184,4
70185,3
70186,7
70187,5
70188,5
70188,1
70188,3
70188,6
70189,2
70190,7
70190,2
70190,5
70190,1
70190,3
70191,2
70192,5
70193,7
70193,2
70193,5
70193,1
70193,3
70194,1
70195,1
70196,5
70197,3
70198,1
70199,7
70199,2
70199,5
70199,1
70199,3
70199,6
70199,4
70200,3
70201,5
70202,1
70203,7
70203,2
70203,5
70203,1
70203,3
70204,7
70204,2
70204,5
70204,1
70204,3
70204,6
70204,4
70205,7
70205,2
70205,5
70205,1
70205,3
70206,4
70207,6
70208,7
70208,2
70208,5
70208,1
70208,3
70208,6
70208,4
70209,7
70209,2
70209,5
70209,1
70209,3
70209,6
70209,4
70210,7
70211,3
70212,2
70213,3
70213,6
70213,4
70214,6
70215,7
70215,2
70215,5
70215,1
70216,5
70217,7
70217,2
70217,5
70217,1
70217,3
70217,6
70217,4
70219,4
70220,6
70221,4
70222,2
70223,7
70224,7
70224,2
70224,5
70224,1
70224,3
70225,4
70226,7
70226,4
70227,5
70227,4
70228,7
70229,2
70230,4
70231,2
70232,2
70234,5
70234,1
70235,7
70235,2
70235,5
70235,1
70235,3
70236,7
70236,2
70236,5
70236,1
70236,3
70236,6
70236,4
70237,7
70237,2
70237,5
70237,1
70238,4
70239,5
70240,1
70241,7
70241,2
70241,5
70241,1
70241,3
70243,2
70244,1
70245,7
70246,7
70246,2
70246,5
70246,1
70247,2
70247,1
70247,3
70247,6
70248,1
70249,2
70250,7
70250,2
70250,5
70250,1
70250,3
70251,3
70252,7
70253,7
70253,2
70253,5
70253,1
70253,3
70254,1
70255,7
70255,2
70255,5
70255,1
70255,3
70255,4
70256,6
70257,7
70257,2
70257,5
70257,1
70258,7
70258,2
70258,5
70258,1
70258,3
70259,3
70260,7
70261,7
70262,6
70263,6
70264,2
70265,7
70265,2
70265,5
70265,1
70265,3
70266,5
70267,3
70268,7
70268,2
70268,5
70268,1
70268,3
70269,3
70270,6
70271,7
70272,2
70272,5
70272,1
70273,5
70274,7
70274,2
70274,5
70274,1
70274,3
70274,6
70274,4
70275,5
70276,7
70276,2
70276,5
70276,1
70276,3
70277,2
70278,4
70279,7
70280,2
70281,2
70282,7
70282,2
70282,5
70282,1
70282,3
70283,5
70283,1
70284,3
70285,5
70285,1
70286,5
70287,1
70287,3
70287,6
70288,7
70289,7
70289,2
70289,5
70289,1
70289,3
70289,6
70289,4
70290,7
70290,2
70290,5
70290,1
70290,3
70290,6
70290,4
70291,7
70291,2
70291,5
70291,1
70291,3
70291,6
70291,4
70293,2
70293,5
70293,1
70293,3
70294,7
70294,1
70295,5
70297,4
70298,4
70299,6
70300,7
70301,2
70302,6
70302,4
70303,7
70303,2
70303,5
70303,1
70303,3
70303,6
70304,4
70305,7
70305,2
70305,5
70305,1
70306,7
70306,2
70306,5
70306,1
70308,7
70308,2
70308,5
70308,1
70309,6
70310,3
70311,3
70312,2
70312,5
70312,1
70312,3
70313,4
70314,3
70315,7
70315,2
70315,5
70315,1
70315,3
70316,1
70317,1
70318,7
70318,2
70318,5
70318,1
70318,3
70318,6
70318,4
70319,7
70319,3
70320,7
70321,2
70322,3
70323,7
70324,7
70324,2
70324,5
70324,1
70324,3
70324,6
70324,4
70325,7
70326,7
70326,5
70327,6
70328,6
70329,2
70330,7
70330,2
70330,5
70330,1
70330,3
70330,6
70331,2
70332,5
70333,4
70334,4
70335,5
70335,1
70337,7
70337,2
70337,5
70337,1
70337,3
70338,7
70338,2
70338,5
70338,1
70338,3
70339,3
70340,7
70340,2
70340,5
70340,1
70340,3
70341,6
70342,4
70343,7
70343,2
70343,5
70343,1
70343,3
70344,4
70345,5
70346,4
70347,5
70348,7
70349,7
70349,2
70349,5
70349,1
70350,7
70350,2
70350,5
70350,1
70350,3
70351,7
70351,2
70351,5
70351,1
70352,7
70352,2
70352,5
70352,1
70352,3
70353,7
70353,2
70353,5
70353,1
70353,3
70354,7
70354,2
70354,5
70354,1
70354,3
70355,5
70356,2
70357,5
70358,6
70359,7
70359,2
70359,5
70359,1
70359,3
70360,1
70361,7
70361,2
70361,5
70361,1
70361,3
70361,6
70362,7
70362,2
70362,5
70363,1
70364,4
70365,7
70365,2
70365,5
70365,1
70365,3
70366,3
70367,7
70367,2
70367,5
70367,1
70369,7
70369,2
70369,5
70369,1
70369,3
70370,3
70372,7
70372,2
70372,5
70372,1
70372,3
70375,1
70376,4
70377,3
70378,7
70379,7
70380,5
70381,5
70382,3
70383,5
70384,3
70385,7
70385,2
70385,5
70385,1
70385,3
70386,5
70387,3
70388,7
70388,2
70388,5
70388,1
70388,3
70389,7
70389,2
70389,5
70389,1
70389,3
70389,6
70390,3
70391,7
70392,7
70393,7
70393,2
70393,5
70393,1
70393,3
70394,7
70394,2
70394,5
70394,1
70394,3
70395,3
70396,7
70397,4
70398,2
70399,5
70399,1
70399,3
70400,2
70400,5
70400,1
70400,3
70401,3
70402,7
70402,2
70402,5
70402,1
70402,3
70403,6
70405,5
70406,6
70407,7
70408,7
70408,2
70408,5
70408,1
70409,7
70410,4
70411,5
70412,6
70413,1
70414,3
70415,7
70415,2
70415,5
70415,1
70416,7
70416,2
70416,5
70416,1
70417,6
70418,7
70418,2
70418,5
70418,1
70419,7
70419,2
70419,5
70419,1
70419,3
70420,7
70420,2
70420,5
70420,1
70420,3
70421,3
70422,7
70423,5
70424,3
70425,4
70426,7
70426,2
70426,5
70426,1
70426,3
70427,5
70428,7
70428,2
70428,5
70428,1
70429,3
70430,7
70431,7
70432,5
70433,5
70435,3
70436,7
70436,2
70436,5
70436,1
70436,4
70437,1
70438,7
70439,1
70440,4
70441,4
70442,7
70442,2
70442,1
70443,3
70444,4
70445,2
70446,3
70447,4
70448,5
70449,4
70450,7
70450,2
70450,5
70450,1
70450,3
70452,6
70453,4
70454,6
70454,4
70455,5
70456,7
70456,2
70456,5
70456,1
70456,3
70456,6
70456,4
70457,1
70458,5
70458,1
70459,5
70459,1
70460,4
70461,7
70462,7
70463,7
70464,2
70465,7
70465,2
70465,5
70465,1
70465,3
70465,6
70465,4
70466,7
70466,2
70466,5
70466,1
70467,5
70468,6
70469,5
70470,3
70471,5
70472,5
70473,3
70474,3
70475,6
70476,7
70476,2
70476,5
70476,6
70477,7
70478,4
70479,1
70480,7
70481,7
70481,1
70482,7
70483,3
70483,6
70483,4
70484,6
70485,1
70486,6
70486,4
70487,3
70487,6
70488,7
70488,2
70488,5
70488,1
70488,3
70488,6
70489,2
70490,7
70491,7
70492,1
70493,6
70494,5
70495,1
70496,7
70497,3
70498,1
70499,1
70500,5
70501,1
70502,7
70502,2
70502,5
70502,1
70502,3
70502,6
70502,4
70503,5
70504,5
70504,1
70504,3
70504,6
70504,4
70505,5
70506,7
70507,5
70508,3
70509,7
70509,2
70509,5
70509,1
70509,3
70509,6
70509,4
70510,5
70512,1
70513,7
70513,2
70513,5
70513,1
70513,3
70513,6
70513,4
70514,7
70514,2
70514,5
70514,1
70514,3
70514,6
70514,4
70515,7
70515,2
70515,5
70515,1
70516,1
70517,3
70518,5
70519,1
70520,7
70520,2
70520,5
70520,1
70520,3
70521,7
70523,4
70524,7
70524,2
70524,5
70524,1
70526,7
70526,2
70526,5
70526,1
70526,3
70527,4
70529,2
70530,7
70530,2
70530,5
70530,1
70530,3
70531,7
70531,2
70531,5
70531,1
70531,3
70532,4
70533,2
70534,7
70534,2
70534,5
70534,1
70534,3
70535,7
70535,2
70535,5
70535,1
70535,3
70536,7
70536,2
70536,5
70536,1
70536,3
70537,7
70537,2
70537,5
70537,1
70537,3
70538,7
70538,2
70538,5
70538,1
70538,3
70539,7
70539,2
70539,5
70539,1
70539,3
70539,6
70540,7
70540,2
70540,5
70540,1
70540,3
70541,2
70542,1
70543,7
70543,2
70543,5
70543,1
70543,3
70544,7
70544,2
70544,5
70544,1
70544,3
70545,2
70546,7
70546,2
70546,5
70546,1
70546,3
70546,4
70547,7
70547,2
70547,5
70547,1
70547,3
70548,7
70548,2
70548,5
70548,1
70548,3
70549,7
70549,2
70549,5
70549,1
70549,3
70550,7
70550,2
70550,5
70550,1
70550,3
70551,7
70551,2
70551,5
70551,1
70551,3
70552,7
70552,2
70552,5
70552,1
70552,3
70553,7
70553,2
70553,5
70553,1
70553,3
70554,7
70554,2
70554,5
70554,1
70554,3
70555,5
70556,2
70557,3
70558,7
70558,2
70558,5
70558,1
70558,3
70559,7
70559,2
70559,5
70559,1
70559,3
70560,7
70560,2
70560,5
70560,1
70560,3
70560,6
70561,7
70561,2
70561,5
70561,1
70561,3
70562,3
70563,7
70563,2
70563,5
70563,1
70563,3
70564,7
70564,2
70564,5
70564,1
70564,3
70565,7
70565,2
70565,5
70565,1
70565,3
70566,5
70567,7
70567,2
70567,5
70567,1
70567,3
70568,7
70568,2
70568,5
70568,1
70568,3
70569,1
70570,7
70570,2
70570,5
70570,1
70570,3
70571,7
70571,2
70571,5
70571,1
70571,3
70572,7
70572,2
70572,5
70572,1
70572,3
70573,7
70573,2
70573,5
70573,1
70573,3
70574,7
70574,2
70574,5
70574,1
70574,3
70575,3
70576,7
70576,2
70576,5
70576,1
70576,3
70577,7
70577,2
70577,5
70577,1
70577,3
70578,3
70579,2
70580,6
70581,4
70582,4
70583,7
70584,7
70584,2
70584,5
70584,1
70584,3
70585,7
70585,2
70585,5
70585,1
70585,3
70586,7
70586,2
70586,5
70586,1
70586,3
70587,4
70588,2
70589,7
70589,2
70589,5
70589,1
70589,3
70590,7
70590,2
70590,5
70590,1
70590,3
70591,7
70591,2
70591,5
70591,1
70591,3
70592,2
70593,7
70594,7
70595,7
70596,7
70596,2
70596,5
70596,1
70596,3
70597,2
70598,7
70598,2
70598,5
70598,1
70598,3
70599,4
70600,7
70600,2
70600,5
70600,1
70600,3
70600,6
70600,4
70601,7
70601,2
70601,5
70601,1
70601,3
70601,6
70601,4
70602,3
70603,7
70603,2
70603,5
70603,1
70604,7
70604,2
70604,5
70604,1
70604,3
70604,6
70604,4
70605,7
70605,2
70605,5
70606,6
70607,7
70607,2
70607,5
70607,1
70607,3
70607,6
70608,7
70608,2
70608,5
70609,7
70609,2
70609,5
70609,1
70609,3
70610,6
70611,3
70612,2
70613,5
70614,3
70615,4
70616,4
70617,7
70617,2
70617,5
70617,1
70617,3
70617,6
70617,4
70618,7
70618,2
70618,5
70618,1
70618,3
70619,1
70620,7
70621,5
70622,7
70622,2
70622,5
70622,1
70623,7
70623,2
70624,6
70625,7
70625,2
70625,5
70625,1
70625,3
70626,7
70626,2
70626,5
70626,1
70626,3
70627,7
70627,2
70627,5
70627,1
70627,3
70628,3
70629,7
70629,2
70629,5
70629,1
70629,3
70630,6
70631,7
70631,2
70631,5
70631,1
70631,3
70632,7
70632,2
70632,5
70632,1
70632,3
70633,1
70634,7
70634,2
70634,5
70634,1
70634,3
70635,7
70635,2
70636,7
70636,2
70636,5
70636,1
70636,3
70637,7
70637,2
70637,5
70637,1
70637,3
70638,7
70638,2
70638,5
70638,1
70638,3
70638,6
70638,4
70639,7
70639,2
70639,5
70639,1
70639,3
70639,6
70639,4
70640,3
70641,2
70642,7
70643,7
70643,2
70643,5
70643,1
70643,3
70644,7
70644,2
70644,5
70644,1
70644,3
70645,7
70645,2
70645,5
70645,1
70645,3
70646,7
70646,2
70646,5
70646,1
70646,3
70647,4
70648,7
70648,2
70648,5
70648,1
70648,3
70649,7
70649,2
70649,5
70649,1
70649,3
70650,4
70651,3
70652,2
70653,7
70653,2
70653,5
70653,1
70654,7
70654,2
70655,5
70656,2
70657,7
70657,2
70657,5
70657,1
70657,3
70658,7
70658,2
70658,5
70658,1
70659,7
70659,2
70659,5
70659,1
70659,3
70660,7
70660,2
70660,5
70660,1
70660,3
70661,2
70662,7
70662,2
70662,5
70662,1
70662,3
70662,6
70662,4
70663,7
70663,2
70663,5
70663,1
70663,3
70664,7
70664,2
70664,5
70664,1
70664,3
70665,7
70665,2
70665,5
70665,1
70665,3
70666,7
70666,2
70666,5
70666,1
70666,3
70667,7
70667,2
70667,5
70667,1
70668,5
70669,7
70670,7
70670,2
70670,5
70670,1
70670,3
70671,7
70671,2
70671,5
70671,1
70671,3
70672,7
70672,2
70672,5
70672,1
70672,3
70673,4
70674,7
70674,2
70675,2
70676,2
70677,7
70677,2
70678,3
70679,7
70679,2
70679,5
70679,1
70679,3
70679,6
70679,4
70680,7
70680,2
70680,5
70680,1
70680,3
70681,7
70681,2
70681,5
70681,1
70681,3
70681,6
70681,4
70682,7
70683,7
70683,2
70683,5
70683,1
70683,3
70684,7
70684,2
70684,5
70684,1
70684,3
70684,6
70685,7
70685,2
70685,5
70685,1
70685,3
70685,6
70686,1
70687,7
70687,2
70687,5
70687,1
70687,3
70687,6
70688,7
70688,2
70688,5
70688,1
70688,3
70688,6
70689,3
70690,7
70690,2
70690,5
70690,1
70690,3
70690,6
70690,4
70691,7
70691,2
70691,5
70691,1
70691,3
70692,7
70692,2
70692,5
70692,1
70692,3
70693,7
70693,2
70693,5
70693,1
70693,3
70693,6
70693,4
70694,7
70694,2
70694,5
70694,1
70694,3
70694,6
70694,4
70695,7
70695,2
70695,5
70695,1
70695,3
70695,6
70695,4
70696,7
70696,2
70696,5
70696,1
70696,3
70696,6
70696,4
70697,7
70697,2
70697,5
70697,1
70697,3
70697,6
70697,4
70698,7
70698,2
70698,5
70698,1
70698,3
70698,6
70698,4
70699,7
70699,2
70699,5
70699,1
70699,3
70699,6
70699,4
70700,7
70701,7
70701,2
70701,5
70701,1
70701,3
70701,6
70701,4
70702,7
70702,2
70702,5
70702,1
70702,3
70702,6
70702,4
70703,7
70703,2
70703,5
70703,1
70703,3
70703,6
70703,4
70704,7
70704,2
70704,5
70704,1
70704,3
70704,6
70704,4
70705,7
70705,2
70705,5
70705,1
70705,3
70705,6
70705,4
70706,7
70706,2
70706,5
70706,1
70706,3
70706,6
70706,4
70707,7
70707,2
70707,5
70707,1
70707,3
70707,6
70707,4
70708,7
70708,2
70708,5
70708,1
70708,3
70708,6
70708,4
70709,5
70710,7
70710,2
70710,5
70710,1
70710,3
70710,6
70710,4
70711,7
70711,2
70711,5
70711,1
70711,3
70711,6
70711,4
70712,7
70712,2
70712,5
70712,1
70712,3
70712,6
70712,4
70713,7
70713,2
70713,5
70713,1
70713,3
70713,6
70713,4
70714,5
70715,7
70715,2
70715,5
70715,1
70715,3
70715,6
70715,4
70716,7
70716,2
70716,5
70716,1
70716,3
70716,6
70716,4
70717,4
70718,7
70718,2
70718,5
70718,1
70718,3
70718,6
70718,4
70719,7
70719,2
70719,5
70719,1
70719,3
70719,6
70719,4
70720,7
70720,2
70720,5
70720,1
70720,4
70721,7
70721,2
70721,5
70721,1
70721,3
70721,6
70721,4
70722,7
70722,2
70722,5
70722,1
70722,3
70722,6
70722,4
70723,7
70723,2
70723,5
70723,1
70723,3
70723,6
70723,4
70724,7
70724,2
70724,5
70724,1
70724,3
70724,6
70724,4
70725,7
70725,2
70725,5
70725,1
70725,3
70725,6
70725,4
70726,7
70726,2
70726,5
70726,1
70726,3
70726,6
70726,4
70727,7
70727,2
70727,5
70727,1
70727,3
70727,6
70728,7
70728,2
70728,5
70728,1
70728,3
70728,6
70728,4
70729,7
70729,2
70729,5
70729,1
70729,3
70729,6
70729,4
70730,7
70730,2
70730,5
70730,1
70730,3
70730,6
70730,4
70731,7
70731,2
70731,5
70731,1
70731,3
70731,6
70731,4
70732,7
70732,2
70732,5
70732,1
70732,3
70732,6
70732,4
70733,7
70733,2
70733,5
70733,1
70733,3
70733,6
70733,4
70734,2
70735,7
70735,2
70735,5
70735,1
70735,3
70735,6
70735,4
70736,7
70736,2
70736,5
70736,1
70736,3
70736,6
70736,4
70737,4
70738,7
70738,2
70738,5
70738,1
70738,3
70739,7
70739,2
70739,5
70739,1
70739,3
70740,7
70740,2
70740,5
70740,1
70740,3
70740,6
70740,4
70741,1
70742,1
70743,7
70743,2
70743,5
70743,1
70743,3
70744,7
70744,2
70744,5
70744,1
70744,3
70745,6
70746,7
70746,2
70746,5
70746,1
70746,3
70747,7
70747,2
70747,5
70747,1
70747,3
70747,6
70748,7
70748,2
70748,5
70748,1
70748,3
70749,7
70749,2
70749,5
70749,1
70749,3
70749,6
70749,4
70750,7
70750,2
70750,5
70750,1
70750,3
70751,5
70752,7
70752,2
70752,5
70752,1
70752,3
70752,6
70752,4
70753,7
70753,2
70753,5
70753,1
70753,3
70753,6
70753,4
70754,2
70755,7
70755,2
70755,5
70755,1
70755,3
70755,6
70755,4
70756,7
70756,2
70756,5
70756,1
70756,3
70756,6
70756,4
70757,7
70757,2
70757,5
70757,1
70757,3
70757,6
70757,4
70758,3
70759,2
70760,1
70761,7
70761,2
70761,5
70761,1
70761,3
70761,6
70761,4
70762,7
70762,2
70762,5
70762,1
70762,3
70762,6
70762,4
70763,7
70763,2
70763,5
70763,1
70763,3
70763,6
70763,4
70764,5
70764,1
70764,3
70764,6
70765,2
70765,1
70766,2
70767,1
70767,3
70767,6
70767,4
70768,4
70769,7
70769,2
70769,5
70769,1
70769,3
70770,1
70771,7
70771,2
70771,5
70771,1
70771,3
70771,6
70771,4
70772,7
70772,2
70772,5
70772,1
70772,3
70772,6
70772,4
70773,7
70773,2
70773,5
70773,1
70773,3
70773,6
70773,4
70774,7
70774,2
70774,5
70774,1
70774,3
70774,6
70774,4
70775,7
70775,2
70775,5
70775,1
70775,3
70775,6
70775,4
70776,7
70776,2
70776,5
70776,1
70776,3
70776,6
70776,4
70777,7
70777,2
70777,1
70777,3
70777,6
70777,4
70778,1
70779,5
70780,7
70781,6
70782,3
70783,3
70784,7
70784,2
70784,5
70784,1
70784,3
70784,6
70784,4
70785,5
70786,7
70786,6
70786,4
70787,5
70788,2
70789,7
70789,2
70789,5
70789,1
70789,3
70790,3
70791,7
70791,2
70791,5
70791,1
70791,3
70791,6
70791,4
70792,4
70793,2
70794,3
70795,4
70796,1
70797,1
70798,3
70799,2
70800,5
70801,6
70802,7
70802,2
70802,5
70802,1
70802,3
70803,3
70804,6
70805,4
70806,7
70806,2
70806,5
70806,1
70806,3
70806,6
70807,5
70808,7
70808,2
70808,5
70808,1
70808,3
70809,7
70809,2
70809,5
70809,1
70809,3
70810,1
70811,7
70811,2
70811,5
70811,1
70811,3
70812,7
70812,2
70812,5
70812,1
70812,3
70812,6
70813,7
70813,2
70813,5
70813,1
70813,3
70814,7
70814,2
70814,5
70814,1
70814,3
70814,6
70814,4
70815,7
70815,2
70815,5
70815,1
70815,3
70815,6
70815,4
70816,7
70816,2
70816,5
70816,1
70816,3
70816,6
70817,6
70818,7
70818,2
70818,5
70818,1
70818,3
70818,6
70819,7
70819,2
70819,5
70819,1
70819,3
70820,2
70821,1
70822,7
70822,2
70822,5
70822,1
70822,3
70823,7
70823,2
70823,5
70823,1
70823,3
70824,6
70825,7
70826,4
70827,4
70828,3
70829,6
70831,7
70831,2
70831,5
70831,1
70831,3
70831,6
70831,4
70832,7
70832,2
70832,5
70832,1
70832,3
70833,2
70834,7
70834,2
70834,5
70834,1
70834,4
70835,7
70835,2
70835,5
70835,1
70835,3
70835,6
70835,4
70836,5
70837,7
70837,2
70837,5
70837,1
70838,6
70839,1
70840,7
70841,3
70842,3
70843,7
70843,2
70843,5
70843,1
70843,3
70843,6
70843,4
70844,4
70845,4
70846,7
70846,2
70846,5
70846,1
70846,3
70846,6
70846,4
70847,7
70848,7
70849,5
70850,7
70851,4
70852,6
70852,4
70853,7
70853,2
70853,5
70854,7
70855,1
70856,7
70856,2
70856,5
70856,1
70856,3
70856,6
70856,4
70857,7
70857,2
70858,7
70858,2
70858,5
70858,1
70859,6
70860,1
70861,1
70862,2
70863,5
70864,7
70865,7
70866,5
70867,6
70868,4
70869,6
70870,6
70871,4
70872,7
70873,5
70874,5
70875,4
70876,7
70876,2
70876,5
70876,1
70876,3
70877,4
70878,4
70879,4
70880,6
70881,3
70882,5
70883,6
70884,7
70885,3
70886,1
70887,3
70888,2
70889,7
70889,2
70889,5
70889,4
70890,5
70891,2
70891,5
70891,1
70892,4
70893,3
70893,6
70894,4
70895,7
70896,2
70897,7
70898,7
70899,1
70900,2
70901,4
70902,2
70903,7
70903,2
70903,1
70903,3
70903,6
70903,4
70904,7
70904,2
70904,5
70904,1
70904,3
70905,4
70906,3
70907,6
70908,3
70909,5
70910,5
70911,7
70912,5
70913,7
70914,1
70915,5
70916,4
70918,2
70919,5
70920,7
70921,4
70922,5
70923,3
70924,7
70925,2
70926,3
70927,5
70928,6
70929,5
70930,7
70931,6
70932,7
70933,1
70934,5
70935,5
70936,7
70936,2
70936,5
70936,1
70936,3
70936,6
70936,4
70937,1
70938,7
70939,1
70940,1
70941,7
70941,2
70941,5
70941,1
70941,3
70941,6
70942,5
70943,2
70944,2
70945,4
70946,4
70947,4
70948,3
70949,3
70949,6
70950,6
70951,6
70952,3
70953,6
70954,3
70955,7
70955,2
70955,5
70955,1
70955,3
70956,7
70956,2
70956,5
70956,1
70956,3
70957,1
70958,2
70959,2
70960,7
70961,6
70962,2
70963,5
70964,7
70966,2
70967,2
70968,2
70969,5
