show_id,genre_id
1,1
1,2
1,3
2,4
2,5
2,2
3,1
3,6
3,7
4,1
4,4
4,2
5,1
5,5
5,3
6,4
6,8
6,2
7,1
7,3
7,9
8,1
8,10
8,7
9,1
9,3
9,11
10,1
10,5
10,12
11,1
11,4
11,5
12,1
12,13
12,6
13,1
13,4
13,2
14,1
14,5
14,2
15,1
15,4
15,6
16,6
16,3
16,12
18,4
18,8
18,14
19,1
19,4
19,12
20,1
20,6
20,3
21,1
21,4
21,3
22,1
22,7
22,12
23,1
23,8
23,13
24,1
24,4
24,5
25,15
25,6
25,12
26,1
26,4
26,15
26,6
27,15
27,13
27,6
28,1
28,16
29,1
29,4
29,17
30,1
30,6
30,3
31,4
31,8
31,2
32,1
32,16
32,5
33,1
33,6
33,3
34,6
34,2
34,3
35,1
35,5
35,3
37,1
37,13
37,3
38,4
38,6
38,2
39,1
39,2
39,11
40,15
40,13
40,3
41,16
41,14
42,1
42,11
42,12
43,8
43,7
43,2
44,1
44,4
44,3
45,1
45,4
45,5
46,1
46,5
46,12
47,1
47,13
47,7
48,1
49,16
49,4
49,5
50,1
50,2
50,3
51,1
51,18
52,1
52,3
52,19
53,1
53,10
53,7
54,1
54,5
54,3
55,1
55,16
56,1
56,5
57,16
57,14
58,16
58,7
59,1
59,4
60,1
60,4
60,5
61,1
61,2
61,3
62,1
62,7
62,12
63,1
63,7
63,12
64,1
64,2
64,3
65,1
65,5
65,18
66,16
67,1
67,7
67,18
68,1
68,5
68,11
69,1
69,5
69,3
70,10
71,14
72,1
72,4
72,5
73,1
73,4
73,6
74,1
74,4
74,20
75,16
75,7
75,18
76,1
76,4
76,5
77,16
77,14
78,16
78,5
78,11
79,16
79,14
80,16
80,14
81,1
81,5
81,3
82,1
82,8
82,13
83,16
83,14
84,16
84,14
86,5
86,3
87,1
87,5
87,3
88,1
88,7
88,17
89,1
89,5
90,1
90,5
90,12
91,16
91,14
92,16
92,7
93,1
93,16
93,14
94,4
94,8
94,2
95,1
95,4
95,2
96,16
96,7
98,1
98,3
100,1
100,5
101,1
101,5
101,19
102,1
102,5
103,1
103,5
103,19
104,4
104,8
104,13
105,4
105,5
105,6
106,1
106,5
106,20
107,16
107,14
108,16
108,14
109,1
109,4
109,5
110,1
110,5
110,11
111,1
111,13
111,7
112,16
114,8
115,16
116,1
116,5
116,11
117,4
117,8
117,2
118,1
118,11
118,18
120,1
120,16
122,1
122,4
122,5
123,1
123,8
123,12
124,16
125,16
125,7
126,16
126,14
127,1
127,7
128,1
128,5
128,7
129,16
130,16
130,14
131,1
131,16
131,7
132,16
133,1
133,5
133,11
134,1
134,4
134,2
136,16
136,14
137,16
137,19
138,1
138,2
138,3
139,1
139,7
140,1
140,16
140,7
141,16
141,18
142,16
143,16
144,16
145,1
145,16
146,16
147,1
147,16
148,16
149,1
149,7
149,17
150,1
150,16
150,14
151,1
152,1
152,4
152,5
154,1
154,8
154,2
155,4
155,7
155,2
156,5
156,11
156,12
157,1
157,9
158,1
158,4
158,2
159,1
159,3
160,1
160,16
160,5
161,1
161,5
161,11
162,1
162,13
162,6
163,4
163,8
163,5
164,1
164,4
164,5
165,4
165,2
166,1
166,2
166,21
167,1
167,4
167,3
168,1
168,16
168,4
169,1
169,5
169,3
170,1
170,16
170,5
171,1
171,16
171,7
172,1
172,19
174,16
175,1
175,3
176,1
176,7
176,12
177,7
177,3
177,11
178,4
178,8
178,13
179,1
179,5
180,1
180,8
180,2
181,1
181,2
181,3
182,1
182,4
182,8
183,1
183,3
184,1
184,16
185,1
185,3
185,12
186,1
186,21
187,4
187,2
188,1
188,4
188,13
189,1
189,7
189,2
190,1
190,4
190,3
191,1
192,16
193,16
194,1
194,5
194,6
195,1
195,6
195,3
196,1
196,5
196,3
197,1
197,6
198,1
198,14
198,7
199,1
199,7
200,4
200,2
201,1
201,5
201,11
202,1
202,5
202,2
203,1
203,16
203,7
204,4
204,8
204,2
205,1
205,4
205,5
206,4
206,8
206,2
207,4
207,8
207,2
209,1
209,16
209,22
210,1
210,8
210,2
211,1
211,11
211,12
212,1
212,2
212,3
213,1
213,5
213,12
214,1
214,14
214,22
215,16
215,14
216,16
216,8
216,2
217,1
217,3
218,1
218,6
218,7
219,1
219,2
219,12
220,1
220,4
220,5
221,1
221,5
222,1
222,16
224,1
224,3
224,11
225,1
225,6
226,16
227,1
227,5
228,1
228,4
228,21
229,16
229,2
230,16
231,1
232,1
232,6
232,12
233,1
233,13
233,3
234,1
234,4
234,3
235,16
236,1
236,16
236,7
237,4
237,8
237,2
238,1
238,14
239,16
240,4
240,5
241,16
241,19
242,1
243,16
244,1
244,20
246,21
246,17
247,16
248,4
248,8
248,5
249,16
250,16
251,1
251,14
251,7
252,1
252,16
252,14
253,23
254,22
255,23
255,24
256,16
257,16
258,1
259,5
260,16
261,16
262,1
262,5
263,16
265,16
266,1
266,16
267,16
267,7
268,16
269,1
269,5
269,17
270,16
270,22
271,1
271,13
271,18
273,16
273,4
274,16
275,16
276,1
276,16
276,5
277,16
280,1
280,16
280,19
281,16
282,1
282,16
282,7
283,16
283,7
284,1
285,7
285,11
286,1
286,5
287,16
288,10
289,10
290,16
290,8
290,13
291,1
291,5
291,11
293,16
294,1
294,4
294,18
295,23
297,16
297,7
298,1
298,7
298,18
299,1
299,5
300,1
300,5
300,11
301,1
301,16
301,7
302,16
302,5
303,16
303,12
304,16
304,8
305,1
305,2
305,3
306,1
306,5
306,11
307,1
307,16
307,21
308,1
308,4
309,4
309,5
310,1
310,16
310,7
311,1
311,16
311,7
312,1
312,16
312,7
313,16
314,1
314,5
315,16
315,4
315,9
316,1
316,5
316,3
317,16
318,16
319,16
320,1
320,5
320,3
321,16
321,14
322,1
322,7
322,22
323,1
323,16
323,5
324,23
325,1
325,14
327,16
328,1
328,5
328,11
330,23
332,1
332,16
333,1
333,16
333,22
334,16
334,17
335,1
335,5
335,11
336,4
336,8
336,2
337,23
338,1
338,5
338,3
339,1
339,5
340,4
340,8
340,12
341,1
341,5
342,1
342,16
343,1
343,8
343,13
344,1
344,5
345,1
345,4
345,9
346,16
347,16
348,16
348,14
349,16
349,5
349,3
350,16
351,16
351,14
352,16
353,1
353,5
353,3
354,16
355,16
355,14
355,7
356,16
357,1
357,5
357,18
358,1
358,4
358,17
359,16
360,1
360,5
360,11
361,16
361,10
362,1
362,14
363,16
364,1
364,7
365,1
365,2
365,11
366,16
367,1
367,16
368,16
368,2
369,13
369,2
370,16
371,1
371,5
371,14
372,16
373,16
374,16
374,3
374,12
375,16
376,16
377,1
377,4
377,8
378,16
378,14
379,8
379,25
379,26
380,16
382,16
382,4
382,8
383,16
384,1
384,4
384,5
385,1
386,16
386,13
387,1
387,4
387,5
388,16
392,1
392,4
392,3
393,16
393,4
393,2
394,1
394,18
394,17
395,1
395,3
395,20
396,8
396,11
396,12
397,16
398,16
398,8
399,1
399,7
400,1
400,5
401,1
402,1
402,16
403,1
403,2
403,11
404,1
404,5
404,11
405,1
405,16
406,1
406,16
407,4
407,8
407,13
408,1
408,16
409,27
411,1
411,5
411,12
412,1
413,16
413,7
414,16
414,5
415,1
416,7
417,27
417,23
418,16
418,14
421,16
421,27
422,1
422,13
422,18
423,16
425,1
425,21
425,17
426,17
427,1
427,4
427,12
428,1
428,4
428,12
429,4
429,8
429,2
430,1
430,5
430,2
431,16
431,7
432,4
432,2
433,1
433,2
434,1
434,2
434,11
435,1
435,8
435,2
436,1
436,16
436,12
437,4
437,8
437,13
438,4
438,8
439,4
439,8
439,2
440,1
440,14
440,7
443,16
443,4
443,3
444,4
444,8
445,4
445,8
445,2
446,1
446,2
446,3
447,4
447,5
448,8
448,14
448,2
449,1
449,4
449,5
450,1
450,5
450,12
451,4
451,8
451,2
452,1
453,16
453,13
453,6
454,1
454,4
454,5
455,4
455,12
456,1
456,6
456,7
457,1
457,4
457,2
458,1
458,5
458,2
459,6
459,3
459,11
460,4
460,8
461,4
461,8
461,13
462,4
462,2
463,1
463,2
464,1
464,4
464,21
465,1
465,4
465,21
466,1
466,5
466,11
467,13
467,6
467,11
468,1
468,4
468,5
469,1
469,2
469,11
470,1
470,2
470,11
471,1
471,2
471,11
472,27
472,2
473,1
473,5
473,11
474,4
474,8
475,1
475,4
475,2
476,16
476,13
476,6
477,16
478,1
478,4
478,2
479,4
479,5
479,12
480,4
480,8
480,2
481,4
481,8
481,2
482,6
483,1
483,2
483,11
484,4
484,8
484,2
485,1
485,2
485,3
486,4
486,2
487,1
487,4
487,2
488,4
488,8
488,15
488,13
489,16
489,4
489,27
490,4
490,8
490,2
491,4
491,8
491,2
492,4
492,8
492,2
493,4
493,8
493,2
494,1
494,8
494,2
495,4
495,8
495,15
495,13
496,16
496,27
497,11
497,25
497,17
498,21
499,16
499,14
500,4
500,8
500,2
501,1
501,16
502,4
502,8
502,2
503,1
503,2
503,3
504,4
504,8
504,2
505,4
505,8
505,2
506,1
506,11
506,12
507,1
507,13
508,1
508,3
509,16
509,22
510,16
510,4
510,5
511,1
512,16
513,1
513,4
513,12
514,16
515,1
515,7
515,17
516,4
516,8
516,2
517,1
517,16
517,5
520,1
520,5
520,11
523,1
525,1
525,16
525,7
526,16
527,1
527,5
528,4
528,8
528,2
529,23
530,16
532,1
532,16
532,18
533,16
533,14
534,17
535,23
535,24
536,16
536,14
537,16
538,16
538,8
538,2
539,16
540,16
541,1
541,5
541,3
542,1
542,16
542,2
543,1
543,5
543,11
544,16
544,14
545,4
545,8
545,2
546,1
546,16
546,5
547,1
547,18
548,1
548,16
549,16
550,1
550,16
550,11
551,16
552,16
552,14
553,16
554,4
554,2
555,4
555,8
555,13
556,1
556,16
556,11
557,1
557,4
557,9
558,1
558,3
558,11
559,1
559,16
560,1
560,14
560,7
561,1
561,4
561,3
562,1
562,5
562,19
563,4
563,8
563,2
564,1
564,18
565,1
565,5
565,20
566,1
566,13
566,12
567,1
567,7
568,16
569,16
569,14
569,7
570,1
570,5
571,1
571,4
571,5
572,24
572,17
573,16
573,14
574,16
575,1
576,1
576,5
576,11
577,16
578,1
578,7
579,1
579,19
580,16
580,14
581,1
581,5
581,19
582,16
582,14
583,8
583,13
583,2
584,1
584,5
585,12
586,1
586,4
586,5
587,16
588,16
588,9
589,16
590,8
590,15
590,13
591,23
593,1
593,5
593,11
594,16
594,14
594,2
595,16
595,14
595,2
598,1
598,16
598,19
604,23
604,24
605,23
605,24
607,1
607,4
607,21
609,1
609,17
610,16
610,13
610,10
611,1
612,8
612,11
612,17
613,1
613,5
613,3
614,1
614,8
614,2
615,1
615,4
615,17
617,1
617,5
617,3
618,1
618,5
618,19
619,1
619,5
620,16
620,2
621,1
621,16
621,5
623,16
623,7
624,1
624,16
624,2
626,1
626,8
627,1
627,3
627,11
629,23
630,5
631,5
634,1
634,5
635,1
635,2
637,1
637,16
637,7
640,1
640,21
641,17
643,24
643,26
644,16
646,7
647,16
650,1
655,1
655,16
655,19
656,16
657,1
657,3
657,9
658,1
658,4
658,8
659,1
659,2
660,16
660,7
662,1
662,4
662,5
663,1
663,5
664,1
664,16
664,22
665,16
665,21
665,18
666,1
666,16
666,13
667,4
667,5
667,9
668,16
668,4
668,2
669,1
669,6
669,12
670,1
670,5
670,3
671,4
671,8
671,2
672,16
672,27
673,1
673,7
673,2
674,1
674,5
674,3
676,1
676,16
676,7
677,1
677,4
677,8
678,16
679,1
679,19
680,4
680,8
680,2
681,1
681,8
681,11
682,1
682,4
682,5
683,1
683,16
683,14
684,1
684,16
685,1
685,14
685,10
686,16
686,2
688,1
689,4
689,8
689,2
690,16
690,14
691,16
691,27
691,13
692,16
693,16
694,16
695,1
695,4
695,15
695,13
696,10
697,16
698,27
699,1
700,1
700,4
700,8
701,1
702,4
702,8
702,25
703,16
704,16
704,27
706,16
706,4
706,2
707,8
707,27
707,13
708,1
708,16
708,5
709,16
709,8
709,24
710,16
710,27
711,16
711,14
712,1
712,17
713,16
713,8
713,13
714,4
714,8
714,2
716,1
716,4
716,17
717,1
717,4
717,2
718,16
720,16
720,7
722,1
722,16
725,4
725,8
726,21
726,17
727,16
729,1
729,18
730,16
730,22
731,23
732,16
733,1
733,2
733,3
734,1
734,16
734,5
735,1
735,4
735,5
736,16
736,4
736,2
737,27
739,16
740,1
740,2
740,3
742,1
742,16
743,7
744,1
744,18
746,1
746,16
746,14
747,8
747,25
748,1
748,5
749,1
749,4
749,5
751,16
752,1
752,16
753,16
754,4
754,8
754,15
754,13
755,1
755,16
756,16
757,4
757,8
757,2
758,1
758,16
758,14
759,16
759,14
760,1
760,4
760,5
762,1
762,16
763,1
763,3
763,9
764,1
764,16
764,5
765,4
765,8
765,2
766,4
766,8
766,2
768,25
769,16
770,1
770,7
770,18
771,1
771,16
771,14
772,1
772,5
773,1
773,5
773,12
774,16
775,1
775,5
775,11
776,1
776,16
776,7
777,16
777,14
777,10
778,1
778,14
778,7
779,1
779,14
779,7
780,4
780,8
780,5
781,1
781,22
782,4
782,8
782,20
785,1
785,5
786,1
786,5
786,19
787,2
787,11
787,12
788,1
788,16
789,8
789,13
789,2
790,1
790,4
790,5
791,1
791,16
791,2
792,16
793,1
794,4
794,27
794,2
795,1
795,4
795,2
796,1
796,16
797,1
797,16
798,4
798,8
798,25
799,1
799,14
800,1
800,2
800,11
802,1
802,4
802,22
803,1
803,16
803,4
804,1
804,4
804,21
805,23
806,1
806,14
806,7
807,16
807,14
807,13
808,16
808,27
808,14
809,1
809,16
809,2
810,1
810,4
810,5
811,16
812,1
812,14
812,7
813,1
813,5
813,3
814,1
814,4
814,2
815,1
815,16
815,12
816,10
817,1
818,1
818,7
820,1
820,16
821,4
821,8
822,16
823,1
823,7
824,1
824,4
825,1
825,4
825,5
826,16
826,14
826,13
827,1
827,4
828,1
828,7
829,24
830,1
830,5
830,11
832,1
832,4
832,5
833,1
833,5
833,3
834,1
834,6
834,12
835,1
835,5
836,16
839,16
839,14
840,1
840,10
841,1
841,5
841,18
842,1
842,16
843,1
843,18
844,2
845,1
845,7
847,16
848,16
848,14
848,2
850,1
850,5
850,2
851,17
854,1
854,5
854,22
856,4
856,8
856,13
857,10
858,1
858,2
861,1
862,1
862,16
862,13
863,1
863,14
864,1
864,5
864,19
865,1
865,28
866,1
866,16
866,5
867,1
867,5
867,19
868,16
868,8
869,5
870,1
870,4
870,2
871,1
871,16
872,25
872,17
872,22
873,26
879,16
881,1
881,4
881,5
882,1
882,5
882,11
884,16
888,23
889,16
890,16
890,27
890,6
891,22
892,6
892,12
894,16
894,4
894,8
895,1
895,16
895,19
896,16
896,27
897,1
899,24
900,4
900,5
900,2
904,17
905,4
905,8
905,13
906,16
906,7
907,1
907,19
908,1
908,7
909,1
909,5
909,19
910,16
910,10
911,16
912,16
913,4
913,8
914,7
915,16
915,27
915,14
916,16
917,1
917,5
917,11
918,1
918,11
918,12
919,4
919,15
919,13
919,6
920,1
921,23
921,14
922,22
923,1
923,8
923,2
924,8
924,25
926,6
926,11
926,12
928,16
929,10
932,11
932,25
932,17
934,8
934,25
935,16
935,4
935,5
937,1
937,4
937,5
938,1
938,5
939,8
940,1
940,13
940,3
941,1
941,13
941,19
942,1
942,3
943,1
943,5
943,13
944,1
944,16
944,14
945,1
945,5
945,13
946,1
946,5
947,16
947,7
948,1
948,5
948,11
949,1
949,17
950,1
950,16
950,14
951,4
951,8
951,2
952,16
952,14
953,16
954,23
955,17
956,1
956,4
956,11
957,1
957,13
957,11
958,5
959,1
960,1
960,7
961,1
961,3
962,4
962,8
962,5
963,16
963,7
964,1
964,16
965,1
966,1
966,13
966,11
967,1
967,5
967,11
968,1
968,3
968,9
969,14
970,4
970,8
970,2
971,1
971,16
971,9
972,1
974,5
975,16
975,4
975,8
976,16
976,14
976,13
977,1
977,4
977,5
978,16
978,27
979,23
980,16
981,4
981,8
981,2
982,16
982,4
982,8
983,1
983,10
983,7
984,16
984,14
985,16
985,14
986,16
987,1
987,16
988,16
988,14
990,1
990,16
990,18
991,1
993,1
993,14
994,16
994,10
995,14
995,25
995,24
996,1
996,16
998,1
998,4
998,5
999,2
1000,16
1001,1
1001,6
1001,11
1002,1
1002,13
1005,1
1005,5
1005,11
1007,1
1007,13
1008,1
1008,2
1009,1
1009,6
1009,18
1010,1
1010,3
1010,12
1012,1
1013,1
1014,1
1014,7
1014,17
1016,1
1016,6
1017,4
1017,2
1018,1
1018,8
1018,13
1019,1
1019,5
1020,1
1020,5
1020,11
1021,1
1021,3
1021,11
1022,16
1022,10
1022,2
1023,1
1023,14
1023,10
1024,8
1024,13
1025,1
1025,5
1025,22
1027,1
1027,13
1027,11
1030,1
1031,1
1031,3
1031,11
1033,3
1033,12
1035,1
1035,5
1036,1
1036,4
1036,8
1038,1
1038,16
1038,14
1039,1
1039,4
1039,2
1040,4
1040,8
1040,13
1041,1
1041,7
1041,17
1042,1
1042,16
1042,13
1043,1
1043,17
1044,1
1044,5
1044,11
1045,4
1046,1
1046,16
1046,14
1047,1
1049,16
1050,1
1050,5
1050,11
1051,1
1051,8
1051,13
1052,1
1052,4
1052,8
1053,16
1053,14
1053,2
1054,16
1055,8
1055,27
1055,11
1056,16
1056,21
1057,3
1058,4
1058,8
1059,4
1059,8
1059,2
1060,1
1061,1
1061,16
1061,5
1062,1
1062,2
1063,1
1063,16
1064,1
1064,3
1065,16
1066,1
1066,7
1067,1
1068,1
1068,11
1069,16
1069,7
1070,1
1070,4
1070,8
1071,1
1071,7
1071,21
1072,16
1072,17
1073,1
1073,7
1073,21
1074,1
1074,8
1075,1
1076,1
1076,2
1078,1
1078,16
1080,1
1080,5
1080,3
1081,1
1081,8
1081,13
1082,1
1084,1
1085,16
1085,7
1086,1
1086,16
1086,7
1087,1
1088,1
1088,3
1089,1
1089,4
1089,2
1090,1
1090,16
1090,7
1091,1
1091,7
1092,1
1092,7
1092,11
1093,1
1093,21
1093,17
1094,8
1094,14
1094,13
1095,16
1095,18
1096,1
1096,4
1096,8
1097,1
1097,14
1097,20
1098,1
1098,13
1098,2
1099,16
1100,1
1100,3
1100,12
1101,1
1101,2
1102,1
1102,7
1102,20
1103,1
1103,3
1103,9
1104,1
1104,17
1105,1
1107,1
1107,16
1108,1
1108,6
1108,2
1109,1
1109,14
1109,19
1110,1
1110,2
1111,1
1111,8
1111,17
1113,1
1114,1
1114,7
1115,16
1115,7
1116,1
1116,16
1116,2
1117,1
1118,16
1118,14
1119,16
1119,14
1121,4
1121,8
1121,15
1121,2
1122,13
1122,2
1123,1
1123,6
1124,1
1124,6
1124,12
1125,4
1125,13
1125,6
1126,16
1128,11
1128,25
1128,17
1129,8
1129,13
1130,1
1130,2
1130,11
1131,8
1131,13
1132,1
1132,13
1133,1
1133,8
1133,2
1134,4
1134,8
1135,8
1135,2
1136,4
1136,8
1136,2
1137,16
1138,16
1139,16
1140,16
1141,1
1141,16
1141,22
1145,23
1146,5
1146,11
1147,16
1147,4
1147,13
1148,1
1148,16
1149,10
1150,16
1151,16
1152,3
1153,1
1153,5
1153,13
1154,1
1154,11
1155,16
1155,13
1156,1
1156,7
1157,1
1157,21
1157,17
1158,1
1159,1
1159,14
1159,7
1160,16
1161,1
1161,21
1161,17
1162,1
1162,7
1162,17
1163,16
1164,1
1164,14
1165,1
1165,14
1166,1
1166,5
1166,11
1167,1
1168,1
1168,13
1168,6
1169,1
1169,17
1170,11
1170,17
1171,10
1172,7
1174,1
1174,11
1174,18
1175,18
1176,1
1177,14
1177,7
1177,11
1178,4
1178,8
1178,3
1179,1
1179,2
1179,11
1182,1
1182,5
1182,11
1183,4
1183,8
1184,17
1185,1
1185,5
1185,3
1192,17
1193,5
1195,8
1197,1
1197,6
1197,11
1198,23
1200,8
1200,22
1201,23
1201,24
1204,1
1204,5
1204,11
1206,1
1208,8
1208,25
1209,8
1209,11
1209,25
1210,1
1210,16
1211,16
1211,7
1212,16
1213,4
1213,5
1213,3
1214,16
1214,24
1215,1
1215,5
1216,1
1216,5
1216,11
1217,1
1217,16
1217,19
1218,1
1218,16
1220,1
1220,5
1221,16
1222,1
1222,5
1222,9
1224,1
1224,4
1224,21
1225,1
1225,5
1225,3
1226,1
1226,4
1226,5
1227,1
1227,5
1227,3
1228,1
1228,5
1229,1
1229,2
1230,16
1231,25
1232,1
1234,1
1234,18
1235,1
1235,5
1236,1
1236,4
1236,5
1237,1
1237,4
1237,5
1238,1
1238,17
1239,1
1239,4
1239,5
1240,1
1240,21
1241,1
1241,5
1242,1
1242,4
1242,5
1243,1
1244,16
1245,1
1245,4
1245,5
1246,16
1247,1
1247,7
1248,1
1248,16
1248,14
1249,16
1249,14
1250,16
1250,14
1251,16
1251,14
1252,16
1253,16
1253,14
1254,1
1255,16
1255,8
1255,27
1256,6
1256,3
1256,18
1257,16
1257,3
1257,11
1258,1
1258,16
1258,7
1259,4
1259,14
1259,2
1260,1
1260,7
1262,1
1262,5
1262,19
1263,4
1263,8
1263,2
1264,4
1264,8
1264,2
1265,16
1266,8
1266,14
1266,13
1267,1
1267,16
1267,7
1268,1
1268,5
1268,11
1269,1
1269,16
1270,16
1271,1
1271,5
1271,11
1272,1
1272,5
1273,16
1274,16
1275,1
1275,17
1276,1
1277,16
1278,5
1278,3
1280,25
1281,1
1281,8
1281,18
1282,1
1282,5
1282,11
1283,1
1283,16
1283,7
1284,1
1284,16
1284,22
1285,1
1285,16
1285,14
1286,1
1286,16
1287,1
1287,5
1288,1
1288,5
1288,19
1289,1
1289,17
1290,16
1290,5
1291,16
1292,16
1293,1
1294,1
1294,16
1294,14
1295,16
1297,16
1297,27
1297,13
1298,16
1299,4
1299,8
1299,2
1300,1
1300,4
1300,12
1301,4
1301,27
1302,1
1302,5
1302,11
1303,1
1303,2
1303,3
1304,4
1304,8
1304,2
1305,8
1305,2
1305,20
1306,4
1306,8
1306,5
1307,1
1307,7
1308,1
1308,5
1308,7
1309,4
1309,8
1309,5
1310,1
1310,18
1311,1
1311,5
1313,16
1314,5
1314,19
1315,1
1315,21
1315,18
1316,1
1316,5
1316,19
1317,1
1317,16
1317,7
1318,1
1318,16
1318,7
1320,16
1322,1
1322,5
1322,20
1323,4
1323,8
1323,2
1324,16
1325,1
1325,18
1328,17
1330,1
1331,1
1331,4
1331,5
1333,1
1333,5
1333,18
1335,1
1335,8
1335,13
1336,1
1336,5
1336,11
1337,5
1337,11
1338,1
1338,19
1339,1
1340,1
1340,5
1340,11
1341,4
1341,8
1341,13
1343,1
1343,5
1343,3
1345,1
1345,16
1345,14
1347,25
1351,18
1352,5
1352,11
1353,16
1353,22
1355,1
1355,10
1358,16
1358,13
1358,7
1362,16
1362,4
1362,2
1363,1
1363,2
1363,3
1364,1
1364,4
1364,2
1365,16
1365,13
1365,7
1366,2
1366,3
1366,11
1367,1
1367,2
1367,3
1368,16
1369,1
1369,4
1369,5
1370,4
1370,5
1370,2
1371,1
1371,2
1371,20
1372,1
1372,3
1372,11
1374,1
1374,14
1374,7
1375,1
1375,14
1375,12
1376,1
1376,4
1376,5
1377,16
1379,1
1379,2
1379,3
1381,5
1382,1
1382,6
1383,16
1383,10
1384,14
1387,1
1388,16
1391,1
1391,22
1392,16
1393,5
1395,8
1395,25
1402,1
1402,7
1403,1
1403,6
1403,3
1405,16
1407,16
1408,16
1408,27
1408,13
1409,16
1410,1
1410,11
1411,16
1412,1
1412,16
1412,7
1413,1
1413,21
1413,17
1415,1
1415,4
1415,2
1417,16
1417,23
1418,26
1420,1
1420,8
1421,8
1421,14
1422,1
1422,4
1422,8
1423,8
1424,8
1425,1
1425,3
1426,1
1427,4
1427,3
1427,9
1428,1
1428,4
1428,9
1429,1
1429,5
1430,1
1430,21
1430,17
1432,1
1432,17
1433,1
1433,7
1433,21
1434,1
1435,1
1435,7
1435,21
1436,1
1437,1
1437,5
1437,11
1438,1
1438,5
1438,3
1439,1
1439,5
1439,3
1440,1
1440,15
1440,6
1440,12
1441,4
1441,8
1441,15
1441,2
1442,1
1442,13
1442,6
1443,16
1444,1
1445,16
1445,14
1446,26
1447,21
1447,17
1449,25
1451,1
1451,7
1456,16
1457,16
1458,1
1458,16
1460,4
1460,8
1460,2
1461,16
1462,1
1462,4
1462,21
1463,1
1465,1
1465,4
1465,8
1466,16
1467,1
1467,5
1468,16
1469,1
1469,4
1469,2
1470,1
1470,4
1470,18
1471,16
1472,16
1472,14
1473,16
1473,14
1474,16
1475,16
1475,4
1475,21
1476,11
1476,17
1476,12
1477,2
1477,3
1477,12
1478,1
1478,8
1478,2
1479,16
1481,1
1481,5
1481,19
1482,1
1482,16
1482,7
1483,1
1483,8
1483,2
1484,1
1484,16
1484,7
1485,1
1485,8
1485,13
1487,1
1487,16
1487,11
1488,16
1489,16
1489,19
1490,16
1491,16
1491,10
1493,1
1493,22
1495,16
1496,16
1496,4
1496,11
1497,1
1497,4
1497,5
1499,1
1499,4
1499,11
1500,1
1500,4
1500,8
1502,16
1503,16
1505,4
1505,8
1505,15
1505,13
1506,16
1506,7
1507,8
1507,14
1507,2
1508,1
1508,16
1509,16
1510,1
1510,16
1511,16
1511,14
1512,16
1517,4
1517,8
1517,15
1517,13
1518,16
1520,16
1522,16
1523,16
1524,1
1525,4
1525,8
1525,15
1525,2
1527,16
1527,14
1528,16
1529,4
1529,8
1529,2
1530,16
1531,16
1532,1
1532,4
1532,9
1533,1
1533,4
1533,8
1534,1
1534,3
1534,9
1535,1
1535,4
1535,8
1536,4
1536,8
1536,15
1536,13
1537,4
1537,8
1537,15
1537,13
1540,16
1540,4
1541,16
1541,27
1542,5
1542,11
1542,17
1543,25
1545,12
1546,10
1548,1
1548,5
1548,11
1549,27
1549,23
1550,1
1551,16
1551,8
1551,27
1552,7
1555,11
1555,25
1555,17
1559,1
1559,5
1559,11
1560,1
1560,14
1563,16
1564,16
1564,4
1565,23
1566,22
1570,26
1572,8
1572,10
1572,24
1573,1
1573,5
1573,3
1575,22
1577,8
1577,23
1577,24
1581,1
1581,5
1586,23
1587,1
1587,16
1587,7
1588,1
1589,1
1589,5
1589,6
1591,16
1593,1
1593,11
1593,12
1594,16
1595,16
1598,16
1599,1
1600,16
1601,16
1602,2
1603,4
1603,8
1605,2
1605,11
1605,25
1606,16
1608,1
1608,21
1608,9
1611,4
1611,8
1611,2
1612,4
1612,8
1612,2
1613,1
1613,16
1614,1
1614,5
1615,4
1615,8
1615,2
1616,16
1616,8
1616,2
1617,16
1617,27
1617,13
1618,16
1619,16
1619,4
1619,21
1620,1
1620,16
1620,10
1623,7
1626,25
1626,18
1629,21
1629,17
1630,1
1630,4
1631,16
1631,4
1631,14
1632,1
1632,4
1632,8
1638,1
1638,21
1638,17
1639,17
1640,1
1640,11
1640,12
1641,16
1642,1
1643,16
1643,2
1645,16
1646,4
1646,8
1647,1
1647,10
1648,8
1648,13
1649,1
1649,2
1650,1
1650,16
1651,16
1652,1
1652,7
1653,4
1653,8
1653,13
1654,25
1655,1
1655,4
1655,5
1656,1
1656,6
1656,2
1657,17
1658,4
1658,8
1658,13
1659,16
1659,13
1659,7
1660,16
1661,16
1662,4
1662,8
1662,2
1663,4
1663,8
1664,1
1664,16
1664,10
1665,1
1665,5
1665,3
1666,16
1667,16
1668,16
1668,4
1668,2
1669,16
1669,4
1669,2
1670,4
1670,8
1671,1
1671,4
1671,8
1672,1
1672,4
1672,2
1673,1
1673,4
1673,8
1674,1
1674,16
1676,4
1676,8
1676,15
1676,13
1678,1
1678,7
1679,16
1679,28
1680,7
1682,16
1683,16
1683,10
1684,16
1685,16
1686,1
1688,1
1688,16
1689,23
1690,16
1691,1
1691,5
1691,12
1692,1
1693,17
1694,1
1694,16
1695,1
1697,16
1698,1
1700,1
1701,1
1701,5
1701,2
1702,1
1702,13
1702,11
1704,2
1705,1
1705,7
1706,1
1706,18
1707,1
1707,3
1707,19
1708,1
1708,16
1708,23
1710,16
1711,1
1711,7
1711,17
1712,16
1712,7
1713,16
1714,1
1714,5
1714,7
1716,16
1717,16
1718,16
1719,16
1719,14
1720,16
1721,1
1721,4
1721,8
1727,1
1727,14
1728,16
1729,16
1729,14
1729,13
1731,1
1731,8
1731,13
1732,16
1732,10
1734,6
1735,1
1735,16
1738,5
1739,8
1739,24
1740,16
1740,14
1742,22
1744,1
1744,13
1744,11
1745,16
1745,23
1745,7
1746,1
1747,1
1747,4
1747,20
1748,1
1748,5
1748,19
1749,16
1750,1
1750,4
1750,15
1752,4
1752,8
1752,2
1753,1
1753,5
1753,11
1754,1
1754,5
1755,21
1756,1
1757,1
1757,12
1758,1
1758,5
1759,1
1759,2
1759,3
1760,1
1760,14
1761,1
1761,15
1762,1
1762,8
1763,8
1763,2
1764,21
1764,17
1765,1
1765,4
1765,21
1766,1
1766,5
1767,1
1767,5
1767,11
1768,16
1769,1
1769,4
1769,5
1770,1
1770,5
1770,3
1771,1
1771,4
1771,5
1772,16
1775,16
1776,16
1776,5
1778,1
1778,5
1779,1
1779,14
1779,18
1780,1
1780,14
1782,14
1783,14
1784,16
1784,14
1785,1
1785,13
1785,6
1786,1
1786,6
1787,1
1787,11
1788,4
1788,8
1788,2
1789,16
1789,14
1790,1
1790,4
1790,5
1791,6
1791,11
1792,1
1792,5
1794,1
1794,3
1794,18
1796,16
1796,8
1796,2
1797,10
1798,1
1798,5
1798,13
1801,8
1802,26
1804,1
1804,2
1804,3
1805,1
1805,13
1805,6
1807,27
1808,1
1808,5
1809,16
1810,16
1810,2
1810,19
1811,16
1812,1
1812,5
1813,1
1813,5
1814,1
1814,5
1814,11
1815,1
1815,4
1818,16
1819,4
1819,8
1819,2
1820,1
1820,11
1820,12
1821,1
1821,16
1821,22
1822,16
1822,21
1823,1
1823,2
1823,11
1824,1
1824,4
1824,6
1825,2
1825,3
1825,11
1827,1
1827,3
1828,1
1828,5
1830,14
1830,10
1832,21
1833,1
1833,5
1834,1
1834,21
1835,26
1837,1
1842,4
1842,8
1843,16
1844,1
1844,5
1844,2
1845,16
1846,16
1846,10
1847,16
1848,16
1848,5
1849,1
1849,8
1849,7
1850,1
1850,4
1850,2
1851,1
1851,4
1851,2
1852,1
1852,5
1852,11
1853,16
1854,1
1854,4
1854,8
1855,1
1855,5
1855,3
1856,1
1856,10
1856,7
1857,16
1857,10
1858,4
1858,5
1858,2
1859,1
1859,5
1859,12
1861,1
1861,6
1861,3
1862,16
1862,6
1862,11
1863,1
1863,5
1863,11
1864,16
1865,16
1865,14
1865,18
1866,16
1866,27
1866,14
1867,1
1867,5
1867,2
1868,1
1868,5
1868,18
1869,8
1869,25
1871,1
1871,5
1871,3
1872,5
1872,19
1873,16
1874,16
1875,1
1875,5
1877,16
1878,4
1878,8
1878,2
1879,5
1879,3
1880,1
1880,16
1880,5
1881,17
1884,1
1884,2
1884,3
1885,16
1885,4
1885,5
1886,1
1886,4
1886,5
1887,1
1887,5
1888,1
1888,5
1888,3
1889,2
1890,4
1891,4
1891,3
1892,16
1892,4
1893,1
1893,4
1893,5
1894,4
1894,8
1894,20
1895,4
1895,8
1895,13
1896,4
1896,5
1897,1
1897,6
1897,3
1898,4
1898,8
1898,13
1899,8
1899,15
1899,6
1899,2
1900,4
1900,13
1900,6
1901,1
1901,4
1901,5
1902,4
1902,5
1902,2
1903,4
1903,8
1903,13
1904,1
1904,4
1904,5
1905,4
1905,15
1905,13
1906,4
1906,15
1906,17
1907,4
1907,8
1907,2
1908,4
1908,8
1908,2
1909,4
1909,2
1910,1
1910,5
1910,3
1911,1
1911,4
1911,13
1912,1
1912,4
1912,13
1913,1
1913,6
1913,3
1914,1
1914,5
1915,15
1915,13
1915,6
1916,4
1916,8
1916,15
1916,13
1918,1
1918,16
1918,7
1919,1
1919,4
1919,2
1920,1
1920,4
1920,5
1921,16
1921,4
1921,6
1922,4
1922,2
1923,4
1923,8
1923,15
1923,2
1924,4
1924,15
1924,2
1925,1
1925,4
1925,15
1925,2
1926,1
1926,4
1926,15
1926,2
1927,16
1927,4
1927,8
1927,15
1928,4
1928,6
1928,12
1929,16
1929,4
1929,5
1930,4
1930,3
1930,11
1931,16
1931,4
1931,15
1931,5
1932,4
1932,15
1932,2
1932,9
1933,4
1933,8
1933,13
1934,1
1934,15
1934,6
1935,4
1935,15
1935,2
1935,3
1936,16
1936,4
1936,15
1936,2
1937,4
1937,8
1937,13
1938,15
1938,2
1938,3
1939,4
1939,15
1939,5
1939,2
1940,4
1940,15
1940,13
1940,12
1942,16
1942,15
1942,13
1943,16
1943,15
1943,7
1944,16
1944,4
1944,15
1944,2
1945,4
1945,8
1945,15
1945,13
1946,4
1946,8
1946,15
1946,13
1947,16
1947,13
1947,10
1948,16
1949,16
1949,6
1949,2
1950,16
1952,16
1953,16
1953,8
1953,27
1954,4
1954,2
1955,4
1955,27
1955,5
1956,8
1956,27
1956,6
1957,4
1957,8
1957,2
1958,16
1959,16
1959,5
1961,1
1961,5
1962,1
1962,5
1962,11
1963,1
1963,2
1963,3
1964,4
1964,15
1964,6
1965,4
1965,15
1965,13
1966,1
1966,15
1966,5
1967,4
1967,22
1968,14
1969,1
1969,14
1971,16
1972,1
1972,4
1972,5
1974,16
1975,1
1975,5
1976,4
1976,15
1976,2
1976,21
1977,16
1978,1
1978,4
1979,16
1980,1
1980,4
1980,5
1981,1
1981,4
1981,5
1982,1
1982,2
1982,3
1983,1
1983,5
1984,1
1984,16
1985,1
1985,5
1985,3
1986,16
1987,16
1987,7
1988,16
1988,7
1989,16
1989,14
1990,1
1990,14
1991,16
1992,16
1993,1
1993,16
1993,10
1994,16
1995,1
1995,5
1995,3
1996,16
1997,1
1997,16
1997,5
1998,16
1999,16
2000,16
2000,13
2000,7
2001,16
2001,14
2002,1
2002,5
2003,1
2003,14
2003,7
2004,1
2004,6
2005,16
2005,14
2006,16
2007,16
2008,1
2008,7
2009,1
2009,5
2009,11
2011,10
2013,14
2013,17
2014,1
2014,2
2014,3
2015,1
2015,5
2015,13
2016,8
2016,11
2016,12
2017,1
2018,1
2019,1
2019,3
2020,16
2021,16
2021,14
2022,1
2022,4
2022,8
2023,4
2023,8
2023,2
2024,1
2024,5
2024,3
2025,4
2025,3
2026,4
2026,8
2026,15
2026,2
2027,1
2027,4
2027,5
2028,1
2028,4
2028,3
2029,1
2029,5
2030,1
2030,16
2031,4
2031,8
2031,11
2032,1
2032,13
2033,4
2033,8
2034,1
2034,5
2034,6
2035,1
2035,4
2035,8
2036,1
2036,3
2036,21
2037,4
2037,15
2037,13
2038,1
2038,12
2039,16
2040,4
2040,8
2040,2
2041,1
2041,16
2042,16
2043,4
2043,8
2043,15
2043,2
2044,4
2044,5
2045,1
2045,3
2045,18
2046,1
2046,2
2047,1
2047,5
2047,11
2048,4
2048,8
2048,15
2049,4
2049,8
2049,15
2049,13
2050,1
2050,5
2051,1
2051,15
2051,13
2051,2
2052,1
2052,7
2054,1
2054,5
2055,4
2055,8
2056,1
2056,4
2056,3
2057,1
2057,7
2058,4
2058,8
2059,4
2059,8
2059,15
2059,13
2060,8
2060,15
2060,2
2061,1
2061,15
2061,6
2061,2
2062,16
2062,15
2062,2
2063,1
2063,4
2063,15
2063,11
2064,21
2064,17
2065,4
2065,15
2065,7
2065,2
2066,4
2066,15
2066,13
2067,1
2067,15
2067,7
2068,4
2068,15
2068,6
2069,4
2069,8
2069,15
2069,13
2071,4
2071,8
2071,15
2071,13
2072,16
2072,4
2072,15
2073,16
2073,5
2074,1
2074,2
2075,1
2075,14
2075,20
2077,16
2078,1
2078,5
2079,1
2079,16
2080,16
2080,7
2081,22
2082,1
2082,18
2083,1
2083,5
2083,11
2084,16
2084,14
2085,16
2085,14
2086,1
2086,5
2087,4
2087,8
2087,2
2088,1
2089,17
2090,21
2090,17
2091,1
2091,7
2093,16
2093,14
2094,16
2095,16
2096,16
2096,14
2096,10
2097,1
2097,5
2099,4
2099,8
2100,4
2100,8
2102,4
2102,8
2102,15
2102,13
2103,4
2103,8
2103,15
2103,13
2104,4
2104,8
2104,15
2104,13
2105,1
2105,21
2106,16
2107,16
2108,16
2110,4
2110,8
2110,13
2111,1
2111,13
2111,2
2114,5
2114,11
2114,9
2116,21
2116,11
2116,17
2117,16
2118,1
2119,1
2119,4
2119,5
2120,10
2121,16
2121,14
2122,1
2122,5
2122,11
2123,14
2124,16
2125,1
2125,5
2127,4
2127,8
2127,9
2128,16
2128,14
2130,1
2130,4
2130,5
2131,16
2132,1
2132,4
2132,8
2134,16
2136,4
2136,8
2136,20
2137,16
2139,16
2140,4
2140,8
2140,2
2141,4
2141,8
2141,20
2142,14
2142,10
2143,16
2143,8
2143,27
2144,2
2145,16
2145,27
2145,2
2146,4
2146,8
2146,20
2147,1
2147,2
2148,1
2148,4
2148,21
2149,8
2149,20
2150,14
2150,10
2151,4
2151,13
2151,2
2152,4
2152,8
2153,1
2153,7
2154,11
2155,2
2158,1
2158,13
2158,12
2159,23
2159,24
2161,16
2161,14
2161,10
2162,1
2162,10
2163,1
2163,16
2164,1
2165,17
2167,14
2168,16
2169,23
2171,17
2173,8
2173,2
2174,4
2174,5
2174,2
2175,1
2175,5
2175,2
2176,1
2176,4
2176,5
2178,1
2178,2
2178,3
2186,1
2186,14
2187,1
2187,4
2187,8
2189,1
2189,16
2189,14
2191,14
2194,16
2194,14
2195,16
2195,27
2195,14
2196,1
2197,16
2198,14
2199,14
2200,16
2200,27
2200,14
2201,1
2201,18
2203,4
2205,1
2205,5
2206,16
2206,14
2206,10
2207,16
2207,27
2207,14
2208,16
2209,16
2209,14
2209,2
2210,16
2211,1
2211,5
2212,14
2213,1
2213,4
2213,21
2214,1
2214,5
2218,1
2218,16
2219,1
2219,5
2219,19
2220,16
2221,8
2221,14
2221,24
2222,4
2222,8
2222,14
2226,1
2226,5
2228,1
2228,4
2228,5
2233,22
2234,23
2237,23
2237,24
2238,1
2238,4
2238,21
2240,16
2243,16
2243,10
2244,1
2244,4
2244,3
2245,16
2246,1
2246,18
2247,6
2247,2
2247,3
2248,1
2249,8
2249,24
2250,1
2250,7
2252,23
2253,5
2253,3
2253,11
2255,16
2256,16
2256,5
2257,1
2257,4
2257,24
2260,16
2260,10
2261,14
2263,1
2263,5
2264,1
2264,5
2264,3
2265,1
2265,5
2267,16
2267,8
2267,2
2269,4
2269,8
2269,2
2271,4
2271,8
2271,2
2272,1
2275,16
2275,13
2276,1
2276,18
2277,16
2278,11
2278,18
2278,17
2280,23
2281,1
2281,21
2284,8
2284,24
2285,1
2285,3
2285,9
2286,14
2286,26
2289,1
2289,6
2289,2
2290,26
2291,8
2291,27
2293,23
2294,1
2294,5
2294,17
2298,16
2298,22
2299,1
2299,23
2299,5
2300,1
2300,4
2300,8
2301,1
2301,16
2301,7
2302,1
2302,5
2302,19
2304,1
2305,1
2305,21
2306,6
2308,16
2311,23
2315,1
2315,5
2315,19
2316,28
2320,1
2320,9
2321,8
2321,13
2321,11
2322,25
2323,16
2324,5
2324,19
2327,1
2327,13
2328,16
2329,1
2329,16
2329,18
2330,16
2330,9
2331,1
2331,16
2331,7
2332,1
2332,11
2332,17
2333,1
2333,11
2334,16
2334,18
2335,16
2338,23
2341,19
2342,10
2343,16
2344,4
2344,8
2344,27
2345,5
2345,14
2345,3
2346,1
2346,16
2346,5
2347,1
2347,6
2347,11
2350,14
2355,1
2355,7
2356,16
2357,16
2358,1
2358,11
2358,19
2359,1
2359,7
2360,1
2360,5
2361,1
2361,5
2361,3
2362,16
2363,1
2367,16
2367,4
2367,6
2368,4
2368,8
2368,15
2368,13
2369,16
2369,23
2369,14
2370,16
2373,26
2376,8
2376,25
2380,16
2381,4
2381,2
2381,9
2382,1
2382,2
2384,1
2385,8
2385,24
2386,1
2387,26
2391,5
2396,16
2398,1
2400,18
2401,7
2402,16
2404,5
2405,1
2405,5
2408,28
2410,23
2410,24
2411,18
2412,4
2412,8
2412,2
2413,7
2414,1
2414,5
2415,1
2415,5
2417,16
2417,27
2417,13
2418,16
2422,1
2422,4
2422,5
2423,1
2423,18
2425,16
2425,26
2426,1
2426,3
2426,11
2427,16
2427,4
2427,6
2428,21
2428,17
2429,1
2429,27
2430,21
2430,17
2434,1
2434,5
2434,3
2436,17
2438,4
2438,8
2441,1
2441,7
2444,1
2444,16
2444,7
2445,4
2445,8
2446,16
2446,4
2446,6
2447,4
2447,8
2447,15
2447,13
2448,1
2448,5
2450,26
2451,23
2453,23
2454,1
2454,4
2454,18
2455,8
2455,25
2456,16
2459,23
2459,24
2465,7
2466,25
2467,25
2468,1
2468,16
2469,1
2469,7
2470,16
2470,14
2473,1
2473,5
2473,2
2474,16
2474,14
2475,16
2475,14
2476,4
2476,8
2476,2
2477,1
2477,11
2477,12
2478,16
2478,14
2482,1
2482,15
2482,13
2482,6
2483,1
2483,4
2483,15
2483,2
2484,26
2486,23
2487,14
2487,2
2489,1
2489,7
2489,11
2490,21
2494,1
2500,5
2502,1
2502,5
2503,1
2503,5
2504,1
2504,7
2506,1
2506,5
2506,11
2508,23
2510,16
2510,23
2510,14
2512,8
2512,11
2512,25
2513,23
2513,24
2516,16
2516,14
2517,16
2517,4
2517,12
2518,1
2519,16
2519,13
2520,13
2520,7
2522,25
2522,24
2523,1
2523,14
2523,13
2524,4
2524,15
2524,13
2524,2
2525,4
2525,5
2526,1
2526,15
2526,7
2527,1
2527,16
2527,7
2528,1
2528,15
2528,5
2529,4
2529,8
2529,15
2529,13
2530,8
2530,15
2530,13
2531,4
2531,8
2531,15
2531,11
2532,4
2532,8
2532,15
2533,22
2535,22
2536,24
2537,4
2537,20
2537,17
2538,25
2540,4
2540,8
2540,2
2541,4
2541,8
2541,27
2542,1
2542,24
2543,4
2543,15
2544,21
2544,17
2545,1
2545,21
2545,17
2546,1
2546,11
2546,12
2548,1
2549,10
2551,23
2553,16
2553,7
2554,16
2555,16
2555,6
2555,3
2557,16
2557,4
2557,8
2559,1
2559,16
2559,27
2560,16
2560,27
2561,16
2561,4
2561,14
2562,26
2563,25
2564,16
2564,8
2564,13
2565,16
2565,27
2566,16
2567,16
2568,16
2568,14
2569,16
2569,14
2570,23
2571,10
2573,16
2574,16
2575,16
2576,16
2577,16
2578,16
2579,16
2579,2
2581,16
2582,16
2583,16
2584,16
2585,1
2585,4
2585,8
2586,1
2586,16
2586,2
2587,16
2588,16
2589,16
2591,16
2592,1
2593,1
2593,6
2593,12
2595,1
2596,11
2598,16
2599,18
2600,1
2600,5
2600,3
2601,1
2601,5
2602,16
2603,1
2603,4
2603,8
2604,1
2604,5
2604,3
2605,1
2605,5
2608,8
2609,5
2609,11
2610,24
2612,16
2612,14
2615,26
2616,22
2617,22
2618,22
2622,1
2622,5
2622,9
2628,1
2628,5
2629,1
2629,5
2632,1
2632,11
2632,9
2636,16
2637,21
2638,21
2640,5
2641,1
2641,4
2641,8
2643,16
2643,27
2645,1
2645,5
2648,1
2648,5
2650,22
2657,4
2657,22
2659,27
2659,10
2663,17
2666,18
2667,23
2667,24
2668,16
2669,16
2672,1
2675,17
2677,1
2677,21
2678,7
2679,16
2681,1
2681,4
2681,5
2682,1
2682,16
2682,22
2683,16
2683,27
2684,16
2685,16
2685,14
2685,25
2686,1
2686,5
2687,1
2687,7
2689,16
2689,14
2689,7
2690,1
2690,21
2690,17
2691,1
2691,4
2691,21
2692,1
2692,21
2693,24
2694,16
2695,25
2695,24
2699,20
2699,17
2702,5
2704,1
2704,21
2705,1
2705,4
2705,5
2707,1
2707,4
2707,5
2708,1
2708,22
2709,7
2710,16
2710,14
2711,16
2711,4
2711,8
2712,16
2712,14
2714,1
2714,4
2714,5
2715,24
2717,1
2717,5
2718,23
2719,17
2720,1
2721,1
2724,1
2724,15
2724,13
2725,1
2725,5
2726,23
2726,24
2729,5
2730,1
2730,3
2730,11
2731,16
2733,4
2733,5
2733,11
2734,1
2734,5
2734,3
2735,23
2736,1
2736,16
2737,1
2737,3
2738,1
2738,4
2740,1
2740,7
2742,1
2743,16
2743,4
2743,2
2745,1
2745,4
2745,3
2746,1
2746,10
2747,1
2747,5
2747,17
2748,1
2748,5
2750,16
2751,1
2751,16
2751,4
2752,4
2752,13
2752,2
2753,1
2753,4
2753,8
2754,1
2754,16
2754,5
2756,16
2757,1
2757,2
2758,1
2758,21
2759,1
2759,4
2759,17
2760,1
2761,1
2761,16
2761,7
2762,1
2762,5
2762,3
2763,1
2763,3
2763,11
2764,23
2764,7
2767,1
2767,4
2767,5
2768,1
2768,7
2769,4
2769,27
2770,16
2770,27
2770,13
2771,1
2771,16
2771,15
2771,7
2772,1
2772,16
2772,15
2772,2
2773,16
2774,1
2774,7
2775,5
2775,11
2776,1
2777,5
2777,3
2777,11
2778,16
2779,16
2780,1
2780,16
2782,16
2782,14
2785,4
2785,5
2785,3
2786,24
2787,1
2787,24
2789,24
2790,16
2790,13
2790,12
2791,1
2793,16
2793,2
2796,1
2796,4
2796,17
2797,1
2797,21
2797,17
2798,16
2798,4
2798,15
2798,7
2800,1
2800,7
2800,21
2801,24
2805,7
2809,1
2809,18
2810,10
2811,16
2812,22
2813,23
2813,24
2814,4
2814,5
2814,3
2816,17
2818,8
2818,27
2818,13
2820,16
2821,16
2821,10
2822,16
2823,1
2823,7
2823,21
2824,1
2824,4
2824,5
2825,4
2825,5
2825,3
2826,1
2826,7
2826,3
2828,16
2828,21
2829,21
2830,1
2830,21
2831,16
2831,10
2833,4
2833,8
2833,21
2834,1
2834,16
2834,7
2835,16
2837,23
2837,24
2838,26
2839,26
2841,1
2841,5
2843,1
2843,5
2844,1
2844,5
2845,23
2847,16
2849,1
2849,23
2850,1
2850,17
2851,1
2851,4
2851,5
2852,1
2852,4
2852,7
2853,1
2853,6
2854,17
2856,1
2856,5
2856,17
2857,2
2857,11
2857,17
2858,16
2859,8
2859,23
2859,24
2860,1
2861,1
2861,4
2861,8
2862,1
2862,4
2862,17
2863,1
2863,5
2864,1
2864,4
2864,8
2865,1
2865,5
2866,16
2867,8
2867,11
2867,24
2868,1
2869,4
2869,15
2869,13
2870,1
2870,7
2870,17
2871,1
2871,15
2871,22
2873,16
2874,1
2875,17
2876,21
2879,23
2880,23
2880,24
2882,16
2882,14
2882,10
2883,18
2884,1
2884,5
2884,11
2885,1
2885,16
2885,14
2887,1
2887,5
2887,11
2888,10
2890,26
2891,1
2891,21
2892,23
2892,14
2893,1
2893,21
2894,5
2895,1
2895,21
2895,17
2896,1
2896,21
2898,8
2898,7
2898,17
2900,1
2900,24
2902,23
2902,24
2905,24
2906,8
2907,24
2908,1
2908,4
2908,5
2909,1
2909,6
2910,1
2910,16
2911,1
2911,7
2911,3
2912,1
2912,17
2913,1
2913,17
2914,1
2914,7
2916,1
2916,4
2916,26
2917,16
2917,14
2918,16
2919,16
2920,16
2920,14
2921,5
2922,16
2924,10
2924,17
2925,17
2926,5
2926,3
2926,11
2927,1
2927,16
2927,7
2928,16
2928,10
2929,10
2929,17
2930,22
2931,16
2931,8
2931,27
2942,1
2942,2
2946,23
2948,1
2948,16
2948,2
2950,23
2951,23
2954,16
2955,16
2956,16
2957,16
2960,16
2961,16
2962,16
2963,16
2964,14
2965,10
2966,16
2968,16
2968,2
2969,16
2970,16
2971,16
2972,16
2974,1
2974,13
2976,1
2976,5
2976,3
2977,16
2977,7
2978,26
2979,16
2979,14
2981,1
2981,3
2981,11
2982,17
2983,8
2983,24
2983,22
2985,23
2987,23
2988,16
2989,17
2990,1
2990,17
2991,1
2991,16
2991,21
2992,1
2992,5
2992,3
2993,1
2993,6
2993,2
2994,23
2995,5
2996,23
2996,22
2997,10
2998,1
2998,4
2998,8
2999,1
2999,8
2999,13
3000,13
3000,7
3000,11
3001,4
3001,8
3001,25
3002,1
3002,4
3002,8
3003,27
3004,16
3004,7
3005,1
3006,1
3006,8
3006,27
3007,1
3007,4
3007,8
3009,16
3009,13
3009,7
3010,1
3010,17
3012,4
3012,8
3012,25
3013,18
3014,16
3016,4
3016,5
3016,11
3017,1
3017,3
3019,16
3019,27
3020,1
3020,5
3020,3
3022,16
3022,4
3022,2
3024,7
3027,1
3027,16
3030,1
3030,4
3031,1
3031,5
3032,1
3032,5
3034,1
3034,16
3034,14
3035,16
3036,16
3037,1
3037,4
3037,5
3038,1
3038,3
3038,11
3039,1
3039,5
3039,19
3040,23
3041,16
3041,27
3041,14
3042,16
3043,1
3043,5
3044,10
3045,10
3046,10
3048,10
3049,16
3049,23
3049,24
3050,1
3050,10
3050,17
3052,25
3056,1
3056,5
3056,3
3057,10
3058,14
3058,10
3058,24
3059,23
3059,24
3062,1
3062,5
3062,11
3063,23
3065,1
3065,5
3066,16
3066,27
3069,1
3069,5
3069,3
3072,1
3072,5
3072,3
3073,16
3073,14
3074,1
3074,17
3075,1
3075,16
3075,3
3076,16
3076,4
3076,8
3077,16
3078,1
3078,18
3079,1
3079,16
3080,1
3080,16
3080,11
3081,16
3081,14
3082,1
3082,4
3082,2
3083,1
3083,8
3083,13
3084,1
3084,4
3084,22
3086,1
3086,16
3086,5
3087,1
3087,16
3087,5
3088,1
3088,2
3088,3
3089,16
3090,16
3095,16
3099,1
3099,16
3099,22
3100,24
3101,1
3101,4
3101,8
3104,16
3104,5
3104,19
3108,16
3109,16
3109,4
3109,5
3110,24
3111,16
3114,4
3114,8
3114,2
3115,16
3115,27
3118,16
3118,10
3119,16
3121,8
3121,24
3122,1
3122,5
3123,1
3123,6
3123,3
3124,4
3124,8
3124,6
3126,23
3126,24
3127,26
3128,1
3128,18
3129,1
3129,8
3129,2
3131,11
3131,25
3131,17
3134,16
3134,27
3135,16
3135,4
3136,16
3137,23
3139,1
3139,7
3142,1
3142,18
3143,17
3144,1
3144,20
3144,12
3145,1
3145,4
3145,8
3147,26
3148,4
3148,27
3149,1
3149,4
3149,5
3150,16
3150,18
3151,25
3152,16
3153,16
3155,16
3156,1
3156,5
3157,16
3157,24
3158,16
3158,5
3159,1
3159,16
3160,23
3161,1
3161,16
3161,14
3162,1
3163,1
3163,4
3163,5
3164,1
3164,14
3166,1
3166,5
3167,5
3167,7
3167,18
3168,1
3168,23
3168,11
3169,1
3169,5
3169,11
3170,7
3170,3
3170,11
3172,1
3172,16
3172,7
3173,1
3173,4
3173,7
3174,1
3174,16
3174,7
3175,1
3175,14
3176,4
3176,13
3176,17
3178,1
3178,14
3179,1
3179,7
3180,7
3182,1
3182,4
3182,13
3183,16
3184,4
3184,8
3184,20
3185,1
3185,4
3186,22
3188,21
3189,16
3191,16
3191,14
3192,16
3193,4
3193,8
3193,2
3194,1
3194,16
3194,7
3195,1
3195,14
3195,7
3196,1
3196,14
3196,11
3197,1
3197,14
3197,7
3198,1
3198,13
3198,7
3199,16
3199,7
3199,18
3200,1
3200,14
3200,7
3201,1
3201,4
3201,8
3203,16
3203,14
3204,16
3204,14
3205,16
3205,7
3206,16
3207,7
3208,23
3210,23
3211,17
3212,23
3213,23
3214,23
3216,24
3219,23
3220,23
3221,23
3224,23
3226,23
3227,8
3227,24
3228,1
3228,4
3228,5
3229,2
3229,11
3229,17
3231,16
3231,13
3231,7
3232,1
3232,5
3232,7
3233,1
3233,14
3233,7
3234,1
3234,14
3234,7
3235,1
3235,14
3235,7
3236,1
3236,7
3237,1
3237,13
3237,3
3238,1
3238,14
3238,7
3239,16
3239,7
3240,1
3240,7
3240,19
3241,1
3242,1
3242,7
3245,17
3249,1
3249,5
3250,1
3250,16
3252,23
3254,16
3255,1
3255,5
3255,11
3256,1
3257,1
3257,6
3257,11
3258,1
3258,5
3258,3
3259,23
3260,10
3262,5
3262,3
3262,11
3263,16
3263,4
3263,5
3265,1
3265,14
3265,7
3266,16
3266,7
3267,13
3267,7
3267,18
3269,16
3269,14
3269,7
3270,1
3270,5
3270,3
3271,16
3271,8
3271,27
3272,16
3272,8
3272,27
3273,23
3274,16
3274,8
3274,27
3275,1
3275,4
3275,8
3276,1
3276,5
3276,11
3278,26
3281,11
3282,1
3283,1
3283,5
3283,19
3284,16
3285,1
3285,3
3287,1
3287,21
3288,16
3288,27
3289,13
3289,2
3289,11
3290,1
3290,5
3290,19
3291,21
3291,17
3292,4
3292,8
3292,2
3293,1
3293,2
3294,1
3294,4
3294,20
3295,1
3295,27
3296,16
3297,1
3297,5
3299,16
3299,27
3300,16
3301,1
3301,5
3301,19
3302,1
3302,5
3302,11
3303,1
3304,1
3304,16
3305,1
3305,5
3305,19
3306,1
3306,16
3307,1
3307,5
3307,18
3309,1
3309,14
3312,16
3313,1
3313,3
3314,1
3314,7
3315,23
3316,6
3316,11
3316,12
3321,25
3321,17
3323,11
3323,17
3325,1
3327,16
3328,1
3328,8
3328,7
3329,25
3330,25
3331,16
3334,16
3334,24
3335,25
3335,24
3335,17
3337,16
3339,1
3339,17
3340,1
3340,14
3340,3
3341,26
3343,24
3344,23
3347,1
3347,14
3348,7
3350,4
3350,7
3350,3
3351,1
3351,16
3351,14
3352,16
3353,16
3354,1
3354,5
3355,1
3356,1
3357,1
3357,3
3357,11
3358,16
3358,8
3358,11
3359,16
3359,8
3359,20
3360,4
3360,8
3360,20
3362,1
3362,7
3364,1
3364,5
3364,6
3365,1
3365,16
3365,14
3366,8
3366,24
3368,1
3368,4
3368,8
3369,4
3369,8
3369,13
3370,16
3371,1
3371,5
3372,16
3374,1
3374,7
3374,17
3375,16
3376,16
3376,7
3376,18
3379,5
3380,1
3380,16
3380,7
3381,5
3383,1
3383,16
3383,7
3384,1
3384,14
3384,18
3385,1
3385,9
3386,1
3386,17
3387,1
3387,14
3387,7
3388,1
3388,5
3389,1
3389,14
3389,7
3390,1
3390,5
3391,16
3392,1
3392,5
3392,3
3394,16
3396,16
3397,1
3397,6
3397,12
3398,4
3398,8
3398,27
3399,1
3399,18
3400,1
3400,16
3401,5
3401,3
3401,19
3403,1
3404,1
3404,5
3404,13
3405,16
3406,16
3407,16
3408,17
3409,25
3412,1
3413,1
3413,16
3414,16
3414,10
3415,2
3415,17
3416,16
3417,16
3418,1
3418,21
3418,17
3419,16
3419,22
3420,26
3423,1
3423,7
3423,17
3426,26
3428,14
3428,7
3432,5
3432,20
3432,11
3434,4
3434,5
3434,3
3435,23
3435,24
3436,8
3436,14
3436,13
3437,25
3438,1
3438,14
3438,7
3439,23
3440,10
3440,7
3444,25
3445,16
3445,27
3446,14
3446,13
3446,7
3447,16
3449,5
3451,16
3452,23
3454,16
3456,16
3457,16
3459,16
3460,16
3462,1
3462,3
3462,19
3463,16
3463,13
3463,6
3465,27
3465,14
3466,26
3468,4
3468,8
3469,8
3469,25
3470,1
3470,2
3472,1
3472,5
3472,11
3473,1
3473,2
3474,4
3474,8
3474,2
3475,16
3475,13
3475,2
3476,1
3476,4
3476,3
3477,16
3477,7
3478,7
3479,16
3480,16
3481,1
3481,16
3481,13
3483,16
3483,4
3483,2
3484,2
3485,1
3485,11
3486,16
3486,2
3487,23
3488,4
3488,8
3488,20
3489,16
3490,23
3491,1
3491,7
3492,27
3493,1
3493,5
3494,16
3495,16
3495,2
3495,12
3496,16
3497,16
3498,4
3498,8
3498,2
3499,16
3499,4
3501,25
3501,18
3502,14
3502,7
3503,4
3503,7
3503,3
3504,16
3505,1
3505,7
3505,11
3507,1
3507,11
3507,17
3509,17
3510,13
3510,6
3510,12
3511,1
3511,8
3511,2
3512,1
3512,4
3512,5
3513,4
3513,8
3513,2
3515,4
3515,8
3515,20
3516,6
3516,2
3517,1
3517,8
3518,1
3518,16
3518,5
3519,8
3519,14
3519,24
3520,8
3520,25
3524,10
3525,1
3525,7
3526,4
3526,7
3526,17
3527,1
3527,5
3527,11
3528,1
3528,8
3529,1
3529,20
3530,1
3530,4
3530,5
3531,1
3531,14
3531,7
3532,1
3533,1
3533,8
3533,2
3534,25
3535,16
3538,1
3538,16
3538,14
3539,1
3539,16
3539,13
3541,1
3541,7
3542,16
3542,7
3546,25
3547,1
3547,5
3547,11
3549,1
3549,18
3551,1
3551,17
3552,1
3552,5
3552,3
3556,23
3557,4
3557,8
3557,5
3559,4
3559,20
3560,1
3560,5
3560,3
3561,1
3561,5
3561,11
3562,13
3562,6
3562,3
3564,16
3564,6
3564,2
3567,8
3567,17
3569,1
3570,1
3570,16
3570,5
3571,16
3571,4
3572,1
3572,11
3573,1
3573,13
3573,6
3574,4
3574,20
3582,1
3582,4
3583,1
3583,5
3583,3
3584,16
3584,4
3584,2
3585,4
3585,8
3586,1
3586,2
3586,3
3587,16
3587,13
3588,1
3588,14
3588,12
3589,4
3589,8
3590,16
3590,8
3592,1
3592,5
3593,1
3593,3
3593,11
3594,1
3594,17
3601,1
3601,5
3601,11
3603,1
3603,10
3605,16
3606,1
3606,5
3607,5
3608,1
3609,1
3609,5
3609,19
3610,8
3611,17
3612,10
3613,24
3613,17
3614,1
3614,20
3615,27
3615,13
3615,2
3616,1
3617,4
3617,8
3617,20
3618,1
3618,27
3618,14
3619,4
3619,8
3619,2
3620,4
3620,8
3620,9
3621,4
3621,8
3621,5
3622,1
3623,1
3623,5
3624,1
3626,24
3627,16
3628,1
3629,16
3633,16
3633,10
3633,7
3634,22
3635,1
3635,16
3635,7
3636,1
3636,16
3636,7
3637,1
3637,16
3637,7
3638,1
3638,13
3638,17
3639,22
3643,1
3643,16
3645,1
3645,3
3646,1
3646,2
3647,1
3647,3
3647,18
3648,4
3648,8
3648,2
3650,4
3650,27
3651,1
3651,5
3652,1
3653,1
3653,2
3654,4
3654,8
3654,27
3656,1
3656,5
3657,1
3657,5
3658,1
3659,4
3659,8
3659,2
3660,1
3660,2
3661,1
3661,5
3662,1
3662,5
3662,11
3663,1
3663,5
3663,11
3664,16
3664,2
3665,1
3665,2
3665,11
3666,1
3666,27
3666,2
3667,1
3667,27
3667,2
3668,1
3668,27
3668,2
3669,1
3669,3
3670,1
3670,27
3670,2
3671,27
3671,2
3672,2
3673,27
3673,2
3674,1
3674,16
3675,1
3675,4
3675,5
3676,2
3677,4
3677,8
3677,27
3678,1
3678,13
3678,2
3679,4
3679,8
3679,2
3680,16
3681,16
3685,23
3685,24
3687,16
3688,16
3690,16
3693,25
3697,16
3698,16
3699,1
3699,6
3699,12
3700,6
3700,2
3700,12
3701,4
3701,8
3701,20
3702,1
3702,4
3702,5
3704,7
3704,2
3704,3
3705,1
3705,7
3706,16
3707,4
3707,7
3707,3
3708,23
3709,4
3709,8
3710,4
3710,8
3711,16
3711,4
3711,8
3712,16
3712,6
3712,11
3713,1
3713,5
3715,1
3715,13
3715,6
3717,8
3717,24
3719,16
3721,4
3721,8
3721,2
3722,6
3723,4
3723,5
3724,16
3724,4
3725,1
3725,14
3725,11
3726,1
3726,21
3726,17
3727,22
3728,1
3728,6
3728,3
3730,1
3730,16
3730,7
3732,16
3732,7
3732,18
3733,1
3733,16
3733,13
3735,1
3735,4
3736,16
3736,8
3736,27
3737,1
3737,7
3738,1
3738,5
3738,11
3739,1
3739,5
3739,11
3740,4
3740,8
3740,2
3741,1
3741,5
3741,11
3742,1
3742,5
3743,16
3744,1
3744,16
3744,7
3745,7
3746,1
3746,5
3746,13
3747,5
3747,19
3747,12
3749,1
3750,23
3751,23
3754,16
3755,16
3756,16
3758,18
3759,18
3760,1
3762,16
3764,10
3767,16
3770,5
3771,22
3773,4
3773,8
3773,9
3774,1
3774,14
3774,20
3775,2
3776,1
3776,5
3777,4
3777,8
3778,4
3778,8
3778,2
3780,23
3781,16
3782,16
3783,16
3784,23
3784,24
3787,1
3787,4
3787,8
3788,5
3788,19
3790,1
3790,2
3790,3
3791,23
3792,17
3793,23
3795,16
3796,1
3796,16
3796,7
3797,1
3797,16
3797,13
3798,16
3798,4
3799,16
3799,11
3800,1
3800,5
3800,21
3802,16
3802,14
3803,16
3804,16
3805,16
3805,27
3806,16
3808,1
3808,16
3809,1
3809,16
3810,16
3811,1
3811,5
3811,17
3812,1
3812,5
3812,11
3814,16
3817,16
3820,16
3820,8
3820,27
3822,4
3822,5
3822,3
3823,1
3823,16
3823,14
3824,16
3826,16
3826,2
3827,1
3827,16
3829,16
3830,8
3830,27
3830,13
3831,1
3831,18
3832,26
3833,1
3833,11
3834,16
3835,16
3836,16
3837,16
3838,1
3838,5
3839,1
3839,5
3839,11
3840,1
3840,18
3843,1
3843,6
3843,11
3844,4
3844,8
3845,4
3845,8
3845,2
3846,1
3846,4
3846,8
3847,1
3847,4
3847,5
3848,1
3848,5
3849,13
3849,6
3849,2
3850,23
3852,16
3852,14
3853,16
3855,4
3855,8
3855,27
3862,16
3862,27
3862,14
3863,1
3863,18
3864,16
3864,14
3864,7
3865,1
3865,17
3866,1
3866,8
3866,14
3867,1
3867,7
3868,1
3868,16
3868,7
3869,16
3869,7
3870,1
3870,16
3870,7
3872,17
3873,1
3873,7
3874,10
3875,23
3875,24
3876,4
3876,8
3876,20
3877,4
3877,8
3877,20
3878,1
3878,4
3878,5
3879,1
3879,11
3879,12
3880,13
3880,6
3880,11
3883,1
3883,13
3883,6
3884,16
3884,14
3884,6
3885,23
3886,10
3887,1
3887,6
3888,16
3888,13
3888,11
3889,1
3889,5
3889,11
3890,1
3890,4
3890,2
3891,1
3891,4
3891,5
3892,1
3892,8
3892,13
3893,1
3893,4
3893,5
3894,8
3894,27
3894,2
3895,1
3895,6
3895,3
3899,23
3902,23
3903,7
3910,16
3911,1
3911,16
3911,5
3912,13
3912,11
3913,16
3913,4
3913,8
3914,16
3914,4
3914,8
3915,5
3916,16
3916,4
3916,8
3917,4
3917,8
3917,2
3922,1
3922,4
3922,7
3923,4
3923,8
3923,25
3925,1
3925,7
3926,25
3927,23
3928,16
3929,1
3931,1
3931,16
3932,16
3932,27
3933,1
3933,5
3933,19
3934,1
3935,16
3935,7
3936,16
3938,1
3940,16
3941,16
3942,16
3943,16
3944,16
3945,16
3945,5
3946,16
3949,1
3949,14
3949,6
3950,16
3951,16
3952,1
3952,15
3952,7
3953,1
3953,5
3953,11
3954,16
3955,16
3956,16
3956,4
3956,25
3957,16
3958,16
3959,16
3960,16
3960,14
3960,7
3961,16
3961,7
3962,1
3962,4
3962,8
3963,16
3964,1
3964,3
3965,16
3970,16
3971,16
3972,16
3972,13
3973,16
3974,16
3975,26
3976,1
3976,2
3976,11
3977,1
3977,2
3977,3
3978,24
3978,17
3979,1
3979,2
3979,11
3980,1
3980,4
3980,5
3981,1
3981,16
3981,5
3982,16
3983,16
3983,22
3984,16
3985,22
3986,16
3988,16
3990,16
3991,16
3992,1
3993,16
3996,16
3996,4
3996,27
3997,1
3997,6
3997,3
3998,16
3999,1
3999,4
3999,8
4000,25
4001,25
4002,8
4002,24
4002,17
4003,21
4003,17
4006,5
4009,18
4010,1
4010,21
4010,17
4011,16
4013,23
4014,23
4015,1
4015,5
4015,3
4016,1
4016,5
4016,3
4017,1
4017,17
4018,16
4018,8
4018,27
4019,5
4019,3
4019,11
4020,1
4020,5
4020,11
4021,16
4023,5
4024,16
4024,14
4025,16
4026,12
4027,1
4027,16
4027,14
4028,16
4029,1
4029,16
4030,16
4031,16
4032,16
4033,16
4033,4
4033,8
4034,16
4034,20
4035,23
4035,24
4036,16
4036,27
4036,14
4037,16
4037,8
4037,27
4038,16
4038,27
4039,8
4039,27
4040,4
4040,8
4040,20
4041,16
4042,16
4042,14
4042,6
4043,1
4043,5
4043,11
4044,4
4044,8
4044,2
4045,16
4046,8
4046,27
4046,13
4047,16
4047,10
4048,8
4048,27
4048,22
4049,16
4049,27
4049,10
4050,16
4051,4
4051,8
4051,11
4052,4
4052,8
4052,2
4053,1
4053,8
4054,1
4054,11
4056,1
4056,4
4057,1
4057,16
4057,14
4059,16
4059,4
4059,8
4060,16
4062,16
4062,10
4063,4
4063,8
4064,4
4064,2
4065,1
4065,4
4065,8
4066,10
4067,1
4067,7
4068,7
4070,22
4071,16
4072,4
4072,15
4073,4
4073,8
4073,25
4076,22
4079,8
4079,23
4079,24
4080,23
4081,21
4081,17
4083,16
4084,16
4086,1
4086,14
4087,16
4088,16
4089,1
4089,6
4089,3
4090,16
4091,4
4091,8
4091,15
4091,2
4092,4
4092,15
4092,13
4093,4
4093,2
4093,22
4094,4
4094,8
4094,15
4094,2
4095,4
4095,8
4095,15
4096,4
4096,8
4096,15
4097,4
4097,8
4097,15
4097,13
4099,4
4099,15
4099,13
4100,4
4100,8
4100,15
4100,13
4101,17
4102,1
4102,16
4103,1
4103,13
4103,11
4104,1
4104,4
4104,3
4105,21
4105,17
4107,4
4107,8
4107,27
4108,16
4108,13
4108,2
4110,5
4111,16
4112,11
4112,17
4112,12
4116,21
4116,17
4117,21
4117,17
4119,21
4119,17
4119,9
4121,21
4121,17
4122,1
4122,5
4122,11
4125,23
4126,24
4126,17
4127,25
4128,16
4129,16
4130,16
4131,16
4131,27
4132,16
4133,16
4134,1
4134,8
4134,5
4136,7
4138,16
4139,1
4141,5
4142,1
4142,5
4142,11
4143,5
4144,1
4144,16
4144,5
4145,5
4150,16
4150,4
4150,15
4151,5
4152,8
4153,16
4154,16
4156,1
4156,5
4157,16
4157,7
4158,1
4158,5
4158,3
4159,16
4159,4
4159,2
4160,4
4160,5
4162,16
4164,1
4164,16
4165,16
4166,24
4167,16
4168,16
4169,1
4169,4
4169,8
4171,16
4171,13
4173,16
4174,1
4175,1
4177,1
4177,2
4177,21
4178,1
4178,25
4178,18
4179,1
4179,4
4179,17
4180,1
4180,21
4181,16
4181,23
4182,1
4182,16
4182,7
4183,1
4183,16
4183,7
4184,1
4184,13
4184,3
4185,1
4185,16
4185,7
4186,16
4186,15
4186,7
4187,16
4188,1
4188,5
4188,3
4189,1
4189,18
4193,23
4195,24
4196,17
4197,2
4197,3
4197,11
4198,16
4198,15
4199,15
4199,13
4200,1
4200,4
4200,15
4200,7
4201,16
4201,4
4201,15
4202,16
4202,15
4202,12
4208,4
4208,6
4208,2
4209,4
4209,8
4209,27
4211,1
4211,5
4212,23
4213,1
4213,16
4214,16
4215,16
4215,15
4218,16
4218,4
4218,15
4219,4
4219,15
4219,2
4220,16
4221,16
4221,8
4221,2
4222,16
4223,1
4223,15
4224,1
4225,1
4225,14
4225,13
4226,1
4226,7
4227,4
4227,8
4227,2
4228,4
4228,8
4228,2
4229,4
4229,13
4229,2
4230,4
4230,13
4230,2
4231,4
4231,8
4231,13
4232,4
4232,2
4233,4
4233,8
4233,2
4234,1
4234,16
4235,25
4236,1
4236,16
4236,10
4237,4
4237,5
4238,1
4239,16
4240,4
4240,8
4240,2
4241,4
4241,8
4241,2
4242,16
4243,4
4243,8
4243,2
4244,4
4244,8
4244,2
4245,4
4245,8
4245,2
4246,16
4246,4
4246,15
4246,12
4247,4
4247,8
4247,15
4247,13
4248,8
4248,15
4248,13
4249,1
4249,4
4249,8
4249,15
4250,16
4250,27
4251,1
4251,16
4252,1
4252,21
4252,18
4253,4
4253,8
4253,15
4254,1
4254,16
4254,4
4254,15
4255,24
4255,17
4256,16
4257,16
4257,14
4258,1
4258,5
4258,3
4259,4
4259,8
4261,16
4261,4
4261,8
4262,16
4262,4
4262,8
4264,1
4264,7
4265,16
4266,1
4267,8
4267,14
4267,20
4268,1
4268,15
4268,2
4269,16
4270,4
4270,15
4270,13
4271,16
4271,28
4272,16
4272,4
4272,11
4273,1
4274,16
4274,27
4275,1
4275,7
4276,1
4276,5
4276,11
4277,16
4278,16
4279,16
4281,16
4282,4
4282,27
4282,2
4283,1
4283,11
4284,16
4284,4
4284,8
4285,16
4286,16
4286,27
4286,11
4287,1
4287,16
4287,4
4288,16
4288,5
4289,16
4290,16
4290,14
4292,16
4293,1
4293,13
4294,1
4294,5
4294,3
4295,8
4295,27
4295,13
4296,16
4296,8
4297,4
4297,8
4297,15
4298,1
4298,5
4299,4
4299,8
4299,27
4300,7
4301,16
4301,8
4301,27
4302,15
4302,27
4303,16
4303,7
4304,16
4305,1
4305,16
4306,4
4306,8
4306,15
4306,5
4308,16
4309,16
4309,7
4311,16
4312,17
4313,16
4314,1
4314,22
4315,16
4315,14
4317,1
4317,4
4318,4
4318,8
4318,15
4319,23
4323,16
4323,13
4323,6
4324,1
4324,8
4326,16
4328,1
4328,5
4328,7
4329,16
4329,5
4329,6
4330,1
4330,19
4332,1
4333,16
4334,16
4335,1
4335,5
4336,16
4337,16
4337,10
4338,1
4339,16
4340,16
4340,2
4340,9
4342,1
4343,1
4343,14
4343,7
4344,1
4344,14
4344,7
4345,16
4345,8
4345,27
4347,1
4348,1
4348,21
4348,17
4350,1
4350,14
4351,16
4352,26
4355,1
4355,21
4357,16
4357,14
4358,16
4359,4
4359,8
4359,22
4361,23
4362,1
4362,16
4362,28
4363,1
4363,2
4363,11
4364,23
4366,14
4366,17
4367,18
4368,1
4368,5
4368,11
4369,24
4370,25
4371,16
4371,6
4372,16
4373,16
4374,16
4375,1
4375,4
4375,8
4376,1
4376,20
4377,1
4377,4
4377,20
4378,1
4378,4
4378,20
4379,1
4379,4
4379,20
4380,1
4380,4
4380,20
4381,1
4381,16
4381,4
4381,20
4382,1
4382,4
4382,8
4384,17
4385,16
4385,14
4386,25
4387,16
4388,18
4390,1
4390,16
4391,5
4392,14
4393,1
4393,5
4393,3
4395,14
4396,1
4396,15
4396,17
4397,4
4397,8
4397,15
4397,13
4398,16
4400,4
4400,8
4401,4
4401,8
4402,1
4402,21
4402,18
4403,1
4403,18
4407,1
4407,7
4408,1
4408,5
4408,11
4410,1
4410,4
4410,5
4411,1
4411,4
4411,5
4412,1
4413,16
4414,1
4414,4
4414,5
4415,1
4415,2
4415,11
4416,8
4416,27
4416,13
4417,16
4417,7
4418,17
4419,18
4420,1
4421,16
4422,16
4422,5
4423,1
4423,4
4423,8
4424,1
4424,16
4424,5
4425,16
4426,18
4428,16
4429,1
4430,8
4430,24
4431,4
4431,27
4431,2
4437,1
4437,4
4437,5
4438,1
4438,4
4438,5
4439,18
4440,16
4443,16
4443,7
4444,16
4445,8
4445,24
4446,16
4449,16
4450,16
4451,1
4451,18
4452,16
4453,16
4453,27
4454,1
4454,16
4455,1
4455,4
4455,5
4456,1
4456,16
4457,1
4457,4
4457,5
4458,4
4458,8
4458,2
4459,1
4459,4
4459,8
4460,1
4460,16
4460,18
4461,16
4462,16
4463,16
4463,7
4464,4
4464,2
4465,16
4466,1
4466,16
4467,1
4467,4
4467,5
4468,1
4468,15
4469,1
4469,4
4469,8
4470,1
4470,15
4470,13
4471,1
4471,16
4472,1
4473,16
4473,14
4474,4
4474,13
4474,2
4475,1
4475,4
4475,5
4476,4
4476,8
4476,13
4477,16
4477,4
4477,5
4478,16
4478,8
4478,27
4479,16
4479,14
4480,16
4481,16
4481,14
4482,16
4482,8
4482,27
4483,16
4484,16
4484,4
4484,8
4485,4
4485,5
4485,2
4489,1
4489,16
4490,4
4490,8
4490,2
4491,16
4492,4
4492,13
4492,3
4494,1
4494,10
4495,1
4495,16
4496,16
4496,7
4497,16
4498,1
4498,5
4499,16
4499,5
4500,1
4500,16
4500,13
4501,1
4501,18
4502,1
4504,1
4504,4
4504,8
4505,1
4505,4
4505,5
4506,1
4507,1
4507,3
4507,11
4508,1
4509,1
4509,18
4510,16
4511,1
4511,7
4512,16
4512,14
4512,2
4513,16
4513,14
4515,16
4517,4
4517,8
4517,15
4517,2
4519,16
4520,16
4520,27
4521,1
4521,16
4522,16
4523,16
4523,18
4524,16
4524,18
4525,16
4526,16
4527,4
4527,8
4527,11
4528,1
4528,5
4528,11
4529,16
4530,8
4530,15
4531,4
4531,5
4531,3
4532,4
4532,8
4533,16
4533,27
4536,1
4536,16
4536,7
4537,16
4537,14
4538,16
4538,14
4539,1
4539,16
4540,1
4540,6
4540,11
4541,1
4542,16
4542,14
4543,1
4544,16
4545,16
4546,17
4547,3
4547,11
4547,17
4548,11
4548,17
4549,11
4549,17
4550,17
4552,16
4553,16
4553,22
4554,16
4554,14
4555,17
4556,16
4556,7
4557,1
4557,5
4558,16
4559,16
4560,1
4561,7
4562,1
4562,8
4563,4
4563,2
4566,1
4566,2
4567,16
4569,16
4569,7
4570,1
4570,4
4570,5
4571,1
4571,16
4572,1
4572,4
4572,12
4573,16
4575,1
4575,16
4577,1
4578,1
4578,15
4578,22
4579,4
4579,8
4579,27
4580,1
4580,19
4583,27
4583,13
4585,22
4586,16
4587,16
4588,16
4589,16
4589,14
4590,1
4590,16
4591,14
4591,24
4592,16
4593,25
4598,5
4599,16
4600,1
4601,16
4602,4
4602,15
4602,2
4603,1
4603,5
4603,3
4604,16
4605,16
4606,16
4607,16
4611,16
4613,16
4616,1
4616,17
4617,25
4618,1
4618,16
4619,25
4619,18
4621,16
4622,16
4623,16
4624,7
4625,7
4626,16
4627,1
4627,5
4628,16
4629,1
4629,16
4629,7
4630,1
4630,7
4630,28
4631,1
4631,16
4631,2
4632,16
4633,1
4634,1
4634,22
4635,16
4635,4
4635,8
4636,16
4638,1
4638,11
4638,12
4640,1
4640,4
4640,8
4641,16
4643,5
4643,13
4643,11
4644,16
4644,7
4645,16
4646,16
4646,4
4646,6
4647,1
4647,5
4648,1
4649,1
4649,13
4649,7
4650,16
4651,16
4652,1
4652,4
4652,5
4653,4
4653,8
4653,20
4654,1
4654,5
4654,11
4655,1
4655,4
4655,5
4656,16
4656,14
4657,1
4657,4
4657,8
4658,16
4658,20
4660,17
4661,16
4661,7
4662,1
4662,16
4662,5
4666,16
4667,1
4667,5
4668,1
4668,16
4669,16
4669,27
4670,16
4671,16
4671,22
4672,4
4672,5
4672,11
4673,1
4673,16
4674,1
4674,4
4674,8
4675,1
4675,7
4676,1
4676,18
4677,1
4677,16
4678,5
4678,3
4678,11
4679,1
4679,3
4679,11
4680,16
4680,14
4680,10
4681,1
4681,4
4681,5
4682,1
4682,5
4682,18
4683,16
4683,7
4684,1
4684,7
4685,16
4686,16
4687,16
4688,1
4688,4
4688,8
4689,16
4690,16
4691,1
4692,1
4692,16
4692,13
4693,16
4694,16
4695,16
4696,16
4697,4
4697,22
4698,4
4698,22
4699,16
4700,16
4701,16
4702,16
4703,22
4704,1
4704,16
4704,19
4705,1
4705,5
4705,19
4706,1
4706,14
4707,1
4707,15
4707,7
4708,16
4709,1
4709,14
4710,1
4710,16
4710,11
4711,16
4712,13
4712,3
4712,11
4713,8
4713,14
4714,1
4714,16
4715,16
4715,10
4716,1
4716,16
4716,7
4718,4
4718,5
4718,3
4719,16
4720,1
4720,18
4721,16
4722,16
4723,1
4723,11
4724,4
4725,16
4726,16
4726,5
4730,1
4730,18
4731,16
4732,24
4733,1
4733,5
4735,16
4736,16
4737,1
4737,16
4737,7
4738,16
4739,1
4740,1
4741,5
4741,11
4742,1
4742,5
4742,11
4743,1
4743,27
4744,16
4745,1
4746,1
4746,19
4749,1
4750,1
4750,16
4750,4
4751,16
4752,16
4753,1
4753,5
4754,16
4754,9
4755,1
4755,16
4756,16
4757,16
4758,4
4758,5
4758,3
4759,16
4760,8
4760,24
4760,22
4762,8
4762,24
4762,22
4763,14
4764,5
4764,24
4765,5
4765,24
4766,16
4767,26
4768,27
4768,14
4770,16
4771,1
4771,5
4772,23
4773,16
4779,16
4779,4
4782,16
4782,4
4783,16
4786,5
4787,16
4787,10
4788,16
4789,1
4789,5
4791,1
4791,16
4792,16
4792,28
4793,26
4795,1
4795,5
4795,11
4796,27
4798,16
4798,24
4799,1
4800,16
4802,16
4803,16
4804,16
4805,5
4808,16
4809,16
4810,16
4811,27
4812,16
4813,4
4814,14
4815,1
4816,16
4818,16
4819,16
4820,23
4821,4
4821,8
4822,4
4822,8
4823,16
4823,14
4824,16
4826,8
4826,27
4826,13
4827,16
4827,27
4828,27
4828,2
4830,27
4831,1
4831,16
4832,16
4833,16
4834,4
4834,8
4835,16
4836,27
4836,14
4837,1
4837,14
4837,18
4840,26
4842,25
4843,17
4844,16
4845,1
4845,17
4846,10
4847,1
4847,4
4847,5
4848,1
4848,2
4849,17
4850,23
4852,5
4853,16
4854,1
4854,5
4856,6
4858,1
4859,10
4860,5
4862,18
4866,10
4867,25
4868,1
4868,4
4868,8
4869,23
4870,10
4871,7
4873,8
4875,4
4875,8
4875,15
4875,5
4876,16
4876,14
4877,4
4877,8
4877,25
4878,1
4878,21
4879,1
4879,5
4881,1
4881,5
4881,19
4882,16
4883,16
4883,4
4883,8
4884,1
4884,16
4884,10
4885,16
4887,1
4887,5
4887,3
4888,1
4888,16
4888,7
4889,1
4889,4
4889,8
4891,1
4891,16
4891,27
4892,1
4892,14
4893,16
4894,16
4894,8
4894,6
4895,16
4896,16
4897,1
4897,4
4897,8
4897,15
4898,16
4898,4
4898,8
4899,8
4899,15
4899,7
4900,16
4901,1
4901,5
4902,1
4903,1
4903,4
4903,5
4904,1
4904,15
4905,1
4905,15
4905,13
4905,7
4906,1
4906,16
4906,15
4906,13
4907,16
4907,15
4907,6
4908,1
4908,2
4909,25
4910,25
4910,24
4910,17
4911,27
4912,1
4912,8
4912,14
4913,1
4913,16
4913,7
4915,1
4916,5
4916,3
4916,11
4917,16
4918,16
4921,16
4922,4
4922,15
4924,16
4924,4
4924,8
4924,15
4925,1
4926,17
4927,1
4927,5
4928,4
4928,15
4928,6
4929,1
4929,15
4929,22
4930,26
4931,4
4931,8
4932,4
4932,8
4932,15
4932,11
4933,4
4933,15
4933,13
4935,21
4935,17
4939,18
4940,11
4940,25
4940,17
4941,16
4941,15
4943,11
4943,25
4943,12
4944,15
4944,13
4945,15
4945,13
4946,1
4946,7
4947,1
4947,16
4947,5
4948,4
4948,8
4948,5
4950,1
4950,3
4950,11
4951,4
4951,8
4951,20
4952,1
4952,16
4952,7
4954,4
4954,8
4955,10
4957,10
4958,25
4959,1
4959,11
4959,17
4961,6
4961,2
4961,17
4962,22
4964,23
4965,16
4966,16
4966,8
4966,13
4967,16
4968,1
4968,8
4968,14
4969,1
4969,4
4969,20
4970,4
4970,8
4970,20
4971,20
4972,27
4973,1
4974,4
4974,8
4975,25
4975,17
4976,25
4977,16
4978,1
4978,21
4978,17
4980,16
4981,16
4982,1
4982,5
4982,3
4983,25
4985,8
4985,2
4985,17
4986,22
4989,26
4991,16
4992,16
4992,27
4993,25
4994,16
4994,4
4994,17
4996,25
4997,16
4998,25
4999,16
4999,14
5002,2
5002,11
5002,25
5004,21
5004,17
5004,19
5005,16
5006,4
5006,8
5007,1
5007,17
5008,1
5008,3
5008,11
5009,25
5010,25
5011,1
5011,16
5012,4
5012,8
5012,25
5013,4
5013,8
5013,25
5014,16
5014,15
5014,7
5016,1
5016,17
5018,8
5018,27
5019,16
5020,1
5020,4
5020,5
5021,1
5021,21
5022,16
5023,4
5023,8
5023,25
5025,4
5025,8
5025,25
5026,1
5026,6
5026,11
5027,16
5027,15
5027,23
5028,16
5029,8
5031,23
5032,23
5033,16
5033,23
5033,24
5034,16
5034,8
5034,13
5035,4
5035,8
5035,25
5036,4
5036,8
5036,25
5037,4
5037,8
5037,25
5038,1
5038,16
5038,15
5038,10
5039,16
5039,15
5040,16
5040,15
5040,13
5040,7
5041,16
5041,27
5042,1
5042,4
5042,8
5043,23
5044,4
5044,8
5044,25
5046,16
5047,1
5048,16
5048,15
5048,7
5049,1
5049,16
5049,4
5051,4
5051,8
5052,23
5053,16
5053,15
5053,7
5054,16
5054,15
5055,8
5055,15
5056,25
5057,16
5058,16
5059,16
5060,16
5060,27
5061,27
5061,2
5063,16
5065,25
5066,25
5067,16
5067,27
5068,16
5069,1
5069,13
5071,1
5071,4
5071,5
5072,16
5072,14
5072,13
5073,25
5077,1
5077,5
5077,3
5079,1
5079,4
5079,9
5081,10
5082,10
5083,10
5084,10
5085,1
5085,16
5086,1
5086,3
5087,1
5087,6
5087,3
5088,5
5089,1
5089,13
5089,7
5090,23
5093,17
5094,17
5096,16
5096,5
5097,7
5098,16
5100,5
5101,16
5101,4
5102,1
5102,5
5103,16
5104,4
5104,8
5104,9
5105,1
5105,4
5105,7
5106,1
5106,7
5109,10
5111,16
5111,4
5111,15
5112,16
5116,1
5116,15
5116,10
5117,1
5117,16
5117,15
5118,16
5118,15
5119,4
5119,8
5119,15
5121,16
5124,16
5125,16
5125,15
5126,8
5126,15
5126,11
5127,16
5127,7
5128,16
5129,16
5129,15
5129,13
5129,7
5130,1
5130,4
5130,15
5130,13
5131,1
5132,4
5132,15
5132,13
5133,1
5133,15
5133,23
5134,16
5134,15
5134,13
5135,16
5135,8
5135,5
5136,8
5136,13
5136,2
5137,16
5137,4
5137,15
5137,13
5138,16
5138,4
5138,15
5138,5
5139,2
5139,3
5139,11
5140,16
5141,16
5142,15
5142,5
5142,11
5143,16
5143,8
5143,15
5143,7
5144,1
5144,14
5144,7
5145,5
5145,3
5145,11
5146,27
5149,4
5149,15
5150,4
5150,15
5150,13
5151,16
5152,15
5152,6
5152,11
5153,4
5153,8
5153,15
5153,13
5154,15
5154,13
5155,4
5155,15
5155,13
5155,3
5156,1
5156,15
5156,10
5157,16
5157,15
5157,13
5158,16
5158,15
5158,7
5159,23
5160,16
5161,16
5162,1
5162,15
5162,17
5163,15
5163,6
5163,17
5164,15
5164,7
5165,16
5165,15
5166,16
5166,15
5167,4
5167,15
5167,10
5168,1
5168,4
5168,15
5168,2
5169,16
5169,4
5169,15
5169,13
5170,1
5170,4
5171,1
5171,4
5173,1
5173,15
5173,2
5175,25
5176,16
5176,8
5176,13
5178,16
5178,15
5179,1
5179,16
5179,15
5180,1
5180,8
5181,4
5181,8
5181,25
5183,15
5183,5
5183,11
5184,15
5184,6
5184,7
5184,11
5185,1
5185,16
5185,15
5186,16
5186,15
5187,8
5187,15
5187,13
5187,2
5188,15
5188,6
5189,16
5190,1
5190,16
5190,5
5191,1
5191,16
5191,8
5191,15
5192,4
5192,8
5192,15
5193,16
5193,15
5193,22
5194,1
5194,15
5194,13
5194,6
5195,1
5195,16
5195,15
5196,16
5196,4
5196,15
5196,7
5197,4
5197,15
5197,7
5197,2
5198,8
5198,15
5198,13
5199,16
5199,15
5200,4
5200,8
5200,15
5200,13
5202,1
5202,15
5202,13
5203,16
5203,15
5203,10
5204,1
5204,16
5204,15
5205,4
5205,8
5205,15
5205,2
5206,4
5206,15
5206,2
5206,21
5208,1
5208,5
5208,3
5210,1
5210,16
5210,5
5211,1
5212,16
5214,16
5216,4
5216,8
5216,27
5218,16
5218,8
5218,14
5220,8
5220,11
5220,25
5221,24
5222,10
5224,23
5224,14
5226,16
5227,16
5228,16
5229,16
5230,16
5230,5
5230,3
5232,1
5232,5
5233,16
5235,1
5235,6
5235,2
5236,16
5236,4
5236,8
5237,26
5238,22
5239,16
5239,22
5241,4
5241,15
5241,2
5241,21
5242,4
5242,2
5242,21
5243,1
5243,27
5244,4
5244,15
5244,2
5244,21
5245,4
5245,15
5245,2
5245,21
5246,1
5246,4
5246,15
5246,2
5247,4
5247,8
5247,15
5248,1
5248,13
5249,16
5249,2
5250,1
5250,16
5251,16
5251,27
5253,24
5254,4
5254,8
5254,3
5255,4
5255,15
5255,6
5256,8
5256,5
5256,14
5258,1
5258,15
5258,7
5259,16
5259,13
5259,6
5260,1
5260,7
5261,1
5261,4
5261,8
5261,15
5262,1
5262,5
5262,11
5264,16
5264,14
5265,16
5265,12
5266,1
5266,5
5268,1
5268,3
5268,11
5269,1
5270,1
5271,1
5271,12
5273,15
5273,5
5273,11
5275,1
5275,4
5275,8
5276,1
5276,4
5276,15
5276,2
5277,1
5277,8
5277,15
5277,5
5278,4
5278,15
5278,2
5279,16
5279,15
5279,2
5280,4
5280,15
5280,13
5281,4
5281,15
5281,2
5282,17
5283,16
5283,24
5284,1
5284,15
5284,7
5284,2
5285,4
5285,8
5285,15
5285,2
5286,1
5286,16
5286,7
5288,26
5291,26
5294,8
5294,24
5295,1
5295,16
5295,10
5297,8
5297,25
5297,17
5299,5
5301,1
5301,16
5301,15
5301,7
5302,1
5302,8
5302,15
5302,13
5303,4
5303,15
5303,5
5303,2
5304,16
5304,15
5304,12
5305,15
5305,13
5305,7
5305,2
5306,4
5306,15
5306,6
5307,8
5307,27
5307,13
5308,8
5308,27
5309,16
5309,27
5310,5
5312,16
5312,4
5312,15
5312,7
5313,16
5313,4
5313,15
5313,13
5314,27
5314,13
5316,1
5316,7
5317,17
5319,1
5319,7
5324,16
5325,16
5329,16
5330,1
5330,16
5331,17
5332,16
5333,16
5334,16
5338,16
5339,1
5339,8
5339,15
5340,16
5341,1
5341,6
5341,12
5342,15
5342,13
5342,2
5345,16
5345,27
5346,23
5347,27
5348,16
5349,5
5349,14
5352,1
5352,4
5352,5
5356,4
5356,8
5356,15
5356,2
5359,1
5359,15
5359,10
5359,7
5361,15
5361,13
5361,7
5361,2
5362,4
5362,15
5362,2
5363,4
5363,15
5363,2
5363,21
5364,1
5364,4
5364,8
5364,15
5365,15
5365,13
5365,7
5365,2
5366,4
5366,15
5366,2
5366,21
5367,4
5367,15
5367,2
5367,21
5369,4
5369,15
5369,2
5370,1
5370,15
5370,6
5370,11
5371,1
5371,18
5372,1
5372,5
5372,11
5374,16
5375,4
5375,15
5375,13
5376,22
5378,16
5381,1
5381,16
5381,15
5381,7
5382,21
5382,17
5383,21
5384,1
5384,7
5384,18
5385,17
5387,26
5388,16
5389,16
5390,1
5395,16
5396,5
5397,16
5398,22
5400,16
5401,16
5401,8
5401,24
5402,8
5402,24
5403,8
5403,23
5403,24
5405,23
5406,23
5413,8
5413,24
5414,5
5415,5
5416,5
5417,5
5418,5
5419,1
5420,1
5421,4
5421,8
5421,15
5421,13
5423,21
5424,16
5425,7
5427,5
5428,5
5429,15
5429,5
5429,2
5429,11
5430,16
5431,23
5432,23
5436,16
5439,1
5442,1
5442,16
5442,7
5443,16
5443,5
5443,11
5444,16
5445,16
5446,1
5446,7
5447,1
5447,5
5447,20
5448,5
5449,1
5449,3
5451,16
5451,14
5451,7
5452,16
5452,15
5452,7
5452,11
5453,1
5453,7
5454,1
5456,1
5456,5
5456,7
5457,16
5457,14
5458,1
5458,5
5458,11
5459,1
5459,16
5460,16
5460,15
5460,10
5461,4
5461,8
5461,15
5461,7
5463,16
5463,14
5463,13
5464,16
5464,15
5464,7
5465,1
5465,16
5465,15
5465,7
5466,1
5466,16
5466,15
5467,1
5467,16
5467,15
5467,13
5468,16
5468,4
5468,15
5468,7
5470,8
5470,15
5471,16
5472,16
5472,8
5472,27
5473,1
5473,4
5473,15
5473,13
5474,10
5475,25
5476,4
5476,8
5476,15
5476,13
5477,16
5478,22
5481,26
5482,1
5482,14
5483,16
5483,7
5484,1
5484,4
5484,5
5485,1
5485,18
5486,16
5487,4
5487,5
5488,16
5488,8
5488,27
5490,16
5490,27
5491,16
5491,7
5492,16
5492,15
5492,10
5495,1
5495,4
5495,5
5496,1
5496,5
5497,16
5498,10
5499,1
5499,4
5499,13
5501,25
5502,1
5502,5
5502,3
5503,25
5503,17
5504,17
5507,1
5510,1
5510,6
5510,3
5511,1
5511,4
5511,8
5512,1
5512,17
5513,1
5513,17
5514,14
5515,1
5515,17
5516,16
5516,22
5517,4
5517,14
5518,4
5518,8
5519,16
5520,1
5520,16
5524,8
5524,2
5525,11
5527,22
5528,8
5528,13
5528,2
5529,1
5529,2
5529,11
5530,1
5530,16
5531,1
5532,1
5533,1
5535,16
5536,16
5536,14
5537,1
5538,16
5539,7
5541,16
5542,1
5543,1
5544,16
5545,16
5545,15
5545,13
5545,7
5546,5
5546,6
5546,3
5548,1
5548,7
5549,1
5550,22
5551,1
5551,16
5553,1
5553,16
5554,16
5557,16
5557,4
5557,13
5560,16
5560,14
5561,25
5565,17
5566,16
5568,16
5568,15
5568,27
5569,1
5569,4
5569,20
5570,1
5570,4
5570,8
5571,16
5572,8
5572,25
5572,24
5573,8
5573,25
5574,8
5574,23
5575,8
5576,1
5576,7
5576,17
5579,23
5580,23
5581,23
5581,24
5582,23
5582,24
5583,23
5584,23
5585,23
5587,23
5588,1
5588,16
5590,1
5590,5
5591,16
5592,1
5592,4
5592,8
5594,16
5594,10
5595,16
5595,27
5596,16
5596,14
5597,1
5597,4
5597,8
5598,1
5598,5
5599,23
5600,1
5600,4
5601,16
5602,1
5602,4
5602,8
5603,5
5603,19
5604,1
5604,5
5605,1
5605,4
5607,17
5609,1
5609,16
5610,23
5611,4
5611,5
5611,2
5612,1
5612,16
5612,5
5613,16
5614,4
5614,8
5615,1
5615,5
5615,3
5616,8
5616,11
5616,25
5617,16
5617,14
5618,1
5618,4
5618,5
5619,1
5619,5
5619,3
5620,4
5620,15
5620,13
5620,2
5626,8
5628,1
5629,1
5629,16
5630,4
5633,1
5635,1
5635,16
5635,7
5637,4
5637,2
5639,1
5641,1
5641,16
5645,8
5645,13
5645,2
5646,1
5646,15
5646,13
5646,6
5651,7
5652,8
5656,27
5657,16
5657,4
5657,8
5658,16
5658,8
5658,27
5659,16
5659,27
5661,24
5663,1
5663,11
5663,12
5667,16
5667,15
5668,4
5668,15
5668,11
5669,16
5669,15
5669,13
5670,1
5670,4
5670,15
5670,7
5673,1
5673,16
5673,15
5673,7
5674,4
5674,8
5674,15
5674,13
5675,8
5675,15
5675,2
5676,14
5676,13
5677,16
5677,27
5678,26
5682,8
5682,27
5682,14
5684,16
5684,8
5684,27
5685,26
5686,1
5686,22
5687,1
5688,1
5688,8
5688,14
5689,7
5690,22
5691,16
5692,1
5692,6
5692,12
5693,16
5695,1
5697,4
5697,5
5698,1
5701,4
5701,15
5701,2
5703,16
5704,16
5706,4
5706,8
5706,25
5707,4
5707,8
5707,25
5708,1
5708,7
5709,4
5709,8
5709,27
5711,16
5713,16
5713,4
5713,8
5714,16
5714,7
5715,17
5716,25
5717,23
5717,24
5719,21
5719,17
5721,1
5721,14
5721,7
5722,16
5723,27
5724,16
5725,16
5726,4
5726,8
5726,15
5726,13
5728,4
5728,8
5728,15
5728,13
5729,4
5729,8
5729,15
5729,2
5730,25
5731,16
5731,4
5731,15
5732,1
5732,15
5732,13
5733,27
5733,2
5734,16
5735,16
5736,23
5737,5
5738,5
5739,1
5739,4
5739,3
5740,1
5740,16
5740,13
5741,1
5741,16
5742,1
5742,5
5743,1
5743,4
5743,2
5744,17
5745,1
5745,5
5745,11
5746,1
5746,4
5746,2
5747,1
5748,1
5748,5
5748,3
5749,16
5749,27
5749,10
5750,1
5751,16
5751,27
5752,1
5752,4
5752,13
5753,16
5754,27
5755,27
5756,26
5760,1
5760,4
5761,27
5762,16
5763,16
5764,16
5764,27
5764,14
5765,16
5765,15
5766,1
5766,5
5768,1
5768,5
5768,19
5769,1
5769,4
5769,8
5771,1
5771,5
5773,1
5773,3
5773,11
5774,16
5774,14
5774,2
5775,16
5777,1
5778,1
5778,16
5778,5
5779,4
5779,8
5779,25
5780,4
5780,8
5780,25
5781,1
5782,1
5782,16
5783,4
5783,8
5783,25
5785,4
5785,8
5785,25
5786,4
5786,8
5786,25
5788,1
5789,16
5790,16
5791,16
5793,16
5794,16
5795,23
5795,24
5796,4
5796,22
5798,1
5798,5
5798,3
5799,17
5800,1
5801,10
5802,1
5803,1
5803,16
5803,5
5804,1
5804,10
5805,1
5805,7
5805,11
5808,4
5808,8
5809,16
5810,16
5810,26
5812,10
5813,16
5814,16
5815,16
5817,1
5817,16
5817,15
5817,22
5818,1
5818,2
5818,21
5819,1
5819,5
5819,11
5821,1
5821,16
5821,7
5823,4
5823,8
5824,1
5824,5
5825,1
5825,3
5826,1
5827,1
5827,10
5827,7
5828,1
5830,1
5830,16
5830,10
5831,1
5831,5
5832,5
5833,5
5833,11
5834,1
5835,1
5835,5
5836,16
5837,1
5837,5
5838,1
5839,1
5839,4
5839,21
5841,1
5841,4
5841,5
5842,16
5842,15
5845,5
5847,16
5851,5
5852,4
5852,5
5852,25
5853,25
5857,17
5857,22
5858,1
5858,4
5858,17
5868,1
5868,21
5868,17
5871,14
5872,1
5872,7
5873,1
5873,7
5873,21
5875,23
5876,23
5878,1
5879,25
5880,16
5880,4
5880,15
5880,13
5881,1
5881,5
5881,3
5882,4
5882,8
5882,15
5882,13
5883,8
5883,27
5889,16
5889,14
5890,23
5893,4
5893,8
5893,15
5894,4
5894,15
5894,13
5894,7
5895,4
5895,15
5895,21
5896,16
5896,4
5896,15
5896,12
5897,15
5897,13
5897,7
5897,11
5898,4
5898,15
5898,2
5899,4
5899,15
5899,13
5899,2
5900,1
5900,21
5900,17
5901,1
5901,15
5901,11
5902,4
5902,15
5902,6
5905,16
5906,1
5906,16
5907,4
5907,8
5907,2
5909,1
5909,7
5910,1
5911,16
5911,27
5912,1
5912,4
5912,11
5913,1
5913,16
5913,5
5914,27
5914,14
5915,4
5915,8
5915,2
5916,4
5916,8
5916,2
5917,4
5917,8
5917,2
5918,4
5918,8
5918,2
5919,4
5919,2
5920,4
5920,8
5920,2
5921,18
5925,4
5925,8
5926,25
5926,24
5926,17
5932,16
5933,1
5933,5
5933,3
5935,27
5936,4
5936,14
5937,16
5938,6
5938,3
5938,12
5940,1
5940,16
5940,27
5941,16
5942,16
5942,14
5942,7
5944,4
5944,8
5944,13
5945,16
5945,6
5947,2
5948,16
5948,8
5948,11
5949,16
5949,8
5949,2
5950,4
5950,8
5951,4
5951,8
5951,2
5953,27
5953,5
5954,27
5954,14
5955,10
5956,4
5956,8
5956,25
5958,8
5958,25
5959,4
5959,8
5959,25
5961,27
5964,1
5964,14
5965,23
5967,1
5967,16
5971,1
5971,5
5972,16
5973,1
5973,16
5975,7
5976,16
5977,19
5981,1
5981,4
5981,5
5982,1
5982,5
5983,1
5983,5
5987,16
5987,14
5987,13
5988,1
5988,16
5989,1
5992,1
5992,18
5994,1
5994,17
5996,16
5997,16
5997,28
6003,1
6003,5
6003,2
6004,1
6005,1
6005,18
6006,18
6009,27
6009,2
6012,1
6012,16
6013,1
6013,16
6017,16
6017,7
6018,1
6018,28
6019,16
6019,14
6020,1
6020,5
6020,11
6021,16
6022,16
6023,16
6025,16
6025,4
6025,2
6026,1
6027,7
6028,16
6029,16
6030,16
6031,16
6031,27
6032,2
6033,1
6033,17
6034,1
6034,4
6034,8
6037,1
6037,16
6038,1
6038,16
6039,1
6040,1
6040,17
6041,1
6041,3
6045,8
6045,17
6047,16
6050,16
6050,10
6052,16
6056,16
6056,10
6057,16
6058,16
6059,1
6059,16
6066,1
6066,6
6066,3
6076,1
6077,1
6077,8
6077,17
6078,16
6079,1
6081,16
6082,16
6083,16
6083,8
6083,2
6084,1
6084,6
6084,3
6085,1
6085,16
6086,16
6087,1
6087,16
6088,16
6089,16
6090,16
6090,4
6090,8
6091,27
6092,27
6093,27
6094,16
6095,5
6096,16
6097,16
6097,10
6097,17
6099,22
6100,1
6100,5
6100,3
6101,10
6102,14
6102,7
6105,12
6106,1
6106,13
6106,7
6108,16
6108,15
6108,13
6108,7
6110,23
6111,1
6111,5
6111,3
6113,1
6113,4
6113,22
6114,1
6114,5
6114,3
6119,1
6119,21
6119,17
6120,26
6122,14
6125,1
6125,16
6126,1
6126,7
6127,1
6127,3
6128,1
6128,4
6128,5
6129,1
6129,16
6130,1
6131,1
6131,9
6133,1
6133,4
6133,8
6134,16
6135,1
6135,4
6135,8
6138,16
6140,1
6140,4
6140,8
6141,16
6142,1
6142,16
6142,17
6143,1
6143,16
6143,7
6144,1
6144,14
6145,1
6145,17
6146,16
6147,16
6148,10
6149,14
6152,1
6152,4
6152,2
6153,1
6156,10
6157,10
6158,10
6159,10
6160,4
6160,8
6161,4
6161,8
6161,2
6162,10
6164,27
6165,1
6166,10
6168,10
6170,16
6172,26
6173,22
6174,5
6176,21
6178,1
6178,4
6179,25
6180,1
6180,16
6180,7
6184,23
6187,10
6188,16
6189,1
6189,16
6189,8
6192,16
6193,16
6195,10
6196,10
6197,10
6198,16
6198,2
6199,16
6200,1
6200,4
6200,21
6201,1
6201,4
6201,17
6202,16
6202,7
6204,16
6205,1
6205,5
6206,16
6207,16
6208,1
6209,16
6210,1
6210,5
6212,4
6212,5
6214,1
6214,4
6214,5
6215,16
6217,16
6218,16
6218,27
6219,16
6219,8
6219,21
6220,16
6221,16
6222,16
6223,16
6224,16
6225,16
6226,1
6226,3
6226,11
6227,16
6228,16
6229,16
6231,16
6232,16
6233,16
6233,8
6233,13
6234,16
6236,16
6237,16
6238,16
6238,27
6239,16
6240,16
6241,16
6242,16
6243,16
6247,16
6248,1
6248,16
6248,14
6249,16
6250,16
6251,1
6251,7
6252,16
6252,6
6254,16
6257,17
6259,1
6259,5
6261,1
6261,5
6261,11
6262,1
6262,5
6263,23
6263,24
6265,1
6265,5
6265,11
6266,10
6267,10
6268,10
6269,16
6269,21
6270,16
6271,16
6272,1
6272,4
6272,5
6273,4
6273,8
6273,5
6274,1
6274,4
6274,5
6275,1
6275,16
6275,8
6276,4
6276,8
6276,2
6278,1
6278,4
6278,15
6278,2
6279,19
6284,16
6285,1
6285,5
6285,3
6286,17
6287,1
6288,16
6288,22
6289,1
6289,16
6289,14
6291,16
6294,23
6297,5
6299,1
6299,27
6299,11
6300,16
6301,16
6301,13
6301,12
6303,8
6303,13
6304,1
6304,16
6304,14
6305,16
6306,16
6306,4
6306,15
6306,13
6307,15
6307,13
6307,7
6308,16
6308,27
6309,4
6309,8
6309,27
6314,1
6314,11
6314,17
6315,1
6318,1
6318,5
6318,11
6320,1
6321,1
6321,18
6322,16
6322,27
6323,4
6323,14
6323,22
6324,1
6324,27
6324,2
6325,16
6325,27
6325,2
6326,1
6326,16
6326,13
6327,16
6327,2
6328,16
6328,27
6329,16
6329,27
6330,23
6331,16
6331,20
6332,16
6332,27
6332,10
6333,27
6334,16
6335,16
6336,1
6336,16
6337,16
6338,4
6338,8
6338,15
6338,13
6339,25
6340,1
6340,5
6341,23
6342,1
6344,16
6344,4
6344,5
6346,1
6346,16
6346,14
6347,1
6347,16
6347,27
6348,18
6349,22
6350,19
6353,1
6353,4
6353,5
6356,14
6359,4
6359,15
6359,6
6359,12
6362,1
6362,16
6364,16
6364,27
6367,1
6368,16
6369,16
6370,16
6370,7
6371,5
6371,17
6373,16
6373,10
6376,1
6376,16
6376,7
6377,1
6378,16
6378,22
6379,16
6379,7
6380,1
6381,1
6381,16
6383,16
6383,4
6383,5
6384,1
6384,7
6385,1
6385,7
6387,16
6392,1
6392,3
6392,11
6393,1
6393,4
6393,2
6402,1
6402,16
6402,27
6403,27
6404,16
6404,23
6405,16
6405,27
6405,14
6406,1
6407,23
6408,1
6409,27
6412,1
6412,16
6412,7
6414,1
6414,7
6415,1
6415,16
6415,7
6417,1
6417,22
6419,1
6420,1
6420,16
6421,5
6421,3
6421,11
6423,1
6423,16
6423,7
6424,1
6424,16
6424,4
6425,1
6426,1
6427,1
6427,5
6427,11
6428,16
6428,27
6429,16
6432,4
6432,5
6432,3
6436,4
6436,22
6437,1
6437,5
6437,11
6438,8
6438,24
6439,26
6442,18
6444,16
6445,5
6446,1
6446,5
6446,11
6448,5
6449,16
6450,1
6450,4
6450,8
6451,23
6451,7
6452,27
6456,1
6456,2
6456,3
6457,27
6458,27
6459,4
6459,8
6459,9
6460,23
6462,1
6462,3
6462,11
6463,1
6463,16
6463,7
6464,1
6465,1
6465,5
6466,1
6466,5
6466,11
6467,2
6467,11
6467,17
6470,16
6473,1
6473,15
6473,13
6476,1
6476,14
6476,7
6477,1
6477,18
6478,8
6478,24
6478,22
6479,21
6481,18
6482,27
6483,16
6483,8
6483,14
6485,15
6485,7
6485,2
6487,1
6489,27
6490,16
6491,1
6491,5
6491,17
6492,16
6495,27
6497,1
6497,16
6497,14
6498,16
6499,8
6499,2
6499,11
6500,1
6501,16
6501,27
6503,1
6503,16
6503,8
6504,16
6504,17
6508,1
6508,16
6508,10
6510,1
6510,16
6510,7
6512,16
6514,1
6514,16
6514,14
6515,8
6516,1
6516,5
6516,3
6519,5
6520,1
6520,5
6522,1
6522,4
6522,25
6527,16
6529,1
6531,1
6531,4
6531,15
6531,2
6534,26
6535,10
6542,10
6543,25
6544,27
6545,16
6545,14
6547,5
6549,1
6549,22
6550,23
6551,1
6553,16
6554,16
6555,16
6555,15
6555,7
6555,28
6556,5
6556,13
6556,3
6557,1
6558,1
6558,27
6558,10
6559,1
6559,27
6560,27
6561,4
6561,5
6561,11
6562,1
6562,15
6562,14
6562,13
6563,16
6563,15
6563,13
6563,17
6564,27
6565,1
6565,5
6565,3
6566,1
6566,16
6566,15
6567,16
6567,5
6567,13
6569,1
6569,2
6570,4
6570,8
6570,13
6571,1
6571,16
6571,10
6572,16
6573,1
6573,15
6573,7
6574,16
6574,14
6575,24
6576,16
6576,15
6576,7
6577,1
6577,15
6577,2
6577,11
6578,1
6578,15
6578,12
6579,8
6579,24
6580,1
6580,16
6580,15
6580,7
6584,23
6584,14
6585,1
6585,5
6587,22
6588,1
6588,16
6588,14
6589,4
6589,8
6589,15
6589,13
6591,16
6591,27
6591,14
6592,1
6592,16
6592,2
6593,16
6593,8
6593,2
6595,1
6595,16
6595,15
6595,7
6596,16
6596,4
6596,7
6597,16
6597,4
6597,15
6597,5
6598,1
6598,15
6598,7
6599,1
6599,5
6601,1
6601,16
6601,15
6601,7
6602,1
6602,16
6602,4
6602,15
6604,1
6604,16
6604,15
6604,13
6605,1
6605,15
6605,10
6605,7
6606,1
6606,2
6607,16
6607,5
6607,11
6608,1
6608,8
6608,15
6608,13
6609,4
6609,8
6609,15
6610,15
6610,7
6611,16
6611,15
6612,1
6612,16
6613,1
6613,16
6613,15
6613,23
6615,22
6616,4
6616,8
6616,25
6617,4
6617,8
6617,25
6618,4
6618,8
6618,25
6620,6
6620,2
6620,11
6621,1
6621,14
6621,7
6622,16
6622,10
6622,11
6624,16
6624,27
6626,1
6626,16
6626,2
6628,23
6631,25
6632,5
6633,5
6634,1
6634,5
6635,5
6636,5
6637,5
6640,5
6643,1
6643,4
6643,8
6644,24
6644,17
6645,21
6645,17
6646,16
6647,16
6648,24
6650,1
6650,7
6650,17
6651,1
6651,7
6652,1
6652,3
6652,17
6653,22
6654,21
6654,17
6660,1
6660,16
6661,16
6661,22
6663,16
6665,16
6667,16
6668,1
6668,4
6668,8
6669,4
6669,27
6669,2
6670,10
6672,1
6672,7
6673,10
6674,16
6674,14
6676,25
6680,26
6682,1
6682,6
6682,3
6686,10
6687,16
6688,1
6688,4
6688,2
6689,22
6691,4
6691,8
6691,25
6692,4
6692,8
6692,25
6694,22
6696,1
6696,4
6696,5
6697,4
6697,3
6697,11
6700,16
6701,16
6702,16
6703,16
6704,16
6705,16
6706,4
6706,8
6706,27
6707,4
6707,8
6707,15
6707,5
6709,1
6709,16
6709,15
6710,16
6710,15
6711,16
6711,15
6711,7
6713,16
6719,16
6719,4
6719,27
6720,4
6720,8
6721,1
6721,17
6723,1
6723,5
6724,1
6724,7
6725,10
6727,1
6727,5
6727,6
6731,10
6732,16
6735,10
6741,1
6741,16
6742,16
6742,24
6743,16
6743,27
6744,1
6744,14
6744,7
6745,22
6746,4
6746,8
6746,25
6747,1
6751,16
6751,27
6752,1
6752,5
6753,1
6753,5
6753,11
6757,10
6758,10
6759,10
6760,10
6761,16
6762,1
6762,8
6762,5
6763,1
6763,2
6763,11
6764,1
6764,5
6764,3
6765,1
6765,16
6766,1
6766,5
6766,3
6767,1
6767,20
6767,12
6768,1
6768,3
6769,8
6769,14
6769,13
6770,8
6770,27
6771,16
6771,4
6771,2
6774,16
6775,1
6775,5
6775,13
6776,1
6776,16
6779,16
6780,16
6781,1
6781,11
6784,1
6784,5
6784,3
6787,23
6787,14
6788,1
6788,4
6788,5
6792,1
6792,4
6792,5
6793,14
6794,16
6795,23
6797,16
6804,1
6804,5
6805,5
6806,16
6806,27
6807,10
6809,16
6811,27
6814,16
6814,7
6815,1
6815,7
6817,16
6817,5
6818,23
6822,10
6823,1
6825,1
6825,3
6825,11
6826,1
6827,16
6830,24
6831,16
6833,27
6836,16
6838,16
6838,14
6839,3
6840,4
6840,15
6840,13
6841,23
6844,1
6844,4
6844,8
6849,10
6849,17
6856,23
6859,4
6859,8
6860,27
6861,16
6861,14
6861,13
6862,17
6869,8
6869,27
6869,13
6871,16
6871,8
6871,14
6872,16
6872,7
6873,15
6873,22
6874,16
6874,15
6874,7
6875,16
6875,6
6875,7
6876,16
6877,5
6878,17
6880,4
6880,8
6881,4
6881,5
6882,16
6882,27
6883,16
6884,1
6884,5
6885,1
6886,1
6886,5
6886,3
6888,16
6888,27
6888,17
6889,1
6889,16
6889,5
6890,10
6891,1
6891,13
6891,2
6892,4
6892,22
6893,2
6894,1
6894,7
6896,1
6897,1
6897,13
6897,7
6898,16
6898,10
6898,7
6899,1
6899,3
6899,11
6900,3
6902,1
6902,16
6903,16
6903,2
6904,1
6904,2
6906,1
6906,16
6906,7
6907,1
6907,13
6907,2
6909,16
6909,4
6909,8
6909,15
6910,27
6912,1
6913,1
6913,21
6913,17
6914,16
6915,16
6915,7
6916,1
6918,17
6919,1
6920,16
6921,1
6921,2
6922,1
6922,5
6923,16
6924,1
6924,16
6924,10
6925,1
6925,16
6925,10
6926,16
6926,4
6926,15
6926,13
6927,1
6927,2
6928,1
6928,18
6930,1
6930,3
6930,9
6931,16
6932,7
6933,1
6933,7
6933,3
6935,1
6936,16
6936,8
6936,27
6937,16
6937,8
6937,6
6938,7
6938,3
6938,11
6939,1
6939,16
6939,7
6940,1
6940,16
6940,15
6940,10
6941,1
6941,7
6941,3
6942,16
6943,1
6943,23
6944,1
6944,7
6946,1
6947,1
6947,16
6947,15
6947,2
6948,4
6948,2
6949,8
6949,14
6949,13
6950,24
6952,17
6953,14
6953,25
6954,5
6955,22
6956,16
6959,4
6959,8
6959,25
6961,4
6961,8
6961,25
6962,7
6963,23
6964,16
6965,22
6966,16
6966,27
6966,14
6968,1
6968,21
6968,9
6970,1
6970,13
6970,6
6971,16
6972,4
6972,8
6972,13
6973,16
6974,16
6975,16
6976,16
6977,4
6977,8
6977,13
6978,4
6978,8
6978,2
6979,24
6981,16
6981,27
6981,14
6982,21
6982,24
6982,17
6983,24
6983,17
6989,1
6991,4
6991,8
6991,5
6992,1
6992,5
6992,11
6995,1
6996,1
6996,7
6999,16
6999,15
6999,7
7001,1
7001,5
7001,11
7002,4
7002,8
7002,15
7002,2
7003,11
7003,17
7004,22
7005,16
7005,15
7005,17
7006,16
7006,15
7007,1
7007,16
7007,4
7007,15
7008,16
7008,15
7008,7
7009,1
7009,15
7009,10
7009,7
7010,1
7010,16
7010,15
7011,16
7011,15
7011,7
7012,16
7013,1
7013,16
7014,22
7015,1
7015,4
7015,5
7016,1
7016,4
7016,5
7017,7
7018,16
7018,10
7019,6
7019,3
7019,11
7027,8
7029,1
7029,3
7029,11
7031,1
7031,16
7031,5
7032,1
7032,16
7033,16
7034,16
7035,1
7035,4
7035,8
7036,16
7036,4
7036,8
7037,26
7038,16
7039,16
7040,16
7042,16
7043,16
7044,16
7045,1
7045,7
7046,1
7046,4
7046,5
7047,4
7047,8
7047,2
7048,1
7049,15
7049,13
7050,1
7050,5
7051,16
7051,4
7051,8
7053,1
7054,1
7054,7
7055,16
7055,8
7055,15
7055,27
7056,13
7057,1
7058,16
7059,16
7059,14
7061,16
7061,15
7064,16
7065,4
7065,8
7065,25
7066,1
7066,16
7066,8
7066,15
7067,16
7067,4
7067,15
7067,5
7068,1
7069,27
7069,14
7069,10
7072,4
7072,8
7072,27
7073,4
7073,8
7073,2
7075,4
7075,8
7075,2
7076,4
7076,8
7076,27
7077,4
7077,8
7077,2
7078,4
7078,8
7078,2
7079,4
7079,8
7079,2
7080,8
7080,27
7080,13
7085,16
7085,15
7085,13
7085,7
7086,1
7086,7
7087,27
7088,23
7089,23
7090,16
7090,10
7091,27
7092,1
7092,16
7092,17
7093,1
7093,7
7093,17
7094,16
7094,4
7094,27
7095,1
7095,10
7097,1
7098,16
7099,16
7100,1
7100,5
7101,16
7101,4
7101,8
7102,27
7103,25
7104,16
7105,23
7105,17
7107,1
7108,1
7108,16
7108,7
7109,16
7109,15
7111,1
7111,5
7112,1
7112,7
7113,1
7113,16
7113,7
7115,16
7115,4
7115,15
7115,13
7116,4
7116,13
7119,1
7119,3
7121,1
7121,14
7121,12
7122,1
7122,16
7122,14
7127,16
7127,14
7128,16
7128,7
7129,16
7129,14
7130,16
7130,14
7131,1
7131,16
7131,7
7132,27
7135,1
7135,13
7135,17
7136,1
7136,8
7136,2
7137,1
7137,4
7137,7
7139,1
7139,16
7139,7
7140,1
7140,16
7140,7
7142,1
7142,16
7142,7
7144,4
7144,8
7144,2
7146,1
7146,5
7147,1
7147,4
7147,8
7150,1
7150,4
7150,8
7151,1
7152,5
7153,1
7153,5
7153,19
7154,1
7154,16
7155,1
7155,4
7155,8
7156,16
7156,19
7158,1
7159,16
7160,2
7161,1
7161,16
7162,1
7162,4
7162,2
7163,1
7163,5
7163,11
7164,16
7165,7
7166,4
7167,16
7169,16
7171,1
7171,5
7172,1
7172,5
7173,16
7174,16
7174,15
7176,1
7176,2
7177,4
7177,2
7177,21
7178,16
7181,1
7181,10
7184,1
7184,5
7184,3
7186,23
7187,5
7187,3
7188,24
7189,8
7189,24
7191,1
7191,16
7191,15
7191,13
7192,23
7193,1
7193,16
7194,1
7194,3
7194,11
7195,4
7195,6
7196,8
7196,24
7198,16
7201,23
7202,5
7204,23
7205,16
7206,1
7206,16
7206,4
7207,16
7207,28
7208,1
7208,11
7209,16
7210,16
7212,23
7212,24
7214,1
7214,16
7215,5
7216,16
7217,1
7217,19
7218,16
7219,16
7219,14
7220,1
7220,16
7221,16
7221,14
7223,14
7223,13
7223,10
7224,4
7224,8
7224,27
7225,16
7225,13
7225,7
7226,24
7231,1
7231,16
7233,1
7233,8
7233,20
7237,5
7238,1
7238,14
7239,16
7243,16
7244,16
7244,14
7244,2
7246,27
7247,16
7247,8
7247,27
7248,16
7248,8
7248,27
7249,26
7251,26
7252,26
7253,22
7254,4
7254,8
7254,27
7255,4
7255,8
7255,27
7256,26
7257,1
7257,5
7258,1
7258,16
7259,1
7259,9
7260,1
7260,16
7260,7
7261,1
7262,1
7262,3
7262,9
7263,16
7263,28
7264,1
7264,5
7265,21
7266,1
7266,16
7266,7
7268,27
7269,1
7269,16
7269,7
7270,1
7270,7
7271,16
7271,10
7272,1
7272,5
7274,4
7274,8
7274,2
7275,1
7276,1
7277,1
7277,27
7278,21
7279,16
7279,27
7279,2
7280,1
7281,16
7282,16
7283,1
7284,1
7284,16
7286,1
7287,1
7289,16
7291,1
7291,16
7292,1
7293,1
7295,16
7298,21
7299,7
7300,1
7300,8
7300,27
7301,16
7301,27
7303,1
7303,5
7305,27
7306,16
7307,1
7307,17
7309,27
7310,8
7310,23
7311,1
7311,4
7311,2
7314,16
7315,16
7317,16
7318,27
7321,16
7323,4
7323,8
7324,8
7324,27
7326,1
7326,5
7328,18
7329,1
7329,16
7330,27
7331,27
7334,16
7334,10
7335,16
7335,27
7336,27
7337,16
7339,16
7339,10
7340,1
7340,4
7340,22
7341,16
7341,14
7342,16
7342,14
7344,16
7345,16
7345,14
7346,16
7347,16
7347,14
7347,13
7348,16
7349,16
7349,5
7349,2
7351,27
7351,13
7352,16
7353,16
7353,14
7354,25
7355,16
7358,16
7358,27
7360,4
7360,8
7360,2
7361,1
7361,4
7361,5
7362,1
7362,8
7362,2
7363,16
7363,15
7364,19
7365,1
7365,7
7366,16
7366,2
7367,1
7367,7
7367,18
7369,23
7370,1
7370,11
7371,16
7371,7
7372,1
7372,7
7373,1
7374,1
7374,5
7375,16
7376,1
7376,7
7377,23
7378,1
7379,1
7379,7
7380,1
7380,7
7381,16
7382,4
7382,8
7382,15
7382,13
7384,16
7385,24
7387,16
7388,16
7389,1
7391,16
7392,4
7392,8
7392,15
7392,13
7394,1
7394,13
7397,1
7398,4
7398,8
7398,10
7399,16
7401,1
7401,5
7401,11
7402,16
7402,8
7402,27
7403,16
7403,8
7405,1
7405,16
7405,2
7406,2
7407,1
7407,7
7409,27
7409,14
7410,11
7410,17
7413,14
7413,10
7414,23
7415,16
7416,1
7416,5
7416,12
7417,1
7417,16
7417,7
7418,1
7418,10
7419,1
7419,14
7419,13
7420,8
7420,24
7421,21
7421,17
7422,1
7422,17
7423,1
7423,10
7424,25
7425,1
7425,5
7426,1
7426,7
7427,16
7428,16
7428,4
7428,15
7428,7
7429,10
7430,25
7432,1
7433,1
7433,4
7433,5
7434,8
7434,27
7434,13
7436,16
7437,1
7437,6
7437,12
7438,4
7438,8
7438,27
7439,1
7440,25
7441,25
7442,16
7442,8
7442,14
7443,23
7445,16
7445,4
7446,16
7449,4
7449,8
7449,27
7451,16
7452,16
7452,11
7452,12
7457,16
7457,27
7457,2
7458,1
7458,16
7459,23
7460,25
7460,22
7462,4
7462,8
7462,27
7463,4
7463,8
7463,22
7464,16
7466,2
7468,1
7468,16
7469,1
7469,7
7470,1
7470,8
7470,13
7472,21
7473,21
7473,17
7474,16
7474,7
7476,25
7478,1
7478,16
7478,7
7480,1
7480,8
7480,2
7481,1
7481,7
7482,16
7483,16
7486,22
7489,26
7491,26
7493,16
7493,7
7496,16
7497,1
7497,4
7497,5
7498,14
7498,7
7499,1
7499,7
7499,3
7501,16
7502,1
7502,19
7503,16
7505,16
7505,7
7506,16
7507,23
7509,1
7509,7
7510,1
7510,16
7511,16
7512,1
7512,5
7512,11
7513,16
7515,10
7518,23
7522,1
7522,16
7522,11
7523,1
7523,4
7523,6
7524,22
7525,23
7525,14
7526,1
7526,16
7528,16
7531,16
7531,22
7532,1
7533,4
7533,22
7536,22
7537,16
7537,7
7537,17
7540,22
7543,22
7547,1
7547,5
7548,1
7548,16
7548,5
7549,16
7550,1
7551,8
7551,27
7551,13
7552,16
7553,16
7554,23
7556,25
7557,1
7557,16
7557,15
7557,7
7558,22
7561,23
7561,17
7564,16
7566,1
7566,17
7567,16
7567,27
7568,16
7569,16
7570,16
7571,1
7571,11
7572,4
7572,5
7572,2
7573,1
7573,5
7574,1
7574,4
7575,16
7576,16
7577,1
7577,4
7577,5
7580,1
7580,7
7581,17
7583,8
7583,27
7584,4
7584,15
7584,13
7584,7
7585,1
7585,8
7585,11
7586,22
7587,1
7587,4
7587,2
7588,1
7588,4
7588,21
7589,1
7589,16
7589,7
7590,16
7590,15
7590,11
7591,22
7592,1
7592,11
7593,11
7594,1
7594,4
7594,5
7595,17
7596,1
7596,21
7597,16
7597,14
7598,16
7599,16
7600,16
7601,15
7601,13
7601,7
7601,21
7602,16
7603,16
7603,14
7604,18
7605,1
7605,5
7605,11
7608,15
7608,13
7608,7
7609,1
7610,1
7610,7
7612,22
7614,26
7615,1
7615,5
7616,1
7616,17
7616,9
7617,16
7617,14
7617,3
7622,16
7623,4
7623,8
7623,2
7624,5
7624,7
7624,11
7625,16
7625,27
7626,1
7626,8
7626,13
7629,1
7629,27
7630,17
7631,1
7631,16
7632,1
7632,4
7632,8
7633,27
7633,13
7634,16
7634,14
7635,16
7635,14
7636,16
7637,16
7638,1
7639,16
7640,1
7640,16
7640,7
7641,16
7641,2
7642,16
7642,14
7644,16
7645,16
7645,10
7648,17
7650,16
7651,16
7651,13
7653,1
7653,16
7654,1
7654,16
7654,5
7655,1
7655,4
7655,5
7656,28
7657,17
7658,1
7658,14
7658,7
7659,16
7659,22
7660,16
7661,1
7661,7
7662,1
7662,16
7662,15
7662,7
7663,1
7663,16
7663,7
7664,16
7664,7
7665,16
7670,22
7672,1
7672,7
7673,1
7673,5
7673,3
7674,1
7674,3
7674,11
7675,1
7676,4
7676,15
7676,13
7678,1
7679,1
7679,7
7680,16
7680,15
7684,1
7684,7
7685,16
7685,15
7685,13
7687,1
7687,16
7687,7
7689,16
7690,16
7690,14
7691,16
7691,14
7692,16
7694,1
7694,5
7694,7
7696,1
7696,3
7697,1
7697,5
7698,16
7699,1
7699,7
7701,1
7702,16
7703,16
7703,14
7704,16
7705,16
7707,1
7707,17
7708,16
7708,10
7711,4
7711,8
7711,25
7712,4
7712,8
7712,25
7713,8
7713,14
7714,4
7714,8
7714,25
7717,4
7717,8
7717,25
7718,1
7718,4
7718,8
7719,4
7719,8
7719,25
7720,4
7720,8
7720,25
7721,4
7721,8
7721,25
7722,4
7722,8
7722,25
7724,4
7724,8
7724,25
7725,8
7725,25
7725,24
7727,4
7727,8
7727,25
7729,1
7729,4
7729,5
7731,5
7734,16
7734,13
7735,16
7738,16
7739,21
7740,21
7741,16
7742,1
7742,7
7744,1
7744,16
7744,5
7745,16
7746,16
7747,16
7747,7
7748,16
7748,4
7748,8
7749,1
7749,4
7749,5
7750,16
7750,15
7750,6
7751,7
7752,21
7752,17
7753,16
7754,8
7754,27
7755,16
7756,16
7757,4
7757,22
7758,4
7758,8
7758,2
7759,16
7760,1
7760,16
7761,1
7761,16
7762,1
7762,8
7762,14
7763,16
7764,27
7766,5
7767,1
7768,5
7768,11
7769,10
7770,16
7771,5
7772,16
7773,16
7774,1
7774,5
7775,16
7777,22
7778,1
7779,16
7780,7
7781,1
7781,16
7781,7
7782,10
7784,16
7785,16
7786,16
7787,5
7788,4
7788,8
7788,27
7789,4
7789,8
7789,27
7790,4
7790,8
7790,2
7791,1
7791,16
7791,15
7791,27
7792,4
7792,8
7792,2
7793,1
7793,17
7794,1
7794,17
7795,24
7797,16
7797,8
7797,14
7798,25
7799,16
7799,4
7799,8
7804,16
7805,16
7809,16
7810,16
7811,16
7811,5
7811,11
7814,5
7815,1
7816,1
7816,5
7818,16
7819,16
7819,6
7820,16
7820,5
7820,11
7821,1
7822,1
7822,16
7823,16
7824,16
7825,16
7826,1
7827,1
7827,7
7827,21
7829,16
7832,24
7832,17
7834,27
7835,16
7835,14
7836,1
7836,14
7837,16
7841,16
7843,1
7843,5
7845,1
7845,8
7845,20
7846,1
7846,20
7848,16
7849,4
7849,5
7849,2
7850,1
7852,16
7853,16
7854,16
7855,16
7856,1
7856,16
7857,7
7858,16
7858,7
7860,7
7861,16
7862,16
7863,16
7864,1
7864,16
7865,16
7866,16
7866,7
7867,1
7867,3
7868,1
7868,16
7869,1
7869,16
7870,16
7870,5
7871,1
7871,16
7872,5
7874,1
7874,16
7874,14
7875,16
7875,5
7876,1
7876,14
7876,17
7877,16
7877,14
7878,22
7879,16
7882,22
7885,10
7889,1
7889,4
7889,8
7890,11
7893,16
7893,14
7894,12
7896,8
7896,27
7896,2
7897,16
7897,27
7898,27
7899,16
7899,8
7899,11
7900,27
7902,27
7903,1
7903,16
7904,16
7905,1
7905,5
7906,16
7906,8
7906,15
7907,1
7909,1
7909,7
7910,1
7911,10
7912,1
7912,13
7914,1
7914,4
7914,8
7916,7
7916,28
7917,1
7917,5
7918,16
7919,1
7919,5
7919,11
7920,1
7920,16
7921,22
7922,16
7923,16
7924,23
7925,1
7925,16
7926,16
7928,16
7929,5
7931,5
7932,7
7933,16
7934,1
7934,5
7935,16
7936,16
7938,24
7940,1
7941,16
7942,27
7943,22
7944,22
7945,8
7945,24
7947,5
7948,16
7949,16
7950,16
7950,27
7951,1
7951,16
7951,27
7952,1
7952,8
7952,17
7953,16
7954,1
7954,16
7955,1
7957,24
7959,22
7960,16
7961,1
7961,16
7961,7
7963,16
7963,24
7964,16
7964,7
7964,3
7965,1
7965,7
7966,22
7967,22
7972,1
7972,5
7973,7
7974,7
7975,24
7976,24
7979,24
7981,1
7982,1
7982,7
7983,16
7984,1
7984,16
7984,14
7985,16
7985,14
7986,16
7986,14
7986,13
7987,16
7987,14
7987,13
7988,22
7989,5
7990,22
7993,16
7995,1
7995,17
7997,27
7998,27
7999,27
8000,5
8001,1
8001,5
8002,1
8002,4
8002,5
8003,1
8003,4
8003,5
8004,1
8004,5
8005,1
8005,5
8005,11
8006,4
8006,5
8006,11
8007,1
8007,4
8007,5
8009,1
8009,5
8010,1
8010,4
8010,5
8011,1
8011,5
8012,1
8012,5
8013,1
8013,5
8014,1
8014,5
8015,1
8015,5
8016,1
8016,7
8018,1
8018,16
8018,7
8023,1
8023,16
8023,15
8023,13
8024,16
8025,16
8026,16
8026,8
8026,27
8027,14
8027,7
8028,16
8031,16
8032,16
8033,16
8034,1
8034,5
8035,1
8035,18
8036,1
8036,5
8036,3
8037,16
8038,16
8038,4
8038,5
8041,1
8041,16
8041,18
8043,1
8043,5
8044,7
8045,1
8047,16
8049,16
8051,16
8053,16
8053,7
8055,16
8056,1
8056,7
8057,1
8058,5
8058,11
8059,1
8059,7
8061,22
8064,23
8067,10
8068,4
8068,27
8068,13
8070,22
8071,22
8076,1
8076,5
8076,19
8077,7
8079,1
8079,16
8080,1
8080,5
8082,16
8082,27
8082,2
8083,1
8083,18
8084,1
8084,2
8084,3
8085,1
8085,5
8087,26
8090,1
8090,16
8090,14
8091,1
8091,16
8092,4
8092,8
8093,16
8094,16
8096,16
8097,16
8098,16
8098,5
8100,16
8102,1
8102,16
8103,1
8103,7
8103,17
8104,5
8108,14
8109,1
8109,5
8110,1
8110,5
8111,27
8112,16
8113,5
8113,24
8114,16
8114,18
8115,16
8116,1
8116,16
8116,14
8117,1
8118,1
8118,4
8118,8
8119,1
8119,4
8119,8
8120,16
8120,5
8121,16
8122,4
8122,8
8124,16
8125,1
8125,8
8125,17
8126,1
8126,4
8126,8
8127,1
8127,4
8127,5
8128,1
8128,21
8128,17
8130,1
8130,4
8131,8
8131,25
8132,4
8132,8
8132,27
8139,1
8139,21
8139,9
8140,16
8142,6
8142,2
8142,3
8143,1
8144,16
8144,2
8145,1
8145,7
8146,16
8146,14
8149,16
8150,1
8151,16
8152,1
8153,1
8153,11
8153,17
8161,1
8161,6
8161,3
8163,1
8163,16
8163,4
8165,1
8166,1
8166,16
8167,1
8167,3
8171,1
8171,5
8172,1
8172,16
8172,5
8173,1
8173,16
8175,16
8176,16
8176,7
8177,27
8178,1
8179,1
8180,27
8181,27
8182,1
8182,7
8183,27
8184,1
8184,7
8185,27
8186,1
8186,7
8187,1
8187,7
8188,1
8188,7
8189,1
8189,16
8189,7
8190,1
8190,8
8190,7
8191,1
8193,27
8194,27
8196,27
8197,27
8198,1
8198,16
8198,7
8199,16
8199,4
8199,15
8199,7
8201,1
8201,4
8201,15
8201,5
8202,1
8202,4
8202,8
8202,15
8203,1
8203,4
8203,15
8203,2
8204,4
8204,15
8204,2
8205,27
8205,14
8206,16
8206,14
8207,16
8207,27
8208,27
8209,16
8210,27
8211,16
8211,27
8211,2
8213,8
8213,27
8215,1
8215,7
8216,1
8216,7
8217,1
8217,16
8219,8
8219,25
8219,24
8220,5
8221,1
8221,16
8221,10
8223,16
8224,16
8225,16
8226,16
8226,14
8227,27
8229,10
8231,1
8231,5
8232,4
8232,8
8232,15
8232,5
8235,1
8235,4
8235,15
8235,13
8237,16
8237,8
8237,15
8237,2
8238,4
8238,8
8238,15
8238,2
8239,1
8239,21
8239,17
8240,15
8240,2
8241,1
8241,4
8241,15
8241,13
8242,1
8242,4
8242,15
8242,3
8243,1
8243,8
8243,17
8244,1
8244,15
8244,5
8244,6
8245,4
8245,8
8245,15
8245,13
8246,21
8246,17
8247,1
8247,4
8247,15
8247,2
8248,1
8248,15
8248,13
8249,15
8249,2
8250,1
8250,15
8250,3
8251,15
8251,6
8251,3
8253,4
8253,15
8253,2
8254,1
8254,4
8254,15
8254,2
8255,1
8255,16
8255,15
8256,15
8256,5
8256,2
8256,11
8257,4
8257,8
8257,15
8257,2
8258,4
8258,8
8258,15
8259,1
8259,15
8259,11
8260,16
8260,15
8260,13
8260,7
8261,4
8261,8
8261,15
8261,17
8262,4
8262,15
8262,2
8263,1
8263,4
8263,17
8265,17
8266,23
8268,1
8268,16
8269,1
8270,1
8270,21
8272,27
8273,27
8274,16
8274,27
8275,16
8276,16
8276,15
8276,2
8277,4
8277,15
8277,2
8278,15
8278,2
8278,3
8278,11
8279,1
8279,15
8279,2
8280,4
8280,15
8280,5
8281,16
8281,4
8281,15
8281,7
8282,4
8282,15
8282,2
8282,21
8283,4
8283,15
8283,6
8283,3
8284,1
8284,15
8284,6
8285,1
8285,15
8286,16
8286,10
8286,7
8287,4
8287,8
8287,15
8288,16
8288,4
8288,15
8289,16
8289,14
8289,7
8290,1
8290,16
8290,7
8291,4
8291,8
8291,15
8291,13
8292,16
8294,1
8294,16
8294,14
8295,23
8296,1
8296,16
8297,1
8297,16
8297,7
8298,16
8299,27
8299,13
8299,6
8300,1
8300,16
8301,1
8301,7
8302,1
8303,1
8303,7
8303,3
8304,4
8304,3
8304,21
8305,1
8305,7
8307,1
8307,5
8308,1
8308,4
8308,8
8309,16
8310,16
8311,1
8312,16
8313,16
8315,1
8315,16
8317,4
8317,8
8317,2
8318,16
8319,1
8319,3
8321,4
8321,7
8321,17
8323,24
8324,16
8325,16
8325,13
8325,7
8326,1
8329,16
8329,7
8330,4
8330,15
8330,2
8331,4
8331,8
8331,6
8332,1
8332,5
8332,17
8333,16
8333,5
8333,11
8334,4
8334,8
8334,13
8335,1
8335,8
8335,17
8336,16
8338,6
8339,1
8339,16
8339,11
8340,27
8340,12
8341,16
8342,1
8342,5
8342,11
8343,16
8344,16
8345,16
8345,4
8345,15
8345,13
8346,4
8346,8
8346,13
8347,1
8347,16
8347,5
8348,1
8348,4
8348,5
8351,16
8353,16
8354,2
8354,3
8355,4
8355,15
8355,2
8356,1
8356,5
8358,4
8358,8
8358,2
8359,16
8360,16
8360,10
8361,1
8361,15
8361,14
8362,16
8362,4
8362,22
8363,1
8363,15
8363,7
8363,17
8364,16
8364,27
8365,16
8365,4
8365,8
8366,8
8366,13
8367,4
8367,8
8368,1
8368,6
8368,7
8369,16
8370,16
8370,8
8370,27
8376,1
8376,5
8379,27
8380,27
8382,1
8382,14
8383,16
8385,16
8386,1
8386,16
8386,7
8387,1
8387,7
8388,16
8391,16
8392,4
8392,8
8393,1
8393,7
8394,8
8394,14
8394,2
8395,16
8398,1
8398,4
8398,8
8399,27
8400,1
8400,5
8400,3
8401,27
8402,16
8403,16
8403,7
8404,5
8404,11
8405,16
8406,1
8406,16
8407,1
8407,7
8408,1
8408,16
8408,7
8409,16
8410,16
8410,14
8411,16
8412,16
8413,11
8413,17
8414,1
8415,16
8417,16
8418,16
8419,1
8419,16
8419,7
8420,1
8420,20
8421,4
8421,8
8421,20
8422,1
8422,20
8423,20
8424,4
8424,20
8425,25
8426,1
8426,20
8427,1
8427,21
8427,17
8428,4
8428,8
8428,2
8429,1
8429,16
8429,18
8430,2
8431,1
8431,12
8432,8
8432,2
8434,1
8434,16
8435,2
8436,1
8436,7
8437,1
8438,4
8438,5
8439,16
8439,18
8440,16
8440,11
8441,16
8441,4
8441,6
8442,4
8442,15
8442,2
8444,16
8445,16
8446,16
8447,1
8447,14
8447,7
8448,1
8448,5
8448,3
8449,4
8449,15
8449,6
8452,16
8453,1
8453,7
8454,1
8454,4
8454,13
8455,14
8456,1
8456,5
8456,11
8457,16
8458,1
8458,4
8458,8
8459,1
8459,3
8460,1
8460,4
8460,5
8462,1
8463,1
8465,4
8465,2
8468,16
8468,27
8468,13
8469,16
8469,4
8469,8
8470,1
8470,16
8470,7
8473,1
8473,19
8474,1
8474,5
8475,16
8475,27
8476,16
8476,27
8477,16
8479,2
8480,1
8480,8
8480,15
8480,2
8481,4
8481,15
8481,2
8482,4
8482,15
8482,2
8483,4
8483,8
8483,2
8484,4
8484,8
8484,2
8485,3
8486,27
8487,23
8489,8
8489,27
8489,25
8493,1
8493,4
8493,22
8494,4
8494,8
8494,25
8495,4
8495,8
8495,25
8496,1
8496,7
8497,1
8497,5
8499,16
8500,16
8500,5
8501,1
8501,16
8502,16
8503,27
8505,1
8505,16
8507,4
8507,8
8508,1
8508,16
8509,1
8510,1
8510,8
8510,27
8511,1
8511,16
8511,5
8513,4
8513,8
8513,25
8515,1
8515,3
8515,11
8516,1
8516,5
8516,3
8517,1
8517,5
8518,1
8518,16
8519,27
8519,14
8520,16
8520,27
8521,1
8521,16
8522,1
8522,7
8524,4
8524,8
8524,15
8524,13
8525,10
8526,21
8528,10
8529,5
8529,3
8529,11
8530,1
8530,5
8530,11
8532,17
8533,16
8533,13
8533,7
8536,4
8536,11
8543,5
8545,17
8546,25
8546,22
8547,16
8548,1
8548,16
8548,7
8549,14
8551,5
8552,16
8555,4
8555,7
8555,17
8557,1
8557,4
8557,8
8559,4
8559,22
8563,16
8563,4
8563,5
8564,22
8570,16
8570,11
8571,27
8572,27
8573,16
8573,14
8575,1
8575,16
8577,1
8577,16
8577,14
8578,16
8578,8
8578,13
8579,1
8579,7
8580,16
8581,16
8584,1
8588,16
8589,16
8592,16
8593,16
8593,8
8593,13
8595,1
8596,1
8597,23
8598,23
8599,23
8600,22
8601,16
8601,27
8602,27
8604,25
8605,4
8605,8
8605,13
8606,1
8606,27
8606,13
8607,27
8608,13
8609,16
8610,16
8610,10
8614,22
8617,16
8618,1
8618,7
8619,8
8619,15
8619,2
8619,11
8620,1
8621,1
8621,5
8622,1
8622,16
8622,27
8627,14
8630,16
8631,27
8631,25
8634,1
8634,16
8634,7
8636,24
8637,1
8637,21
8637,17
8638,1
8638,16
8638,7
8639,1
8640,25
8642,16
8642,27
8642,13
8643,1
8643,5
8644,1
8644,17
8645,16
8645,14
8645,12
8646,4
8646,8
8647,16
8647,4
8647,27
8648,16
8648,14
8649,16
8650,8
8650,27
8652,1
8653,1
8655,16
8656,26
8658,22
8664,22
8666,16
8667,25
8668,16
8669,23
8673,1
8673,5
8674,4
8674,15
8674,7
8674,2
8675,16
8675,8
8675,15
8675,2
8676,4
8676,15
8676,13
8676,3
8678,16
8680,1
8681,16
8682,1
8682,18
8683,5
8685,1
8686,16
8687,23
8690,1
8690,16
8690,7
8691,8
8691,15
8692,16
8695,16
8695,7
8697,16
8698,1
8698,16
8698,14
8699,1
8699,17
8700,16
8701,16
8701,5
8702,16
8704,4
8704,8
8704,5
8705,27
8705,10
8706,1
8706,6
8706,12
8710,16
8710,15
8710,13
8711,8
8711,15
8711,2
8713,27
8714,16
8715,16
8715,14
8716,16
8716,27
8717,27
8718,16
8719,16
8720,16
8720,14
8721,16
8721,27
8722,27
8723,27
8724,1
8724,16
8726,8
8726,23
8726,24
8727,4
8727,8
8727,27
8728,17
8729,22
8730,22
8731,16
8732,16
8733,4
8733,8
8733,2
8734,14
8735,26
8736,4
8736,8
8736,5
8737,16
8737,19
8738,16
8739,16
8740,16
8741,16
8743,17
8744,16
8745,16
8746,16
8747,16
8748,16
8751,16
8753,16
8755,1
8755,21
8757,1
8757,5
8758,1
8758,4
8759,1
8759,21
8759,9
8760,1
8760,5
8761,1
8761,5
8762,1
8762,14
8763,16
8765,1
8765,16
8765,14
8766,16
8767,1
8767,5
8768,16
8771,1
8771,21
8772,1
8772,9
8773,10
8774,26
8784,23
8785,4
8785,8
8785,15
8785,2
8786,23
8787,1
8787,13
8787,2
8789,16
8791,16
8792,1
8792,16
8792,11
8793,1
8793,7
8797,1
8797,5
8798,1
8798,2
8798,3
8800,1
8800,5
8800,3
8801,23
8803,21
8803,17
8804,16
8805,1
8805,16
8806,1
8807,4
8807,8
8807,15
8807,2
8808,16
8809,16
8810,16
8811,16
8811,4
8811,8
8811,15
8812,16
8813,16
8814,16
8817,1
8817,16
8817,9
8818,16
8819,16
8820,15
8820,6
8820,11
8821,26
8822,1
8823,8
8823,15
8823,13
8824,1
8824,18
8825,17
8827,4
8827,15
8827,27
8827,2
8839,22
8840,4
8840,8
8840,25
8842,1
8842,16
8843,1
8843,2
8844,1
8844,16
8845,1
8846,1
8846,4
8846,5
8847,1
8847,16
8848,1
8849,1
8849,5
8850,13
8850,3
8850,11
8851,1
8851,5
8852,4
8852,5
8853,20
8854,1
8854,20
8855,1
8856,4
8856,8
8857,16
8858,16
8858,10
8859,16
8860,10
8862,1
8862,16
8863,1
8863,4
8863,8
8864,1
8864,4
8864,8
8865,1
8865,16
8865,7
8868,4
8868,8
8868,11
8870,16
8870,2
8873,8
8873,2
8873,11
8876,24
8877,27
8878,27
8880,27
8881,1
8881,5
8881,11
8882,1
8882,5
8883,1
8885,1
8885,7
8886,16
8886,14
8886,13
8887,16
8887,8
8887,13
8888,27
8890,4
8890,8
8890,25
8891,8
8896,10
8897,1
8897,6
8898,1
8898,4
8898,2
8899,22
8900,22
8903,1
8903,7
8904,1
8904,5
8904,22
8905,16
8906,24
8907,1
8907,4
8907,21
8908,1
8908,17
8909,1
8909,5
8909,11
8911,16
8911,27
8912,1
8912,7
8913,1
8913,16
8913,27
8914,16
8914,27
8916,16
8916,27
8917,1
8917,15
8917,11
8918,4
8918,8
8918,15
8918,6
8919,24
8921,5
8921,7
8923,22
8925,22
8926,5
8929,1
8929,4
8929,8
8930,22
8935,17
8935,22
8937,22
8941,10
8944,10
8948,7
8951,1
8951,3
8951,11
8958,5
8960,1
8960,7
8961,27
8962,4
8962,8
8962,13
8964,16
8964,8
8964,27
8965,16
8965,27
8969,1
8969,3
8969,12
8972,4
8972,8
8972,2
8974,4
8974,8
8975,24
8976,16
8976,22
8977,27
8981,23
8983,22
8984,10
8984,24
8987,16
8988,25
8990,1
8990,21
8990,9
8996,5
8997,16
8997,6
8997,2
8999,1
8999,16
8999,7
9001,16
9002,7
9005,1
9005,9
9006,25
9006,24
9008,1
9008,27
9008,13
9011,1
9015,27
9015,13
9016,8
9018,1
9020,16
9021,1
9021,16
9022,8
9022,14
9023,1
9029,23
9031,16
9032,4
9032,8
9032,27
9033,1
9033,16
9033,14
9034,10
9035,1
9035,7
9036,16
9038,16
9040,1
9040,27
9041,16
9047,21
9049,23
9050,4
9050,15
9050,2
9051,16
9052,16
9058,16
9062,24
9062,17
9063,1
9078,23
9080,10
9081,23
9081,24
9083,23
9084,16
9084,23
9084,24
9085,23
9086,23
9089,4
9089,27
9092,27
9092,10
9095,1
9096,1
9097,17
9098,1
9101,7
9103,16
9104,1
9104,4
9104,15
9104,10
9105,5
9107,16
9107,14
9108,10
9109,22
9111,23
9115,16
9116,7
9117,16
9118,10
9121,16
9122,24
9123,17
9125,22
9126,16
9128,1
9128,7
9131,1
9135,17
9136,16
9137,1
9137,5
9139,16
9140,11
9141,1
9142,16
9142,2
9144,16
9145,16
9145,4
9145,2
9146,24
9147,1
9147,16
9147,27
9149,1
9149,21
9150,1
9150,21
9150,17
9152,1
9153,1
9154,4
9154,8
9154,15
9154,2
9155,1
9155,7
9155,12
9157,27
9159,1
9159,16
9159,8
9160,1
9161,1
9161,5
9162,1
9162,16
9162,7
9163,17
9170,1
9170,4
9172,14
9172,13
9172,2
9173,1
9173,16
9174,16
9177,17
9184,23
9188,27
9188,25
9189,5
9190,16
9190,7
9191,16
9193,16
9193,27
9193,6
9194,16
9194,27
9195,23
9196,1
9197,17
9199,16
9206,16
9207,10
9208,4
9208,8
9208,25
9209,4
9209,8
9209,25
9210,4
9210,8
9210,25
9211,4
9211,8
9211,25
9212,4
9212,8
9212,25
9213,8
9215,22
9216,4
9216,8
9216,25
9218,16
9218,27
9218,13
9220,14
9220,25
9221,14
9222,18
9223,16
9223,22
9224,24
9226,23
9227,5
9228,16
9229,1
9229,5
9231,22
9232,4
9232,15
9232,6
9232,17
9234,8
9234,2
9235,16
9235,8
9235,13
9236,1
9236,7
9238,4
9238,15
9238,17
9239,4
9239,15
9239,5
9239,9
9240,1
9240,5
9241,1
9241,5
9242,23
9243,16
9244,4
9244,8
9244,15
9244,2
9247,16
9248,16
9249,16
9249,10
9251,1
9251,27
9257,16
9257,4
9257,15
9258,27
9262,16
9262,27
9262,2
9263,1
9265,27
9266,10
9267,27
9268,5
9271,27
9273,1
9274,1
9274,17
9276,1
9276,5
9276,11
9281,22
9284,16
9284,2
9285,16
9290,27
9291,23
9293,4
9293,8
9293,15
9293,13
9294,4
9294,8
9294,15
9294,2
9295,4
9295,15
9295,13
9296,1
9296,2
9297,1
9297,14
9297,7
9298,21
9298,17
9299,16
9300,4
9300,15
9300,2
9301,1
9301,5
9301,11
9303,23
9303,10
9305,16
9307,16
9307,14
9309,1
9315,16
9315,7
9315,2
9316,5
9317,25
9317,17
9319,17
9322,5
9322,11
9323,1
9323,5
9325,10
9326,16
9327,1
9327,16
9327,7
9328,27
9328,14
9328,13
9329,1
9329,21
9329,17
9330,16
9330,14
9331,1
9331,7
9334,1
9334,17
9335,1
9335,8
9335,17
9338,10
9339,16
9339,8
9339,15
9339,13
9342,16
9344,16
9345,16
9346,14
9347,16
9347,14
9348,10
9349,16
9353,1
9353,4
9355,22
9358,27
9359,22
9360,22
9363,10
9364,10
9365,1
9365,5
9366,27
9367,22
9379,10
9382,10
9383,10
9388,17
9392,4
9392,15
9392,13
9393,16
9396,1
9396,16
9396,7
9398,16
9398,4
9398,8
9400,6
9400,3
9400,12
9401,27
9402,1
9402,27
9402,2
9403,16
9403,4
9403,15
9403,7
9405,16
9405,28
9406,4
9406,15
9408,4
9408,22
9409,1
9409,15
9409,13
9410,1
9410,21
9410,17
9411,16
9412,1
9412,5
9412,2
9413,16
9413,2
9416,17
9416,22
9417,16
9417,14
9420,1
9420,27
9422,23
9424,1
9424,17
9425,1
9425,4
9425,13
9426,1
9426,7
9426,18
9428,1
9428,14
9428,7
9433,11
9433,12
9434,13
9434,7
9434,17
9437,1
9437,7
9437,3
9438,1
9438,3
9439,1
9439,14
9439,7
9440,5
9440,3
9440,11
9441,1
9441,14
9443,1
9443,16
9443,7
9444,1
9444,16
9444,7
9445,1
9445,5
9445,14
9446,21
9446,17
9447,1
9448,1
9448,16
9448,22
9449,1
9449,4
9449,2
9450,10
9451,1
9451,16
9452,5
9453,1
9453,17
9456,21
9460,10
9463,10
9463,24
9466,10
9467,10
9468,10
9471,4
9471,22
9472,1
9472,20
9474,4
9474,8
9474,20
9475,1
9475,20
9476,4
9476,15
9476,2
9479,1
9480,1
9480,11
9481,16
9481,27
9483,10
9484,21
9485,21
9485,17
9486,27
9487,1
9489,1
9489,4
9489,8
9490,27
9491,1
9492,5
9496,1
9496,16
9497,1
9498,1
9498,18
9499,1
9499,7
9500,27
9501,27
9502,27
9507,23
9512,4
9512,8
9512,27
9513,1
9513,27
9513,2
9514,27
9515,21
9515,17
9516,1
9516,18
9518,1
9518,16
9518,7
9519,1
9520,1
9520,5
9521,1
9521,5
9521,3
9522,1
9523,1
9523,5
9524,1
9524,18
9525,1
9526,1
9526,18
9527,1
9527,16
9527,8
9530,22
9532,10
9534,16
9535,4
9535,8
9535,2
9537,27
9537,13
9540,16
9540,4
9540,15
9540,13
9541,1
9541,16
9541,27
9542,16
9544,21
9545,16
9545,4
9545,8
9546,27
9546,13
9546,6
9547,25
9550,27
9551,27
9552,8
9552,27
9553,25
9555,23
9559,1
9559,13
9559,2
9561,27
9562,1
9562,19
9563,23
9566,22
9567,22
9568,1
9569,1
9569,5
9570,27
9571,10
9572,14
9573,20
9575,16
9575,4
9575,5
9576,1
9578,5
9578,3
9579,16
9579,4
9579,5
9580,16
9581,16
9581,27
9582,16
9582,14
9585,12
9588,6
9588,11
9588,12
9590,5
9591,16
9593,27
9593,11
9593,12
9594,8
9594,15
9594,6
9594,2
9598,16
9599,16
9603,18
9606,27
9606,2
9607,23
9609,23
9611,14
9611,17
9613,4
9613,8
9613,27
9614,1
9614,16
9617,16
9623,16
9623,8
9624,16
9624,8
9624,2
9626,14
9626,7
9627,27
9628,16
9628,10
9629,16
9632,16
9632,10
9633,1
9633,16
9633,15
9633,7
9636,10
9639,1
9648,6
9648,11
9648,12
9650,16
9652,16
9653,8
9653,27
9655,10
9657,16
9664,1
9664,16
9664,14
9667,23
9668,1
9668,7
9669,4
9669,8
9669,2
9671,1
9677,23
9679,25
9682,25
9683,16
9684,4
9684,2
9691,1
9691,8
9691,15
9691,2
9693,1
9693,5
9695,1
9696,1
9696,16
9696,14
9698,16
9698,14
9698,6
9699,16
9699,14
9699,13
9700,16
9700,8
9700,27
9701,16
9701,8
9701,13
9702,4
9702,2
9702,3
9703,4
9703,8
9703,27
9704,16
9704,14
9706,1
9706,16
9708,4
9708,5
9709,8
9709,27
9710,16
9713,25
9714,1
9715,1
9715,24
9717,1
9717,11
9718,10
9721,1
9721,16
9721,7
9722,16
9722,27
9723,10
9724,1
9724,24
9728,16
9728,7
9733,16
9733,8
9737,16
9738,4
9738,15
9738,5
9738,11
9740,16
9740,4
9740,15
9741,1
9741,8
9741,7
9742,16
9744,23
9746,1
9746,16
9747,1
9747,15
9747,22
9748,23
9749,16
9750,23
9752,23
9753,11
9754,1
9754,27
9754,2
9755,7
9756,1
9758,23
9759,16
9760,22
9761,16
9761,14
9762,16
9762,24
9763,1
9763,5
9763,7
9765,25
9765,24
9765,17
9766,23
9767,5
9769,23
9770,16
9772,16
9772,28
9773,16
9774,1
9774,5
9777,25
9781,10
9782,16
9782,10
9783,22
9784,1
9785,27
9785,10
9786,23
9789,16
9789,24
9790,5
9791,5
9792,23
9793,23
9794,25
9796,1
9796,4
9798,16
9803,16
9803,27
9803,2
9804,1
9804,8
9805,16
9805,13
9806,16
9806,4
9806,2
9807,16
9807,5
9808,16
9808,5
9809,4
9810,1
9810,6
9810,12
9815,16
9816,1
9816,16
9817,16
9818,24
9819,1
9819,21
9821,16
9822,1
9822,6
9822,12
9823,1
9823,18
9826,1
9826,8
9826,17
9827,1
9827,16
9827,14
9829,27
9829,2
9830,16
9830,12
9831,1
9832,25
9835,1
9836,5
9837,23
9837,24
9838,12
9840,8
9840,24
9841,17
9842,23
9842,24
9843,23
9844,1
9844,25
9845,23
9846,23
9848,23
9850,23
9850,24
9851,8
9851,17
9852,23
9853,23
9854,23
9855,16
9856,23
9856,24
9860,23
9861,26
9862,16
9863,26
9864,23
9864,24
9866,23
9867,23
9868,23
9869,10
9870,25
9871,23
9872,24
9874,1
9874,16
9875,16
9875,27
9876,1
9876,27
9876,14
9878,16
9878,5
9879,16
9879,27
9880,1
9880,16
9881,16
9883,22
9884,22
9885,16
9885,27
9886,27
9887,16
9888,16
9889,1
9889,16
9890,27
9891,16
9892,1
9892,8
9892,18
9893,16
9894,16
9894,22
9895,16
9896,16
9897,16
9898,16
9899,1
9900,16
9900,15
9900,13
9901,1
9901,20
9902,8
9902,27
9902,2
9903,1
9904,1
9904,4
9904,8
9905,16
9906,1
9906,16
9906,7
9907,16
9908,16
9910,14
9910,10
9912,10
9913,4
9913,8
9913,2
9914,4
9914,8
9914,2
9915,16
9915,27
9916,1
9916,7
9917,16
9918,4
9918,8
9919,14
9919,13
9920,16
9920,8
9920,27
9921,1
9921,7
9922,27
9926,22
9927,16
9927,8
9927,15
9929,1
9930,1
9932,4
9932,8
9932,2
9933,14
9934,1
9934,27
9935,1
9935,16
9935,7
9936,1
9937,1
9937,16
9938,27
9938,13
9939,16
9940,4
9940,8
9940,27
9941,22
9943,4
9950,16
9950,4
9972,22
9973,22
9975,1
9975,5
9976,16
9976,14
9976,13
9977,8
9977,2
9979,1
9979,4
9979,20
9983,16
9983,8
9983,27
9988,16
9989,10
9990,17
9992,1
9992,5
9993,1
9993,5
9994,1
9995,10
9997,10
9998,10
9999,10
10000,25
10001,25
10002,1
10002,2
10003,1
10003,13
10004,16
10005,16
10006,16
10006,8
10006,27
10007,4
10007,8
10007,27
10009,16
10011,7
10012,1
10012,5
10017,1
10017,2
10017,21
10018,1
10018,4
10018,5
10020,1
10027,14
10027,10
10029,1
10029,4
10029,5
10030,18
10031,16
10032,16
10034,23
10035,16
10038,8
10038,27
10038,13
10043,22
10046,22
10047,16
10048,16
10049,10
10050,4
10050,8
10050,27
10051,16
10052,16
10053,16
10054,16
10055,1
10055,7
10057,1
10057,7
10058,1
10058,5
10059,5
10060,16
10060,8
10061,5
10064,22
10066,1
10066,5
10066,11
10067,25
10068,4
10068,8
10071,23
10071,24
10072,1
10072,4
10072,8
10073,10
10076,4
10076,15
10076,21
10076,17
10077,8
10077,15
10077,2
10079,1
10083,17
10084,23
10084,17
10085,24
10088,16
10089,16
10094,22
10098,22
10099,1
10099,3
10102,1
10102,16
10104,8
10104,27
10106,16
10106,4
10106,15
10106,13
10108,1
10108,4
10108,5
10112,27
10112,14
10113,16
10114,22
10117,7
10118,16
10118,27
10118,14
10121,22
10122,8
10122,25
10122,22
10123,27
10123,13
10124,16
10126,22
10127,4
10128,4
10128,8
10128,22
10129,4
10129,8
10129,25
10131,16
10136,23
10138,27
10138,17
10141,24
10141,17
10142,1
10142,3
10142,9
10146,25
10153,16
10156,24
10157,8
10157,24
10160,5
10162,16
10169,27
10171,1
10171,2
10172,1
10172,16
10172,19
10174,1
10174,13
10175,16
10175,5
10176,1
10176,5
10197,1
10197,6
10197,12
10199,1
10199,5
10201,1
10202,16
10209,10
10213,4
10213,15
10213,2
10214,16
10215,27
10215,13
10219,26
10220,26
10221,23
10222,26
10224,7
10228,1
10228,7
10228,18
10229,23
10230,26
10232,26
10233,26
10234,26
10235,26
10236,16
10236,15
10236,13
10236,7
10237,1
10237,14
10238,6
10238,3
10238,12
10239,1
10239,5
10240,1
10240,4
10240,5
10241,1
10241,5
10244,8
10244,24
10245,23
10247,16
10253,10
10257,24
10261,24
10263,26
10264,26
10266,10
10268,22
10269,22
10275,22
10276,1
10276,18
10278,16
10278,23
10280,12
10281,16
10285,16
10286,5
10286,11
10290,4
10290,8
10290,2
10291,1
10291,15
10292,16
10292,4
10292,15
10292,22
10299,10
10300,1
10300,16
10300,14
10301,16
10301,10
10302,1
10302,4
10302,8
10304,16
10304,15
10304,13
10305,1
10305,15
10305,7
10306,4
10306,8
10306,27
10307,1
10307,27
10307,2
10308,1
10308,16
10308,7
10312,16
10313,1
10313,4
10313,5
10314,1
10314,5
10315,16
10316,1
10317,1
10317,21
10323,18
10327,27
10332,26
10336,24
10338,17
10339,18
10340,10
10343,27
10344,16
10346,7
10352,16
10352,4
10352,2
10356,27
10358,16
10358,15
10358,13
10358,7
10359,1
10359,16
10360,1
10360,16
10360,15
10360,13
10361,1
10361,16
10361,15
10361,7
10362,1
10362,16
10362,15
10362,7
10363,5
10363,3
10363,11
10364,1
10364,16
10365,16
10366,1
10366,4
10366,15
10366,2
10367,1
10368,1
10368,15
10368,11
10370,4
10370,8
10370,15
10370,13
10372,25
10379,10
10382,10
10383,10
10384,23
10385,10
10386,1
10401,16
10407,22
10408,1
10408,4
10408,22
10411,16
10412,16
10412,14
10412,13
10413,1
10413,16
10415,1
10416,8
10416,27
10416,13
10419,1
10419,3
10420,4
10420,8
10420,2
10421,16
10422,1
10423,8
10423,2
10426,1
10426,21
10426,17
10427,1
10427,16
10427,7
10428,16
10429,1
10429,16
10430,1
10430,19
10441,16
10441,27
10441,14
10445,1
10445,10
10446,1
10447,1
10448,25
10449,1
10451,1
10451,16
10452,2
10452,11
10453,16
10453,14
10455,16
10457,1
10457,11
10457,17
10458,16
10459,1
10459,5
10460,1
10460,4
10460,8
10461,21
10463,1
10463,3
10463,11
10466,17
10467,4
10467,8
10467,11
10468,1
10468,21
10468,17
10470,1
10470,5
10471,1
10472,4
10472,5
10472,11
10473,16
10474,16
10475,22
10479,1
10479,8
10479,18
10482,1
10483,16
10484,1
10487,23
10488,23
10489,1
10489,4
10489,8
10489,15
10490,16
10491,1
10491,8
10491,13
10493,8
10493,24
10494,1
10494,16
10500,22
10501,8
10501,15
10502,8
10502,15
10502,7
10502,11
10503,8
10503,15
10503,13
10503,7
10505,1
10506,16
10506,15
10506,13
10506,7
10507,23
10508,23
10509,23
10510,23
10511,8
10511,27
10513,1
10513,11
10514,1
10514,5
10514,3
10515,16
10517,4
10517,8
10517,3
10518,25
10519,25
10521,4
10521,8
10521,13
10523,16
10523,15
10524,1
10524,15
10524,6
10524,11
10525,15
10525,6
10525,11
10526,1
10527,1
10527,21
10531,24
10531,17
10532,4
10532,15
10532,2
10532,11
10533,10
10534,10
10536,10
10537,10
10538,25
10538,24
10542,1
10543,16
10544,16
10545,16
10546,1
10547,16
10549,1
10549,16
10549,7
10550,10
10554,10
10555,16
10557,16
10558,11
10574,4
10574,8
10574,15
10575,16
10575,14
10576,27
10579,8
10579,17
10582,1
10582,4
10582,15
10585,8
10585,27
10586,27
10587,14
10587,13
10587,10
10588,16
10588,8
10588,27
10595,1
10595,16
10595,5
10601,10
10602,10
10605,16
10606,16
10606,10
10610,4
10610,8
10610,15
10610,2
10613,5
10615,16
10615,15
10615,5
10615,11
10617,7
10624,1
10624,16
10628,1
10629,4
10629,15
10629,2
10629,21
10630,16
10630,14
10630,12
10632,4
10632,8
10632,2
10634,16
10636,23
10648,1
10648,5
10648,17
10650,4
10650,8
10650,15
10651,1
10653,16
10655,16
10656,1
10656,5
10656,2
10657,8
10657,2
10660,10
10661,2
10662,16
10663,17
10664,16
10664,24
10665,25
10665,24
10666,16
10667,1
10667,16
10671,27
10673,16
10673,14
10677,10
10679,1
10679,17
10680,1
10680,15
10680,7
10680,2
10681,16
10681,4
10681,15
10681,2
10682,16
10682,15
10682,2
10682,21
10683,16
10683,15
10683,7
10684,1
10684,13
10685,16
10685,4
10685,27
10686,1
10686,15
10686,7
10688,16
10692,1
10692,5
10693,1
10694,1
10694,16
10694,5
10704,27
10705,16
10706,1
10707,4
10707,15
10707,21
10708,16
10708,15
10709,16
10709,8
10709,15
10709,2
10710,4
10710,8
10710,15
10710,2
10711,1
10711,15
10711,2
10712,4
10712,15
10712,2
10713,4
10713,8
10713,15
10713,13
10714,16
10714,4
10714,8
10714,15
10715,1
10715,7
10718,1
10718,8
10719,4
10719,8
10719,27
10722,1
10723,16
10723,15
10724,4
10724,8
10725,8
10725,15
10725,13
10726,15
10726,5
10726,2
10728,1
10728,15
10728,11
10729,4
10729,8
10733,1
10733,8
10734,8
10737,1
10738,1
10738,15
10738,7
10739,16
10739,15
10739,13
10740,16
10740,15
10741,4
10741,8
10741,15
10741,2
10742,4
10742,15
10742,13
10742,2
10743,1
10743,4
10743,5
10744,16
10744,15
10744,7
10745,16
10745,8
10745,15
10745,7
10746,26
10747,1
10747,16
10748,1
10748,16
10748,21
10749,1
10749,21
10749,17
10750,1
10750,4
10750,8
10751,1
10752,1
10752,4
10752,8
10753,26
10754,1
10757,16
10758,16
10759,1
10759,15
10759,21
10760,16
10760,15
10761,16
10761,15
10762,8
10762,15
10762,13
10762,6
10763,1
10763,8
10763,15
10763,13
10764,16
10764,15
10764,10
10765,4
10765,8
10765,15
10765,2
10767,16
10767,4
10767,8
10767,15
10769,15
10769,13
10769,11
10770,1
10770,15
10771,16
10771,4
10771,15
10771,13
10772,16
10772,15
10772,13
10773,15
10773,13
10773,3
10773,11
10774,16
10774,15
10775,1
10775,4
10775,15
10775,2
10776,4
10776,15
10776,2
10777,8
10777,15
10777,2
10778,16
10778,15
10778,7
10779,7
10780,1
10780,5
10780,7
10782,27
10782,10
10784,4
10784,5
10784,11
10785,17
10786,15
10786,13
10787,15
10787,13
10789,1
10789,15
10789,13
10790,16
10790,10
10791,5
10791,3
10792,1
10794,1
10794,18
10795,1
10795,4
10795,8
10795,15
10797,25
10797,18
10799,1
10800,4
10800,25
10801,1
10801,16
10802,16
10803,7
10804,4
10804,8
10804,27
10805,8
10805,23
10805,24
10808,16
10808,27
10809,4
10809,15
10809,13
10811,27
10812,1
10812,3
10812,11
10813,1
10813,5
10813,19
10814,23
10814,24
10819,27
10819,17
10820,1
10820,16
10820,11
10822,1
10822,5
10822,3
10824,4
10824,8
10824,13
10826,1
10827,4
10827,13
10827,2
10829,22
10830,1
10830,15
10830,2
10830,11
10831,1
10831,6
10831,7
10832,1
10832,16
10832,7
10844,4
10844,8
10844,15
10844,2
10848,4
10848,8
10848,2
10856,27
10857,16
10858,16
10859,16
10859,11
10860,16
10861,16
10865,1
10865,7
10866,1
10866,5
10866,3
10867,23
10868,1
10868,16
10868,7
10869,27
10870,1
10870,5
10870,3
10871,1
10871,18
10872,1
10872,7
10872,17
10873,4
10873,8
10873,15
10873,2
10874,1
10874,15
10874,2
10875,1
10875,5
10876,1
10876,5
10876,7
10877,1
10877,7
10878,1
10878,5
10878,25
10879,4
10879,15
10879,2
10879,21
10881,16
10882,16
10884,16
10885,16
10885,15
10885,7
10886,1
10886,5
10887,1
10887,16
10888,1
10888,16
10889,16
10892,27
10892,14
10893,16
10893,4
10893,15
10900,25
10911,1
10911,16
10911,7
10914,16
10914,27
10915,16
10915,13
10915,28
10919,1
10919,16
10920,16
10920,15
10920,13
10922,1
10922,5
10923,16
10923,7
10924,1
10926,16
10927,17
10928,1
10929,16
10930,1
10930,5
10931,16
10932,1
10932,16
10933,1
10933,5
10934,1
10934,21
10934,17
10935,1
10936,1
10937,1
10937,16
10937,7
10938,10
10940,1
10940,17
10941,1
10941,5
10941,14
10942,1
10942,7
10942,22
10944,25
10946,1
10946,16
10946,7
10947,10
10948,16
10949,1
10949,7
10949,12
10950,16
10950,27
10951,16
10952,1
10952,2
10956,4
10956,8
10956,15
10956,13
10959,5
10959,18
10963,24
10967,16
10967,14
10970,4
10970,22
10971,16
10972,1
10972,4
10972,8
10973,1
10973,16
10974,1
10974,7
10977,26
10978,16
10979,16
10980,1
10980,16
10981,1
10982,4
10982,15
10982,17
10984,16
10984,27
10984,10
10985,16
10986,1
10986,16
10986,13
10987,1
10987,27
10987,14
10988,27
10989,1
10989,18
10990,1
10991,1
10991,16
10991,6
10992,1
10992,16
10993,16
10994,16
10995,1
10995,6
10995,3
10996,1
10996,16
10996,8
10997,2
10999,1
10999,5
11000,24
11001,1
11001,5
11001,3
11002,14
11002,2
11003,1
11003,17
11004,16
11004,10
11005,16
11005,10
11007,24
11009,16
11010,4
11010,8
11010,25
11018,16
11019,1
11020,10
11024,16
11025,16
11026,16
11027,16
11028,16
11028,24
11029,1
11029,7
11029,19
11030,23
11030,24
11031,16
11032,4
11032,8
11033,16
11034,27
11035,16
11036,16
11038,16
11038,8
11038,27
11040,16
11040,13
11041,16
11042,16
11043,16
11044,23
11044,24
11045,23
11045,24
11046,23
11047,23
11048,23
11048,24
11049,23
11049,24
11050,24
11050,26
11051,23
11052,10
11053,16
11054,2
11054,17
11059,1
11059,5
11061,1
11061,16
11061,7
11062,16
11062,8
11062,27
11063,16
11064,16
11065,16
11066,1
11067,1
11068,16
11069,1
11069,16
11070,1
11070,3
11071,16
11072,16
11073,1
11073,5
11074,1
11074,5
11074,3
11075,25
11076,1
11077,16
11078,16
11079,16
11080,10
11082,4
11082,15
11082,2
11083,16
11084,16
11085,1
11085,7
11087,1
11087,5
11087,3
11090,1
11090,16
11091,1
11091,16
11092,16
11093,1
11093,16
11094,16
11097,26
11106,1
11106,18
11106,17
11108,4
11108,8
11108,2
11110,16
11110,4
11110,8
11113,16
11114,16
11115,25
11116,23
11116,14
11117,16
11118,16
11122,16
11124,25
11128,7
11129,1
11130,25
11131,16
11132,1
11132,14
11132,10
11133,25
11133,18
11134,1
11134,7
11135,8
11137,16
11138,17
11139,8
11139,25
11143,10
11147,10
11149,25
11150,10
11151,10
11162,16
11162,14
11164,1
11164,16
11165,1
11165,16
11165,27
11166,1
11166,16
11169,10
11170,16
11171,14
11171,18
11172,1
11172,5
11173,14
11173,10
11174,1
11175,16
11176,1
11176,7
11176,17
11177,1
11177,3
11180,1
11180,7
11180,17
11181,1
11181,15
11181,7
11182,16
11182,4
11182,15
11182,6
11187,1
11189,12
11191,10
11193,23
11193,24
11194,23
11194,24
11195,7
11196,1
11196,4
11198,5
11200,16
11200,15
11201,1
11201,5
11202,1
11202,4
11202,5
11204,4
11204,15
11204,2
11204,21
11205,4
11205,5
11205,11
11206,25
11207,1
11207,14
11207,7
11208,1
11208,2
11208,3
11209,4
11209,8
11210,1
11210,16
11210,7
11212,25
11215,16
11215,7
11216,1
11216,16
11216,7
11217,1
11217,4
11217,8
11219,1
11219,4
11219,8
11220,1
11222,16
11222,4
11223,1
11223,5
11224,16
11224,15
11225,4
11225,8
11227,4
11227,8
11228,1
11228,16
11228,5
11229,4
11229,8
11229,15
11229,13
11230,6
11230,3
11233,17
11234,1
11234,5
11235,8
11236,1
11236,5
11236,11
11238,1
11238,4
11238,17
11239,1
11239,4
11239,17
11245,1
11245,4
11245,5
11250,1
11251,1
11253,27
11254,27
11254,14
11254,24
11255,22
11256,16
11258,22
11259,1
11259,4
11259,8
11261,16
11262,3
11262,11
11263,1
11263,16
11263,7
11264,16
11264,15
11264,13
11266,1
11266,7
11266,3
11267,1
11267,15
11267,7
11268,1
11268,5
11268,7
11270,1
11271,1
11271,7
11276,27
11276,10
11279,16
11279,27
11280,16
11281,16
11282,27
11283,1
11283,7
11284,5
11285,16
11285,4
11285,15
11285,6
11286,1
11286,7
11287,4
11287,3
11287,17
11288,16
11290,16
11290,4
11290,15
11290,3
11291,4
11291,15
11291,22
11293,16
11293,27
11294,16
11294,7
11296,8
11296,27
11296,13
11302,1
11302,16
11303,16
11305,23
11305,11
11306,16
11307,1
11307,3
11307,18
11309,1
11309,13
11309,7
11310,22
11311,1
11311,4
11311,21
11312,1
11312,8
11312,17
11313,1
11313,7
11313,18
11314,16
11314,15
11314,13
11316,16
11317,27
11320,10
11321,1
11323,1
11323,7
11324,16
11324,7
11325,1
11325,7
11329,4
11329,8
11329,20
11330,8
11330,2
11330,3
11331,1
11331,16
11331,7
11333,16
11333,14
11334,16
11335,1
11335,16
11335,14
11339,22
11340,22
11341,16
11342,1
11343,1
11344,16
11345,16
11346,1
11347,10
11348,22
11349,8
11349,14
11349,13
11351,1
11351,8
11352,1
11352,16
11353,1
11353,5
11354,1
11354,14
11354,7
11355,16
11355,8
11355,27
11356,16
11356,14
11357,1
11358,1
11358,7
11358,11
11360,1
11360,7
11362,16
11362,13
11362,28
11363,7
11365,1
11365,5
11365,11
11366,1
11366,5
11366,11
11367,1
11370,15
11370,13
11372,27
11373,8
11373,27
11373,14
11374,1
11374,13
11374,2
11375,16
11375,27
11376,27
11377,1
11377,4
11377,7
11378,1
11378,4
11378,7
11379,27
11383,17
11384,25
11386,10
11389,22
11390,22
11392,22
11393,22
11395,22
11397,5
11400,1
11400,16
11401,1
11401,4
11401,20
11402,1
11403,1
11403,5
11404,16
11405,16
11405,2
11405,11
11406,17
11407,16
11407,8
11407,15
11407,2
11409,22
11411,27
11412,1
11412,5
11412,11
11413,16
11414,22
11415,22
11416,1
11416,8
11416,25
11417,5
11420,22
11421,1
11421,5
11421,11
11422,16
11432,16
11433,1
11433,5
11433,19
11434,16
11439,16
11440,17
11441,8
11441,24
11442,16
11442,27
11443,8
11443,25
11443,24
11444,25
11445,25
11446,16
11453,18
11457,24
11459,1
11460,1
11460,5
11461,1
11461,5
11462,17
11463,13
11463,17
11464,4
11464,27
11464,2
11465,1
11465,7
11467,2
11469,16
11469,27
11470,1
11470,4
11470,7
11471,1
11471,27
11471,2
11472,16
11473,1
11474,16
11474,7
11475,1
11475,21
11475,17
11476,22
11477,1
11479,1
11479,13
11479,2
11481,25
11482,1
11482,16
11482,14
11483,8
11483,11
11483,25
11484,22
11488,27
11492,17
11493,21
11494,1
11494,16
11496,24
11498,16
11499,16
11500,16
11501,1
11501,11
11502,10
11506,1
11506,4
11506,11
11507,8
11507,25
11508,1
11508,5
11509,16
11509,7
11510,16
11511,1
11511,20
11512,1
11512,4
11512,7
11513,1
11513,4
11513,7
11514,1
11514,4
11515,1
11516,1
11516,18
11517,1
11517,16
11517,7
11518,1
11518,4
11518,5
11519,24
11523,1
11523,5
11526,22
11529,23
11531,16
11532,16
11533,16
11534,1
11534,11
11534,24
11535,16
11536,18
11536,17
11537,1
11537,5
11537,3
11538,1
11538,16
11538,5
11539,16
11540,1
11540,21
11541,1
11541,21
11541,17
11542,1
11542,21
11543,1
11543,21
11544,1
11544,21
11544,17
11546,16
11547,16
11548,1
11548,16
11549,16
11549,14
11550,16
11550,14
11551,16
11553,16
11553,14
11555,1
11555,14
11556,1
11556,13
11556,7
11557,16
11557,7
11557,22
11560,4
11560,21
11561,1
11561,17
11568,16
11568,7
11569,5
11570,16
11572,5
11574,1
11574,6
11574,2
11575,1
11575,5
11577,1
11577,5
11577,7
11580,10
11580,24
11581,16
11583,1
11583,2
11585,23
11586,23
11587,23
11588,16
11590,1
11590,7
11591,1
11591,7
11593,16
11594,1
11595,4
11595,5
11598,1
11599,8
11599,27
11600,1
11600,2
11616,14
11616,10
11635,1
11635,3
11636,16
11640,1
11640,16
11640,14
11641,16
11642,16
11643,1
11643,27
11643,14
11644,16
11645,1
11645,5
11647,1
11647,2
11647,11
11649,1
11650,16
11650,7
11651,1
11653,1
11654,1
11654,7
11655,16
11656,16
11657,23
11659,1
11659,16
11661,16
11661,13
11662,1
11662,4
11662,5
11663,1
11665,16
11669,1
11669,2
11673,21
11673,11
11673,9
11674,1
11674,16
11675,4
11675,8
11675,27
11678,1
11678,16
11678,7
11679,1
11679,4
11679,5
11684,1
11684,16
11684,15
11684,7
11685,25
11686,1
11686,5
11686,11
11687,22
11689,23
11690,11
11690,17
11691,23
11692,8
11692,25
11692,24
11693,16
11693,27
11693,13
11696,16
11697,1
11698,1
11703,16
11704,1
11705,1
11706,16
11707,11
11714,22
11716,4
11716,8
11716,25
11720,4
11720,8
11720,25
11730,1
11732,1
11732,16
11732,10
11733,1
11733,17
11734,16
11735,1
11735,3
11737,1
11739,1
11740,16
11740,15
11740,7
11745,1
11745,18
11747,1
11747,16
11749,1
11750,1
11751,1
11752,8
11752,14
11753,1
11754,1
11759,1
11759,5
11760,1
11761,16
11762,23
11763,16
11764,1
11765,16
11766,1
11766,18
11767,1
11767,5
11768,1
11768,4
11768,8
11769,20
11770,4
11770,8
11770,2
11771,1
11771,16
11771,11
11772,1
11773,1
11774,16
11775,1
11776,16
11776,18
11777,16
11784,23
11786,1
11786,4
11786,3
11787,1
11787,16
11787,7
11797,25
11800,1
11800,7
11804,1
11804,7
11805,16
11805,24
11806,16
11806,7
11806,11
11807,1
11807,5
11807,11
11811,16
11812,8
11812,25
11812,24
11813,4
11813,8
11815,16
11816,16
11818,27
11819,1
11819,3
11821,16
11822,1
11823,1
11823,3
11823,11
11824,1
11824,3
11824,11
11825,1
11825,3
11827,1
11827,3
11828,16
11828,10
11829,1
11829,3
11832,10
11833,13
11833,6
11834,4
11834,21
11834,17
11836,22
11839,23
11840,23
11841,1
11841,4
11841,8
11841,15
11842,4
11842,8
11845,1
11845,17
11847,1
11847,5
11847,3
11848,1
11852,1
11854,1
11854,4
11855,23
11856,27
11857,1
11857,5
11858,10
11858,24
11861,1
11861,5
11861,11
11862,1
11862,15
11862,13
11862,11
11864,1
11864,16
11864,13
11865,5
11879,22
11881,22
11883,4
11883,8
11883,22
11885,1
11885,5
11887,23
11888,26
11889,17
11894,25
11894,24
11896,4
11897,15
11897,2
11897,3
11897,11
11899,4
11899,8
11899,13
11901,1
11901,22
11902,1
11903,16
11904,1
11904,27
11910,1
11911,1
11914,1
11914,20
11915,1
11917,1
11917,10
11917,7
11918,4
11918,8
11918,27
11919,1
11919,5
11919,17
11920,27
11921,4
11921,8
11921,2
11922,16
11923,1
11923,7
11924,1
11924,7
11925,1
11926,1
11926,16
11926,7
11927,1
11927,16
11927,7
11928,1
11928,16
11928,7
11929,16
11929,13
11929,7
11930,1
11930,16
11930,7
11931,1
11931,16
11931,12
11932,16
11933,1
11934,16
11935,1
11935,16
11936,14
11937,1
11937,16
11938,16
11939,1
11940,1
11940,16
11940,6
11943,23
11944,1
11944,11
11944,12
11946,16
11946,27
11946,13
11951,16
11951,27
11951,2
11952,23
11952,24
11954,4
11954,8
11956,1
11956,2
11958,4
11958,13
11958,2
11959,13
11961,8
11961,23
11962,23
11963,16
11964,27
11965,25
11965,18
11967,5
11970,10
11971,10
11972,10
11973,10
11974,10
11975,10
11976,10
11977,10
11978,10
11979,10
11980,10
11981,10
11982,10
11983,10
11984,10
11985,10
11986,10
11987,10
11988,10
11989,10
11990,10
11991,25
11992,1
11992,5
11992,3
11993,24
11998,1
11998,16
11999,1
11999,4
11999,7
12000,1
12000,16
12000,7
12002,1
12003,1
12003,5
12003,3
12004,10
12005,27
12005,13
12007,1
12008,16
12014,26
12015,11
12015,17
12019,1
12019,7
12021,12
12022,12
12023,16
12029,1
12029,5
12033,16
12033,2
12034,25
12036,1
12036,5
12036,2
12039,1
12039,6
12039,3
12040,16
12040,4
12040,5
12041,7
12042,1
12042,5
12043,16
12043,5
12045,16
12046,1
12046,7
12047,1
12047,4
12047,5
12048,21
12048,17
12049,1
12049,14
12053,16
12053,28
12055,23
12056,22
12057,17
12059,4
12059,3
12059,21
12060,16
12061,16
12061,4
12061,8
12062,27
12063,27
12069,16
12070,27
12070,10
12071,27
12072,23
12072,25
12072,24
12073,27
12074,16
12074,27
12078,27
12081,26
12082,1
12082,27
12082,22
12083,14
12084,27
12085,27
12086,27
12087,22
12089,22
12094,10
12095,1
12095,21
12096,1
12096,16
12096,13
12097,27
12098,1
12098,5
12099,8
12100,1
12100,16
12100,7
12101,1
12101,7
12101,11
12102,3
12103,10
12104,1
12104,16
12104,4
12105,1
12105,11
12106,27
12107,27
12108,16
12108,27
12111,1
12111,11
12111,12
12112,1
12112,18
12114,16
12114,23
12119,27
12120,1
12120,7
12122,1
12122,16
12123,27
12124,1
12124,5
12124,11
12125,4
12125,8
12126,10
12128,13
12131,1
12131,13
12131,2
12132,10
12134,25
12135,26
12141,16
12142,16
12143,16
12144,1
12147,16
12147,4
12147,5
12148,8
12148,25
12148,24
12149,16
12149,4
12149,2
12150,5
12151,25
12152,25
12153,25
12154,25
12155,12
12156,10
12156,17
12157,1
12157,15
12157,7
12158,1
12158,16
12159,28
12161,16
12162,1
12162,16
12163,2
12163,11
12164,6
12164,11
12164,18
12165,1
12165,5
12166,16
12166,14
12170,4
12170,8
12170,15
12170,13
12173,8
12173,2
12174,16
12174,8
12174,2
12175,1
12175,7
12176,16
12179,1
12179,6
12179,12
12182,2
12184,4
12184,8
12185,16
12186,1
12186,7
12186,11
12187,10
12188,16
12189,1
12189,5
12190,27
12190,14
12191,1
12191,13
12191,6
12192,2
12192,24
12193,6
12193,12
12194,27
12196,16
12196,8
12198,16
12198,5
12198,11
12199,4
12199,15
12199,13
12200,16
12200,14
12203,16
12211,4
12211,8
12211,27
12212,4
12212,8
12213,1
12213,7
12214,16
12214,22
12215,1
12215,4
12215,5
12216,10
12217,16
12217,27
12218,1
12218,5
12218,12
12219,4
12219,27
12219,2
12220,8
12220,27
12220,13
12221,16
12221,8
12221,13
12222,10
12222,17
12224,4
12224,8
12225,4
12225,8
12225,25
12227,4
12227,8
12227,2
12229,1
12229,16
12230,1
12231,17
12232,12
12234,4
12234,8
12234,2
12236,16
12238,23
12238,7
12239,26
12240,22
12241,4
12241,2
12241,3
12242,17
12243,25
12244,24
12245,24
12248,27
12248,6
12248,11
12249,1
12250,16
12250,27
12250,13
12253,27
12255,1
12256,1
12256,7
12257,1
12257,13
12257,7
12262,1
12263,1
12263,7
12265,27
12265,2
12267,1
12267,5
12268,4
12268,8
12268,15
12268,13
12269,1
12270,1
12270,7
12272,1
12272,7
12273,1
12273,7
12274,1
12274,7
12275,1
12275,7
12277,1
12278,1
12279,1
12279,8
12279,7
12281,1
12282,1
12286,1
12287,1
12287,7
12288,11
12288,12
12289,1
12289,13
12289,3
12290,4
12290,6
12290,2
12291,1
12291,16
12291,6
12292,1
12292,6
12293,12
12294,16
12295,6
12295,11
12295,17
12296,16
12297,16
12298,16
12299,16
12300,16
12301,16
12302,1
12303,16
12303,7
12306,1
12307,1
12308,1
12308,15
12308,13
12308,7
12309,1
12309,16
12309,15
12310,1
12310,15
12310,12
12311,6
12311,11
12312,1
12312,4
12312,8
12315,1
12316,5
12316,12
12317,11
12317,12
12318,12
12319,10
12321,1
12321,7
12322,4
12322,8
12322,2
12323,1
12323,5
12323,3
12324,1
12324,7
12326,1
12326,7
12326,17
12327,1
12327,5
12327,11
12328,5
12328,3
12328,11
12330,16
12331,1
12331,16
12333,16
12334,1
12334,7
12336,1
12336,4
12336,5
12341,1
12341,7
12342,16
12344,16
12344,15
12345,1
12345,4
12345,6
12346,16
12346,4
12346,8
12347,1
12348,1
12348,15
12348,17
12350,8
12350,14
12350,25
12351,24
12352,25
12353,5
12353,3
12353,11
12354,5
12355,1
12355,7
12355,17
12356,1
12356,21
12357,1
12357,5
12357,17
12359,27
12360,1
12360,3
12361,5
12367,22
12368,27
12368,10
12370,17
12371,8
12371,17
12373,4
12373,8
12374,1
12374,5
12376,16
12376,14
12377,24
12378,16
12379,16
12379,4
12379,7
12381,1
12381,8
12381,13
12382,1
12382,16
12382,7
12388,16
12388,14
12390,1
12390,16
12390,5
12391,1
12391,5
12391,13
12392,1
12392,16
12392,7
12393,1
12393,7
12394,1
12394,4
12394,7
12395,1
12395,16
12395,7
12396,1
12396,23
12396,7
12397,1
12397,7
12398,10
12400,25
12401,1
12401,13
12401,7
12402,16
12402,8
12402,2
12403,1
12403,5
12403,2
12406,16
12408,1
12408,16
12409,1
12409,3
12410,16
12410,4
12410,8
12412,1
12412,16
12412,7
12413,1
12413,5
12413,3
12414,1
12414,18
12415,1
12415,5
12415,7
12416,1
12416,21
12416,17
12417,4
12417,14
12418,11
12419,1
12419,5
12419,3
12420,1
12420,7
12421,1
12421,7
12421,17
12422,16
12422,8
12422,27
12423,1
12423,7
12424,25
12425,1
12425,10
12425,7
12426,1
12426,8
12426,25
12427,25
12428,8
12428,25
12428,24
12431,1
12431,16
12431,7
12432,1
12432,7
12432,18
12433,1
12433,2
12433,3
12434,16
12434,14
12435,1
12435,16
12435,7
12436,1
12436,5
12436,7
12437,1
12437,13
12437,7
12438,1
12438,5
12439,4
12439,8
12439,27
12440,16
12440,27
12441,8
12441,27
12442,16
12442,8
12442,2
12443,27
12443,13
12443,10
12444,16
12444,2
12445,16
12445,27
12446,27
12447,27
12448,27
12449,16
12449,27
12450,16
12450,4
12452,25
12453,27
12454,27
12455,27
12456,16
12456,8
12456,27
12457,16
12457,14
12458,10
12459,27
12460,27
12461,1
12461,8
12461,14
12462,1
12462,5
12463,1
12463,5
12465,1
12465,2
12466,1
12466,7
12467,8
12467,24
12469,16
12469,14
12470,27
12471,23
12472,1
12472,16
12473,1
12474,1
12475,27
12476,1
12476,16
12476,5
12477,16
12477,27
12478,1
12478,21
12478,17
12479,1
12479,7
12479,3
12481,16
12482,1
12482,7
12483,16
12484,16
12486,16
12487,5
12490,25
12492,16
12492,27
12492,14
12493,1
12493,17
12494,10
12495,16
12496,1
12496,16
12496,14
12497,1
12498,1
12499,1
12499,14
12499,7
12500,1
12502,25
12503,24
12504,23
12507,4
12507,8
12507,27
12508,27
12509,26
12510,16
12510,8
12510,27
12512,16
12514,16
12516,1
12516,7
12519,26
12522,4
12522,8
12522,2
12523,1
12523,16
12525,27
12526,1
12526,16
12526,11
12527,1
12527,13
12527,7
12528,1
12528,14
12528,7
12529,22
12531,16
12531,7
12531,17
12532,1
12532,7
12532,17
12533,1
12533,7
12535,1
12535,15
12541,24
12541,17
12542,1
12542,17
12543,1
12543,4
12543,7
12544,7
12544,18
12544,17
12546,1
12547,16
12547,8
12547,15
12548,4
12548,15
12548,2
12549,4
12549,8
12550,17
12551,16
12552,14
12552,2
12553,14
12553,2
12554,4
12554,2
12556,16
12556,15
12556,7
12557,15
12557,13
12557,3
12557,11
12558,4
12558,15
12558,5
12558,6
12559,4
12559,15
12559,13
12559,17
12560,1
12560,5
12560,3
12561,1
12561,7
12562,16
12562,4
12562,8
12563,4
12563,8
12563,15
12563,6
12565,4
12565,15
12565,13
12567,16
12568,1
12568,16
12570,1
12570,16
12570,7
12571,1
12571,15
12571,13
12571,7
12572,16
12572,15
12572,7
12573,1
12573,15
12573,6
12574,1
12574,16
12574,15
12574,7
12575,16
12575,14
12579,1
12579,15
12579,7
12580,4
12580,8
12580,15
12580,6
12581,15
12581,13
12581,7
12582,1
12582,16
12582,7
12583,1
12583,16
12583,15
12584,1
12584,5
12584,11
12585,1
12585,7
12585,21
12587,27
12595,16
12595,8
12595,15
12596,23
12598,22
12599,22
12602,5
12604,16
12604,14
12607,1
12607,5
12607,19
12608,10
12609,10
12611,1
12611,16
12611,15
12612,8
12612,15
12612,27
12612,13
12613,5
12614,8
12614,17
12615,16
12615,14
12616,1
12616,4
12616,7
12618,25
12619,1
12619,7
12620,4
12620,8
12621,22
12625,1
12625,7
12626,1
12626,4
12626,5
12627,1
12628,16
12628,15
12628,7
12629,16
12629,15
12629,7
12631,4
12631,15
12631,6
12632,27
12633,16
12633,15
12633,13
12633,7
12636,4
12637,1
12637,7
12637,17
12638,1
12638,7
12642,7
12645,1
12645,4
12647,23
12648,27
12649,23
12650,1
12650,8
12650,5
12651,10
12651,24
12652,4
12652,15
12652,2
12653,15
12653,5
12653,6
12653,11
12654,1
12654,4
12654,15
12654,12
12655,1
12655,15
12655,10
12656,4
12656,15
12656,5
12657,8
12657,15
12657,5
12658,4
12658,15
12658,6
12659,1
12659,5
12659,11
12660,1
12660,14
12662,16
12666,1
12666,7
12668,16
12669,4
12669,15
12669,6
12670,16
12670,15
12670,6
12671,4
12671,15
12671,2
12672,4
12672,8
12672,15
12672,5
12673,4
12673,8
12673,15
12673,13
12674,16
12675,16
12675,4
12675,15
12675,13
12676,1
12676,8
12676,15
12676,13
12677,4
12677,15
12677,13
12677,6
12678,27
12678,10
12679,4
12679,15
12679,13
12680,4
12680,15
12680,6
12680,11
12682,1
12682,15
12682,13
12683,4
12683,8
12683,15
12683,6
12684,1
12684,4
12684,15
12684,17
12685,8
12685,15
12685,13
12686,1
12686,4
12686,15
12686,17
12687,1
12687,4
12687,8
12687,15
12688,4
12688,15
12688,5
12689,4
12689,15
12689,13
12689,2
12690,4
12690,15
12690,13
12690,17
12691,16
12691,15
12692,1
12692,7
12693,1
12693,7
12694,1
12694,16
12694,15
12695,1
12695,4
12695,15
12695,6
12696,16
12696,4
12696,8
12696,15
12697,16
12697,15
12698,1
12698,7
12699,1
12704,5
12705,18
12705,17
12706,1
12706,8
12706,13
12707,17
12709,7
12710,16
12711,4
12711,15
12711,5
12712,16
12712,15
12713,1
12713,15
12713,3
12714,4
12714,15
12714,13
12715,4
12715,15
12715,13
12716,1
12716,4
12716,8
12716,15
12717,4
12717,15
12717,21
12717,17
12720,1
12720,19
12721,17
12724,23
12727,1
12728,23
12729,1
12729,17
12732,1
12732,7
12733,10
12734,25
12735,1
12735,5
12735,2
12736,16
12737,1
12737,5
12738,16
12739,16
12740,16
12740,14
12741,16
12742,16
12743,1
12743,4
12743,5
12744,1
12744,16
12744,7
12745,16
12746,8
12746,24
12748,1
12748,16
12748,7
12749,24
12750,1
12750,4
12750,7
12756,1
12756,4
12756,15
12756,5
12758,16
12758,8
12759,4
12759,8
12759,15
12759,13
12762,1
12763,1
12763,7
12764,16
12766,26
12767,1
12767,2
12771,4
12771,8
12771,25
12772,24
12773,16
12776,4
12776,8
12776,15
12776,13
12777,4
12777,8
12777,15
12777,13
12778,16
12779,1
12779,2
12779,11
12780,1
12780,15
12780,7
12781,28
12782,16
12784,1
12784,7
12784,3
12787,24
12789,27
12790,1
12790,4
12790,15
12790,21
12791,16
12794,10
12795,1
12795,14
12795,7
12796,1
12796,7
12797,1
12797,7
12800,4
12800,24
12800,22
12801,16
12801,15
12801,7
12802,16
12802,15
12803,16
12804,4
12804,8
12805,1
12805,4
12805,8
12806,27
12807,16
12807,27
12807,11
12808,27
12809,1
12810,4
12810,8
12810,27
12811,1
12811,4
12811,8
12812,16
12813,27
12823,1
12823,16
12825,16
12825,14
12835,25
12836,27
12836,2
12836,11
12837,27
12838,1
12838,13
12838,7
12839,1
12840,1
12840,16
12841,16
12842,1
12842,4
12842,5
12844,16
12845,27
12845,14
12846,16
12847,1
12847,7
12848,16
12849,1
12850,1
12850,14
12850,7
12851,27
12852,5
12852,11
12853,5
12854,7
12857,22
12858,16
12859,16
12860,22
12864,23
12865,22
12866,16
12867,1
12867,11
12867,9
12870,22
12873,4
12873,8
12874,1
12874,15
12874,2
12875,16
12875,11
12876,1
12876,16
12876,7
12877,16
12878,16
12879,7
12882,1
12882,2
12882,3
12883,1
12883,8
12885,16
12886,1
12886,17
12887,1
12887,7
12888,16
12888,14
12889,1
12889,16
12890,1
12890,7
12890,3
12892,16
12892,27
12893,16
12893,8
12893,15
12893,13
12894,1
12894,4
12894,7
12895,7
12895,3
12896,1
12896,5
12896,3
12897,1
12897,5
12897,7
12898,1
12898,16
12898,7
12899,1
12900,1
12902,16
12903,1
12903,7
12906,16
12907,22
12909,1
12909,5
12910,1
12910,4
12910,5
12911,1
12911,16
12911,7
12912,16
12912,4
12912,8
12913,27
12914,1
12914,14
12915,1
12915,14
12915,7
12916,1
12916,14
12916,7
12917,4
12917,27
12918,1
12918,5
12919,10
12920,27
12921,27
12924,22
12925,14
12925,10
12927,1
12928,1
12928,5
12928,11
12929,16
12929,8
12929,2
12930,1
12930,6
12931,1
12931,16
12931,15
12931,2
12932,16
12933,16
12933,27
12935,1
12935,4
12935,8
12936,16
12937,16
12937,14
12939,16
12941,27
12941,14
12942,5
12943,1
12943,18
12944,8
12944,15
12945,16
12946,1
12946,15
12946,6
12947,10
12948,8
12948,21
12950,4
12950,8
12952,1
12953,4
12953,21
12955,16
12958,16
12958,27
12964,16
12967,14
12968,16
12973,5
12974,7
12975,16
12977,4
12977,8
12977,15
12977,2
12979,1
12979,5
12981,1
12981,16
12981,27
12983,23
12983,7
12985,23
12985,7
12986,16
12986,27
12989,27
12990,8
12990,27
12990,12
12992,16
12992,22
12993,27
12994,1
12995,16
12996,1
12996,3
12997,14
12997,17
12998,4
13005,5
13007,1
13007,16
13007,5
13008,5
13008,11
13009,1
13009,5
13009,11
13010,1
13010,16
13010,5
13011,1
13011,4
13011,5
13013,1
13013,16
13014,7
13016,1
13016,7
13016,3
13017,1
13018,16
13018,4
13018,15
13020,1
13020,5
13020,11
13021,1
13021,11
13021,19
13023,1
13023,16
13023,14
13024,2
13025,16
13027,1
13027,4
13027,21
13028,8
13029,16
13029,27
13030,16
13030,10
13032,1
13034,16
13035,4
13035,8
13036,1
13036,21
13037,5
13038,1
13038,5
13039,1
13039,21
13040,5
13041,4
13041,5
13041,11
13043,23
13044,1
13044,7
13045,27
13045,2
13047,1
13047,16
13048,1
13048,16
13049,1
13050,8
13051,8
13053,5
13054,5
13055,23
13057,22
13058,1
13058,19
13062,5
13063,18
13064,1
13065,25
13066,25
13067,25
13069,25
13070,25
13071,1
13071,10
13073,15
13073,6
13073,12
13075,20
13076,14
13077,1
13080,8
13080,5
13080,11
13081,1
13081,5
13081,11
13082,1
13082,4
13082,5
13084,17
13085,5
13085,11
13087,1
13087,7
13088,4
13088,8
13088,20
13089,8
13090,23
13091,1
13091,16
13091,7
13092,1
13092,17
13100,4
13100,8
13102,1
13102,4
13102,5
13103,16
13103,3
13105,1
13105,4
13105,5
13107,5
13110,8
13110,25
13110,24
13111,16
13113,24
13117,1
13117,14
13117,7
13118,1
13118,14
13119,1
13119,5
13119,11
13120,5
13120,11
13121,1
13121,5
13121,13
13122,5
13123,3
13123,11
13124,1
13124,4
13124,21
13125,4
13125,8
13125,5
13126,1
13126,4
13126,8
13127,1
13127,21
13128,1
13129,1
13129,13
13129,6
13130,1
13130,5
13131,5
13131,3
13132,4
13132,8
13133,1
13133,4
13134,1
13134,4
13134,8
13135,4
13135,8
13136,5
13137,5
13137,11
13139,17
13140,1
13140,10
13141,16
13141,13
13142,16
13142,27
13144,16
13145,1
13145,7
13146,23
13147,1
13147,7
13148,10
13149,16
13150,16
13151,25
13153,24
13156,1
13156,7
13159,17
13160,1
13160,7
13160,18
13161,27
13162,1
13162,2
13162,3
13164,16
13165,1
13165,7
13167,22
13168,16
13169,22
13171,27
13172,1
13173,1
13174,8
13174,10
13175,16
13175,7
13176,4
13176,8
13176,9
13180,22
13181,24
13182,27
13183,5
13183,11
13184,8
13184,25
13185,1
13185,7
13186,5
13186,3
13186,11
13187,1
13187,5
13187,12
13188,8
13188,27
13189,1
13189,16
13189,27
13190,1
13190,16
13190,13
13191,16
13191,27
13192,16
13192,27
13193,16
13194,16
13194,15
13194,7
13198,16
13198,8
13198,27
13199,13
13200,26
13201,1
13202,1
13202,22
13203,5
13203,3
13204,5
13204,3
13205,18
13210,1
13210,10
13211,8
13215,8
13215,13
13216,16
13216,10
13217,26
13219,16
13219,23
13219,24
13223,1
13223,21
13223,17
13224,1
13224,5
13224,3
13226,15
13226,7
13227,15
13227,27
13227,2
13228,1
13228,4
13228,8
13228,15
13229,1
13229,15
13229,7
13229,11
13230,4
13230,15
13230,2
13230,21
13231,16
13231,15
13231,13
13231,7
13232,4
13232,15
13232,6
13232,21
13233,16
13234,1
13234,15
13235,24
13236,1
13236,7
13236,11
13238,5
13239,16
13239,23
13239,24
13241,1
13241,16
13241,7
13242,1
13242,11
13243,1
13243,14
13243,7
13244,16
13245,1
13245,16
13245,11
13246,8
13246,25
13248,10
13251,1
13251,5
13254,1
13254,5
13254,7
13255,23
13256,1
13256,7
13257,1
13257,4
13257,5
13258,1
13258,17
13259,17
13262,16
13263,25
13265,16
13265,10
13266,16
13267,15
13267,13
13268,1
13268,16
13268,15
13268,7
13269,1
13270,15
13270,5
13270,13
13271,15
13271,13
13272,15
13272,13
13272,7
13273,15
13273,13
13274,24
13275,1
13275,4
13275,5
13276,1
13276,14
13277,1
13277,18
13279,8
13279,27
13281,1
13281,5
13281,3
13282,1
13282,7
13283,8
13284,10
13285,1
13286,17
13287,17
13288,25
13289,23
13290,25
13291,1
13291,11
13292,1
13292,7
13293,16
13294,8
13294,25
13295,17
13296,1
13298,16
13299,1
13299,5
13300,5
13300,2
13300,11
13301,8
13302,8
13304,16
13305,1
13305,17
13306,8
13306,25
13307,1
13307,16
13308,1
13308,16
13308,23
13311,17
13312,8
13312,24
13313,17
13314,16
13315,17
13316,17
13317,8
13317,17
13318,8
13318,25
13319,8
13321,1
13323,16
13324,1
13324,16
13324,7
13325,17
13326,17
13327,23
13328,1
13328,16
13329,1
13329,8
13329,15
13330,1
13330,14
13332,1
13332,21
13332,17
13334,23
13335,1
13335,17
13336,1
13336,17
13337,1
13338,16
13339,1
13340,1
13340,17
13342,1
13343,1
13343,4
13343,8
13344,16
13345,1
13345,22
13346,1
13346,3
13347,17
13348,1
13348,14
13348,17
13349,1
13350,8
13350,28
13351,25
13352,1
13352,16
13352,10
13353,8
13353,24
13354,1
13355,1
13355,16
13355,7
13356,1
13356,10
13356,17
13357,16
13358,1
13358,7
13358,3
13359,16
13360,1
13360,16
13360,7
13362,16
13363,1
13363,7
13365,1
13365,16
13366,14
13367,1
13367,5
13368,23
13371,17
13375,1
13375,17
13376,1
13376,7
13381,16
13382,16
13382,15
13382,7
13382,2
13383,1
13383,16
13383,15
13383,2
13384,1
13384,15
13384,11
13385,1
13385,16
13385,15
13386,4
13386,15
13386,2
13387,15
13387,13
13387,2
13388,16
13388,15
13388,27
13388,2
13389,16
13389,4
13389,15
13389,2
13390,22
13391,23
13392,16
13393,17
13395,18
13397,25
13400,18
13402,7
13403,1
13403,7
13404,16
13407,16
13410,18
13411,1
13413,26
13417,1
13417,5
13417,3
13418,1
13418,8
13420,1
13420,7
13420,21
13421,16
13423,5
13424,1
13427,16
13431,15
13431,5
13431,2
13432,16
13433,16
13435,23
13439,25
13440,8
13440,17
13441,1
13441,16
13441,7
13442,1
13442,7
13443,16
13444,1
13444,16
13444,4
13445,16
13447,1
13447,7
13449,1
13449,5
13450,1
13450,14
13450,7
13451,1
13451,5
13452,1
13452,3
13454,5
13455,1
13455,5
13455,3
13456,10
13457,1
13457,6
13457,12
13458,13
13458,6
13460,1
13461,1
13461,18
13462,1
13462,13
13462,2
13463,1
13463,6
13463,2
13464,1
13464,13
13464,6
13465,1
13466,1
13466,6
13466,3
13467,1
13467,2
13467,3
13468,16
13469,1
13469,4
13469,3
13470,10
13470,21
13470,17
13474,25
13476,1
13476,25
13479,21
13479,17
13480,1
13481,1
13481,7
13482,14
13483,10
13484,16
13484,8
13484,7
13485,1
13486,1
13486,27
13487,22
13488,5
13489,1
13489,5
13492,25
13492,18
13497,25
13498,4
13498,8
13498,13
13499,25
13499,24
13500,1
13500,5
13501,1
13501,7
13502,1
13502,3
13502,11
13503,1
13504,1
13504,3
13505,1
13505,7
13505,21
13506,1
13506,5
13508,1
13509,1
13510,1
13510,7
13511,1
13511,16
13511,7
13512,26
13514,25
13515,1
13515,8
13516,26
13522,4
13522,15
13522,13
13523,16
13523,4
13523,8
13523,15
13524,1
13524,15
13524,13
13525,25
13525,24
13526,1
13528,10
13529,4
13529,8
13530,16
13533,25
13534,1
13534,27
13534,21
13535,25
13535,17
13536,17
13539,7
13542,1
13542,11
13543,1
13544,1
13544,17
13545,25
13548,21
13548,17
13549,5
13550,25
13554,10
13555,1
13555,16
13555,3
13559,1
13559,7
13559,3
13560,1
13560,7
13562,16
13563,23
13564,28
13567,23
13568,23
13569,1
13569,4
13569,15
13570,17
13571,16
13574,1
13574,28
13575,1
13575,11
13575,12
13576,1
13576,28
13579,18
13580,22
13582,25
13587,16
13588,23
13588,24
13590,1
13590,16
13590,7
13591,4
13591,8
13591,13
13592,27
13593,11
13593,12
13595,8
13595,24
13596,4
13596,15
13596,13
13597,16
13597,15
13597,13
13598,1
13598,15
13599,16
13599,15
13599,7
13602,8
13602,15
13602,13
13603,1
13603,16
13603,15
13603,11
13604,16
13604,4
13604,15
13604,2
13606,1
13606,15
13606,3
13606,11
13607,16
13607,15
13608,8
13608,15
13608,13
13609,16
13609,15
13610,15
13610,7
13611,15
13611,21
13611,11
13612,17
13614,23
13615,16
13615,4
13615,8
13615,15
13616,16
13617,1
13617,16
13617,14
13618,1
13619,1
13620,8
13620,25
13621,17
13622,1
13622,17
13623,18
13625,16
13626,18
13629,8
13629,25
13630,25
13631,25
13632,17
13633,1
13633,16
13634,1
13634,20
13635,1
13636,5
13637,17
13638,16
13638,8
13638,2
13640,17
13641,15
13641,7
13642,1
13642,5
13642,7
13644,25
13646,8
13646,24
13646,17
13647,1
13647,7
13649,16
13653,7
13655,1
13657,16
13659,25
13662,1
13662,11
13663,5
13663,3
13663,11
13664,1
13664,5
13666,8
13666,9
13667,17
13668,8
13668,25
13668,26
13669,1
13670,16
13671,16
13673,25
13674,1
13674,4
13674,5
13678,1
13679,1
13680,1
13680,7
13681,16
13682,1
13683,1
13683,21
13683,17
13684,1
13684,16
13684,17
13685,16
13687,4
13687,15
13687,5
13687,12
13688,4
13688,15
13688,13
13689,16
13692,18
13694,5
13695,23
13697,16
13698,5
13699,16
13700,1
13700,6
13700,3
13701,1
13701,6
13701,12
13703,23
13703,24
13704,1
13704,27
13705,22
13706,4
13706,8
13706,2
13707,16
13707,27
13709,2
13712,1
13712,16
13712,11
13713,1
13713,16
13716,5
13717,17
13718,23
13720,1
13720,11
13723,9
13724,8
13726,1
13726,5
13726,3
13727,1
13727,17
13728,1
13728,5
13728,7
13729,8
13729,27
13732,27
13733,10
13734,16
13734,27
13735,16
13735,27
13736,27
13736,22
13737,27
13739,27
13741,8
13741,27
13741,25
13742,27
13743,16
13743,8
13743,27
13744,16
13746,1
13746,7
13747,1
13747,18
13748,4
13748,8
13748,27
13749,16
13749,27
13750,21
13750,17
13751,17
13759,17
13761,5
13762,11
13762,24
13762,17
13765,18
13766,1
13766,16
13766,7
13767,24
13768,1
13768,7
13768,17
13770,4
13770,18
13771,10
13772,1
13772,3
13774,1
13774,5
13777,17
13778,14
13781,5
13781,19
13782,27
13782,18
13788,24
13789,8
13789,18
13790,17
13791,24
13793,24
13794,5
13796,10
13797,25
13800,10
13802,1
13802,2
13802,12
13803,10
13804,17
13808,1
13808,13
13808,7
13811,16
13811,15
13812,16
13812,15
13813,16
13813,15
13814,16
13814,4
13814,15
13814,13
13815,4
13815,15
13815,2
13816,1
13816,11
13816,24
13817,24
13817,17
13818,16
13822,16
13822,15
13822,27
13822,2
13823,16
13823,27
13824,13
13824,2
13825,16
13827,10
13827,17
13829,1
13829,7
13831,8
13831,23
13832,5
13833,17
13834,23
13835,16
13836,28
13837,24
13838,25
13838,17
13839,1
13840,23
13841,17
13842,16
13844,10
13848,17
13849,17
13851,1
13851,10
13852,10
13853,15
13853,13
13854,17
13855,1
13855,4
13855,5
13856,4
13856,8
13857,1
13857,16
13859,16
13859,7
13860,25
13861,25
13862,16
13863,17
13864,1
13864,4
13864,21
13868,17
13873,16
13874,10
13875,10
13876,10
13881,1
13883,17
13885,25
13886,17
13888,21
13888,17
13889,10
13890,8
13890,27
13891,16
13891,4
13891,15
13892,22
13893,27
13893,25
13896,8
13896,24
13897,27
13897,25
13898,4
13898,8
13900,1
13900,14
13901,1
13901,5
13901,20
13906,1
13906,17
13907,1
13907,16
13907,14
13910,22
13915,16
13915,8
13915,24
13916,25
13917,23
13921,25
13922,21
13922,17
13924,16
13924,8
13924,27
13925,1
13925,16
13925,7
13931,1
13931,4
13931,15
13931,3
13932,1
13932,16
13932,15
13933,4
13933,15
13933,7
13940,1
13940,16
13942,1
13943,1
13959,1
13959,7
13960,17
13961,26
13962,16
13962,23
13963,25
13964,21
13964,17
13966,16
13966,25
13967,1
13968,2
13970,1
13970,15
13970,2
13971,2
13971,3
13972,6
13972,3
13977,1
13977,15
13977,7
13979,17
13980,8
13980,25
13983,8
13983,25
13985,16
13985,4
13985,2
13986,1
13988,27
13989,4
13989,2
13991,1
13991,5
13991,11
13992,16
13992,15
13992,7
13995,23
13996,1
13996,5
13996,21
13997,1
13997,5
13998,1
13998,14
14001,26
14005,1
14005,11
14007,16
14008,16
14011,21
14013,16
14013,14
14019,18
14021,27
14022,1
14022,5
14022,11
14023,1
14023,5
14023,11
14024,1
14024,5
14024,11
14025,24
14025,17
14027,5
14027,11
14027,19
14028,23
14028,5
14028,11
14029,1
14029,18
14030,8
14030,23
14033,8
14033,15
14034,1
14034,15
14035,1
14035,16
14035,15
14036,26
14037,16
14037,8
14037,24
14038,1
14038,7
14040,16
14041,1
14043,7
14046,1
14046,5
14046,3
14048,16
14049,8
14049,27
14050,16
14050,4
14050,8
14051,16
14052,4
14052,15
14052,2
14053,1
14053,15
14053,10
14053,7
14054,1
14054,4
14054,8
14054,15
14055,16
14060,5
14063,1
14066,23
14067,8
14067,25
14068,23
14070,1
14070,10
14070,17
14072,1
14072,21
14072,17
14073,1
14074,1
14074,17
14077,16
14080,1
14080,7
14081,16
14082,1
14082,7
14084,16
14084,6
14085,1
14085,15
14090,13
14091,26
14092,1
14092,10
14093,16
14094,1
14094,5
14095,1
14096,1
14096,18
14098,17
14099,14
14102,4
14102,8
14102,13
14103,1
14103,14
14103,12
14104,1
14104,6
14105,1
14105,16
14105,15
14105,7
14107,7
14110,27
14110,13
14111,1
14111,6
14112,1
14112,6
14112,11
14113,16
14114,16
14115,25
14116,16
14116,4
14116,2
14117,1
14117,5
14119,10
14120,16
14120,15
14120,2
14120,11
14123,14
14125,17
14126,1
14126,7
14127,17
14128,5
14131,1
14131,3
14132,16
14134,22
14136,21
14136,17
14137,24
14141,13
14142,26
14143,1
14143,15
14143,7
14144,16
14144,15
14144,22
14145,4
14145,8
14146,1
14146,14
14147,8
14149,16
14150,7
14151,16
14152,4
14152,8
14152,27
14154,1
14154,11
14155,16
14155,7
14156,1
14156,16
14156,7
14157,1
14157,5
14157,19
14159,16
14161,1
14161,5
14162,22
14163,16
14164,1
14164,5
14165,16
14166,1
14166,4
14166,8
14167,1
14167,14
14168,1
14168,14
14169,1
14169,14
14169,7
14170,8
14170,27
14170,13
14172,1
14172,14
14172,7
14173,1
14173,7
14174,1
14174,8
14174,7
14178,16
14180,1
14181,1
14181,16
14181,15
14184,16
14189,5
14190,5
14194,23
14196,8
14196,23
14196,24
14197,17
14199,16
14202,17
14203,5
14204,23
14204,24
14205,1
14205,16
14205,15
14207,24
14208,24
14210,26
14211,26
14212,1
14212,16
14212,15
14218,5
14219,8
14219,23
14219,24
14221,17
14225,26
14228,26
14229,26
14231,1
14231,16
14238,1
14238,7
14240,18
14251,16
14252,16
14253,1
14253,7
14257,16
14257,14
14259,10
14260,26
14261,1
14261,7
14262,1
14262,16
14262,5
14263,17
14264,23
14267,1
14267,15
14268,16
14269,1
14269,15
14269,13
14269,7
14272,1
14272,15
14272,11
14276,1
14276,7
14278,22
14279,25
14279,24
14284,16
14285,1
14285,16
14285,12
14286,1
14286,7
14287,5
14288,16
14288,10
14289,25
14293,25
14294,25
14298,17
14300,5
14302,16
14303,15
14303,13
14304,4
14304,27
14304,13
14305,1
14305,16
14306,4
14306,8
14306,2
14307,1
14307,16
14308,1
14308,7
14309,4
14309,27
14309,13
14310,1
14311,1
14311,4
14311,2
14312,3
14312,11
14312,17
14313,27
14314,8
14314,24
14315,5
14316,1
14316,7
14317,1
14317,16
14318,1
14319,1
14319,4
14319,7
14321,1
14321,7
14322,1
14322,16
14323,1
14323,16
14323,24
14324,1
14324,5
14325,5
14326,16
14329,1
14329,16
14329,7
14330,16
14331,16
14332,1
14332,18
14332,19
14333,4
14333,15
14333,2
14334,1
14334,15
14334,6
14334,11
14335,1
14335,4
14335,15
14335,7
14336,16
14338,1
14340,16
14340,27
14340,13
14342,24
14342,17
14344,8
14344,27
14344,11
14356,23
14358,25
14359,27
14359,13
14361,1
14363,1
14363,15
14363,7
14364,22
14365,1
14365,18
14366,26
14367,16
14368,22
14369,4
14369,8
14369,15
14369,13
14371,27
14372,27
14374,27
14377,16
14378,16
14390,16
14390,4
14390,15
14391,1
14391,15
14391,7
14392,1
14392,7
14393,22
14394,1
14397,18
14398,16
14399,16
14400,27
14400,25
14401,1
14401,5
14402,1
14402,17
14405,23
14406,27
14407,4
14407,15
14407,13
14409,1
14409,15
14410,4
14410,15
14410,2
14411,4
14411,15
14413,23
14417,16
14417,24
14417,22
14419,5
14419,11
14419,18
14420,19
14423,1
14423,7
14423,28
14426,10
14429,24
14430,19
14431,6
14431,3
14433,16
14433,7
14433,12
14435,1
14435,28
14435,17
14436,1
14436,11
14436,17
14437,1
14437,16
14438,4
14438,13
14441,19
14447,19
14453,19
14455,19
14456,19
14457,19
14458,1
14458,16
14458,15
14458,7
14459,1
14459,4
14459,15
14459,13
14461,5
14461,3
14461,11
14462,1
14462,7
14463,7
14464,1
14464,16
14464,7
14465,1
14465,16
14465,7
14466,1
14466,7
14467,24
14467,22
14468,1
14468,13
14468,7
14470,16
14470,8
14470,22
14474,22
14475,16
14475,24
14477,27
14478,5
14481,10
14493,17
14494,16
14500,1
14500,7
14501,1
14501,7
14503,1
14506,8
14506,24
14507,8
14507,27
14507,13
14515,1
14515,5
14515,3
14516,1
14517,5
14527,4
14527,8
14527,15
14527,2
14528,5
14531,16
14533,16
14534,14
14535,5
14536,8
14536,17
14537,23
14538,23
14541,23
14542,1
14542,16
14543,16
14544,1
14545,1
14545,5
14549,24
14550,23
14551,11
14551,18
14552,24
14554,4
14554,20
14555,4
14555,15
14555,13
14556,16
14556,15
14556,7
14556,2
14557,16
14558,1
14558,20
14561,1
14561,7
14562,16
14562,15
14562,10
14565,27
14566,27
14566,10
14567,16
14567,8
14567,15
14568,1
14568,7
14569,1
14569,4
14570,1
14570,11
14572,16
14575,1
14575,21
14575,17
14577,8
14578,24
14579,1
14579,15
14579,7
14581,6
14582,1
14582,8
14582,2
14583,24
14587,1
14587,14
14587,7
14590,16
14591,1
14591,16
14591,7
14592,1
14592,16
14592,7
14593,1
14593,7
14595,1
14595,14
14595,7
14596,16
14598,10
14603,1
14603,3
14604,23
14606,15
14606,5
14606,11
14607,1
14607,16
14608,1
14608,5
14608,11
14609,16
14609,15
14609,13
14609,17
14610,16
14610,15
14610,7
14610,2
14611,16
14611,4
14611,8
14612,16
14612,6
14614,16
14614,8
14614,7
14615,4
14615,8
14615,27
14616,1
14616,14
14616,7
14617,1
14617,7
14618,4
14618,5
14619,1
14619,18
14620,1
14621,1
14621,16
14621,7
14622,1
14622,7
14623,1
14623,7
14625,1
14625,7
14626,1
14626,7
14626,3
14627,1
14627,16
14627,13
14629,1
14629,16
14630,16
14630,15
14630,13
14631,1
14631,16
14631,15
14631,7
14632,1
14632,14
14632,7
14633,1
14633,4
14634,1
14634,7
14634,18
14635,23
14635,14
14635,7
14636,1
14636,15
14636,7
14637,1
14637,3
14637,11
14638,27
14638,6
14638,2
14639,1
14639,16
14639,7
14640,16
14640,15
14640,13
14641,1
14641,14
14641,7
14643,16
14643,15
14644,25
14646,1
14646,15
14646,6
14647,8
14647,24
14648,1
14648,13
14648,7
14649,4
14649,15
14649,2
14651,1
14651,16
14651,7
14652,18
14653,10
14654,1
14654,4
14654,15
14654,13
14655,25
14656,16
14656,4
14656,7
14657,1
14657,16
14657,2
14658,16
14658,14
14658,7
14660,1
14660,4
14660,17
14661,1
14663,1
14663,3
14664,25
14667,1
14667,5
14667,11
14668,1
14668,7
14669,1
14669,7
14670,1
14670,17
14671,1
14671,7
14673,1
14673,8
14673,20
14675,10
14676,1
14678,1
14680,1
14680,8
14680,13
14681,15
14681,2
14682,1
14682,8
14684,1
14684,10
14686,1
14686,5
14687,16
14687,15
14688,16
14689,1
14689,16
14689,15
14689,13
14690,1
14690,6
14690,2
14691,16
14692,1
14692,7
14693,1
14693,15
14693,7
14695,1
14695,16
14695,7
14696,1
14696,7
14697,1
14697,5
14697,11
14698,1
14698,7
14699,21
14699,17
14700,1
14700,16
14700,7
14701,1
14701,4
14701,8
14705,7
14706,17
14707,16
14710,23
14712,16
14712,24
14713,1
14713,8
14714,16
14715,5
14716,25
14717,4
14717,11
14718,16
14719,1
14719,13
14720,1
14720,5
14720,19
14722,16
14724,4
14724,5
14727,16
14727,27
14728,16
14732,4
14732,8
14732,2
14733,1
14733,5
14733,3
14734,1
14734,3
14734,28
14735,1
14735,15
14737,1
14737,5
14737,11
14738,1
14738,4
14738,5
14739,1
14739,5
14739,11
14741,14
14743,16
14743,15
14743,13
14743,7
14744,1
14744,5
14749,1
14749,16
14750,7
14751,1
14751,5
14752,1
14752,5
14753,4
14753,2
14754,1
14754,3
14754,12
14755,16
14755,15
14756,1
14756,11
14756,12
14757,1
14757,5
14757,11
14758,1
14761,16
14761,15
14761,17
14762,27
14764,27
14765,1
14765,7
14767,1
14767,7
14768,1
14768,4
14768,5
14770,16
14770,7
14771,16
14771,14
14772,24
14772,17
14774,16
14774,23
14775,1
14775,17
14776,1
14777,22
14778,21
14778,17
14779,25
14779,24
14781,23
14782,23
14784,10
14784,17
14786,23
14790,24
14790,17
14791,23
14792,1
14793,4
14793,15
14793,5
14793,13
14794,1
14796,7
14797,1
14797,16
14797,14
14798,1
14798,15
14798,7
14801,1
14801,16
14801,7
14802,5
14802,11
14802,19
14803,1
14803,16
14803,14
14804,1
14804,7
14805,1
14805,16
14805,7
14806,1
14806,7
14807,1
14808,1
14808,16
14809,16
14809,22
14810,26
14811,7
14812,27
14813,1
14813,5
14814,24
14818,20
14819,16
14820,5
14822,8
14822,13
14823,16
14823,7
14824,1
14824,5
14825,15
14825,13
14826,4
14826,15
14826,2
14826,21
14828,1
14829,10
14831,1
14831,16
14831,14
14832,1
14832,13
14832,17
14833,1
14833,16
14833,7
14834,1
14835,1
14835,16
14835,7
14836,1
14836,16
14836,7
14837,1
14837,16
14838,1
14838,3
14838,18
14839,1
14839,7
14840,1
14841,1
14841,7
14841,17
14842,1
14842,7
14842,3
14843,1
14843,5
14843,19
14844,16
14844,7
14844,17
14845,1
14845,7
14846,16
14846,4
14846,15
14846,13
14847,1
14847,4
14847,5
14848,1
14848,5
14848,11
14850,16
14850,15
14850,7
14851,1
14851,15
14852,1
14852,15
14853,1
14853,7
14853,11
14854,16
14854,7
14855,1
14855,17
14856,16
14856,7
14857,23
14858,16
14858,15
14859,16
14859,27
14859,13
14860,16
14860,8
14860,27
14862,23
14862,25
14862,26
14864,10
14865,1
14865,19
14866,1
14866,7
14869,1
14869,16
14869,7
14870,10
14875,23
14876,17
14878,23
14879,7
14882,24
14883,1
14883,14
14883,7
14885,1
14885,15
14885,7
14886,25
14887,16
14888,20
14889,10
14891,1
14891,6
14891,11
14892,1
14892,5
14892,11
14893,1
14893,5
14894,23
14895,1
14895,16
14895,15
14896,16
14896,15
14897,1
14897,4
14897,15
14897,2
14898,1
14898,4
14898,5
14900,25
14901,1
14901,18
14901,17
14902,1
14904,1
14904,14
14904,7
14905,10
14906,16
14909,1
14909,17
14910,4
14910,27
14910,2
14911,16
14911,14
14911,7
14912,1
14912,14
14912,7
14913,1
14913,14
14913,7
14914,8
14914,27
14914,20
14915,1
14915,8
14915,20
14916,1
14916,7
14917,1
14917,7
14918,1
14918,7
14919,1
14919,7
14919,9
14920,1
14920,7
14921,16
14923,1
14923,5
14923,11
14925,1
14925,7
14926,16
14926,7
14926,11
14927,5
14927,3
14927,11
14928,1
14928,16
14928,7
14929,1
14929,7
14930,1
14930,14
14931,1
14931,7
14931,18
14932,1
14932,7
14933,1
14933,7
14935,1
14935,17
14936,1
14936,17
14937,13
14937,3
14937,17
14938,4
14938,15
14943,15
14943,2
14944,18
14945,1
14945,11
14946,4
14946,15
14946,11
14947,16
14948,1
14949,26
14951,12
14962,1
14963,1
14963,14
14963,7
14964,1
14964,7
14965,1
14965,16
14965,15
14965,7
14966,1
14966,7
14967,1
14967,16
14967,7
14968,1
14968,16
14968,7
14971,1
14971,14
14971,7
14972,1
14972,7
14973,1
14973,16
14973,7
14976,24
14978,23
14978,24
14979,24
14984,23
14984,24
14985,1
14985,7
14986,27
14986,6
14986,11
14987,16
14988,1
14988,7
14989,16
14990,1
14990,7
14991,1
14991,13
14991,7
14992,1
14992,16
14992,4
14993,1
14994,1
14994,17
14995,16
14995,7
14998,1
14999,23
15000,16
15002,8
15002,11
15002,24
15003,8
15003,23
15004,8
15004,27
15006,1
15006,14
15006,7
15007,22
15011,27
15011,2
15012,1
15012,3
15013,1
15013,5
15013,3
15018,16
15019,1
15019,16
15019,7
15021,14
15021,7
15021,17
15022,1
15022,14
15023,1
15023,10
15026,1
15026,7
15027,16
15027,15
15028,16
15028,15
15029,16
15029,15
15029,7
15030,16
15030,15
15031,16
15031,15
15032,16
15032,15
15033,1
15033,15
15033,7
15034,16
15034,15
15034,13
15035,16
15035,4
15035,15
15035,13
15036,1
15036,16
15036,15
15037,1
15039,27
15039,2
15040,1
15041,4
15041,15
15041,13
15042,1
15042,7
15043,1
15043,17
15046,16
15047,16
15048,1
15048,16
15049,16
15050,1
15050,2
15051,10
15052,27
15053,1
15053,16
15053,15
15054,1
15054,16
15054,15
15055,1
15055,5
15055,3
15056,16
15057,1
15057,5
15057,11
15058,1
15058,5
15058,11
15059,13
15059,2
15059,12
15060,1
15061,1
15062,4
15062,8
15063,1
15063,5
15064,1
15064,16
15064,14
15066,19
15067,1
15067,17
15068,4
15068,13
15068,7
15069,16
15069,14
15069,7
15070,1
15070,11
15072,16
15073,1
15073,16
15073,15
15074,16
15074,15
15075,1
15076,16
15076,4
15076,15
15077,1
15077,16
15077,15
15078,16
15078,4
15078,15
15079,16
15079,15
15080,1
15081,1
15081,18
15082,16
15083,1
15083,5
15084,16
15085,1
15085,5
15087,1
15087,5
15089,1
15089,10
15090,1
15090,16
15090,7
15091,1
15091,5
15091,11
15093,1
15093,16
15093,7
15094,16
15095,1
15095,7
15097,16
15098,1
15098,16
15100,16
15100,15
15100,7
15101,1
15101,7
15102,1
15102,5
15103,1
15103,16
15103,2
15104,1
15104,16
15106,16
15107,1
15107,16
15108,1
15108,16
15109,16
15110,1
15110,4
15110,2
15112,1
15112,11
15113,1
15113,7
15114,1
15114,16
15114,14
15115,1
15115,16
15115,15
15115,7
15116,1
15116,15
15116,2
15118,16
15121,25
15121,18
15122,16
15125,1
15125,7
15125,17
15128,16
15129,13
15129,10
15131,14
15132,16
15132,14
15132,13
15135,1
15135,18
15137,1
15137,16
15137,7
15138,1
15138,5
15138,11
15139,17
15140,1
15141,1
15141,18
15142,16
15143,1
15143,14
15144,11
15145,1
15145,4
15145,3
15146,1
15147,1
15148,1
15148,16
15148,7
15149,1
15149,16
15150,16
15150,8
15150,13
15151,1
15151,7
15152,11
15152,17
15155,5
15157,1
15157,5
15157,3
15158,1
15158,2
15158,3
15160,22
15162,16
15163,16
15163,15
15163,13
15163,7
15165,16
15165,15
15165,13
15165,7
15166,1
15166,8
15166,15
15166,2
15167,4
15167,8
15167,15
15167,6
15168,16
15168,4
15168,15
15169,4
15169,15
15169,6
15169,2
15170,16
15170,4
15170,8
15170,15
15171,1
15171,16
15171,4
15171,15
15172,4
15172,8
15172,15
15172,13
15177,1
15177,17
15178,1
15178,11
15179,1
15179,17
15181,25
15182,1
15182,17
15183,1
15183,4
15183,17
15184,1
15184,7
15185,4
15185,15
15185,2
15186,4
15186,15
15186,2
15187,1
15187,15
15187,13
15188,15
15188,2
15189,16
15189,15
15190,15
15190,6
15190,10
15191,15
15191,5
15191,6
15193,1
15193,8
15193,15
15193,2
15194,1
15194,7
15195,1
15195,7
15196,8
15196,13
15196,6
15197,1
15197,7
15199,1
15199,17
15200,1
15200,16
15200,7
15203,23
15204,3
15206,1
15206,4
15206,17
15207,16
15209,16
15209,4
15209,15
15209,13
15210,4
15210,15
15210,13
15210,6
15213,4
15213,15
15213,2
15214,23
15215,15
15217,16
15217,4
15217,7
15219,1
15219,5
15219,19
15221,5
15222,8
15222,25
15225,8
15225,25
15226,23
15228,18
15229,10
15230,26
15243,1
15243,7
15243,28
15244,25
15245,26
15246,16
15247,1
15248,16
15249,24
15251,1
15251,18
15252,1
15252,5
15252,11
15253,1
15253,13
15253,7
15256,1
15256,4
15256,8
15257,18
15260,16
15260,4
15260,22
15261,4
15261,22
15263,16
15264,16
15265,16
15266,1
15266,4
15266,6
15267,16
15269,24
15270,5
15271,1
15271,21
15271,17
15272,1
15272,5
15272,11
15275,23
15275,14
15276,16
15276,15
15276,13
15276,7
15277,24
15285,14
15285,24
15289,16
15291,1
15291,5
15291,19
15292,1
15292,4
15293,5
15294,5
15295,1
15295,16
15295,5
15296,4
15296,27
15296,2
15298,16
15299,4
15299,13
15299,28
15301,4
15301,8
15301,2
15302,4
15302,8
15302,13
15303,1
15303,5
15303,7
15304,1
15304,4
15304,5
15306,4
15306,3
15307,1
15307,8
15307,2
15315,1
15315,4
15315,3
15322,1
15323,1
15323,5
15323,19
15324,1
15324,7
15327,1
15327,13
15329,1
15329,6
15329,11
15330,17
15335,16
15344,1
15344,25
15346,11
15346,17
15347,16
15348,1
15349,16
15355,7
15356,15
15356,27
15356,2
15357,1
15357,4
15357,15
15357,13
15358,1
15358,15
15358,10
15359,1
15359,16
15359,15
15361,1
15361,16
15361,7
15362,1
15362,16
15362,15
15362,7
15364,11
15365,23
15367,16
15367,27
15369,16
15369,27
15369,14
15370,16
15371,10
15375,16
15376,25
15377,23
15378,23
15379,23
15382,5
15385,5
15386,5
15387,1
15387,3
15389,4
15389,8
15389,15
15389,13
15390,16
15392,24
15393,23
15394,16
15398,17
15400,1
15400,16
15400,7
15401,11
15402,1
15402,7
15405,1
15405,15
15405,11
15406,1
15406,16
15406,7
15407,1
15407,4
15407,21
15408,23
15410,16
15410,15
15410,27
15411,5
15414,4
15414,15
15414,2
15415,1
15415,16
15415,27
15418,17
15419,16
15419,27
15421,23
15422,23
15423,1
15423,14
15423,20
15425,27
15425,2
15428,16
15430,1
15430,7
15431,1
15431,3
15432,1
15432,4
15432,5
15433,27
15433,17
15434,1
15434,18
15435,16
15438,16
15438,27
15438,13
15440,16
15444,1
15444,16
15444,27
15445,1
15445,5
15445,2
15446,1
15446,16
15446,7
15448,27
15449,16
15449,27
15451,16
15451,27
15455,1
15455,16
15455,7
15456,16
15457,23
15458,16
15458,27
15458,14
15460,1
15460,14
15460,7
15461,1
15461,4
15461,7
15462,4
15462,15
15462,2
15463,1
15463,16
15463,7
15464,1
15464,7
15466,1
15466,7
15467,16
15469,1
15469,7
15470,16
15470,14
15470,7
15471,1
15471,16
15472,1
15472,7
15473,16
15474,23
15474,24
15475,17
15477,25
15477,24
15477,17
15478,3
15478,11
15479,16
15480,1
15481,7
15482,16
15482,27
15483,8
15483,11
15483,25
15484,16
15484,10
15485,8
15485,27
15485,10
15488,27
15490,16
15490,27
15493,1
15494,12
15495,1
15495,13
15495,3
15496,15
15496,10
15496,7
15500,1
15500,12
15504,1
15504,14
15505,1
15506,1
15506,7
15507,1
15508,1
15509,18
15518,14
15523,6
15523,11
15523,12
15524,16
15525,1
15525,16
15525,7
15526,1
15526,7
15526,17
15528,16
15529,1
15530,1
15530,2
15531,1
15534,1
15534,7
15535,1
15535,7
15536,18
15537,1
15537,16
15537,7
15538,16
15539,1
15539,5
15540,23
15540,24
15541,1
15544,1
15544,16
15544,11
15545,16
15548,1
15548,17
15549,16
15549,27
15549,2
15552,16
15552,15
15553,27
15553,10
15554,1
15554,16
15554,8
15554,15
15556,16
15560,23
15563,1
15563,5
15563,3
15564,1
15564,16
15565,1
15565,16
15565,15
15565,13
15567,23
15570,1
15570,11
15570,12
15571,1
15571,17
15574,26
15575,23
15578,24
15579,1
15580,16
15583,1
15583,5
15583,14
15585,1
15585,16
15585,15
15585,7
15587,1
15587,4
15587,17
15588,1
15588,5
15588,11
15589,1
15589,7
15590,2
15591,4
15591,8
15591,2
15593,23
15594,1
15594,5
15595,26
15597,1
15597,16
15597,7
15599,16
15599,2
15601,17
15602,4
15602,8
15602,13
15603,22
15604,16
15604,4
15604,2
15607,1
15608,1
15608,4
15608,5
15609,27
15611,1
15611,7
15612,1
15612,7
15613,1
15613,7
15614,23
15615,1
15615,5
15616,25
15617,8
15617,15
15617,13
15618,27
15618,14
15618,25
15619,1
15619,4
15619,2
15620,16
15620,8
15620,27
15621,27
15622,25
15623,27
15625,16
15626,16
15626,6
15628,1
15628,7
15631,1
15631,16
15631,8
15632,7
15632,17
15633,5
15633,11
15641,16
15647,23
15648,1
15648,14
15648,7
15650,22
15651,1
15651,17
15653,1
15654,27
15654,14
15660,4
15660,8
15663,27
15664,16
15665,27
15668,1
15668,24
15671,16
15671,27
15673,27
15675,18
15676,23
15678,1
15679,8
15679,24
15682,1
15682,4
15682,17
15683,16
15684,1
15685,1
15685,16
15687,1
15688,16
15689,1
15689,5
15689,11
15691,1
15691,4
15691,3
15692,1
15692,4
15692,21
15693,1
15693,8
15693,17
15695,5
15695,11
15696,4
15697,5
15697,11
15698,8
15700,1
15700,4
15700,5
15705,16
15709,8
15709,27
15712,1
15712,5
15713,1
15713,16
15713,7
15714,1
15714,7
15715,1
15715,7
15716,16
15716,10
15716,7
15717,1
15717,7
15718,1
15718,5
15718,3
15719,1
15719,7
15720,4
15720,27
15720,2
15722,16
15722,24
15723,1
15723,5
15725,16
15725,13
15726,16
15726,8
15726,15
15726,2
15727,1
15727,11
15728,16
15730,27
15731,4
15731,14
15732,4
15732,8
15732,2
15733,16
15733,4
15733,15
15733,13
15735,1
15735,5
15735,2
15736,16
15736,27
15738,1
15738,7
15739,1
15739,7
15744,16
15744,15
15744,6
15745,16
15745,15
15747,16
15747,4
15747,8
15748,1
15749,1
15749,5
15749,11
15750,16
15750,15
15751,1
15751,16
15751,15
15751,2
15752,16
15752,15
15752,27
15753,16
15754,16
15755,1
15755,8
15755,5
15756,1
15756,17
15760,1
15760,5
15761,1
15762,1
15762,7
15763,1
15763,8
15763,7
15767,16
15767,15
15767,7
15774,1
15774,16
15775,1
15775,16
15775,7
15776,16
15776,27
15777,1
15777,16
15777,7
15778,1
15778,16
15778,7
15780,1
15780,16
15780,7
15781,1
15781,7
15784,1
15784,5
15789,4
15789,2
15793,17
15793,12
15794,1
15794,7
15795,1
15795,16
15795,7
15797,1
15797,14
15797,11
15798,16
15799,16
15800,1
15800,13
15800,7
15801,1
15801,14
15802,1
15802,8
15802,14
15803,24
15803,17
15804,1
15804,7
15805,4
15805,8
15806,16
15806,14
15808,1
15808,16
15808,7
15810,22
15811,16
15811,8
15811,15
15811,13
15812,16
15812,7
15813,16
15816,17
15818,22
15819,26
15820,5
15821,5
15821,11
15823,10
15824,1
15826,5
15830,1
15830,7
15831,1
15831,4
15831,8
15835,4
15835,15
15835,6
15835,11
15836,16
15836,4
15837,1
15837,16
15837,14
15838,1
15838,7
15839,1
15839,7
15840,16
15840,6
15841,1
15842,1
15842,14
15842,7
15843,10
15844,1
15845,1
15845,17
15846,1
15846,7
15847,1
15847,16
15847,7
15848,1
15848,14
15848,7
15849,1
15849,14
15849,7
15850,16
15850,2
15851,23
15852,1
15852,7
15853,1
15853,14
15853,7
15854,1
15854,16
15854,7
15855,1
15855,14
15855,7
15856,1
15856,16
15856,14
15857,1
15857,16
15857,5
15858,16
15858,14
15858,7
15859,6
15859,3
15861,15
15861,13
15862,6
15863,17
15864,1
15864,15
15864,10
15866,23
15867,4
15867,15
15867,13
15868,1
15868,16
15868,15
15868,7
15870,1
15870,4
15870,7
15871,22
15872,23
15874,23
15875,23
15875,24
15876,1
15876,5
15876,3
15877,15
15877,13
15877,7
15878,1
15878,16
15878,7
15879,16
15879,15
15881,23
15881,24
15882,4
15882,15
15882,17
15883,1
15883,15
15883,13
15884,16
15885,16
15885,15
15886,16
15886,19
15887,1
15887,15
15887,10
15888,16
15888,8
15888,15
15888,11
15889,16
15889,8
15889,15
15889,13
15890,16
15890,8
15890,15
15890,13
15891,16
15891,15
15891,7
15892,8
15892,15
15892,10
15893,16
15893,15
15893,10
15893,7
15894,16
15894,15
15895,1
15895,16
15895,15
15895,13
15901,16
15901,15
15902,16
15902,15
15903,16
15903,15
15903,6
15903,11
15906,8
15906,27
15906,13
15910,21
15910,17
15912,16
15913,24
15916,5
15917,16
15917,15
15918,1
15919,6
15919,2
15919,11
15921,1
15921,5
15922,16
15922,8
15922,27
15924,1
15925,1
15925,16
15925,7
15926,1
15927,1
15927,18
15928,1
15928,18
15929,1
15929,14
15929,7
15930,1
15930,27
15930,14
15937,16
15939,22
15940,11
15941,1
15942,1
15942,5
15943,27
15943,13
15944,1
15944,16
15944,14
15945,23
15945,24
15949,1
15949,14
15949,7
15950,27
15953,5
15953,11
15954,5
15954,11
15955,1
15955,4
15955,11
15956,1
15956,14
15957,25
15960,22
15963,1
15963,14
15963,7
15967,1
15967,16
15967,7
15969,17
15970,1
15970,7
15971,11
15974,1
15974,5
15974,11
15975,1
15979,23
15981,1
15981,8
15981,20
15982,23
15983,1
15983,7
15984,1
15984,16
15984,7
15985,16
15988,1
15988,16
15988,7
15991,1
15991,16
15991,15
15991,7
15992,1
15992,16
15992,15
15993,16
15993,15
15993,12
15994,1
15994,15
15994,13
15994,7
15995,1
15995,16
15995,7
15996,1
15996,4
15996,2
15997,26
15998,26
15999,1
15999,5
15999,11
16000,4
16000,15
16000,2
16001,4
16001,8
16001,15
16001,13
16002,16
16002,15
16002,7
16003,16
16003,15
16003,7
16004,1
16004,11
16005,16
16005,15
16005,7
16006,1
16006,15
16007,16
16007,7
16011,16
16011,7
16012,8
16012,27
16012,13
16013,1
16013,16
16013,7
16016,1
16016,11
16017,1
16017,7
16018,1
16018,16
16020,16
16020,4
16020,6
16021,1
16021,4
16021,5
16022,20
16023,1
16023,17
16024,16
16024,4
16024,7
16025,16
16025,6
16026,16
16028,3
16029,1
16030,16
16032,4
16032,8
16032,2
16033,1
16033,8
16033,20
16034,1
16034,14
16034,20
16036,1
16036,5
16037,1
16037,20
16038,1
16044,1
16044,16
16044,7
16045,1
16045,5
16045,11
16050,1
16050,21
16051,16
16051,4
16051,15
16051,13
16052,1
16052,15
16052,10
16053,16
16053,21
16054,1
16054,3
16056,1
16056,16
16056,13
16058,16
16059,27
16059,13
16060,16
16062,1
16062,7
16063,25
16063,24
16064,1
16064,7
16065,1
16065,17
16066,1
16066,10
16068,16
16068,14
16069,1
16069,14
16070,1
16070,16
16070,7
16071,1
16071,16
16071,7
16072,1
16072,16
16072,7
16073,1
16073,14
16073,7
16074,1
16074,16
16074,7
16075,23
16076,25
16076,24
16076,17
16077,1
16077,5
16077,3
16078,1
16078,5
16078,3
16079,1
16080,1
16080,14
16081,1
16081,17
16082,1
16082,7
16083,1
16083,7
16084,1
16086,1
16086,7
16087,1
16087,7
16089,1
16089,22
16091,1
16092,16
16092,8
16092,22
16093,16
16093,11
16094,16
16095,1
16095,18
16095,17
16096,1
16096,20
16097,1
16097,23
16097,7
16098,4
16098,8
16098,20
16099,20
16100,4
16100,8
16100,20
16101,16
16101,14
16102,4
16102,8
16102,20
16103,1
16103,20
16104,1
16104,16
16104,7
16105,20
16107,1
16107,14
16107,7
16108,1
16108,7
16109,16
16110,1
16110,11
16111,1
16111,4
16111,9
16112,16
16112,8
16114,5
16115,1
16115,7
16116,22
16118,16
16119,1
16119,5
16119,3
16120,1
16120,7
16121,1
16121,16
16122,1
16122,7
16124,1
16124,15
16124,2
16125,1
16125,7
16126,10
16127,1
16128,10
16129,1
16130,1
16130,8
16130,7
16131,1
16131,16
16131,7
16134,1
16135,1
16136,4
16136,15
16136,7
16137,5
16137,7
16137,3
16138,16
16138,4
16138,15
16139,1
16139,16
16139,14
16140,1
16140,16
16140,15
16140,7
16141,1
16141,5
16141,14
16142,1
16142,7
16142,28
16143,1
16143,16
16143,7
16144,1
16144,15
16144,11
16145,1
16145,16
16146,4
16146,8
16147,16
16147,8
16147,15
16148,1
16149,1
16149,16
16150,1
16150,13
16150,7
16151,16
16151,4
16151,8
16151,15
16152,1
16152,14
16153,1
16153,16
16153,7
16154,1
16154,14
16154,7
16155,1
16155,8
16155,15
16155,7
16156,1
16156,7
16156,11
16157,1
16157,15
16157,10
16158,1
16158,16
16158,15
16159,16
16159,15
16160,24
16160,17
16161,16
16161,15
16161,27
16161,13
16163,10
16164,15
16164,13
16164,6
16164,3
16165,16
16165,15
16172,1
16172,16
16172,2
16175,1
16175,16
16175,22
16176,1
16176,16
16176,15
16176,5
16177,1
16178,1
16178,7
16179,1
16179,5
16179,7
16181,1
16181,16
16181,14
16182,16
16183,16
16184,20
16185,1
16185,20
16186,4
16186,8
16186,20
16187,1
16187,5
16187,20
16188,1
16188,16
16188,5
16189,20
16191,20
16192,16
16192,15
16192,13
16192,7
16193,16
16193,20
16201,5
16201,11
16203,16
16204,16
16204,4
16204,8
16205,8
16205,14
16205,13
16206,22
16207,22
16208,4
16208,8
16208,22
16211,6
16211,2
16211,3
16212,1
16212,15
16212,2
16214,1
16214,4
16214,17
16215,17
16216,4
16216,8
16218,1
16218,16
16218,5
16219,4
16219,15
16219,13
16219,2
16221,1
16223,25
16225,1
16225,16
16227,1
16227,16
16227,11
16228,23
16229,24
16231,1
16231,15
16231,7
16232,1
16232,7
16233,1
16233,16
16234,24
16234,18
16235,1
16235,3
16236,1
16236,17
16237,25
16238,1
16238,7
16240,1
16240,10
16241,1
16241,16
16241,7
16242,1
16242,8
16242,21
16247,1
16247,14
16247,7
16248,22
16249,1
16249,7
16250,1
16250,8
16251,1
16251,14
16251,7
16254,8
16254,14
16254,13
16256,1
16256,16
16256,15
16258,1
16258,15
16258,13
16259,4
16259,15
16259,13
16259,21
16260,15
16260,2
16260,11
16261,4
16261,8
16261,15
16261,13
16262,16
16262,15
16262,7
16264,1
16264,4
16264,15
16265,16
16265,4
16265,8
16266,16
16273,4
16273,15
16273,2
16274,16
16274,4
16274,15
16274,2
16276,1
16276,7
16277,1
16277,7
16279,7
16282,1
16282,3
16287,1
16287,7
16288,25
16288,18
16289,4
16289,8
16289,5
16290,4
16290,5
16290,11
16291,4
16291,5
16292,16
16292,7
16293,16
16293,11
16295,1
16297,4
16298,1
16298,16
16298,7
16299,16
16299,4
16299,7
16300,1
16300,16
16300,7
16301,1
16301,7
16303,1
16303,4
16303,5
16305,21
16305,17
16306,17
16309,18
16310,1
16310,17
16314,1
16314,5
16314,10
16317,1
16317,4
16317,5
16318,16
16321,10
16323,16
16327,14
16328,10
16329,16
16330,7
16333,16
16334,27
16335,4
16335,8
16335,25
16336,10
16339,10
16340,10
16342,1
16343,1
16343,7
16344,16
16344,23
16345,1
16345,16
16345,7
16348,16
16350,16
16351,1
16351,15
16351,10
16352,1
16352,15
16352,22
16353,4
16353,15
16353,2
16354,27
16355,21
16355,17
16356,1
16356,16
16357,16
16357,15
16357,10
16357,7
16358,16
16358,15
16358,7
16360,1
16360,7
16361,1
16361,7
16362,4
16362,8
16362,15
16362,13
16363,7
16364,1
16364,16
16364,7
16365,1
16365,7
16366,1
16367,1
16368,4
16368,8
16368,11
16369,1
16369,16
16369,15
16370,14
16371,23
16372,1
16372,15
16372,2
16373,27
16375,1
16375,16
16375,7
16376,16
16376,15
16376,7
16377,23
16378,1
16378,16
16379,1
16379,16
16379,7
16381,1
16381,16
16381,7
16382,1
16382,16
16382,7
16383,16
16386,15
16386,27
16387,15
16387,13
16388,1
16388,7
16390,1
16390,16
16390,14
16391,1
16391,5
16392,1
16392,8
16392,11
16393,1
16393,5
16394,1
16394,5
16394,3
16395,1
16395,8
16395,7
16396,1
16397,1
16397,5
16398,1
16399,4
16399,8
16399,2
16400,17
16402,17
16403,4
16403,21
16403,17
16405,21
16405,17
16406,1
16406,4
16406,8
16408,21
16410,4
16410,8
16410,27
16411,1
16411,15
16411,23
16411,7
16412,21
16412,17
16414,16
16414,15
16416,1
16416,3
16416,18
16417,1
16417,16
16419,16
16420,1
16420,8
16420,13
16421,1
16421,10
16421,7
16422,1
16422,21
16423,1
16423,7
16423,21
16424,1
16424,7
16425,1
16425,16
16425,7
16426,1
16426,15
16426,6
16426,7
16427,1
16427,5
16427,7
16429,16
16429,4
16429,15
16429,10
16430,16
16430,15
16431,16
16431,4
16431,15
16431,13
16432,1
16432,15
16432,13
16432,7
16433,1
16433,15
16433,13
16433,7
16434,16
16434,15
16435,1
16435,15
16435,2
16436,1
16436,15
16437,1
16437,15
16437,7
16438,16
16438,4
16438,15
16438,7
16439,21
16440,21
16440,17
16441,21
16441,17
16442,21
16443,1
16443,15
16444,16
16444,4
16444,11
16445,16
16445,15
16445,13
16446,1
16446,16
16446,15
16446,13
16447,1
16447,16
16447,15
16447,13
16448,16
16448,15
16449,15
16449,7
16449,17
16452,15
16452,10
16455,16
16458,16
16458,27
16458,10
16460,10
16465,4
16466,23
16469,1
16469,16
16469,14
16470,1
16470,7
16471,1
16471,5
16471,11
16472,1
16472,4
16472,5
16473,14
16473,13
16474,1
16474,16
16474,15
16474,13
16475,1
16475,14
16475,7
16476,1
16476,7
16477,10
16477,17
16478,1
16478,21
16479,1
16479,16
16479,7
16483,1
16483,16
16483,7
16484,27
16487,16
16488,25
16490,21
16493,21
16496,1
16497,16
16497,27
16499,25
16500,16
16501,1
16501,2
16504,1
16505,1
16505,16
16506,5
16506,11
16507,1
16507,5
16508,1
16508,5
16508,11
16510,1
16510,16
16510,7
16511,1
16511,7
16511,2
16512,1
16512,7
16513,1
16513,7
16514,1
16514,17
16515,1
16515,16
16516,4
16516,8
16516,22
16519,1
16519,7
16520,17
16521,21
16521,17
16522,21
16522,17
16523,17
16524,21
16524,17
16525,4
16525,8
16525,25
16526,21
16526,17
16528,21
16528,17
16531,16
16533,1
16533,27
16534,27
16535,27
16535,10
16536,27
16537,27
16537,10
16538,27
16539,16
16540,8
16540,5
16540,11
16541,1
16541,16
16541,7
16542,1
16542,7
16543,16
16543,15
16543,14
16544,1
16544,4
16544,5
16545,1
16545,16
16545,5
16546,1
16546,5
16546,11
16547,1
16547,3
16548,1
16548,21
16549,4
16549,8
16549,15
16549,13
16552,1
16552,4
16552,7
16561,21
16562,4
16562,8
16562,5
16564,4
16564,15
16564,2
16565,21
16565,17
16566,1
16566,21
16566,17
16567,21
16567,17
16568,16
16569,16
16569,10
16570,16
16571,16
16571,10
16572,16
16572,8
16573,16
16574,16
16574,8
16575,1
16575,16
16575,11
16577,1
16577,5
16577,11
16579,1
16579,2
16580,16
16580,7
16581,1
16581,7
16582,1
16582,7
16585,1
16585,7
16587,16
16588,25
16589,27
16590,27
16590,10
16591,16
16592,1
16592,16
16592,7
16594,1
16594,8
16594,13
16595,4
16595,15
16595,13
16596,1
16596,7
16597,16
16597,15
16598,16
16598,8
16598,15
16599,16
16599,15
16600,16
16600,15
16600,7
16601,16
16601,15
16601,13
16602,5
16602,12
16603,21
16603,17
16604,28
16605,1
16605,15
16606,21
16606,17
16607,1
16609,1
16609,22
16610,1
16610,7
16614,1
16614,7
16615,1
16615,16
16616,1
16616,15
16616,2
16617,16
16617,15
16618,16
16618,4
16618,15
16619,8
16619,15
16619,14
16619,13
16620,1
16620,15
16620,13
16620,11
16622,1
16622,16
16622,11
16623,1
16623,17
16624,1
16624,5
16625,1
16625,7
16626,23
16627,1
16627,7
16628,16
16628,24
16629,16
16630,1
16630,11
16631,1
16632,16
16632,4
16632,15
16633,16
16633,15
16634,16
16634,15
16634,13
16635,16
16636,15
16636,10
16636,2
16637,1
16637,7
16638,4
16638,15
16638,2
16639,1
16639,16
16639,15
16639,7
16641,16
16641,24
16645,22
16646,1
16646,15
16646,13
16646,22
16647,16
16647,4
16647,15
16647,22
16649,1
16649,16
16649,7
16650,1
16650,16
16650,7
16651,1
16651,15
16652,1
16652,15
16652,7
16656,27
16657,27
16657,14
16658,1
16658,7
16659,22
16662,1
16662,21
16662,9
16664,1
16666,11
16671,7
16671,11
16671,28
16674,16
16677,16
16677,13
16678,16
16678,2
16682,1
16682,5
16682,7
16683,1
16683,14
16685,1
16686,1
16686,16
16686,13
16687,1
16687,16
16687,14
16688,1
16688,5
16688,3
16689,1
16689,16
16689,7
16690,1
16691,22
16693,22
16694,16
16696,1
16696,16
16696,7
16698,5
16704,24
16705,1
16705,5
16705,7
16706,1
16708,1
16708,21
16709,21
16709,17
16715,22
16717,25
16717,18
16718,1
16718,16
16718,7
16719,5
16719,11
16720,1
16720,5
16721,1
16721,18
16722,1
16724,16
16724,4
16724,15
16724,2
16725,1
16725,15
16725,22
16729,7
16730,1
16730,7
16734,10
16735,22
16737,18
16740,1
16740,16
16740,7
16741,1
16741,7
16742,16
16742,10
16743,1
16745,15
16745,2
16747,1
16747,5
16747,3
16748,16
16748,27
16748,22
16749,1
16749,14
16750,15
16750,13
16751,16
16751,15
16752,16
16752,14
16753,22
16754,1
16754,4
16754,8
16754,15
16755,26
16756,16
16756,15
16757,26
16759,16
16760,22
16762,1
16762,22
16763,16
16764,18
16765,1
16765,16
16765,6
16766,1
16768,1
16769,1
16769,16
16771,23
16771,24
16772,1
16773,1
16773,5
16774,1
16774,27
16774,13
16775,1
16776,1
16776,21
16777,1
16777,7
16777,11
16778,22
16781,1
16781,16
16781,7
16782,1
16782,7
16785,16
16786,22
16787,1
16787,15
16787,7
16787,22
16788,1
16789,25
16790,1
16790,16
16791,1
16791,24
16794,8
16794,13
16794,11
16795,1
16795,21
16795,9
16801,1
16802,16
16802,17
16803,1
16803,4
16803,21
16805,1
16805,5
16808,1
16808,7
16813,4
16813,8
16813,13
16814,16
16814,27
16814,13
16815,4
16815,11
16817,22
16818,22
16822,16
16822,28
16823,16
16825,1
16825,7
16826,27
16826,14
16826,11
16828,4
16828,8
16828,13
16829,1
16829,2
16829,3
16830,1
16830,5
16831,16
16833,16
16834,23
16835,1
16835,7
16836,1
16836,5
16836,2
16838,4
16838,25
16839,4
16839,8
16839,2
16840,1
16840,11
16842,24
16843,1
16844,1
16844,4
16845,1
16846,16
16846,8
16846,27
16847,15
16847,7
16847,11
16848,1
16848,7
16849,1
16849,7
16850,22
16851,1
16851,17
16852,1
16852,7
16854,1
16856,16
16856,28
16857,16
16857,22
16858,1
16858,15
16858,13
16858,6
16860,1
16860,7
16861,1
16861,5
16861,11
16864,1
16864,13
16866,4
16866,8
16866,2
16867,1
16868,4
16868,15
16868,2
16869,1
16869,5
16870,1
16870,16
16871,1
16871,5
16872,1
16872,5
16872,11
16873,22
16874,1
16874,7
16875,8
16875,27
16876,4
16876,5
16876,3
16877,4
16877,13
16877,6
16878,25
16879,1
16879,5
16882,1
16882,16
16882,13
16884,16
16884,4
16889,1
16889,7
16890,1
16890,8
16890,13
16891,4
16891,8
16892,4
16892,5
16892,13
16893,1
16893,6
16893,2
16894,4
16894,8
16894,5
16895,1
16895,5
16897,16
16897,4
16897,8
16899,1
16899,5
16900,1
16900,5
16901,1
16901,5
16902,1
16902,5
16903,1
16903,5
16906,16
16908,18
16911,16
16911,24
16911,22
16914,23
16915,4
16915,8
16915,15
16915,13
16916,1
16916,16
16916,15
16916,7
16917,23
16917,24
16918,1
16918,4
16918,21
16920,1
16921,5
16921,19
16922,16
16922,5
16923,5
16924,1
16924,18
16925,1
16925,5
16927,1
16927,7
16928,1
16928,7
16930,1
16930,16
16931,16
16931,5
16932,1
16932,7
16933,1
16933,4
16934,1
16934,21
16935,1
16935,7
16935,11
16937,16
16937,14
16938,3
16938,9
16943,1
16943,21
16943,17
16945,1
16945,5
16946,5
16948,18
16950,1
16950,16
16952,4
16952,8
16952,15
16952,22
16953,8
16953,27
16953,2
16954,1
16954,14
16954,7
16956,23
16957,1
16957,16
16957,5
16958,1
16958,16
16958,4
16959,1
16959,5
16959,11
16960,22
16962,16
16962,8
16962,21
16964,1
16965,1
16965,5
16965,11
16966,25
16967,11
16968,1
16968,7
16976,27
16978,23
16984,4
16990,23
16998,8
16998,21
16999,1
16999,21
17000,15
17000,13
17001,1
17001,15
17003,10
17004,4
17004,22
17005,16
17005,27
17006,5
17007,1
17007,5
17008,27
17009,17
17010,4
17011,5
17014,23
17015,8
17015,15
17015,13
17015,11
17026,23
17028,4
17028,22
17029,1
17029,11
17030,1
17033,10
17036,16
17036,27
17037,1
17037,5
17038,27
17039,27
17040,1
17040,14
17041,1
17041,5
17042,5
17043,5
17044,1
17045,5
17046,1
17046,5
17047,1
17047,5
17049,5
17050,5
17050,3
17051,5
17052,27
17053,16
17053,14
17054,16
17056,1
17056,7
17056,18
17057,14
17058,1
17059,1
17059,15
17059,22
17062,1
17063,22
17064,1
17064,5
17065,1
17065,4
17065,18
17066,4
17068,1
17068,18
17069,1
17069,14
17070,1
17070,14
17071,1
17071,18
17072,5
17074,1
17074,7
17075,1
17076,1
17076,14
17078,16
17078,8
17081,1
17081,8
17081,15
17082,23
17082,14
17083,1
17083,16
17083,15
17084,4
17085,16
17085,15
17086,16
17086,15
17086,7
17087,16
17087,15
17087,7
17088,10
17090,16
17090,4
17090,15
17090,6
17091,1
17091,14
17095,23
17095,24
17096,1
17096,11
17096,17
17097,1
17097,7
17097,11
17099,1
17099,2
17099,11
17100,4
17100,8
17100,15
17100,11
17101,1
17102,1
17102,7
17108,1
17108,7
17109,1
17109,5
17110,24
17111,1
17111,11
17112,1
17112,5
17112,14
17117,1
17118,1
17118,5
17118,3
17121,1
17121,11
17124,4
17124,22
17126,16
17126,15
17126,22
17127,16
17127,14
17128,1
17128,16
17128,7
17129,16
17129,14
17129,13
17130,4
17130,8
17130,15
17131,1
17131,20
17131,17
17132,23
17133,1
17133,18
17136,17
17137,16
17137,4
17137,5
17140,1
17140,7
17141,22
17143,1
17143,15
17144,1
17144,15
17145,1
17147,1
17147,14
17148,16
17148,27
17149,1
17149,15
17149,7
17150,23
17151,8
17151,27
17153,1
17153,16
17153,5
17154,23
17155,4
17155,8
17155,15
17156,1
17156,15
17156,7
17156,2
17160,1
17160,4
17160,5
17161,1
17161,4
17161,5
17162,1
17162,4
17162,5
17163,1
17163,16
17170,1
17170,15
17170,22
17171,1
17171,15
17172,1
17172,4
17172,15
17173,1
17173,15
17173,2
17174,1
17174,15
17174,22
17175,1
17175,16
17175,7
17176,1
17176,15
17176,3
17178,1
17178,4
17178,8
17180,16
17180,24
17181,16
17182,7
17183,1
17183,18
17184,1
17184,5
17184,19
17185,1
17185,5
17189,1
17189,8
17190,1
17190,5
17190,11
17193,1
17193,15
17193,7
17194,16
17194,4
17194,15
17194,13
17195,16
17196,1
17196,18
17202,1
17202,7
17203,1
17203,14
17203,7
17204,16
17204,14
17205,17
17206,1
17206,5
17207,16
17208,4
17208,5
17209,5
17211,16
17212,23
17213,23
17217,8
17217,27
17219,16
17220,10
17226,8
17226,23
17226,24
17242,27
17246,16
17249,26
17250,27
17253,11
17254,8
17254,15
17254,13
17255,16
17257,1
17257,16
17257,7
17258,1
17258,5
17258,3
17260,24
17260,22
17261,4
17261,5
17262,1
17263,1
17263,7
17264,16
17265,14
17265,25
17266,4
17266,24
17266,22
17271,23
17272,16
17272,14
17278,26
17280,1
17280,21
17281,1
17281,7
17282,1
17282,7
17284,11
17285,1
17285,16
17286,1
17286,5
17287,5
17287,11
17288,1
17288,7
17290,1
17290,7
17290,2
17291,1
17291,16
17292,1
17292,3
17293,1
17294,22
17295,1
17295,4
17295,15
17295,2
17296,1
17299,16
17300,23
17301,1
17301,7
17302,1
17302,18
17303,4
17303,8
17303,13
17304,1
17304,16
17304,4
17304,15
17305,1
17305,3
17306,7
17307,1
17307,5
17309,1
17309,16
17310,1
17312,1
17312,16
17312,14
17313,1
17313,5
17313,3
17314,1
17315,1
17315,7
17316,27
17317,1
17318,1
17318,16
17318,17
17319,1
17319,16
17319,4
17320,16
17321,16
17322,16
17324,16
17337,16
17339,1
17339,16
17339,7
17343,1
17346,8
17346,22
17347,22
17349,1
17349,7
17351,22
17352,16
17352,22
17354,1
17354,5
17355,1
17355,7
17356,2
17358,25
17359,10
17360,16
17361,1
17361,8
17361,5
17362,1
17362,16
17362,14
17363,1
17363,7
17363,17
17364,16
17364,4
17364,7
17366,1
17366,4
17366,17
17367,16
17368,1
17368,16
17368,7
17369,1
17369,17
17370,1
17370,7
17371,1
17371,7
17375,23
17379,1
17379,5
17380,16
17381,11
17382,1
17382,14
17383,1
17384,1
17384,14
17385,1
17385,16
17385,7
17386,1
17386,16
17386,11
17387,1
17387,7
17388,1
17392,16
17392,10
17392,17
17393,4
17393,8
17394,4
17394,8
17395,10
17396,1
17398,1
17398,7
17398,11
17399,1
17399,16
17399,7
17400,1
17400,20
17401,8
17401,14
17402,16
17403,4
17403,8
17403,27
17405,10
17406,16
17407,11
17407,17
17411,1
17411,4
17411,21
17412,16
17412,7
17413,16
17413,8
17413,2
17415,16
17416,16
17417,16
17419,16
17419,7
17420,16
17423,15
17423,2
17423,9
17424,16
17424,14
17425,10
17427,1
17427,5
17428,1
17428,25
17428,18
17429,5
17429,17
17430,1
17430,11
17430,19
17431,23
17434,16
17434,14
17436,16
17437,1
17437,20
17438,1
17438,5
17439,22
17441,28
17442,27
17443,16
17445,10
17446,18
17447,27
17447,14
17448,23
17450,5
17451,1
17451,16
17452,28
17453,7
17456,1
17456,8
17456,5
17458,14
17458,24
17459,17
17460,23
17461,1
17462,22
17471,1
17471,7
17472,22
17473,16
17473,15
17473,7
17474,1
17474,7
17475,1
17475,5
17475,11
17476,1
17476,16
17476,15
17476,7
17477,16
17477,15
17477,13
17478,1
17478,16
17478,15
17478,17
17480,20
17482,1
17482,5
17482,11
17484,1
17484,4
17485,7
17487,7
17489,16
17495,5
17495,19
17496,22
17502,24
17504,4
17504,8
17504,27
17505,27
17506,8
17506,27
17506,13
17509,27
17520,26
17522,8
17522,22
17527,1
17527,16
17527,2
17529,16
17529,25
17531,1
17531,17
17532,1
17532,14
17532,7
17533,1
17533,14
17533,7
17534,8
17534,27
17536,10
17538,1
17538,7
17539,1
17539,7
17539,18
17543,1
17543,14
17543,7
17545,22
17546,22
17548,1
17548,14
17548,7
17553,27
17556,16
17556,14
17556,7
17563,23
17564,16
17569,16
17571,8
17571,20
17575,25
17579,27
17580,16
17581,14
17581,17
17585,2
17587,1
17588,16
17589,16
17592,1
17592,7
17594,16
17594,14
17597,27
17598,1
17598,7
17600,1
17600,16
17600,7
17601,1
17601,14
17602,1
17602,7
17603,1
17603,14
17603,7
17605,1
17605,17
17608,16
17608,17
17609,16
17610,18
17612,16
17612,14
17612,7
17613,7
17616,16
17617,1
17617,7
17621,16
17622,26
17626,26
17630,5
17631,1
17631,16
17631,15
17631,7
17632,16
17632,27
17632,13
17634,1
17634,5
17638,23
17639,4
17639,15
17639,13
17639,7
17640,23
17641,23
17642,23
17643,1
17643,16
17643,5
17644,1
17644,7
17645,16
17645,27
17645,14
17646,16
17647,1
17648,16
17648,15
17648,13
17649,16
17650,16
17650,2
17652,16
17652,4
17652,15
17652,7
17655,1
17655,16
17655,27
17657,1
17658,1
17658,27
17658,22
17659,1
17660,17
17661,16
17661,27
17661,2
17662,1
17662,18
17663,16
17664,1
17664,5
17664,11
17665,8
17665,14
17665,24
17667,10
17670,16
17672,4
17672,15
17672,13
17672,11
17673,4
17673,15
17673,13
17673,17
17674,8
17674,15
17674,13
17675,1
17675,16
17675,15
17675,13
17676,16
17676,15
17676,13
17677,4
17677,8
17677,15
17678,16
17678,15
17678,13
17679,16
17679,15
17680,16
17680,15
17680,13
17681,8
17681,27
17682,1
17682,18
17683,7
17684,25
17685,1
17685,7
17686,1
17686,7
17687,10
17687,17
17688,1
17688,7
17689,1
17689,14
17689,7
17690,1
17690,7
17691,1
17691,16
17691,7
17692,1
17692,14
17692,7
17693,16
17693,15
17693,13
17694,1
17694,16
17694,15
17694,7
17695,16
17695,15
17695,11
17697,1
17697,7
17698,1
17699,8
17699,27
17699,2
17700,4
17700,8
17700,3
17702,24
17703,1
17703,2
17707,23
17708,1
17708,15
17708,7
17709,1
17709,21
17709,17
17710,1
17710,19
17711,16
17711,10
17711,7
17712,20
17713,25
17713,18
17715,1
17715,17
17716,16
17717,16
17718,1
17718,3
17719,1
17719,5
17720,1
17721,1
17721,7
17721,3
17722,1
17722,7
17723,1
17725,1
17725,23
17727,8
17727,27
17727,13
17729,8
17729,15
17729,13
17729,17
17732,1
17732,5
17733,1
17733,15
17733,11
17734,1
17734,3
17734,19
17735,16
17736,1
17736,16
17736,7
17737,1
17737,7
17737,19
17738,1
17738,18
17739,1
17740,1
17741,1
17741,5
17742,1
17743,11
17744,16
17744,7
17744,9
17745,16
17745,4
17746,1
17746,7
17747,4
17747,3
17747,11
17748,1
17748,14
17748,7
17749,1
17749,7
17750,1
17750,7
17751,1
17751,7
17752,1
17752,17
17753,27
17754,4
17754,8
17754,27
17755,27
17756,4
17756,8
17756,27
17757,27
17759,16
17759,27
17760,27
17761,27
17761,14
17762,1
17762,16
17762,7
17763,4
17763,15
17763,6
17763,2
17771,1
17771,5
17777,1
17777,5
17778,16
17779,23
17780,23
17781,16
17781,10
17782,25
17783,10
17784,23
17785,25
17786,24
17787,1
17787,4
17787,5
17788,17
17789,25
17790,1
17790,7
17791,1
17791,15
17791,13
17792,1
17792,16
17792,6
17795,1
17795,7
17797,17
17800,16
17801,16
17801,4
17801,7
17803,1
17803,2
17804,1
17804,7
17805,1
17805,14
17805,7
17806,1
17806,7
17807,1
17807,16
17808,16
17808,5
17809,1
17810,1
17811,1
17811,7
17812,1
17812,7
17813,1
17813,7
17814,1
17814,7
17816,5
17817,1
17817,15
17817,6
17817,11
17819,17
17820,27
17822,1
17822,27
17822,22
17824,16
17824,15
17825,16
17825,15
17825,7
17826,8
17826,15
17826,13
17830,22
17832,1
17832,7
17833,16
17833,5
17834,4
17834,15
17834,17
17836,1
17836,5
17836,3
17838,4
17838,8
17839,16
17839,4
17839,15
17839,11
17840,23
17843,23
17844,27
17846,16
17847,23
17851,12
17852,4
17852,15
17852,6
17852,3
17853,13
17853,6
17853,2
17855,16
17856,1
17856,4
17856,5
17858,16
17859,24
17861,1
17861,2
17861,12
17862,4
17862,5
17862,2
17863,23
17866,1
17866,14
17866,11
17867,16
17867,4
17867,27
17868,25
17869,1
17869,16
17869,22
17870,5
17877,26
17881,1
17881,15
17881,7
17882,16
17882,15
17882,13
17883,8
17883,24
17886,17
17887,16
17887,4
17887,2
17889,16
17890,5
17890,3
17890,11
17891,16
17891,15
17891,10
17894,16
17894,15
17896,15
17896,6
17896,3
17896,11
17897,1
17898,8
17898,15
17898,13
17898,6
17899,1
17899,11
17899,18
17900,16
17900,15
17904,1
17904,5
17907,1
17907,7
17910,16
17910,27
17912,16
17912,24
17914,1
17914,7
17916,8
17916,15
17916,2
17916,11
17917,16
17917,14
17919,6
17919,3
17920,1
17920,16
17920,6
17921,6
17921,2
17921,11
17922,10
17923,6
17923,12
17924,26
17925,1
17925,17
17926,16
17927,1
17928,16
17929,5
17930,1
17930,16
17931,1
17931,16
17931,18
17932,1
17932,4
17932,7
17934,16
17934,7
17935,16
17937,16
17938,5
17939,1
17939,16
17939,7
17940,1
17940,15
17940,2
17942,1
17942,7
17943,1
17943,15
17943,6
17943,11
17944,16
17944,27
17944,13
17945,1
17945,2
17946,1
17946,16
17946,15
17946,14
17948,16
17948,4
17948,15
17948,13
17949,4
17949,15
17949,13
17951,1
17951,15
17952,1
17952,5
17952,11
17955,16
17955,15
17956,4
17956,15
17956,13
17957,16
17957,4
17957,15
17957,13
17958,4
17958,8
17958,15
17958,2
17959,1
17959,15
17959,13
17959,7
17960,16
17960,15
17960,13
17961,16
17961,15
17961,13
17963,1
17963,16
17963,8
17967,23
17969,15
17969,5
17969,2
17969,11
17970,1
17970,13
17971,1
17971,8
17971,15
17971,13
17972,1
17972,8
17972,15
17972,13
17973,4
17973,15
17973,2
17974,1
17974,6
17974,3
17975,6
17975,3
17976,16
17976,13
17978,1
17978,7
17980,6
17980,7
17980,11
17981,1
17981,10
17981,7
17982,27
17982,13
17983,1
17983,20
17984,16
17987,1
17987,16
17987,7
17988,1
17988,5
17988,7
17989,1
17989,7
17990,1
17990,7
17992,27
17993,27
17994,16
17995,27
17997,16
17997,14
17998,27
17999,1
17999,5
17999,9
18000,14
18001,4
18001,8
18001,27
18002,16
18002,27
18003,27
18005,27
18005,14
18006,2
18007,27
18007,10
18008,27
18009,8
18009,27
18011,8
18011,27
18011,14
18013,27
18014,27
18015,16
18015,27
18017,4
18017,15
18017,2
18018,4
18018,8
18018,15
18018,2
18019,1
18019,16
18019,15
18019,12
18020,1
18020,16
18020,14
18021,23
18022,16
18023,1
18023,16
18023,15
18023,10
18025,16
18025,15
18025,13
18027,16
18027,7
18028,16
18029,23
18029,24
18030,23
18030,24
18031,24
18031,17
18033,5
18033,11
18034,13
18034,6
18035,16
18035,14
18035,6
18036,16
18037,13
18037,6
18037,11
18039,10
18040,16
18042,1
18042,5
18043,1
18043,16
18043,20
18044,16
18045,22
18047,11
18048,1
18048,16
18050,5
18053,5
18055,27
18056,16
18058,25
18062,27
18063,15
18063,6
18063,11
18064,4
18064,15
18064,6
18064,7
18066,5
18066,11
18067,1
18068,1
18068,21
18070,24
18071,25
18072,1
18072,7
18073,16
18074,16
18074,14
18075,26
18076,17
18078,16
18079,1
18079,4
18079,8
18080,10
18081,18
18082,19
18083,15
18083,13
18083,6
18084,16
18084,13
18084,12
18086,1
18086,7
18094,1
18094,7
18098,25
18099,1
18099,14
18099,7
18100,16
18102,22
18105,1
18109,1
18109,2
18109,11
18113,16
18113,27
18114,10
18116,27
18122,16
18127,8
18127,22
18128,25
18128,22
18129,23
18129,24
18130,22
18131,22
18134,16
18149,18
18151,12
18153,22
18154,4
18154,15
18154,2
18155,27
18157,27
18161,1
18161,6
18161,3
18162,1
18162,15
18162,6
18162,11
18163,4
18163,8
18163,13
18165,16
18165,27
18165,2
18166,27
18167,16
18167,27
18169,10
18170,8
18170,25
18170,24
18171,5
18171,10
18171,17
18172,16
18173,1
18173,7
18174,1
18174,16
18174,7
18175,4
18175,8
18175,2
18176,1
18176,16
18177,1
18177,25
18178,16
18181,1
18181,14
18181,7
18182,1
18182,7
18183,1
18183,7
18185,1
18185,2
18185,11
18186,1
18186,5
18187,11
18191,15
18192,16
18192,27
18192,14
18195,16
18196,16
18197,1
18197,4
18197,5
18198,1
18198,4
18198,5
18199,16
18199,4
18199,15
18199,13
18206,1
18206,19
18208,23
18210,16
18211,1
18212,16
18212,14
18216,4
18216,8
18216,27
18223,23
18224,4
18224,8
18224,15
18225,16
18225,7
18227,1
18227,15
18227,7
18228,1
18228,7
18231,16
18232,16
18233,16
18236,4
18236,15
18236,6
18237,1
18237,15
18237,2
18238,1
18238,15
18239,23
18239,24
18242,22
18248,21
18248,17
18249,1
18249,21
18249,17
18250,1
18250,21
18250,17
18251,8
18251,15
18251,13
18252,16
18252,15
18252,7
18252,12
18259,4
18259,8
18259,15
18259,13
18260,16
18260,4
18260,15
18260,6
18263,1
18263,7
18265,1
18265,7
18267,4
18267,5
18267,3
18268,16
18268,14
18269,1
18269,16
18270,1
18270,7
18270,11
18271,1
18271,15
18272,10
18273,1
18273,16
18273,15
18273,22
18274,16
18274,7
18276,1
18276,4
18276,8
18277,25
18278,16
18279,1
18279,5
18283,25
18286,16
18286,13
18287,1
18287,17
18288,16
18288,15
18289,1
18290,16
18292,16
18292,7
18293,1
18293,16
18293,7
18294,1
18294,11
18296,16
18296,7
18297,1
18297,15
18297,13
18298,1
18298,5
18298,3
18301,16
18302,16
18303,16
18305,16
18306,1
18306,7
18307,5
18307,11
18308,1
18311,16
18313,1
18313,7
18314,4
18314,15
18314,6
18315,8
18315,24
18316,16
18317,1
18318,4
18318,15
18318,13
18319,16
18319,4
18319,15
18322,25
18326,16
18326,15
18327,1
18327,15
18327,10
18328,8
18328,15
18328,2
18332,1
18332,4
18332,5
18333,1
18333,4
18333,7
18334,1
18335,1
18335,16
18335,13
18336,1
18336,7
18338,5
18338,11
18339,26
18341,1
18341,15
18342,27
18343,1
18343,5
18343,11
18344,1
18344,7
18346,1
18347,1
18347,17
18349,15
18349,10
18350,1
18352,16
18352,4
18352,15
18352,13
18353,4
18353,15
18353,7
18354,8
18354,27
18354,14
18355,1
18355,15
18355,10
18355,7
18356,16
18357,1
18360,1
18361,1
18361,7
18362,1
18362,7
18363,16
18364,1
18364,5
18364,11
18365,2
18365,3
18365,11
18366,4
18366,8
18366,5
18371,1
18371,8
18371,17
18374,4
18374,8
18374,27
18376,4
18376,8
18377,23
18379,5
18381,1
18381,3
18381,21
18382,1
18382,3
18389,18
18390,1
18390,11
18395,16
18395,27
18396,16
18396,23
18397,16
18397,27
18398,16
18398,15
18398,2
18399,5
18401,1
18401,16
18401,7
18403,16
18404,1
18404,3
18405,1
18405,7
18406,16
18407,4
18407,8
18407,2
18408,5
18408,11
18409,1
18409,8
18409,13
18410,1
18410,4
18410,8
18411,1
18411,7
18411,17
18412,1
18413,1
18414,1
18414,8
18414,13
18415,1
18415,17
18416,1
18417,1
18417,4
18417,8
18419,1
18419,10
18420,1
18420,4
18420,5
18421,5
18422,5
18423,16
18423,5
18424,1
18424,3
18424,9
18425,16
18425,27
18426,16
18426,8
18426,27
18427,1
18428,27
18429,8
18429,27
18430,1
18430,8
18430,13
18431,4
18431,8
18432,1
18432,16
18432,8
18433,16
18433,8
18433,13
18434,1
18434,5
18434,3
18435,16
18435,22
18437,1
18437,11
18437,17
18438,1
18438,2
18438,3
18439,1
18439,16
18440,1
18440,5
18441,1
18441,18
18442,1
18443,1
18443,18
18444,25
18445,1
18445,8
18446,1
18446,7
18447,1
18448,1
18448,14
18448,7
18450,1
18450,5
18451,4
18451,15
18451,6
18451,11
18452,15
18452,6
18452,11
18453,1
18453,5
18454,1
18454,5
18454,19
18458,16
18458,27
18459,27
18460,1
18460,16
18460,8
18461,4
18461,8
18461,27
18462,4
18462,8
18462,27
18463,4
18463,8
18465,10
18466,8
18466,15
18466,2
18467,8
18467,27
18467,13
18468,1
18468,2
18468,11
18469,16
18469,4
18469,8
18470,8
18470,2
18471,5
18473,16
18473,15
18473,13
18473,7
18477,16
18479,4
18479,8
18479,15
18479,13
18480,16
18480,8
18480,15
18480,13
18481,1
18481,15
18481,7
18481,2
18482,1
18482,16
18482,4
18482,15
18483,4
18483,15
18483,2
18484,1
18484,15
18484,10
18484,2
18485,1
18485,4
18485,15
18485,5
18486,4
18486,15
18486,7
18486,21
18487,1
18487,4
18487,15
18488,8
18488,15
18488,2
18489,4
18489,8
18489,15
18489,2
18490,4
18490,8
18490,15
18490,2
18491,4
18491,8
18491,15
18491,13
18494,1
18494,2
18494,3
18495,16
18495,27
18496,1
18496,8
18496,27
18497,16
18500,17
18500,9
18501,1
18501,4
18501,5
18502,1
18504,8
18504,27
18505,16
18505,27
18505,14
18506,16
18507,1
18507,4
18508,16
18508,14
18508,13
18509,1
18509,16
18510,27
18511,4
18511,8
18511,27
18512,1
18512,4
18512,8
18513,27
18513,10
18514,16
18514,14
18515,4
18515,8
18516,4
18516,8
18516,27
18517,1
18517,5
18517,2
18518,27
18518,14
18519,4
18519,8
18520,4
18520,8
18520,27
18523,24
18525,23
18526,5
18529,18
18536,16
18539,8
18539,25
18539,24
18540,24
18542,16
18542,27
18545,1
18545,17
18546,1
18546,7
18546,17
18547,1
18550,27
18550,14
18551,16
18551,15
18551,7
18552,11
18552,12
18553,16
18553,15
18555,4
18556,16
18556,15
18556,17
18557,1
18557,3
18557,9
18558,1
18559,1
18560,4
18560,8
18560,13
18561,1
18561,13
18562,4
18562,8
18562,13
18563,16
18565,16
18568,22
18570,4
18570,17
18570,22
18571,1
18571,16
18571,7
18572,15
18572,13
18572,7
18572,17
18574,1
18574,17
18575,1
18576,16
18577,4
18577,8
18578,1
18580,1
18580,17
18582,27
18583,1
18584,1
18584,27
18584,13
18585,16
18586,16
18586,8
18586,14
18587,1
18587,7
18588,6
18588,3
18588,12
18589,16
18589,15
18589,10
18590,16
18591,27
18591,13
18591,2
18592,1
18592,16
18592,12
18595,1
18596,1
18596,5
18597,1
18598,17
18599,1
18599,4
18599,8
18600,1
18600,5
18601,1
18601,5
18602,1
18602,5
18603,7
18604,1
18604,21
18605,1
18605,16
18605,7
18606,16
18606,7
18607,25
18608,16
18608,4
18608,8
18609,1
18609,16
18609,7
18610,1
18610,4
18610,20
18611,5
18611,3
18613,1
18613,5
18613,3
18615,16
18616,1
18616,16
18616,5
18617,24
18619,24
18621,1
18621,27
18621,13
18627,16
18627,4
18627,13
18628,16
18628,13
18628,7
18629,1
18629,13
18629,7
18630,13
18630,7
18630,17
18631,1
18631,14
18631,7
18632,1
18632,16
18632,14
18634,1
18634,14
18635,1
18636,1
18636,21
18636,17
18637,16
18637,8
18637,11
18641,16
18641,15
18641,7
18642,1
18642,8
18642,15
18643,4
18643,15
18644,2
18645,1
18645,6
18646,16
18647,16
18649,23
18650,16
18650,4
18651,16
18651,27
18652,13
18652,6
18653,16
18653,6
18653,12
18654,10
18654,17
18655,16
18655,17
18656,17
18657,16
18662,8
18662,20
18664,1
18664,7
18665,1
18665,13
18665,11
18666,27
18667,16
18667,2
18668,1
18668,16
18668,15
18668,2
18669,16
18669,27
18670,8
18670,5
18670,3
18671,1
18671,5
18671,3
18672,6
18672,7
18672,12
18673,26
18675,1
18676,27
18677,18
18678,25
18680,1
18680,16
18680,7
18681,27
18682,16
18682,18
18683,1
18683,16
18683,7
18684,1
18684,7
18685,27
18686,16
18687,4
18687,15
18687,2
18690,8
18690,15
18690,13
18690,11
18691,4
18691,27
18692,8
18692,24
18693,5
18694,8
18694,25
18694,24
18695,8
18695,25
18696,25
18696,24
18696,17
18697,1
18697,4
18697,8
18698,21
18698,17
18701,1
18701,7
18701,17
18702,16
18703,1
18704,1
18704,7
18705,1
18705,3
18706,1
18706,16
18707,1
18708,1
18710,1
18710,11
18711,1
18711,7
18712,1
18712,14
18712,7
18713,1
18713,17
18714,1
18714,16
18715,1
18715,4
18716,1
18716,21
18717,1
18717,16
18717,14
18718,16
18719,21
18720,1
18721,4
18721,8
18721,13
18722,1
18722,7
18723,1
18723,4
18723,7
18725,27
18726,27
18727,27
18728,16
18730,16
18730,22
18736,1
18736,5
18736,7
18737,1
18737,14
18737,7
18738,1
18738,7
18739,16
18739,15
18740,1
18741,1
18741,14
18741,7
18742,1
18742,5
18742,14
18744,1
18744,16
18744,5
18745,1
18745,5
18745,11
18746,4
18746,8
18746,15
18746,2
18747,16
18747,15
18747,2
18748,4
18748,15
18748,13
18748,2
18749,4
18749,8
18749,15
18749,13
18750,1
18750,16
18750,15
18751,4
18751,15
18751,13
18751,7
18752,16
18753,16
18753,8
18753,13
18756,1
18756,7
18757,6
18757,11
18757,12
18758,1
18758,7
18759,1
18759,7
18759,18
18761,16
18762,1
18762,5
18763,1
18763,8
18763,13
18764,1
18764,5
18765,16
18765,4
18765,8
18766,23
18766,24
18767,1
18767,7
18768,1
18768,14
18768,7
18769,4
18769,8
18769,13
18770,1
18770,17
18771,1
18771,5
18772,1
18772,7
18773,1
18775,1
18775,11
18776,4
18776,8
18776,27
18777,13
18778,1
18778,16
18780,1
18780,11
18781,27
18782,1
18782,5
18783,1
18783,5
18783,7
18784,1
18784,5
18784,3
18786,8
18786,13
18787,4
18787,5
18788,1
18788,4
18788,8
18789,1
18789,14
18790,1
18790,14
18790,7
18791,1
18791,16
18791,7
18793,16
18794,16
18795,1
18795,14
18796,1
18796,16
18797,1
18797,16
18797,11
18798,1
18799,1
18799,21
18799,17
18800,1
18801,1
18802,1
18802,21
18802,17
18803,1
18803,21
18804,1
18805,1
18805,7
18807,1
18807,8
18807,2
18808,1
18808,2
18809,4
18809,8
18809,27
18811,14
18813,14
18814,7
18815,1
18816,1
18816,14
18816,18
18817,1
18817,4
18817,5
18818,16
18819,16
18819,23
18819,24
18820,1
18820,14
18820,7
18821,4
18821,8
18821,15
18821,13
18822,16
18823,4
18823,8
18823,2
18825,17
18828,1
18828,16
18830,10
18830,25
18832,2
18833,1
18834,1
18834,5
18834,11
18836,15
18836,5
18836,11
18839,1
18839,7
18841,1
18841,10
18842,1
18842,14
18842,7
18843,1
18844,1
18844,7
18849,1
18849,11
18850,1
18850,11
18851,1
18851,23
18852,1
18853,1
18853,16
18853,7
18854,1
18854,7
18854,19
18855,1
18855,7
18856,1
18856,16
18856,7
18857,1
18857,5
18857,11
18858,1
18858,18
18860,1
18860,7
18860,22
18861,25
18866,5
18867,1
18867,4
18867,5
18868,1
18868,14
18868,7
18870,11
18870,12
18871,12
18872,16
18872,15
18873,22
18874,1
18879,16
18879,10
18880,1
18881,1
18882,1
18882,7
18882,17
18883,1
18884,1
18885,1
18886,1
18886,7
18887,1
18887,17
18888,1
18888,7
18889,1
18889,14
18889,7
18891,24
18891,26
18892,1
18892,7
18893,1
18893,7
18894,16
18895,24
18895,17
18898,25
18900,16
18901,5
18901,14
18903,10
18905,1
18905,16
18907,23
18908,1
18908,14
18908,7
18909,1
18909,7
18909,3
18911,5
18912,16
18912,8
18912,15
18913,16
18913,15
18913,7
18916,16
18916,7
18919,25
18920,16
18921,8
18921,27
18922,16
18922,24
18923,1
18923,15
18923,17
18924,16
18924,8
18924,7
18925,1
18925,5
18927,25
18927,18
18929,22
18930,4
18930,8
18930,15
18931,4
18931,15
18931,7
18931,2
18932,1
18932,8
18932,15
18932,2
18933,15
18933,13
18933,7
18934,1
18934,15
18934,2
18934,21
18935,1
18935,5
18936,1
18936,16
18936,7
18937,16
18937,14
18938,4
18938,8
18938,2
18939,1
18939,7
18940,16
18940,14
18940,7
18941,1
18941,7
18942,1
18942,11
18943,1
18944,1
18944,8
18944,13
18945,16
18945,15
18945,7
18947,26
18948,24
18949,1
18949,16
18949,7
18950,1
18950,7
18951,1
18951,14
18951,7
18952,1
18952,14
18952,7
18953,8
18953,27
18953,14
18954,1
18954,7
18955,4
18955,15
18955,5
18955,2
18956,16
18956,4
18956,27
18957,4
18957,8
18957,15
18957,13
18958,4
18958,15
18958,2
18958,21
18959,27
18959,10
18960,16
18960,4
18960,11
18961,1
18961,22
18962,1
18962,14
18962,7
18963,16
18963,8
18964,16
18964,14
18965,1
18965,16
18965,10
18966,1
18966,5
18966,11
18968,27
18969,1
18969,5
18970,4
18970,8
18973,4
18973,8
18973,15
18973,2
18974,16
18974,15
18974,13
18975,8
18975,15
18975,13
18975,2
18976,1
18976,5
18976,3
18977,4
18977,2
18980,2
18981,4
18981,15
18982,13
18982,6
18982,11
18983,1
18983,17
18986,25
18986,24
18992,26
18993,4
18993,8
18994,16
18994,15
18994,13
18995,16
18995,15
18995,7
18996,1
18998,1
18998,12
18999,1
18999,11
18999,17
19000,1
19000,14
19001,1
19001,15
19001,14
19001,7
19002,1
19003,5
19004,16
19004,14
19005,1
19007,1
19007,7
19008,1
19008,4
19008,5
19010,8
19010,27
19010,13
19011,10
19013,1
19013,4
19013,2
19014,16
19016,26
19018,24
19018,17
19019,1
19022,10
19023,25
19024,16
19025,1
19025,16
19026,1
19027,2
19027,11
19029,1
19029,14
19029,7
19030,11
19032,1
19032,16
19032,7
19033,1
19033,5
19035,1
19035,7
19036,1
19038,16
19038,7
19039,1
19039,16
19039,5
19041,14
19042,16
19042,7
19043,4
19043,27
19043,2
19044,4
19044,15
19044,2
19045,4
19045,15
19045,2
19045,21
19046,16
19046,14
19047,1
19047,5
19048,4
19048,14
19049,16
19049,8
19049,15
19049,2
19050,4
19050,5
19050,7
19051,1
19051,16
19051,7
19052,1
19052,16
19053,1
19053,4
19056,22
19062,1
19062,7
19063,1
19063,5
19063,11
19064,23
19065,1
19065,16
19065,14
19066,16
19067,1
19067,5
19067,3
19068,8
19068,25
19069,1
19070,1
19070,16
19071,14
19071,25
19072,4
19072,15
19072,2
19073,2
19075,16
19077,16
19078,16
19078,9
19079,1
19079,7
19081,1
19081,5
19081,11
19084,1
19084,16
19084,5
19085,8
19086,18
19087,18
19088,21
19088,17
19089,17
19090,21
19090,17
19092,4
19092,8
19093,4
19093,15
19093,2
19094,1
19094,15
19094,7
19094,2
19095,16
19095,15
19095,7
19095,2
19100,21
19100,24
19100,17
19102,7
19103,5
19103,3
19104,1
19104,14
19104,7
19105,8
19105,24
19106,1
19106,7
19107,1
19108,1
19108,7
19109,1
19109,4
19109,8
19110,1
19110,4
19112,17
19113,17
19114,17
19115,11
19115,12
19116,16
19116,2
19117,1
19117,4
19117,15
19117,2
19118,1
19118,15
19118,13
19119,4
19119,8
19119,13
19120,1
19120,16
19120,22
19121,1
19124,1
19125,27
19126,1
19126,14
19127,16
19129,14
19130,27
19131,16
19131,27
19132,1
19133,4
19133,2
19133,9
19134,1
19134,4
19134,2
19135,4
19135,8
19135,15
19136,4
19136,8
19136,13
19137,16
19137,27
19138,4
19138,8
19138,2
19139,4
19139,8
19139,2
19140,5
19140,14
19140,11
19141,1
19141,7
19143,1
19143,7
19144,1
19144,5
19146,21
19146,17
19147,25
19148,1
19148,7
19150,24
19150,17
19155,4
19159,1
19159,7
19166,1
19166,8
19166,11
19167,27
19167,13
19168,2
19169,16
19169,8
19169,27
19170,27
19172,1
19173,1
19173,4
19174,16
19174,27
19175,4
19175,15
19175,27
19176,16
19176,27
19176,2
19177,4
19177,8
19177,2
19178,16
19179,4
19179,8
19179,15
19179,13
19180,4
19181,1
19181,16
19181,7
19182,1
19182,4
19182,7
19183,5
19183,11
19184,4
19184,8
19184,27
19185,16
19185,14
19185,7
19188,1
19188,14
19188,7
19191,16
19191,22
19192,17
19193,24
19194,1
19194,4
19194,5
19195,1
19195,27
19195,5
19196,26
19199,16
19199,2
19200,16
19200,21
19201,1
19201,17
19204,27
19205,4
19205,8
19205,15
19205,2
19206,16
19206,4
19207,16
19207,24
19208,14
19208,2
19212,16
19212,8
19212,13
19213,1
19213,3
19213,11
19214,1
19214,7
19216,5
19216,11
19217,23
19219,16
19219,15
19220,1
19220,14
19220,7
19221,25
19221,26
19222,1
19222,16
19222,7
19223,24
19224,8
19224,15
19224,13
19225,4
19225,13
19225,3
19226,4
19226,15
19226,21
19226,17
19227,1
19227,15
19227,22
19228,15
19228,11
19229,1
19229,13
19229,11
19230,1
19230,5
19231,1
19231,10
19232,1
19232,5
19232,3
19233,16
19233,27
19236,16
19237,1
19237,16
19237,15
19238,1
19238,13
19238,11
19239,1
19239,4
19239,15
19239,2
19242,1
19242,2
19243,1
19243,7
19244,16
19244,8
19244,13
19246,1
19246,16
19246,7
19247,1
19247,16
19247,7
19248,23
19249,4
19249,8
19249,2
19250,16
19250,27
19250,17
19251,27
19251,17
19252,1
19252,7
19253,1
19253,5
19253,3
19254,1
19254,5
19254,18
19256,17
19257,8
19257,15
19257,14
19257,2
19259,16
19260,1
19260,15
19260,2
19261,16
19261,14
19261,6
19262,16
19263,16
19263,15
19263,2
19263,21
19264,16
19264,4
19264,8
19265,1
19265,16
19265,7
19266,16
19267,2
19268,16
19268,8
19268,15
19268,2
19269,16
19271,23
19272,17
19273,16
19273,7
19274,1
19275,16
19278,1
19278,7
19279,16
19280,17
19281,4
19281,15
19281,13
19281,7
19282,1
19282,7
19283,1
19283,14
19284,1
19284,7
19285,1
19285,16
19285,15
19285,7
19286,21
19286,17
19287,10
19288,14
19289,25
19292,17
19293,23
19294,27
19295,1
19295,2
19296,2
19297,2
19298,16
19298,4
19298,8
19299,4
19299,8
19299,15
19299,2
19300,4
19300,15
19300,2
19301,25
19302,7
19302,28
19303,24
19306,16
19307,16
19307,27
19307,2
19308,16
19308,15
19308,7
19309,1
19309,22
19310,16
19311,16
19311,4
19311,15
19311,13
19312,23
19314,1
19314,5
19315,16
19315,7
19316,27
19316,2
19317,1
19318,27
19318,2
19319,4
19319,8
19319,2
19320,14
19321,4
19321,15
19321,13
19322,16
19322,15
19323,1
19323,7
19324,1
19324,7
19326,1
19326,7
19330,1
19330,7
19331,1
19331,16
19331,7
19333,1
19333,7
19333,18
19334,1
19334,16
19334,7
19335,16
19335,15
19335,7
19335,2
19336,8
19336,27
19336,13
19337,16
19337,8
19337,2
19339,8
19339,27
19339,2
19340,22
19341,16
19343,5
19346,5
19347,1
19347,5
19348,5
19349,17
19350,1
19350,5
19350,3
19353,8
19353,24
19354,27
19355,16
19356,27
19358,1
19358,7
19358,11
19359,1
19359,7
19360,10
19361,16
19361,8
19361,24
19363,20
19364,15
19364,10
19366,1
19366,7
19366,3
19367,16
19367,15
19367,7
19367,2
19369,1
19369,8
19369,2
19370,1
19370,15
19370,2
19371,16
19373,25
19374,1
19374,14
19374,7
19375,25
19376,25
19379,8
19379,25
19379,17
19380,25
19381,25
19382,25
19384,16
19388,16
19388,10
19389,16
19391,5
19391,11
19392,15
19392,11
19393,4
19393,8
19393,15
19393,13
19394,8
19394,15
19394,6
19395,1
19395,5
19396,4
19396,8
19396,15
19396,13
19397,16
19398,25
19400,23
19400,24
19403,24
19404,27
19405,25
19406,1
19406,4
19406,15
19406,22
19408,1
19408,27
19408,2
19410,2
19411,16
19411,2
19412,1
19412,16
19412,15
19412,2
19418,8
19419,16
19419,14
19420,16
19420,8
19421,16
19421,27
19422,16
19423,1
19424,1
19424,5
19424,11
19426,16
19426,14
19427,1
19427,16
19429,8
19429,24
19430,16
19430,27
19431,16
19431,15
19431,10
19434,1
19434,2
19435,4
19435,27
19435,2
19436,16
19436,15
19437,11
19438,1
19438,16
19438,15
19438,2
19439,27
19440,4
19440,8
19441,1
19442,16
19442,15
19443,1
19443,7
19444,1
19444,16
19444,7
19445,1
19445,15
19445,13
19445,7
19446,16
19446,15
19452,25
19452,18
19453,16
19453,15
19454,1
19454,16
19454,5
19455,16
19455,15
19455,10
19455,7
19456,8
19456,15
19456,13
19456,17
19458,1
19458,16
19458,15
19458,7
19459,1
19459,7
19460,1
19460,15
19460,7
19461,4
19461,15
19461,2
19461,21
19462,1
19462,16
19462,15
19462,10
19463,4
19463,15
19463,6
19466,1
19466,15
19466,10
19468,5
19468,17
19471,27
19473,27
19474,14
19475,8
19475,27
19475,13
19476,17
19477,7
19477,17
19478,7
19480,17
19481,7
19484,4
19484,15
19485,16
19485,2
19487,1
19487,4
19487,8
19487,15
19488,1
19490,1
19490,7
19491,1
19491,7
19492,1
19492,7
19493,24
19493,17
19496,1
19496,5
19497,16
19497,7
19498,1
19498,4
19498,8
19498,15
19499,16
19499,2
19500,4
19500,15
19500,13
19501,16
19502,16
19502,4
19502,15
19502,13
19503,4
19503,15
19503,2
19504,8
19504,5
19506,16
19506,7
19508,1
19508,5
19509,1
19509,11
19510,1
19510,7
19513,16
19513,15
19513,7
19514,1
19514,3
19519,1
19519,7
19520,16
19520,8
19520,15
19520,13
19521,7
19523,7
19525,16
19525,4
19525,8
19525,15
19526,4
19526,8
19526,15
19526,2
19527,4
19527,8
19527,2
19528,4
19528,8
19528,2
19530,16
19532,17
19533,23
19535,1
19535,7
19535,17
19536,1
19536,4
19536,5
19540,4
19540,8
19540,27
19542,4
19542,15
19542,2
19543,16
19543,8
19543,15
19543,2
19548,16
19550,16
19551,5
19556,1
19556,4
19556,15
19556,2
19557,16
19557,4
19557,15
19557,2
19558,1
19558,8
19558,2
19559,1
19559,4
19559,15
19559,2
19560,16
19560,4
19560,8
19560,15
19561,8
19561,27
19562,22
19563,4
19563,15
19563,2
19564,24
19565,16
19570,16
19571,1
19571,7
19572,1
19572,16
19572,15
19572,7
19575,16
19575,2
19576,1
19576,5
19577,1
19577,4
19577,15
19577,2
19578,15
19578,2
19579,16
19579,4
19579,15
19579,2
19580,4
19580,8
19580,15
19580,2
19581,4
19581,8
19581,2
19582,18
19587,16
19591,1
19591,7
19593,5
19593,2
19593,11
19594,8
19594,13
19594,7
19596,1
19596,16
19596,15
19596,7
19597,5
19597,11
19598,1
19598,4
19598,3
19599,23
19600,1
19600,7
19601,16
19601,7
19602,1
19602,15
19602,17
19603,16
19603,15
19604,16
19604,4
19604,15
19604,13
19605,16
19605,15
19606,1
19606,16
19606,15
19606,7
19607,4
19607,7
19608,4
19608,8
19608,15
19608,2
19609,1
19609,4
19609,15
19610,16
19610,15
19611,1
19611,15
19611,17
19612,16
19612,15
19612,7
19613,1
19613,15
19613,7
19614,4
19614,8
19614,15
19614,2
19615,1
19615,16
19615,15
19616,1
19616,4
19616,8
19617,16
19617,4
19619,8
19619,15
19619,27
19621,16
19621,8
19621,27
19623,1
19623,5
19624,16
19624,8
19624,15
19624,13
19625,16
19626,1
19626,11
19627,16
19629,4
19630,1
19630,16
19631,1
19632,1
19633,16
19633,15
19633,13
19634,1
19634,3
19634,9
19635,16
19635,8
19635,15
19635,2
19636,5
19637,25
19637,17
19638,1
19638,5
19638,11
19640,1
19640,15
19640,10
19641,21
19641,17
19642,16
19643,22
19647,1
19647,7
19648,1
19648,7
19649,1
19649,16
19650,8
19652,14
19653,17
19655,8
19655,27
19655,11
19656,1
19656,17
19657,1
19657,5
19657,11
19659,5
19660,1
19660,4
19660,15
19660,13
19661,16
19665,10
19666,16
19666,24
19667,22
19668,16
19668,14
19668,6
19669,1
19669,5
19670,16
19670,4
19670,15
19670,13
19671,1
19672,16
19672,4
19672,15
19672,6
19673,16
19674,1
19674,8
19674,15
19674,13
19678,1
19678,5
19681,16
19682,16
19685,1
19685,13
19685,17
19686,1
19686,7
19687,16
19688,4
19688,8
19689,1
19690,1
19691,1
19691,5
19691,3
19692,16
19693,1
19693,5
19693,3
19694,1
19694,16
19694,27
19695,1
19696,16
19696,14
19696,13
19697,1
19699,16
19699,10
19700,16
19701,8
19701,15
19701,27
19701,13
19705,16
19705,15
19706,16
19706,8
19706,27
19707,16
19707,8
19708,27
19708,13
19708,2
19709,4
19709,8
19709,27
19710,8
19710,27
19710,14
19711,16
19712,8
19712,27
19712,2
19714,1
19714,17
19716,4
19716,15
19716,13
19717,16
19717,15
19717,27
19718,16
19718,15
19718,7
19719,3
19719,19
19721,1
19721,4
19721,3
19722,1
19722,16
19722,7
19724,16
19725,26
19726,14
19732,26
19735,16
19735,4
19735,2
19736,1
19737,4
19737,8
19737,15
19737,27
19738,1
19738,16
19739,1
19740,1
19740,5
19740,3
19741,1
19741,16
19742,1
19742,5
19743,1
19743,5
19744,1
19745,1
19746,1
19748,16
19748,15
19749,1
19749,3
19750,25
19751,5
19752,4
19752,8
19752,2
19753,4
19753,8
19753,27
19754,25
19755,16
19756,1
19756,16
19756,21
19757,18
19760,16
19760,8
19760,27
19770,6
19770,11
19771,1
19771,3
19771,11
19772,1
19772,6
19772,3
19773,23
19776,1
19776,7
19777,27
19782,16
19782,15
19782,27
19784,16
19786,27
19786,14
19786,20
19790,1
19791,1
19792,1
19792,7
19793,1
19794,1
19795,1
19796,1
19797,1
19797,7
19797,21
19799,10
19799,17
19800,17
19800,19
19803,1
19803,15
19803,27
19804,16
19804,14
19805,1
19805,10
19805,7
19807,1
19807,16
19809,1
19809,3
19809,18
19811,1
19811,14
19811,7
19812,23
19815,25
19816,16
19816,8
19816,15
19816,27
19817,16
19817,7
19818,1
19818,3
19819,1
19819,11
19819,18
19820,5
19823,16
19824,16
19827,4
19827,8
19827,27
19829,17
19830,1
19830,15
19831,1
19831,8
19831,10
19834,8
19834,24
19836,1
19836,7
19838,27
19838,2
19839,27
19841,1
19842,1
19843,16
19844,1
19844,16
19845,16
19846,1
19846,5
19846,11
19847,5
19848,16
19848,27
19849,16
19850,8
19850,27
19850,2
19851,5
19853,1
19853,7
19854,1
19854,16
19854,7
19855,16
19855,15
19857,17
19858,24
19859,17
19860,10
19861,25
19861,17
19862,5
19863,16
19863,8
19864,5
19866,1
19866,7
19867,1
19867,7
19869,16
19870,8
19870,27
19871,27
19872,4
19872,8
19873,1
19873,16
19873,14
19874,27
19875,1
19876,1
19877,16
19877,27
19878,16
19878,8
19878,27
19879,1
19879,16
19879,7
19880,1
19880,4
19880,7
19881,16
19884,1
19884,3
19884,28
19885,10
19887,1
19888,1
19889,21
19889,28
19889,25
19890,1
19890,16
19890,7
19891,16
19891,8
19891,15
19891,2
19892,1
19892,18
19895,1
19895,7
19897,10
19899,1
19899,8
19899,21
19900,1
19900,5
19901,5
19902,5
19903,5
19905,1
19905,15
19905,7
19906,1
19906,7
19907,5
19909,5
19910,23
19911,1
19911,7
19912,1
19912,15
19912,7
19913,1
19913,16
19914,1
19914,15
19914,7
19915,1
19915,11
19915,17
19916,16
19916,7
19920,16
19921,4
19921,8
19921,25
19922,23
19923,4
19923,8
19923,15
19924,16
19925,16
19925,15
19926,16
19926,15
19927,16
19928,1
19928,18
19931,10
19933,16
19934,27
19934,13
19937,1
19937,7
19938,1
19938,7
19939,1
19939,7
19939,17
19941,17
19943,5
19944,1
19944,16
19944,5
19945,1
19946,1
19946,15
19946,17
19947,8
19947,15
19947,17
19948,1
19949,1
19950,1
19951,1
19951,16
19952,1
19954,1
19955,16
19956,16
19957,22
19958,1
19958,7
19959,16
19961,1
19963,16
19963,14
19964,1
19965,1
19966,1
19966,4
19966,5
19967,1
19967,7
19968,16
19969,1
19970,1
19970,5
19970,11
19972,17
19974,16
19974,8
19974,14
19976,26
19978,8
19978,27
19981,16
19981,15
19982,1
19982,7
19983,1
19983,14
19983,7
19984,16
19984,14
19984,7
19985,1
19985,7
19985,22
19986,1
19986,7
19987,1
19987,16
19988,1
19988,7
19988,12
19989,16
19990,1
19990,17
19991,1
19991,7
19996,25
19996,24
19996,17
19997,1
19997,14
19997,7
19999,1
19999,7
20000,15
20000,27
20001,1
20001,16
20003,4
20003,5
20003,2
20006,1
20006,5
20007,4
20007,8
20007,15
20007,17
20008,16
20008,15
20009,5
20014,5
20015,16
20016,1
20016,4
20016,8
20019,15
20019,2
20019,11
20021,8
20021,24
20022,8
20022,27
20022,13
20023,1
20023,11
20023,18
20024,16
20025,1
20025,4
20028,6
20028,11
20031,24
20032,16
20032,27
20032,10
20033,4
20033,2
20034,1
20035,27
20038,1
20038,16
20038,7
20039,1
20039,4
20039,7
20041,4
20041,5
20041,2
20044,1
20044,5
20044,11
20045,5
20046,16
20046,14
20048,4
20048,15
20048,13
20049,1
20049,16
20049,5
20050,5
20051,5
20052,5
20054,1
20054,16
20054,7
20055,1
20055,5
20055,3
20056,1
20056,18
20057,16
20058,16
20059,10
20060,4
20060,8
20060,25
20064,2
20069,4
20069,15
20069,13
20070,16
20070,15
20070,22
20071,1
20071,6
20072,1
20072,4
20072,7
20074,1
20074,7
20076,16
20076,11
20077,1
20077,16
20079,5
20080,5
20082,4
20082,8
20082,25
20083,1
20083,5
20084,5
20085,5
20086,1
20086,16
20086,7
20087,1
20087,7
20088,1
20088,7
20089,1
20089,14
20090,1
20090,4
20090,15
20091,1
20091,23
20092,16
20092,7
20093,1
20093,10
20093,7
20094,1
20096,1
20096,16
20096,8
20098,1
20098,5
20098,7
20099,1
20101,22
20105,1
20105,7
20107,16
20111,5
20112,5
20113,1
20113,15
20115,16
20115,4
20120,8
20120,27
20121,24
20124,1
20124,5
20125,5
20126,16
20126,27
20129,27
20132,16
20141,23
20149,5
20161,1
20161,7
20162,1
20162,5
20162,11
20164,5
20166,5
20167,5
20169,25
20169,24
20170,12
20171,17
20172,1
20172,4
20172,2
20173,1
20173,7
20174,5
20175,5
20177,25
20178,25
20179,25
20181,10
20182,16
20182,15
20183,1
20183,7
20184,4
20184,8
20184,15
20184,13
20185,1
20185,7
20186,1
20186,7
20187,22
20191,5
20191,17
20192,16
20192,15
20192,27
20195,5
20196,1
20196,4
20196,5
20197,5
20197,11
20198,1
20198,16
20198,7
20199,1
20199,5
20200,5
20201,1
20201,4
20201,7
20202,1
20202,16
20202,7
20203,1
20203,13
20203,7
20205,1
20205,17
20206,1
20206,14
20207,1
20208,16
20208,22
20209,16
20209,22
20210,1
20210,27
20211,1
20211,27
20211,11
20212,1
20212,16
20213,1
20213,7
20214,1
20214,14
20214,7
20215,1
20215,16
20215,7
20216,1
20216,7
20217,1
20217,14
20217,7
20219,1
20219,5
20221,16
20224,1
20224,16
20224,11
20226,23
20230,5
20232,25
20234,1
20234,7
20235,1
20235,4
20235,8
20237,1
20237,7
20238,16
20238,4
20238,8
20239,16
20240,16
20242,1
20244,16
20246,1
20246,16
20246,18
20252,23
20254,5
20255,1
20255,5
20255,11
20257,5
20258,23
20259,10
20260,23
20260,24
20261,1
20261,3
20261,11
20262,1
20262,7
20263,16
20263,8
20263,2
20264,4
20264,8
20264,13
20265,1
20265,7
20267,23
20268,1
20268,5
20268,11
20269,16
20270,1
20270,7
20272,5
20273,5
20274,5
20275,4
20275,8
20275,2
20276,27
20276,13
20276,2
20277,12
20278,16
20278,15
20278,17
20279,4
20279,8
20279,2
20280,16
20280,15
20280,22
20281,10
20282,1
20282,16
20282,7
20283,5
20284,1
20284,5
20287,1
20287,3
20287,11
20288,1
20288,16
20288,14
20289,1
20289,13
20289,7
20291,24
20294,1
20294,17
20295,1
20295,5
20295,11
20296,5
20299,1
20299,7
20300,1
20300,4
20300,8
20301,5
20302,1
20302,5
20302,11
20303,1
20303,18
20304,16
20305,1
20305,16
20305,7
20306,5
20308,5
20310,5
20311,1
20311,7
20313,10
20314,16
20320,7
20323,24
20324,1
20324,4
20324,21
20325,16
20325,8
20325,27
20326,5
20327,25
20327,18
20328,1
20328,16
20328,7
20329,1
20329,16
20329,7
20330,1
20330,9
20332,1
20332,7
20333,23
20334,1
20334,7
20334,17
20335,1
20335,7
20336,1
20336,7
20337,1
20337,7
20339,23
20340,1
20340,5
20340,11
20342,5
20343,5
20344,5
20345,16
20346,16
20346,15
20346,13
20347,16
20347,15
20347,7
20348,11
20349,4
20349,3
20349,11
20350,16
20350,27
20351,16
20351,27
20352,14
20353,1
20353,15
20353,17
20354,1
20354,7
20355,1
20355,7
20356,1
20358,1
20358,7
20358,22
20359,16
20359,14
20359,7
20361,16
20361,8
20361,27
20362,16
20362,8
20363,16
20363,11
20364,4
20364,8
20365,16
20365,8
20365,27
20366,10
20367,27
20368,21
20368,17
20374,5
20377,15
20377,13
20378,1
20378,6
20378,3
20381,1
20381,7
20382,16
20382,15
20382,6
20383,1
20383,5
20384,5
20386,5
20387,1
20387,5
20387,11
20388,1
20388,16
20388,7
20389,1
20389,22
20390,1
20390,5
20391,1
20391,17
20392,1
20392,4
20392,21
20395,1
20395,22
20398,16
20399,5
20400,1
20400,14
20400,17
20401,1
20401,5
20404,1
20404,7
20405,1
20406,1
20406,11
20409,1
20409,15
20409,22
20410,1
20410,7
20411,1
20411,7
20412,1
20412,17
20413,1
20413,16
20413,14
20414,21
20414,17
20415,1
20415,4
20416,1
20416,4
20417,1
20417,7
20418,1
20418,7
20419,1
20419,7
20420,26
20421,5
20422,1
20422,5
20423,1
20423,4
20423,5
20426,5
20427,8
20427,15
20427,11
20428,5
20429,4
20429,8
20430,1
20430,7
20432,16
20433,16
20433,8
20434,16
20434,27
20435,27
20438,10
20440,27
20442,5
20443,23
20445,16
20447,5
20448,1
20448,7
20449,18
20456,23
20457,23
20457,14
20460,28
20461,16
20464,1
20464,5
20464,11
20469,16
20471,7
20471,3
20471,11
20474,8
20474,27
20474,13
20475,14
20475,10
20476,1
20476,4
20476,22
20484,16
20484,15
20485,1
20485,16
20485,7
20486,5
20487,4
20487,8
20487,5
20488,1
20488,7
20489,1
20489,3
20489,11
20491,1
20491,5
20494,16
20496,1
20496,5
20496,3
20499,16
20499,8
20499,13
20500,4
20500,21
20501,5
20502,1
20502,7
20505,16
20505,4
20505,8
20506,10
20509,24
20512,27
20512,14
20514,1
20514,16
20516,1
20516,7
20517,1
20517,5
20518,1
20519,1
20519,11
20520,1
20520,7
20521,1
20521,17
20524,1
20524,5
20525,16
20525,4
20525,8
20525,15
20526,16
20526,8
20526,13
20529,5
20529,3
20529,11
20530,1
20530,7
20531,25
20531,17
20532,17
20533,24
20536,16
20537,1
20537,4
20537,8
20538,17
20539,16
20539,10
20540,4
20540,22
20541,1
20541,5
20541,7
20542,1
20542,7
20543,1
20543,16
20543,4
20543,15
20545,5
20548,4
20548,5
20548,11
20549,1
20549,5
20550,5
20551,23
20552,1
20552,7
20553,1
20553,4
20553,8
20559,10
20561,16
20561,27
20563,16
20563,8
20564,16
20564,14
20565,27
20566,1
20566,5
20567,10
20568,1
20568,4
20568,5
20571,1
20571,7
20572,1
20572,7
20573,1
20573,11
20574,1
20574,7
20575,1
20575,7
20576,1
20576,8
20576,7
20577,16
20579,1
20579,7
20582,16
20582,4
20582,5
20583,27
20584,1
20584,11
20585,8
20585,13
20585,11
20586,1
20586,5
20586,11
20587,4
20587,5
20587,11
20588,1
20588,11
20588,17
20589,1
20589,7
20590,1
20590,16
20590,7
20592,1
20592,15
20593,7
20596,16
20596,7
20597,16
20599,16
20600,1
20600,7
20602,1
20602,7
20603,1
20604,1
20604,7
20605,1
20606,1
20606,17
20607,1
20607,7
20610,16
20610,4
20610,15
20610,2
20612,16
20612,7
20613,16
20615,1
20615,16
20615,15
20615,13
20616,15
20616,13
20616,7
20616,21
20617,1
20617,7
20618,1
20618,7
20619,1
20619,7
20620,1
20620,5
20620,7
20621,1
20621,7
20623,1
20623,7
20625,1
20625,8
20629,5
20630,1
20632,17
20633,21
20634,8
20634,27
20635,1
20635,5
20636,1
20636,7
20638,16
20638,15
20639,1
20639,15
20639,7
20640,1
20640,15
20640,7
20641,16
20641,15
20641,7
20641,11
20642,4
20642,15
20642,2
20643,1
20643,16
20643,7
20644,16
20644,7
20645,8
20645,15
20646,4
20646,15
20646,13
20646,7
20647,1
20647,16
20647,15
20647,7
20648,15
20648,10
20649,1
20649,16
20649,15
20649,6
20650,16
20650,15
20650,13
20651,1
20651,4
20651,5
20652,16
20652,11
20652,12
20658,1
20658,5
20660,16
20661,1
20661,7
20662,21
20663,1
20663,7
20664,4
20664,15
20664,12
20666,16
20666,15
20667,16
20667,8
20669,23
20671,4
20671,8
20671,15
20671,13
20672,1
20672,16
20672,7
20673,16
20673,15
20673,13
20673,7
20674,27
20675,10
20678,4
20678,15
20678,13
20678,2
20679,1
20680,16
20680,4
20680,9
20681,5
20681,11
20683,1
20683,5
20683,2
20684,7
20685,22
20686,10
20687,21
20688,16
20688,15
20689,16
20689,8
20689,15
20689,13
20690,4
20690,15
20691,16
20691,15
20691,17
20692,15
20692,13
20692,12
20693,1
20693,14
20693,20
20695,1
20695,7
20696,1
20696,16
20696,15
20696,13
20697,1
20697,7
20699,27
20700,16
20700,4
20700,15
20700,7
20702,23
20702,24
20704,18
20705,22
20706,1
20706,18
20707,1
20708,1
20708,15
20708,7
20709,16
20710,16
20710,6
20712,1
20712,5
20712,18
20714,16
20714,27
20715,27
20716,8
20716,14
20716,10
20717,1
20717,7
20718,16
20718,4
20718,8
20718,15
20719,7
20720,4
20720,8
20720,13
20721,1
20721,7
20722,1
20722,15
20722,22
20723,16
20723,27
20724,1
20724,7
20727,16
20728,23
20729,1
20730,1
20730,5
20731,7
20731,17
20732,1
20732,11
20733,16
20734,16
20734,15
20734,13
20734,7
20738,1
20738,16
20738,7
20741,1
20741,16
20741,7
20742,1
20742,16
20742,7
20743,16
20743,7
20744,1
20744,7
20744,11
20745,1
20746,27
20747,8
20749,1
20749,4
20749,6
20750,10
20751,25
20752,1
20752,8
20752,7
20754,7
20756,6
20756,3
20757,16
20758,1
20758,4
20758,7
20760,11
20760,12
20764,16
20766,24
20767,1
20767,4
20767,5
20768,1
20768,7
20768,3
20769,1
20769,4
20769,5
20770,1
20770,17
20770,9
20771,1
20771,4
20771,5
20773,4
20773,5
20774,23
20776,1
20776,7
20776,17
20777,16
20778,7
20778,2
20778,11
20779,23
20779,10
20780,1
20780,7
20782,1
20782,7
20784,22
20785,17
20786,22
20787,1
20787,16
20787,7
20788,16
20791,17
20792,1
20794,5
20794,6
20794,3
20795,16
20795,13
20796,16
20797,16
20798,1
20798,23
20799,1
20799,21
20800,1
20800,7
20802,18
20806,16
20806,15
20807,1
20807,7
20808,26
20809,25
20810,1
20810,7
20811,1
20811,15
20811,7
20820,12
20823,1
20823,3
20824,1
20824,7
20825,1
20825,14
20826,16
20826,7
20827,1
20827,7
20828,17
20829,1
20831,1
20832,4
20833,1
20833,7
20834,1
20834,7
20838,22
20840,1
20840,17
20842,1
20842,17
20843,1
20843,10
20843,11
20845,16
20845,27
20846,27
20849,16
20849,6
20849,2
20853,17
20856,22
20861,22
20864,22
20866,22
20870,1
20870,16
20870,7
20874,1
20874,15
20874,13
20874,7
20875,1
20875,15
20875,7
20876,5
20877,1
20877,15
20877,7
20878,16
20878,24
20879,23
20882,7
20883,22
20884,8
20884,24
20885,18
20885,19
20889,4
20889,15
20895,1
20895,5
20895,3
20896,17
20898,16
20898,7
20901,4
20901,8
20902,16
20902,14
20909,25
20911,16
20912,5
20913,1
20913,16
20914,1
20914,7
20917,22
20918,21
20918,17
20919,16
20919,15
20920,1
20920,4
20920,5
20921,16
20921,4
20921,8
20922,1
20925,1
20926,22
20927,16
20927,27
20928,16
20928,2
20928,11
20929,16
20929,27
20930,1
20930,17
20931,16
20934,10
20937,1
20937,11
20938,1
20938,8
20938,7
20939,16
20939,27
20939,14
20940,1
20940,16
20940,15
20940,7
20943,10
20944,16
20946,1
20946,8
20946,7
20948,16
20948,15
20948,13
20949,1
20949,5
20950,1
20950,7
20951,16
20953,1
20953,16
20953,7
20954,1
20954,16
20955,1
20955,13
20955,7
20957,1
20957,14
20958,1
20958,14
20958,11
20960,1
20960,16
20961,16
20962,1
20962,7
20963,1
20963,14
20964,1
20964,7
20965,1
20965,16
20966,16
20967,16
20968,1
20968,7
20969,1
20970,1
20970,14
20970,7
20971,1
20971,14
20971,7
20973,23
20974,16
20974,4
20974,17
20975,16
20977,1
20977,5
20978,1
20978,7
20979,16
20979,13
20979,7
20980,1
20980,7
20981,1
20982,1
20982,10
20984,15
20984,10
20985,4
20985,8
20985,20
20986,1
20986,20
20987,1
20987,19
20989,1
20989,16
20989,15
20989,7
20990,1
20990,16
20990,8
20990,15
20991,1
20991,16
20991,15
20991,23
20992,16
20992,27
20992,12
20993,23
20995,1
20995,22
20996,23
20997,8
20997,27
20998,1
21000,1
21000,3
21001,1
21002,1
21003,16
21004,16
21004,14
21006,23
21007,23
21008,23
21010,1
21010,6
21010,11
21011,11
21012,1
21012,4
21012,17
21013,1
21013,7
21013,22
21014,16
21015,8
21015,27
21015,14
21016,16
21017,1
21017,16
21017,15
21017,7
21018,1
21018,15
21018,7
21018,17
21019,16
21020,25
21021,16
21021,8
21021,15
21022,16
21022,15
21022,7
21023,7
21028,27
21029,16
21030,23
21031,23
21032,1
21032,15
21032,10
21033,16
21034,16
21035,16
21035,8
21035,27
21036,1
21036,18
21037,16
21038,16
21039,1
21039,4
21039,5
21041,4
21041,5
21042,1
21042,15
21043,16
21043,15
21044,11
21045,1
21045,5
21045,11
21046,16
21048,1
21048,18
21049,1
21049,16
21050,16
21051,1
21051,7
21052,4
21052,8
21053,1
21053,4
21053,2
21054,1
21054,15
21054,7
21055,1
21056,16
21056,15
21057,16
21057,15
21059,1
21059,15
21059,7
21061,16
21061,17
21062,16
21062,15
21062,7
21063,16
21063,15
21063,7
21065,1
21065,16
21066,1
21066,16
21066,15
21067,7
21069,16
21069,15
21069,13
21069,7
21070,16
21070,4
21070,15
21070,13
21071,16
21071,15
21073,24
21079,1
21079,5
21080,1
21082,4
21082,8
21082,14
21083,4
21083,8
21083,15
21084,1
21084,8
21084,17
21085,1
21085,15
21085,3
21086,1
21087,1
21087,15
21087,7
21087,12
21088,8
21088,15
21088,27
21088,13
21089,8
21089,15
21089,13
21089,7
21091,16
21091,15
21091,13
21092,23
21093,16
21093,15
21093,13
21093,7
21094,4
21094,21
21094,17
21100,1
21101,1
21101,16
21101,7
21107,5
21109,1
21109,16
21109,10
21111,1
21111,7
21114,8
21114,27
21114,10
21117,16
21117,8
21117,2
21122,8
21122,27
21122,2
21124,16
21124,27
21127,22
21128,1
21128,7
21129,25
21131,16
21132,25
21132,22
21139,1
21139,14
21139,7
21141,16
21141,15
21142,4
21142,8
21142,2
21143,8
21143,15
21143,13
21143,7
21144,18
21145,8
21147,1
21147,11
21148,16
21148,27
21150,1
21150,21
21150,17
21154,10
21155,7
21157,1
21157,4
21157,21
21158,22
21159,11
21162,10
21163,17
21164,27
21164,17
21167,5
21167,18
21169,22
21176,4
21176,8
21176,27
21178,24
21178,17
21179,7
21180,18
21181,21
21181,24
21181,17
21184,16
21184,24
21188,5
21189,23
21190,24
21192,1
21192,4
21192,12
21193,1
21193,13
21193,7
21195,1
21197,10
21198,16
21202,1
21202,7
21204,1
21204,4
21204,15
21209,1
21209,5
21209,11
21210,8
21210,25
21210,24
21212,1
21212,16
21212,7
21213,1
21213,7
21214,1
21214,7
21216,1
21216,5
21216,13
21217,22
21219,17
21221,17
21227,17
21231,18
21237,23
21239,16
21241,23
21243,16
21244,16
21246,10
21248,1
21248,7
21249,1
21249,16
21249,15
21250,1
21250,16
21250,15
21250,7
21251,1
21251,16
21251,15
21251,17
21252,16
21252,15
21253,1
21253,8
21253,15
21253,13
21255,10
21259,1
21259,13
21259,6
21261,1
21261,14
21261,7
21262,1
21262,7
21263,1
21263,5
21263,7
21265,16
21265,27
21266,1
21266,4
21266,17
21267,1
21267,7
21268,27
21270,1
21271,1
21272,16
21272,15
21275,1
21275,15
21276,8
21276,15
21276,13
21276,7
21277,1
21277,8
21277,17
21278,23
21281,8
21281,27
21282,1
21282,7
21283,14
21284,25
21285,25
21286,25
21287,25
21288,25
21289,25
21290,7
21291,22
21292,24
21292,17
21293,23
21294,1
21294,7
21294,11
21295,16
21296,17
21297,23
21298,25
21301,10
21302,1
21302,5
21303,25
21304,23
21306,1
21306,5
21306,11
21307,17
21311,27
21312,1
21313,1
21313,15
21313,17
21314,5
21314,11
21314,25
21315,25
21316,1
21316,5
21317,1
21317,3
21321,1
21321,17
21322,16
21327,16
21329,16
21329,25
21330,16
21331,1
21331,5
21332,1
21332,8
21333,10
21338,1
21339,1
21339,16
21339,7
21341,23
21342,16
21342,15
21342,13
21342,7
21347,1
21347,3
21348,16
21348,13
21348,7
21353,16
21354,16
21357,25
21361,23
21361,24
21364,25
21366,1
21366,16
21366,13
21367,1
21367,16
21367,15
21367,11
21368,1
21369,16
21372,1
21373,1
21373,4
21373,8
21377,16
21378,11
21379,17
21381,5
21384,8
21384,24
21387,1
21387,7
21388,16
21388,10
21389,16
21391,25
21397,1
21397,21
21399,16
21399,6
21399,3
21400,16
21403,4
21403,5
21403,11
21405,1
21405,16
21405,4
21406,5
21407,22
21411,16
21412,17
21413,24
21413,26
21413,22
21414,1
21415,8
21415,24
21416,25
21419,8
21419,25
21419,24
21420,25
21421,16
21423,17
21434,1
21435,16
21435,8
21435,6
21436,4
21436,15
21436,21
21437,22
21438,1
21438,6
21438,11
21439,1
21439,4
21439,8
21440,21
21442,1
21442,16
21442,5
21445,1
21447,6
21447,11
21448,1
21448,6
21449,25
21450,1
21450,7
21451,1
21451,7
21452,16
21452,27
21452,2
21453,1
21453,5
21453,7
21454,16
21454,7
21455,2
21456,24
21457,16
21457,27
21457,13
21458,27
21459,16
21460,4
21460,8
21460,21
21461,16
21464,16
21464,7
21466,1
21466,7
21466,3
21467,7
21470,23
21476,1
21476,8
21476,17
21477,1
21477,17
21478,16
21478,7
21479,25
21480,17
21482,23
21482,21
21483,16
21484,16
21487,23
21487,24
21490,16
21492,1
21493,1
21495,23
21496,1
21497,1
21497,22
21498,1
21498,19
21499,16
21499,8
21499,15
21499,2
21500,16
21500,11
21502,4
21502,22
21503,4
21503,8
21503,5
21504,5
21504,28
21504,19
21505,1
21506,23
21507,23
21507,24
21508,1
21508,4
21508,21
21509,1
21509,21
21510,7
21522,22
21524,16
21525,4
21525,8
21525,25
21527,27
21528,23
21529,27
21530,16
21530,27
21531,4
21531,8
21531,15
21531,2
21532,1
21532,4
21532,5
21533,2
21533,17
21534,23
21535,23
21537,1
21537,14
21537,7
21538,1
21538,7
21539,1
21539,11
21539,17
21540,23
21542,23
21543,26
21545,16
21546,16
21549,1
21550,1
21550,5
21550,7
21551,1
21551,16
21551,8
21552,1
21552,8
21552,21
21553,1
21553,16
21554,1
21554,8
21554,20
21555,1
21555,3
21555,11
21556,4
21556,8
21556,15
21556,2
21558,16
21561,21
21561,17
21564,16
21564,5
21568,16
21569,18
21570,11
21570,12
21575,1
21575,5
21575,11
21576,16
21577,7
21577,28
21578,1
21579,17
21580,16
21580,14
21580,7
21581,17
21582,13
21582,6
21583,16
21583,8
21583,5
21584,16
21584,15
21585,1
21590,8
21590,15
21590,13
21591,1
21591,15
21591,17
21592,4
21592,15
21592,2
21595,16
21595,23
21596,4
21596,5
21596,11
21599,10
21600,8
21601,16
21601,8
21601,27
21602,1
21602,7
21603,1
21603,16
21603,15
21603,11
21604,4
21604,8
21605,16
21605,27
21606,16
21606,2
21607,27
21609,1
21609,3
21609,11
21613,16
21613,14
21614,25
21616,16
21616,20
21618,8
21618,24
21620,25
21620,24
21621,23
21622,16
21627,1
21628,1
21631,16
21631,28
21632,3
21632,11
21633,4
21633,5
21636,27
21637,1
21637,7
21637,22
21638,1
21639,14
21640,1
21641,1
21641,7
21643,16
21644,4
21644,8
21646,1
21646,7
21648,1
21648,5
21648,3
21650,27
21650,14
21650,13
21651,14
21651,13
21652,27
21656,1
21656,14
21656,7
21657,23
21659,1
21659,17
21660,23
21661,23
21662,1
21662,5
21663,16
21663,15
21664,10
21668,24
21670,1
21670,23
21671,1
21671,7
21672,16
21672,7
21673,1
21673,7
21673,11
21674,4
21674,8
21674,14
21675,1
21675,7
21689,26
21690,16
21691,1
21691,5
21691,11
21692,16
21693,16
21694,16
21695,1
21695,13
21697,16
21697,15
21698,16
21699,4
21699,8
21699,5
21700,1
21700,16
21701,16
21701,15
21702,1
21702,16
21704,23
21704,24
21708,25
21708,18
21709,25
21709,18
21710,16
21710,15
21711,25
21713,1
21713,14
21713,7
21714,16
21714,14
21714,7
21715,15
21715,13
21715,12
21716,1
21716,7
21717,16
21717,5
21717,7
21718,1
21718,7
21718,17
21719,1
21719,14
21719,7
21720,16
21720,14
21720,7
21721,1
21721,7
21721,22
21722,16
21724,5
21730,17
21732,16
21734,23
21735,16
21736,1
21738,22
21739,1
21739,4
21739,8
21740,16
21740,15
21740,13
21741,1
21741,5
21741,11
21742,1
21743,16
21743,7
21744,1
21744,7
21745,16
21746,16
21746,10
21749,16
21750,16
21751,5
21751,11
21752,16
21753,16
21753,23
21754,16
21754,23
21755,5
21755,18
21756,17
21757,1
21757,5
21760,18
21761,15
21761,10
21762,10
21765,1
21765,16
21766,1
21767,1
21767,5
21767,11
21768,1
21768,5
21769,1
21769,20
21770,4
21770,8
21770,20
21771,1
21771,20
21772,21
21772,17
21772,9
21774,10
21775,22
21776,22
21777,22
21781,16
21782,16
21783,16
21784,1
21784,7
21785,1
21785,7
21786,1
21786,7
21787,25
21788,21
21788,17
21789,26
21790,23
21790,24
21791,22
21793,24
21793,17
21796,5
21800,16
21800,15
21800,27
21801,10
21802,1
21802,3
21805,17
21807,23
21810,23
21811,17
21816,22
21817,27
21817,13
21818,4
21818,27
21818,2
21819,4
21819,27
21820,8
21820,27
21820,13
21821,8
21821,27
21821,12
21822,8
21822,27
21822,11
21824,1
21825,23
21826,1
21826,3
21827,27
21829,5
21829,6
21829,12
21830,1
21830,4
21830,7
21831,16
21832,1
21832,16
21832,7
21834,16
21834,27
21835,25
21836,26
21837,13
21837,18
21837,17
21838,8
21838,5
21840,25
21841,26
21842,1
21842,2
21844,26
21845,1
21845,18
21848,1
21848,2
21848,11
21849,1
21849,7
21850,16
21851,1
21853,1
21854,1
21855,1
21856,1
21856,5
21856,3
21857,16
21858,16
21859,1
21861,24
21862,24
21863,1
21863,16
21863,14
21864,1
21864,14
21864,7
21865,16
21866,1
21866,2
21868,27
21868,2
21869,1
21869,7
21872,1
21872,16
21872,7
21873,1
21873,4
21873,8
21874,1
21875,1
21875,7
21876,27
21879,11
21879,18
21880,23
21881,11
21881,18
21883,1
21884,1
21884,7
21885,1
21886,24
21888,16
21889,14
21890,1
21890,16
21891,1
21891,7
21892,4
21892,8
21892,13
21896,1
21896,16
21897,1
21897,16
21897,5
21898,1
21898,23
21899,10
21901,1
21902,1
21907,16
21908,15
21908,11
21908,12
21909,16
21910,16
21910,15
21911,15
21911,13
21912,1
21912,3
21912,11
21913,16
21913,4
21913,8
21914,1
21915,25
21917,25
21918,16
21918,13
21918,7
21919,1
21919,16
21919,7
21920,25
21921,16
21922,16
21922,4
21922,15
21922,13
21924,1
21924,7
21925,1
21925,7
21926,16
21927,1
21928,1
21928,4
21928,2
21930,16
21930,27
21931,16
21931,27
21932,16
21932,27
21933,16
21933,27
21934,16
21936,1
21936,7
21937,1
21937,7
21939,1
21939,8
21940,24
21940,17
21941,1
21941,16
21942,16
21943,17
21946,25
21947,13
21947,7
21947,17
21948,4
21948,5
21948,3
21949,16
21949,15
21954,1
21954,5
21954,11
21958,1
21958,7
21958,17
21959,27
21960,4
21960,13
21960,2
21962,14
21963,25
21963,24
21967,27
21968,16
21968,14
21969,16
21969,27
21970,4
21970,5
21970,11
21971,23
21973,17
21974,27
21975,27
21976,14
21977,5
21977,14
21978,16
21978,14
21980,27
21982,1
21982,7
21983,22
21984,1
21984,13
21984,7
21985,8
21985,15
21986,5
21986,22
21987,5
21989,4
21989,13
21989,9
21991,1
21991,24
21991,17
21992,4
21992,8
21992,5
21993,4
21993,8
21994,16
21996,1
21996,16
21996,7
21997,16
22001,16
22002,8
22003,23
22003,24
22004,1
22004,16
22004,5
22006,16
22007,16
22008,27
22008,14
22008,10
22009,26
22011,16
22012,21
22012,17
22013,16
22013,8
22013,13
22019,16
22019,10
22020,16
22022,18
22023,16
22024,16
22024,27
22025,16
22025,4
22026,16
22026,27
22026,11
22028,4
22028,8
22029,16
22029,27
22032,8
22032,24
22035,1
22036,25
22037,16
22037,10
22038,16
22038,27
22038,13
22039,16
22039,4
22039,8
22040,4
22040,8
22040,2
22041,16
22041,14
22042,14
22043,4
22043,13
22044,16
22044,27
22045,14
22045,13
22047,23
22049,1
22050,26
22051,10
22052,1
22052,14
22053,16
22054,16
22054,12
22055,1
22055,7
22057,23
22060,1
22060,14
22060,3
22061,16
22062,17
22063,1
22063,21
22064,23
22065,1
22065,14
22065,7
22066,16
22066,7
22067,1
22067,14
22068,1
22068,17
22069,1
22069,8
22069,7
22070,16
22070,4
22070,27
22071,1
22072,23
22073,1
22073,14
22073,7
22074,1
22074,5
22074,11
22075,16
22075,23
22076,1
22076,16
22076,11
22077,16
22077,11
22081,1
22081,5
22082,1
22082,10
22083,11
22084,4
22084,8
22084,2
22085,4
22085,15
22085,11
22085,12
22091,16
22093,16
22093,15
22095,4
22095,22
22099,16
22100,4
22100,15
22100,13
22102,1
22102,5
22102,3
22103,1
22103,17
22104,8
22104,27
22104,2
22105,1
22105,7
22105,11
22106,5
22106,3
22106,11
22109,23
22111,12
22112,22
22113,27
22114,23
22115,1
22115,5
22116,16
22116,24
22117,27
22118,21
22120,5
22121,25
22122,22
22123,27
22127,1
22127,16
22127,14
22128,1
22128,4
22128,2
22129,1
22129,2
22133,16
22133,15
22133,7
22134,1
22134,16
22134,7
22135,1
22135,5
22135,3
22136,25
22137,1
22137,6
22137,2
22138,16
22140,1
22140,8
22140,5
22141,24
22145,1
22145,20
22146,20
22147,1
22147,5
22147,20
22148,16
22148,20
22149,20
22150,8
22150,20
22151,1
22151,4
22151,21
22152,16
22152,20
22153,4
22153,8
22153,20
22154,20
22155,27
22155,20
22156,20
22157,1
22157,16
22159,25
22159,24
22160,27
22160,14
22160,20
22164,1
22165,1
22167,24
22167,17
22168,1
22168,18
22169,4
22169,14
22169,22
22172,25
22172,24
22173,16
22174,1
22174,22
22176,7
22178,1
22178,4
22178,22
22179,1
22179,5
22179,3
22186,22
22187,4
22187,22
22188,1
22188,2
22188,3
22189,4
22189,8
22189,15
22193,27
22196,23
22197,16
22200,1
22200,11
22202,1
22202,16
22204,7
22208,25
22210,25
22212,1
22212,16
22213,1
22213,7
22213,11
22215,12
22217,25
22218,16
22218,24
22219,16
22221,23
22222,25
22223,25
22224,16
22224,14
22227,16
22227,7
22230,27
22231,10
22232,27
22234,27
22236,27
22236,25
22237,25
22238,1
22238,3
22239,27
22240,27
22246,1
22246,5
22246,3
22247,1
22247,5
22247,11
22248,1
22249,1
22249,5
22249,11
22250,1
22250,5
22250,11
22253,1
22253,5
22253,11
22261,1
22261,5
22261,3
22262,1
22262,5
22262,3
22265,1
22265,7
22265,3
22268,1
22269,1
22269,19
22270,16
22271,4
22271,8
22271,2
22272,16
22273,16
22274,16
22274,18
22276,1
22279,16
22279,2
22280,1
22280,4
22280,6
22281,16
22281,8
22281,27
22282,27
22287,7
22288,16
22288,7
22289,16
22289,7
22289,28
22291,10
22298,16
22299,16
22299,10
22300,8
22300,23
22300,24
22301,10
22304,27
22304,14
22305,14
22305,7
22305,25
22306,27
22307,27
22307,25
22308,16
22308,7
22309,4
22309,8
22309,2
22310,6
22310,3
22311,16
22311,7
22312,5
22313,27
22314,16
22314,8
22314,27
22317,23
22321,18
22322,23
22323,27
22325,27
22326,8
22327,16
22327,14
22328,8
22329,4
22329,8
22331,27
22331,25
22333,1
22333,11
22334,16
22334,15
22335,18
22338,22
22339,22
22340,22
22341,22
22342,16
22343,1
22343,7
22345,23
22346,1
22347,1
22347,16
22347,22
22349,5
22351,8
22351,24
22352,1
22352,16
22352,4
22353,1
22353,7
22354,5
22354,7
22354,3
22355,4
22355,8
22355,15
22356,4
22356,8
22356,15
22357,16
22358,1
22358,16
22358,7
22361,16
22361,8
22361,27
22366,16
22366,7
22367,16
22367,7
22369,1
22369,16
22369,7
22371,1
22371,2
22371,3
22372,18
22373,8
22373,24
22375,17
22376,1
22376,21
22376,17
22377,1
22377,7
22378,16
22378,2
22381,4
22381,8
22381,13
22382,22
22385,24
22386,16
22387,24
22389,1
22389,5
22389,17
22390,1
22390,5
22390,11
22393,23
22393,24
22394,10
22395,5
22396,27
22398,4
22399,16
22400,1
22400,5
22400,3
22401,24
22401,17
22402,1
22402,5
22402,11
22403,1
22403,7
22403,17
22405,11
22405,12
22407,1
22407,14
22407,7
22408,4
22408,7
22408,22
22409,1
22409,16
22409,7
22410,16
22411,1
22411,7
22412,1
22412,16
22412,7
22416,16
22416,27
22418,1
22418,28
22421,10
22424,27
22425,4
22425,8
22425,27
22431,1
22431,7
22432,1
22434,1
22435,27
22437,1
22437,10
22437,7
22438,8
22438,27
22438,13
22441,23
22442,1
22445,1
22449,27
22453,23
22455,1
22457,25
22458,25
22460,1
22460,5
22461,16
22462,1
22462,16
22462,7
22464,1
22464,13
22464,17
22465,23
22466,1
22466,16
22466,7
22467,1
22467,7
22467,22
22468,16
22468,10
22468,7
22469,1
22469,5
22469,3
22470,1
22470,7
22470,12
22471,1
22471,8
22471,12
22472,16
22472,7
22473,22
22475,25
22476,16
22476,4
22477,1
22477,7
22477,12
22478,1
22478,7
22479,27
22480,25
22482,1
22482,16
22482,7
22483,1
22483,16
22483,7
22484,1
22484,16
22484,7
22485,1
22485,7
22486,1
22486,16
22486,7
22487,1
22487,11
22487,12
22488,1
22488,17
22489,16
22489,8
22489,24
22490,5
22490,11
22491,1
22491,8
22491,17
22492,1
22492,7
22493,1
22493,14
22494,1
22494,7
22495,1
22495,11
22497,23
22498,16
22499,16
22500,16
22501,1
22501,7
22502,16
22504,5
22504,11
22506,1
22506,14
22506,7
22507,1
22507,7
22508,1
22508,25
22509,1
22509,4
22509,3
22512,16
22512,5
22514,5
22516,17
22517,16
22517,15
22518,16
22518,15
22518,27
22519,16
22519,8
22519,15
22519,2
22521,10
22525,16
22525,26
22526,17
22527,27
22528,16
22529,1
22530,1
22530,10
22532,23
22533,16
22534,16
22534,14
22535,16
22537,16
22538,1
22538,16
22538,18
22539,16
22540,1
22540,3
22540,11
22541,1
22541,5
22541,11
22542,1
22544,16
22545,8
22545,13
22546,4
22553,1
22553,16
22554,16
22557,1
22557,4
22557,3
22559,18
22562,16
22563,1
22563,5
22563,11
22564,10
22565,16
22566,17
22567,16
22568,16
22569,8
22569,27
22569,14
22570,1
22570,7
22571,8
22571,27
22571,14
22572,4
22572,15
22572,11
22572,12
22573,27
22574,4
22574,8
22574,20
22575,1
22575,6
22575,3
22576,16
22576,27
22576,14
22578,1
22581,15
22581,22
22584,16
22584,18
22585,1
22585,14
22588,25
22591,10
22593,16
22594,10
22595,10
22596,10
22598,16
22600,25
22601,16
22602,10
22603,16
22603,24
22604,1
22604,16
22605,16
22606,8
22606,2
22607,7
22608,16
22608,15
22608,27
22609,5
22611,23
22612,10
22612,17
22613,4
22613,8
22613,15
22614,1
22614,5
22614,11
22615,16
22615,27
22616,8
22616,27
22616,5
22617,1
22617,5
22617,11
22618,1
22618,5
22618,11
22619,1
22619,7
22620,1
22620,16
22621,25
22623,1
22623,16
22624,23
22624,24
22625,8
22625,24
22626,8
22626,24
22627,25
22628,1
22628,7
22629,5
22629,3
22629,11
22630,1
22631,5
22631,11
22631,19
22632,5
22632,3
22632,11
22633,16
22633,14
22634,16
22634,14
22635,16
22635,14
22636,16
22637,1
22641,10
22642,1
22642,5
22642,11
22645,1
22645,11
22648,24
22648,26
22650,1
22651,27
22651,13
22652,17
22653,1
22654,1
22654,16
22654,7
22655,4
22655,5
22656,27
22657,1
22657,4
22657,5
22658,1
22658,16
22658,27
22659,1
22660,1
22660,16
22663,1
22663,7
22664,23
22666,1
22666,4
22666,17
22667,27
22669,1
22669,21
22669,17
22670,16
22670,7
22670,2
22671,1
22671,5
22671,11
22675,16
22675,14
22675,13
22676,22
22677,1
22677,5
22678,1
22679,1
22679,5
22679,7
22680,16
22680,7
22681,1
22681,10
22683,1
22683,5
22684,5
22686,26
22687,4
22687,22
22689,23
22692,24
22693,5
22694,16
22695,1
22695,14
22697,1
22697,3
22698,1
22698,16
22698,22
22699,17
22705,27
22709,1
22709,7
22711,8
22711,25
22713,26
22714,25
22714,24
22716,1
22716,5
22716,3
22718,1
22718,11
22719,1
22719,16
22720,5
22720,11
22721,11
22723,1
22723,7
22724,1
22724,5
22725,1
22725,16
22725,7
22726,15
22726,10
22728,16
22728,14
22729,1
22729,7
22730,1
22732,1
22732,7
22734,16
22734,6
22736,5
22737,1
22737,7
22738,1
22738,7
22739,1
22739,7
22739,3
22740,11
22741,1
22741,7
22742,25
22743,1
22744,1
22744,4
22744,5
22745,16
22745,7
22746,1
22748,5
22752,1
22752,7
22753,25
22756,1
22756,5
22757,1
22757,5
22759,1
22759,7
22760,16
22760,4
22760,15
22760,12
22764,16
22766,1
22766,6
22766,3
22770,4
22770,8
22770,25
22772,1
22772,7
22777,26
22781,4
22781,15
22781,12
22782,16
22782,15
22782,7
22783,10
22784,15
22784,22
22785,1
22785,16
22787,25
22788,24
22790,16
22790,7
22793,1
22793,3
22794,1
22795,1
22796,1
22796,7
22797,1
22797,16
22797,7
22798,1
22798,16
22798,5
22799,16
22799,15
22800,8
22800,23
22800,24
22801,27
22802,1
22802,5
22802,3
22805,22
22806,23
22807,14
22807,10
22808,1
22810,1
22810,13
22810,7
22811,8
22811,27
22811,25
22813,1
22813,28
22814,5
22816,17
22818,8
22818,27
22818,25
22819,23
22820,17
22826,1
22826,4
22826,5
22827,23
22828,1
22829,1
22829,14
22829,7
22832,17
22833,22
22837,10
22838,25
22838,17
22839,8
22839,24
22841,16
22841,10
22842,23
22843,23
22844,8
22844,24
22846,18
22846,17
22847,25
22848,25
22849,1
22849,18
22851,4
22851,15
22851,2
22852,4
22852,15
22852,13
22852,21
22853,16
22856,16
22856,4
22856,15
22856,12
22857,1
22857,4
22857,22
22858,1
22858,16
22866,25
22867,24
22868,24
22869,8
22869,24
22870,1
22871,16
22873,8
22873,24
22874,23
22878,1
22878,5
22878,11
22879,1
22879,5
22881,1
22881,7
22882,16
22882,4
22882,5
22883,25
22885,22
22887,1
22887,7
22888,25
22888,24
22888,17
22889,25
22890,10
22892,25
22893,16
22893,14
22895,10
22896,8
22896,15
22896,13
22896,7
22898,1
22898,3
22898,11
22904,1
22904,5
22904,3
22905,8
22905,27
22905,25
22907,23
22908,27
22909,4
22909,8
22909,15
22909,2
22912,27
22913,7
22916,1
22916,17
22918,14
22920,16
22920,15
22920,12
22928,1
22928,4
22928,2
22930,23
22931,23
22932,1
22932,7
22933,23
22935,16
22939,1
22939,17
22940,5
22942,24
22944,5
22945,16
22949,1
22949,7
22950,1
22950,7
22951,25
22952,4
22952,8
22952,26
22954,15
22954,17
22956,16
22956,15
22956,13
22957,1
22957,7
22957,28
22958,23
22959,1
22959,7
22959,21
22960,1
22960,6
22960,7
22962,1
22962,13
22962,2
22963,1
22964,1
22965,1
22965,7
22966,16
22969,27
22969,13
22970,1
22970,16
22971,1
22971,7
22972,16
22973,16
22975,1
22975,5
22975,7
22976,16
22976,4
22976,8
22977,23
22978,16
22979,1
22979,7
22980,1
22980,17
22983,16
22984,1
22984,14
22984,7
22985,14
22985,7
22986,16
22987,1
22987,3
22987,11
22988,16
22988,7
22989,1
22989,3
22990,1
22990,7
22990,18
22991,1
22991,16
22992,1
22992,5
22992,12
22993,16
22993,12
22994,16
22994,7
22995,1
22995,3
22997,1
22997,14
22997,3
22998,1
22998,7
22999,1
22999,7
23000,1
23000,7
23002,1
23002,5
23002,3
23003,23
23004,21
23004,17
23006,1
23006,16
23006,14
23010,23
23011,23
23014,1
23014,11
23015,1
23015,7
23016,1
23019,27
23020,16
23021,1
23021,5
23022,1
23022,15
23022,10
23022,7
23023,1
23023,7
23024,1
23024,23
23025,5
23025,6
23025,3
23026,8
23026,25
23026,24
23027,13
23027,17
23027,12
23028,5
23028,3
23028,19
23029,1
23029,7
23029,3
23030,1
23030,2
23030,3
23033,7
23034,16
23034,13
23034,7
23035,16
23035,4
23035,15
23036,1
23036,8
23036,15
23037,1
23037,8
23037,15
23040,1
23040,11
23041,16
23041,13
23043,1
23044,1
23044,18
23045,1
23045,5
23046,16
23047,16
23048,16
23048,8
23048,15
23051,25
23053,1
23053,7
23055,1
23055,11
23056,16
23057,13
23057,7
23058,13
23058,17
23058,12
23059,16
23059,7
23060,23
23060,7
23061,1
23061,7
23061,12
23062,1
23062,7
23063,10
23063,17
23064,1
23064,14
23064,7
23065,4
23065,5
23065,12
23066,16
23066,8
23066,2
23067,16
23068,16
23068,10
23069,25
23069,24
23070,15
23072,14
23072,17
23073,4
23073,8
23073,15
23073,2
23075,8
23075,27
23076,23
23081,23
23083,17
23086,26
23087,23
23087,14
23088,17
23090,18
23091,16
23091,15
23091,7
23094,1
23094,4
23094,8
23094,15
23095,24
23095,17
23096,1
23096,5
23096,19
23097,21
23097,17
23098,1
23098,4
23098,5
23099,16
23099,15
23099,12
23100,16
23100,15
23103,16
23103,4
23103,2
23105,16
23106,16
23106,15
23107,16
23108,1
23108,6
23109,1
23110,1
23110,16
23110,7
23112,10
23113,23
23115,1
23116,8
23116,24
23117,1
23117,5
23117,3
23118,1
23118,14
23118,7
23120,25
23121,25
23122,25
23123,25
23123,24
23124,25
23124,24
23125,1
23125,2
23128,17
23130,16
23133,5
23135,5
23135,11
23136,1
23136,11
23137,16
23137,12
23138,16
23140,16
23140,4
23140,8
23143,1
23143,2
23144,27
23146,1
23146,4
23146,5
23148,1
23148,17
23148,9
23149,16
23150,16
23151,25
23152,16
23153,10
23155,8
23155,24
23157,5
23158,25
23159,23
23161,23
23161,24
23161,17
23163,1
23163,16
23163,7
23164,1
23164,5
23165,1
23165,5
23165,7
23166,27
23167,1
23167,27
23167,2
23168,16
23168,5
23170,25
23171,1
23171,28
23172,5
23172,3
23173,24
23173,17
23178,10
23180,21
23183,27
23185,1
23185,11
23185,12
23186,16
23187,5
23187,11
23188,16
23189,27
23189,22
23191,25
23192,11
23193,27
23194,21
23194,17
23196,1
23197,1
23197,7
23198,16
23198,5
23201,23
23203,4
23203,15
23203,11
23203,12
23204,27
23204,11
23205,1
23205,19
23206,1
23206,5
23207,27
23208,16
23210,11
23211,16
23211,7
23211,17
23213,16
23218,16
23225,27
23226,1
23226,16
23227,10
23228,11
23230,1
23230,5
23231,4
23231,15
23231,13
23232,16
23232,15
23232,12
23234,1
23234,5
23234,3
23235,4
23235,5
23235,3
23236,6
23236,2
23236,11
23237,1
23239,25
23242,1
23242,8
23242,13
23243,1
23244,16
23244,8
23244,14
23245,16
23245,8
23246,27
23251,5
23253,27
23254,16
23254,4
23254,15
23254,2
23255,25
23255,24
23256,22
23258,4
23258,15
23258,2
23259,21
23259,17
23261,15
23261,7
23261,2
23262,16
23262,15
23262,7
23263,23
23264,17
23268,5
23269,25
23271,16
23275,10
23280,14
23280,13
23281,25
23282,10
23283,10
23284,10
23285,10
23286,10
23287,16
23287,14
23289,4
23289,13
23289,22
23290,16
23291,15
23291,2
23291,3
23291,11
23292,1
23293,1
23296,7
23303,1
23303,15
23307,14
23308,1
23308,7
23308,17
23309,8
23309,24
23310,1
23310,16
23312,2
23314,16
23314,8
23314,2
23317,23
23317,24
23318,5
23318,11
23319,21
23320,5
23321,1
23321,4
23321,8
23322,1
23322,7
23323,1
23323,6
23323,11
23325,23
23326,1
23326,16
23326,7
23330,1
23330,14
23330,7
23332,11
23333,16
23333,7
23333,11
23334,1
23336,1
23337,23
23338,1
23339,16
23339,15
23339,23
23340,1
23340,5
23341,1
23341,27
23342,22
23343,1
23343,16
23344,4
23344,14
23344,7
23345,4
23345,5
23345,6
23346,1
23346,4
23347,1
23348,1
23349,1
23349,11
23350,1
23350,5
23350,11
23352,1
23353,1
23354,1
23354,7
23354,17
23355,1
23356,1
23357,1
23359,16
23360,1
23360,7
23360,17
23361,16
23362,1
23362,5
23363,1
23363,6
23363,11
23364,23
23365,1
23365,5
23365,11
23366,1
23366,5
23366,11
23367,1
23367,5
23367,11
23368,1
23368,5
23368,11
23370,1
23370,5
23370,11
23371,19
23372,1
23374,27
23375,1
23375,4
23375,7
23376,1
23376,7
23377,13
23377,7
23378,1
23378,5
23378,3
23379,1
23379,2
23380,1
23380,10
23380,7
23382,16
23383,23
23384,1
23386,4
23386,5
23386,11
23387,27
23388,1
23389,16
23389,14
23390,16
23390,6
23391,16
23392,1
23393,1
23393,16
23393,7
23394,16
23395,16
23398,7
23401,4
23401,8
23401,27
23403,23
23405,16
23406,9
23407,16
23408,1
23408,7
23409,16
23410,1
23410,16
23410,14
23412,1
23412,5
23412,11
23414,13
23414,7
23415,16
23415,13
23416,16
23417,1
23418,1
23418,16
23419,16
23420,16
23422,21
23422,17
23423,5
23436,10
23437,2
23437,11
23438,23
23438,24
23440,23
23444,16
23448,23
23449,16
23449,6
23450,17
23451,21
23451,17
23453,27
23454,4
23454,5
23457,14
23457,10
23459,4
23459,5
23459,11
23460,4
23460,2
23461,1
23461,7
23466,16
23468,1
23468,16
23468,7
23470,1
23470,14
23475,10
23478,10
23480,10
23486,1
23486,27
23486,14
23487,8
23487,27
23487,13
23489,16
23489,7
23491,23
23491,7
23491,17
23492,16
23492,23
23502,25
23503,16
23503,10
23504,1
23504,26
23505,14
23506,7
23511,12
23512,16
23513,16
23514,1
23514,16
23514,7
23515,1
23515,14
23515,7
23522,1
23522,4
23522,5
23524,1
23524,4
23524,5
23526,23
23527,1
23527,5
23528,10
23533,25
23533,24
23535,17
23538,1
23539,1
23539,7
23542,1
23542,16
23542,5
23545,4
23545,8
23546,8
23546,13
23546,17
23548,17
23548,26
23551,23
23552,1
23552,5
23552,3
23554,16
23554,15
23554,13
23555,15
23555,10
23556,16
23559,27
23560,1
23560,21
23560,17
23561,1
23561,8
23561,5
23564,1
23564,16
23564,7
23565,7
23567,10
23568,16
23569,16
23570,16
23571,16
23572,16
23573,16
23573,10
23575,8
23575,25
23576,16
23577,15
23577,10
23578,16
23579,16
23580,4
23580,13
23580,17
23581,1
23581,7
23582,1
23582,14
23582,7
23584,1
23584,5
23584,11
23585,23
23588,1
23588,5
23588,11
23589,24
23593,16
23594,4
23594,22
23595,16
23597,16
23601,8
23601,25
23601,22
23606,24
23607,23
23608,16
23611,14
23611,7
23612,1
23612,14
23612,7
23613,1
23614,16
23615,26
23616,24
23618,23
23620,27
23622,24
23624,16
23626,16
23627,14
23627,13
23627,7
23628,17
23629,16
23630,4
23630,15
23630,2
23631,16
23631,5
23632,1
23632,5
23633,1
23634,16
23634,8
23634,15
23634,13
23636,8
23636,23
23636,24
23637,22
23638,17
23639,17
23641,16
23641,22
23642,17
23643,8
23644,5
23644,7
23644,11
23645,1
23645,16
23645,7
23646,8
23646,3
23646,12
23648,16
23648,7
23650,1
23650,7
23651,1
23651,11
23656,10
23657,23
23658,25
23659,26
23661,4
23661,2
23662,4
23662,15
23662,2
23663,16
23664,25
23665,22
23667,1
23667,7
23668,1
23668,5
23669,1
23669,16
23669,8
23670,1
23671,1
23671,7
23671,2
23672,16
23673,7
23674,1
23674,7
23675,1
23675,7
23676,1
23676,8
23676,7
23677,1
23677,7
23678,4
23678,8
23679,16
23680,16
23681,10
23681,17
23682,16
23684,25
23685,10
23686,25
23686,24
23687,16
23690,1
23690,5
23691,13
23691,11
23692,16
23693,4
23693,8
23694,16
23695,16
23696,1
23697,1
23698,1
23698,16
23699,27
23699,2
23700,1
23700,7
23701,1
23701,14
23701,25
23703,23
23704,23
23707,2
23707,3
23708,16
23709,27
23710,17
23711,17
23712,21
23714,1
23714,16
23717,1
23717,16
23718,1
23718,3
23718,9
23720,16
23721,24
23722,1
23722,7
23723,8
23723,24
23724,1
23724,16
23724,7
23725,1
23725,7
23726,1
23728,1
23728,5
23728,11
23730,23
23731,1
23731,19
23732,1
23732,7
23733,1
23733,7
23735,1
23735,14
23735,7
23736,1
23737,1
23737,2
23737,3
23738,16
23739,1
23740,1
23740,7
23740,11
23741,16
23743,11
23744,1
23744,16
23744,7
23745,1
23745,14
23747,16
23747,7
23747,17
23748,1
23748,7
23749,24
23751,16
23752,16
23753,1
23754,1
23754,7
23755,1
23755,14
23757,23
23757,24
23760,10
23762,10
23763,1
23763,17
23764,1
23764,7
23765,1
23765,17
23769,1
23769,7
23770,7
23773,14
23773,2
23774,1
23774,10
23774,7
23775,1
23776,1
23776,18
23777,1
23777,14
23777,7
23778,1
23778,14
23779,16
23779,15
23780,1
23780,10
23782,1
23782,15
23782,13
23783,1
23783,3
23783,18
23784,23
23785,1
23789,23
23791,1
23791,16
23792,8
23792,11
23793,8
23793,11
23794,16
23794,10
23795,16
23795,10
23796,4
23796,8
23796,15
23796,13
23797,16
23797,10
23798,16
23798,10
23799,10
23800,10
23801,16
23801,10
23802,1
23803,8
23809,23
23810,24
23811,16
23811,10
23812,26
23816,21
23817,1
23817,6
23818,1
23818,7
23819,21
23819,24
23819,17
23820,1
23820,5
23822,16
23822,7
23822,18
23823,16
23823,8
23824,16
23825,1
23826,27
23829,1
23829,11
23830,1
23830,11
23833,17
23834,17
23835,1
23835,17
23836,1
23836,21
23836,17
23837,17
23838,25
23839,1
23839,21
23839,17
23840,17
23841,17
23842,17
23844,1
23845,16
23846,16
23847,17
23849,17
23850,1
23850,17
23851,16
23852,17
23853,16
23854,16
23854,8
23855,1
23855,8
23856,16
23857,16
23857,15
23859,16
23860,16
23860,8
23860,21
23865,1
23865,23
23865,7
23870,1
23870,5
23870,3
23872,4
23872,15
23872,12
23873,1
23873,16
23874,16
23875,16
23875,13
23879,16
23879,27
23879,6
23880,16
23882,16
23884,16
23884,8
23885,16
23885,7
23886,7
23886,22
23887,11
23888,9
23890,16
23890,14
23890,7
23891,1
23891,7
23891,11
23892,1
23892,7
23892,11
23895,8
23900,23
23901,16
23901,8
23901,13
23903,25
23906,1
23910,16
23910,14
23910,7
23911,1
23911,14
23911,7
23913,1
23913,17
23914,1
23914,7
23914,17
23915,15
23915,2
23916,16
23916,4
23916,15
23916,12
23917,16
23917,4
23917,15
23917,6
23918,16
23919,1
23919,5
23919,3
23923,1
23923,7
23924,16
23929,1
23930,16
23931,1
23931,13
23931,7
23932,13
23932,7
23933,1
23933,13
23933,7
23934,5
23934,11
23934,19
23935,16
23935,7
23935,17
23936,13
23936,7
23936,19
23938,5
23938,13
23938,3
23941,16
23942,1
23942,7
23943,1
23943,7
23944,4
23944,15
23944,5
23944,2
23945,16
23947,1
23948,16
23948,10
23948,7
23949,4
23949,8
23949,2
23950,23
23951,4
23951,15
23951,2
23952,16
23953,16
23954,16
23954,14
23955,16
23955,8
23957,1
23957,16
23957,8
23960,16
23961,16
23963,5
23963,11
23965,16
23966,1
23966,4
23967,26
23968,7
23969,1
23969,7
23970,16
23972,26
23975,23
23976,1
23977,16
23978,16
23978,7
23979,16
23981,1
23981,21
23984,16
23985,25
23986,1
23986,18
23990,1
23991,4
23991,8
23991,6
23993,16
23996,1
23996,7
23996,17
23997,7
23998,16
23999,16
24000,22
24001,4
24001,8
24001,25
24003,1
24003,5
24004,16
24005,8
24005,25
24007,1
24007,16
24007,10
24008,1
24008,7
24009,6
24009,2
24009,3
24010,1
24010,5
24011,16
24015,24
24016,23
24016,24
24017,23
24018,16
24019,16
24020,1
24020,16
24020,10
24023,16
24024,16
24025,16
24026,16
24027,16
24028,7
24030,16
24031,18
24032,16
24033,11
24034,1
24035,1
24036,4
24036,15
24036,2
24037,16
24038,16
24038,15
24039,1
24039,7
24040,24
24041,16
24042,25
24043,25
24044,1
24044,3
24045,16
24046,16
24047,16
24048,16
24049,16
24050,26
24053,23
24054,25
24055,22
24057,16
24058,1
24058,15
24058,17
24059,1
24060,22
24061,10
24062,10
24063,1
24063,5
24064,1
24064,16
24065,16
24066,16
24066,2
24067,1
24073,1
24077,10
24078,1
24078,7
24079,16
24080,10
24084,1
24084,11
24086,17
24087,5
24092,15
24092,11
24093,16
24094,1
24094,11
24096,1
24096,14
24096,3
24097,16
24097,7
24098,16
24099,1
24100,16
24100,2
24101,14
24101,11
24102,1
24102,14
24103,1
24103,16
24103,14
24104,1
24105,17
24106,1
24107,16
24108,16
24115,1
24115,27
24116,16
24116,7
24117,8
24117,15
24117,13
24119,23
24120,4
24120,11
24123,1
24123,10
24123,11
24124,1
24125,1
24125,7
24126,16
24128,23
24129,15
24129,13
24130,1
24130,16
24130,7
24131,7
24131,11
24131,17
24132,1
24133,25
24134,23
24137,1
24137,16
24138,16
24138,8
24138,15
24138,13
24139,10
24140,15
24140,2
24141,16
24142,16
24143,1
24143,10
24145,16
24147,17
24148,1
24148,16
24149,23
24149,24
24150,1
24150,7
24151,1
24151,5
24152,27
24152,13
24153,1
24153,7
24154,27
24155,1
24156,1
24156,3
24156,21
24158,23
24161,16
24163,13
24164,16
24164,13
24165,16
24165,11
24165,12
24166,1
24166,16
24167,1
24167,5
24171,4
24171,15
24171,13
24173,16
24175,16
24177,27
24177,10
24178,1
24178,16
24178,27
24179,16
24179,27
24179,13
24181,22
24183,1
24184,1
24186,25
24192,23
24194,1
24194,7
24194,2
24195,1
24195,7
24195,17
24197,1
24197,7
24198,1
24198,4
24198,8
24199,1
24199,2
24199,3
24200,1
24200,3
24201,24
24201,17
24203,23
24204,1
24204,4
24204,5
24205,16
24206,1
24206,21
24206,17
24208,1
24210,25
24216,17
24217,17
24218,1
24219,17
24220,8
24220,14
24220,13
24221,8
24221,25
24221,17
24223,16
24226,16
24227,16
24228,16
24234,1
24234,4
24234,8
24234,15
24235,5
24236,24
24237,21
24237,17
24238,16
24238,15
24238,7
24239,4
24239,8
24241,1
24241,16
24241,7
24242,1
24242,7
24245,16
24246,25
24247,16
24247,15
24249,1
24249,8
24249,14
24251,25
24252,5
24253,22
24254,1
24254,4
24255,16
24257,1
24257,7
24258,1
24259,16
24261,11
24261,12
24262,16
24263,16
24265,10
24265,17
24267,1
24267,11
24267,12
24268,1
24268,16
24269,16
24270,7
24271,1
24271,7
24272,11
24273,1
24273,7
24274,16
24275,1
24275,5
24275,11
24276,16
24276,5
24277,16
24277,7
24278,8
24278,13
24279,16
24279,14
24280,26
24281,23
24284,23
24285,1
24288,1
24288,15
24288,13
24288,12
24289,1
24289,16
24290,1
24291,16
24292,1
24292,5
24292,3
24293,16
24293,15
24293,3
24293,12
24294,5
24294,7
24294,17
24295,1
24295,4
24295,5
24296,14
24296,7
24297,15
24297,2
24297,21
24298,16
24300,16
24301,21
24301,17
24302,16
24302,7
24303,1
24303,15
24303,7
24304,15
24304,2
24304,12
24306,16
24306,27
24307,1
24307,16
24307,8
24309,16
24310,17
24314,16
24316,23
24317,4
24317,8
24317,15
24318,1
24318,16
24318,11
24320,24
24320,17
24321,16
24322,1
24323,1
24323,4
24323,7
24324,1
24325,1
24326,4
24326,5
24327,1
24327,4
24332,18
24333,1
24333,25
24335,25
24335,24
24336,16
24336,27
24337,1
24338,1
24339,1
24340,1
24341,23
24342,1
24342,4
24342,8
24343,16
24343,7
24344,16
24344,14
24345,16
24346,1
24348,1
24348,7
24349,1
24350,1
24351,1
24351,6
24351,12
24353,7
24354,23
24354,24
24359,4
24359,8
24359,15
24359,13
24361,1
24362,1
24363,1
24364,1
24364,17
24367,16
24368,1
24370,10
24371,1
24372,1
24372,16
24372,4
24375,1
24375,21
24375,17
24379,23
24380,16
24380,4
24380,15
24380,13
24381,22
24383,8
24383,14
24384,1
24384,10
24385,16
24386,1
24386,7
24387,1
24387,13
24387,3
24389,16
24389,8
24392,8
24392,25
24394,26
24396,1
24396,7
24397,1
24397,15
24398,16
24398,27
24398,12
24399,4
24399,12
24401,16
24402,1
24402,3
24402,11
24404,23
24405,1
24405,17
24406,1
24406,7
24407,1
24407,7
24407,12
24408,7
24409,1
24409,5
24409,3
24410,16
24411,16
24412,16
24413,1
24413,16
24413,7
24414,1
24417,16
24419,1
24419,4
24419,5
24421,16
24424,23
24424,24
24425,1
24425,7
24426,16
24426,14
24427,24
24428,15
24428,2
24428,11
24430,23
24430,17
24431,21
24431,17
24433,22
24436,1
24437,14
24437,10
24437,22
24438,23
24439,26
24443,1
24443,18
24444,16
24444,5
24446,16
24453,1
24453,4
24453,8
24455,16
24455,10
24456,25
24456,24
24457,10
24458,16
24459,16
24460,1
24460,16
24462,25
24463,1
24463,7
24467,16
24468,4
24468,8
24470,1
24470,5
24471,4
24471,8
24471,2
24472,1
24472,4
24473,1
24474,1
24474,4
24475,1
24475,4
24475,5
24476,16
24477,1
24478,1
24478,4
24478,5
24479,16
24479,7
24480,23
24481,1
24481,4
24482,1
24482,16
24483,1
24483,4
24483,22
24484,16
24487,1
24487,4
24487,17
24488,16
24489,22
24490,1
24490,18
24491,22
24492,4
24493,4
24494,5
24494,11
24494,19
24496,4
24496,21
24497,1
24497,4
24498,1
24498,4
24499,1
24499,4
24500,4
24502,16
24502,10
24503,1
24503,13
24503,11
24504,1
24504,11
24504,12
24505,1
24505,3
24505,9
24507,16
24508,16
24509,1
24509,3
24509,12
24510,4
24510,8
24511,4
24512,1
24512,4
24513,1
24513,4
24513,21
24514,1
24514,4
24515,1
24515,5
24515,11
24516,4
24516,21
24517,4
24517,21
24517,9
24518,1
24518,2
24518,3
24519,1
24519,27
24519,13
24520,1
24520,11
24521,1
24521,6
24521,3
24522,1
24522,7
24523,23
24526,24
24529,24
24530,16
24530,10
24531,16
24532,17
24533,5
24534,16
24538,1
24538,3
24538,11
24541,16
24544,1
24547,16
24547,27
24547,2
24548,25
24548,24
24549,23
24551,18
24557,16
24559,23
24561,16
24562,1
24562,16
24562,7
24563,16
24564,5
24565,1
24565,7
24567,16
24568,11
24568,12
24569,1
24569,5
24572,24
24573,23
24574,24
24575,1
24578,1
24578,7
24579,1
24580,16
24580,14
24581,24
24582,1
24582,5
24583,1
24583,5
24583,11
24584,1
24584,10
24585,1
24586,16
24588,4
24588,8
24589,1
24590,1
24590,13
24591,1
24591,4
24591,5
24592,1
24592,5
24593,1
24593,7
24594,16
24598,1
24598,7
24599,1
24599,7
24603,1
24605,24
24608,1
24609,1
24609,4
24609,8
24611,16
24613,17
24614,16
24615,1
24615,11
24615,17
24619,17
24620,25
24621,1
24622,16
24622,7
24623,1
24623,4
24623,21
24624,1
24624,5
24629,16
24633,1
24633,16
24634,16
24636,24
24637,8
24637,24
24637,22
24638,16
24641,22
24644,16
24644,14
24646,4
24646,8
24647,16
24649,1
24649,4
24649,5
24650,16
24651,17
24652,25
24653,16
24655,4
24655,22
24656,1
24656,10
24658,16
24658,7
24659,16
24660,16
24661,1
24661,5
24661,11
24663,16
24663,4
24663,8
24663,15
24664,1
24664,16
24665,16
24665,8
24665,24
24667,17
24667,22
24668,1
24671,1
24671,5
24671,3
24672,1
24672,6
24673,23
24674,1
24674,7
24675,10
24677,16
24679,22
24680,5
24680,17
24690,10
24692,16
24694,17
24696,8
24697,1
24697,7
24703,1
24703,18
24705,4
24705,15
24705,2
24707,15
24707,6
24707,28
24707,12
24708,25
24709,1
24709,5
24709,11
24710,1
24710,7
24711,5
24711,11
24712,23
24714,11
24715,1
24715,2
24715,3
24717,1
24717,5
24717,11
24718,18
24721,16
24732,16
24732,13
24734,1
24734,24
24738,16
24741,8
24747,1
24747,3
24747,11
24748,16
24749,1
24749,4
24749,5
24750,16
24752,1
24752,7
24754,1
24755,7
24755,28
24758,16
24758,22
24760,1
24760,11
24761,16
24762,17
24764,1
24764,23
24765,1
24765,5
24765,11
24766,1
24766,4
24766,22
24767,7
24768,16
24769,7
24769,28
24770,1
24770,7
24771,1
24771,10
24771,7
24776,25
24777,7
24778,16
24779,16
24780,1
24780,16
24780,13
24781,1
24781,16
24781,27
24782,16
24783,4
24783,15
24783,2
24784,1
24784,5
24784,3
24785,14
24786,22
24791,18
24792,1
24795,16
24799,1
24799,7
24800,1
24800,4
24800,18
24803,1
24803,16
24804,16
24805,1
24805,16
24805,21
24806,1
24806,7
24807,16
24810,23
24811,1
24811,12
24812,24
24813,11
24816,16
24817,1
24817,7
24817,22
24819,4
24819,15
24819,13
24821,16
24822,16
24825,25
24825,22
24831,25
24832,1
24832,7
24833,16
24833,15
24833,13
24833,6
24834,7
24834,2
24836,16
24836,22
24837,16
24837,4
24837,8
24837,15
24839,1
24840,23
24842,16
24843,1
24843,3
24844,1
24844,7
24845,7
24846,1
24846,5
24850,25
24852,7
24853,1
24853,16
24853,14
24854,1
24854,7
24855,16
24858,1
24858,16
24859,16
24859,15
24859,27
24860,17
24861,25
24862,25
24863,17
24864,24
24864,17
24865,1
24865,14
24865,7
24866,16
24866,7
24867,25
24867,26
24869,4
24869,8
24869,2
24871,16
24872,16
24873,1
24873,8
24878,16
24879,16
24880,1
24881,16
24882,16
24883,1
24883,7
24884,27
24885,1
24888,4
24888,5
24888,11
24889,8
24889,2
24890,23
24891,1
24892,23
24893,23
24894,16
24895,23
24895,24
24896,23
24897,1
24897,5
24898,5
24901,23
24903,16
24904,23
24906,1
24906,4
24906,7
24909,16
24911,16
24913,16
24914,1
24914,10
24915,1
24915,16
24916,16
24916,27
24916,2
24919,1
24919,8
24920,1
24920,8
24921,1
24921,8
24922,1
24922,8
24923,1
24923,5
24923,11
24925,1
24925,8
24927,8
24928,1
24928,8
24929,1
24929,8
24930,1
24930,8
24932,17
24933,24
24933,17
24935,8
24935,25
24935,24
24936,1
24936,14
24936,7
24937,16
24937,7
24938,1
24938,14
24938,7
24939,1
24939,5
24939,11
24940,27
24941,16
24946,16
24948,27
24948,13
24948,20
24949,10
24949,24
24950,24
24951,24
24952,24
24955,1
24955,5
24956,1
24956,5
24956,3
24957,1
24957,5
24957,11
24959,24
24961,14
24961,7
24962,1
24962,7
24964,16
24965,1
24966,16
24967,16
24968,14
24970,16
24971,1
24971,7
24972,1
24972,4
24972,8
24973,16
24973,7
24974,1
24974,7
24974,11
24975,8
24975,27
24976,22
24979,22
24981,23
24982,23
24983,23
24984,23
24984,24
24985,23
24985,24
24986,23
24986,24
24987,23
24988,5
24989,23
24992,1
24992,4
24992,21
24994,27
24994,13
24995,8
24995,27
24995,13
24996,1
24996,8
24996,13
24998,1
24998,14
24999,16
24999,13
24999,7
25000,1
25000,8
25000,7
25004,14
25008,8
25008,25
25009,14
25010,1
25010,4
25011,1
25011,7
25012,1
25012,7
25013,1
25014,1
25015,4
25015,5
25015,9
25017,16
25019,22
25020,22
25021,24
25022,1
25026,16
25027,1
25027,7
25030,22
25031,16
25035,1
25035,14
25036,1
25036,16
25036,7
25041,1
25041,14
25042,24
25043,8
25043,24
25044,16
25047,25
25048,8
25048,27
25048,10
25049,1
25049,16
25051,1
25051,7
25053,27
25053,10
25054,21
25054,17
25055,1
25055,7
25056,25
25057,1
25057,4
25059,1
25059,4
25059,17
25060,25
25061,16
25062,1
25062,18
25063,1
25063,14
25064,1
25064,7
25065,14
25065,7
25066,11
25066,17
25067,25
25069,23
25070,1
25070,11
25072,1
25072,7
25073,1
25073,5
25073,11
25077,23
25078,26
25084,1
25084,4
25084,5
25085,1
25085,16
25085,14
25086,16
25086,23
25086,7
25087,16
25087,7
25091,18
25092,1
25092,5
25095,24
25096,10
25098,16
25098,7
25101,1
25101,7
25101,17
25102,1
25102,14
25102,7
25103,1
25103,7
25103,17
25104,1
25104,13
25104,7
25105,11
25105,17
25106,16
25107,1
25108,24
25108,17
25110,1
25110,4
25110,9
25111,10
25114,17
25116,17
25117,4
25117,11
25119,25
25121,1
25123,11
25123,17
25124,27
25125,13
25125,7
25125,17
25129,14
25129,22
25130,7
25130,2
25132,16
25134,8
25134,25
25134,24
25135,11
25135,17
25136,1
25136,8
25139,1
25139,16
25139,7
25142,7
25143,17
25145,16
25145,7
25148,25
25148,24
25151,8
25151,27
25151,13
25152,16
25152,27
25152,12
25159,26
25160,17
25161,1
25161,7
25162,16
25163,24
25165,16
25166,16
25166,7
25167,1
25168,17
25169,26
25170,3
25177,1
25177,5
25181,1
25181,5
25184,1
25184,18
25185,16
25188,16
25189,16
25191,1
25192,23
25199,8
25201,4
25201,11
25202,16
25202,24
25203,16
25205,1
25205,4
25205,8
25206,8
25206,24
25207,23
25209,1
25209,5
25209,3
25210,16
25210,27
25211,1
25211,12
25212,1
25212,23
25212,17
25213,16
25214,1
25215,15
25215,27
25216,1
25216,11
25217,1
25218,1
25218,10
25219,7
25219,21
25219,17
25220,11
25220,18
25221,16
25221,17
25222,1
25222,16
25222,7
25224,5
25224,11
25225,5
25225,11
25229,8
25229,25
25229,24
25231,1
25231,5
25232,14
25232,17
25234,16
25235,16
25236,14
25236,10
25237,1
25237,7
25238,1
25238,7
25239,23
25240,25
25241,25
25242,13
25242,6
25242,12
25243,27
25244,14
25244,7
25245,1
25245,5
25245,3
25246,27
25247,16
25247,7
25248,1
25248,14
25249,16
25249,7
25252,13
25252,7
25253,27
25254,16
25254,7
25255,1
25255,14
25255,7
25256,16
25258,1
25260,16
25260,18
25267,25
25267,18
25268,16
25269,1
25269,7
25270,16
25270,8
25270,10
25273,16
25274,8
25274,24
25276,16
25277,16
25277,27
25282,16
25283,7
25284,1
25284,4
25284,5
25289,8
25289,13
25289,10
25291,16
25291,4
25291,6
25296,16
25296,4
25296,3
25298,1
25300,27
25301,26
25305,1
25306,23
25307,27
25309,23
25310,16
25313,16
25315,1
25315,7
25316,8
25316,11
25317,1
25317,5
25317,11
25318,8
25318,5
25318,11
25319,1
25319,7
25320,16
25320,27
25321,4
25321,5
25322,4
25322,8
25322,13
25323,1
25323,7
25324,23
25325,16
25326,16
25326,22
25327,1
25327,22
25328,8
25328,27
25328,13
25329,16
25330,1
25330,4
25331,26
25332,26
25334,16
25335,1
25335,7
25335,28
25336,16
25336,27
25337,1
25338,27
25342,16
25343,1
25343,7
25343,3
25344,23
25345,7
25354,1
25354,21
25354,17
25356,17
25358,17
25359,17
25360,17
25361,4
25361,15
25361,2
25362,17
25364,23
25365,1
25365,7
25366,17
25369,23
25369,24
25376,25
25377,1
25377,27
25377,11
25379,16
25380,1
25380,27
25381,16
25382,1
25382,17
25383,27
25383,14
25383,11
25384,16
25385,1
25385,7
25386,8
25386,24
25388,18
25390,1
25390,27
25390,13
25391,27
25391,13
25392,27
25392,13
25392,2
25393,1
25393,27
25393,13
25396,1
25399,16
25399,15
25400,4
25400,15
25400,2
25403,14
25403,17
25405,23
25409,8
25409,11
25409,17
25411,1
25413,16
25414,1
25414,6
25414,3
25416,1
25416,7
25418,16
25418,10
25419,1
25425,17
25428,1
25428,16
25428,7
25429,10
25430,20
25433,1
25433,7
25434,1
25434,7
25435,5
25436,16
25436,4
25436,11
25437,21
25437,17
25438,15
25438,2
25439,11
25441,15
25441,13
25445,1
25445,7
25446,8
25446,24
25449,1
25452,16
25452,7
25453,1
25453,7
25454,16
25454,8
25454,15
25454,22
25455,1
25455,7
25457,8
25457,14
25460,16
25461,1
25461,7
25462,14
25462,7
25463,27
25464,1
25464,7
25466,10
25468,24
25469,1
25469,7
25475,23
25477,23
25477,24
25479,5
25481,1
25481,13
25481,2
25483,16
25483,15
25484,1
25484,7
25485,16
25485,27
25486,27
25487,27
25487,10
25488,1
25488,17
25489,16
25490,23
25494,1
25494,8
25495,16
25496,2
25497,17
25498,7
25499,1
25499,7
25500,1
25500,16
25501,1
25501,7
25502,17
25503,14
25503,25
25504,25
25505,1
25506,22
25507,1
25507,4
25507,5
25508,15
25508,2
25512,11
25512,9
25521,16
25522,16
25523,1
25523,17
25524,16
25527,5
25531,7
25532,17
25533,23
25540,10
25541,4
25541,15
25541,2
25545,16
25545,7
25546,1
25546,16
25547,16
25547,8
25547,15
25550,23
25553,5
25553,12
25554,23
25555,17
25556,17
25557,17
25562,1
25562,5
25562,17
25566,26
25569,26
25570,7
25570,21
25570,17
25571,23
25574,16
25574,15
25576,16
25577,16
25578,16
25578,7
25582,25
25587,16
25588,1
25588,5
25589,1
25589,4
25589,21
25591,1
25591,17
25592,5
25593,5
25594,24
25598,24
25598,17
25600,24
25601,24
25602,24
25604,24
25604,17
25606,1
25606,16
25612,24
25616,1
25616,16
25616,4
25616,15
25619,16
25620,1
25620,15
25620,2
25623,7
25625,1
25625,7
25625,11
25626,1
25626,7
25627,1
25627,12
25628,1
25628,4
25628,3
25629,16
25630,24
25633,16
25634,16
25634,7
25634,17
25635,16
25636,14
25636,7
25637,1
25637,16
25637,7
25638,23
25640,1
25640,4
25640,24
25641,16
25644,8
25644,15
25644,2
25644,22
25645,1
25645,16
25645,7
25646,1
25646,7
25647,1
25647,7
25648,23
25649,23
25650,16
25650,10
25653,1
25653,7
25654,25
25655,16
25658,1
25658,7
25659,16
25659,14
25660,1
25660,7
25661,1
25661,14
25661,7
25662,16
25662,7
25663,1
25669,1
25669,21
25669,17
25670,16
25671,16
25672,24
25674,1
25674,7
25675,4
25675,15
25675,7
25675,12
25676,10
25677,1
25677,8
25677,7
25679,1
25679,8
25679,14
25680,16
25680,15
25680,7
25681,24
25682,5
25683,1
25683,5
25685,4
25685,8
25685,2
25688,16
25690,16
25690,22
25691,1
25691,7
25692,1
25692,4
25692,5
25693,1
25693,5
25693,3
25694,16
25696,4
25696,8
25696,15
25696,13
25698,1
25698,5
25699,1
25700,1
25701,8
25701,15
25701,2
25702,16
25702,7
25706,23
25706,24
25711,8
25711,5
25711,11
25712,1
25712,16
25713,16
25713,7
25714,7
25715,16
25715,13
25715,7
25716,1
25716,7
25717,1
25717,22
25719,1
25719,5
25720,1
25720,5
25721,1
25721,12
25723,4
25723,7
25723,3
25724,1
25724,5
25724,19
25725,16
25726,15
25726,5
25726,2
25726,3
25729,11
25729,17
25732,16
25732,4
25732,22
25733,24
25736,1
25736,3
25736,11
25737,1
25737,5
25738,5
25738,11
25740,16
25740,4
25740,15
25740,13
25746,16
25747,1
25747,13
25747,10
25749,1
25749,11
25750,1
25751,1
25751,16
25751,15
25751,7
25752,5
25752,11
25753,14
25755,1
25756,1
25756,17
25757,27
25758,1
25758,16
25758,7
25760,1
25760,21
25760,17
25763,27
25764,1
25764,14
25767,4
25767,8
25768,1
25769,1
25769,5
25770,16
25771,16
25772,1
25773,1
25773,11
25774,1
25774,5
25776,1
25776,16
25777,1
25777,17
25778,15
25778,7
25779,15
25779,10
25779,7
25780,16
25781,1
25781,6
25782,1
25783,5
25784,1
25784,7
25785,4
25785,8
25785,15
25785,2
25786,1
25786,18
25787,1
25788,1
25788,7
25788,11
25789,1
25789,7
25790,25
25791,18
25792,1
25792,5
25792,11
25793,23
25794,16
25794,23
25794,7
25795,16
25796,16
25796,15
25796,7
25796,12
25797,16
25798,1
25799,1
25799,7
25801,16
25801,15
25802,1
25802,17
25803,1
25803,17
25804,16
25805,17
25808,1
25808,3
25810,1
25810,14
25810,7
25811,4
25811,15
25811,27
25811,2
25812,15
25812,6
25812,11
25812,12
25814,16
25814,7
25815,15
25815,11
25816,16
25816,7
25816,11
25817,15
25817,6
25817,11
25817,12
25818,5
25818,11
25818,12
25820,24
25821,23
25822,1
25822,11
25823,16
25823,7
25824,1
25824,7
25825,22
25827,1
25827,16
25827,7
25828,1
25829,4
25829,15
25829,11
25830,1
25831,15
25831,11
25837,24
25839,1
25839,7
25840,1
25840,14
25840,7
25841,1
25841,7
25842,22
25844,17
25846,16
25846,4
25846,11
25848,1
25848,7
25850,1
25852,1
25852,7
25852,28
25853,25
25854,1
25854,28
25854,18
25855,23
25855,18
25856,25
25856,24
25857,17
25858,23
25858,24
25859,8
25859,25
25860,8
25860,27
25861,8
25861,27
25861,9
25862,1
25862,27
25863,16
25863,27
25863,10
25864,16
25864,14
25865,1
25865,5
25865,11
25867,22
25868,1
25868,8
25868,5
25870,1
25870,5
25871,1
25871,16
25871,5
25872,8
25872,24
25873,8
25873,27
25874,1
25874,17
25875,26
25876,7
25877,16
25877,10
25878,1
25878,11
25879,16
25879,10
25880,8
25880,17
25882,7
25882,21
25882,17
25883,1
25883,5
25883,3
25885,5
25886,10
25886,17
25892,23
25893,17
25894,1
25894,11
25894,17
25895,5
25895,11
25896,16
25896,4
25896,8
25900,16
25901,23
25903,1
25903,5
25903,11
25904,8
25904,25
25904,24
25906,1
25906,7
25906,17
25907,10
25909,8
25909,27
25910,8
25910,27
25910,13
25911,4
25911,27
25911,9
25912,8
25912,27
25912,20
25913,24
25915,1
25921,1
25921,5
25921,17
25924,1
25924,7
25925,18
25928,15
25928,12
25929,1
25930,25
25930,24
25931,1
25931,3
25932,15
25932,2
25933,16
25933,7
25934,22
25936,4
25936,15
25937,10
25938,16
25938,10
25939,1
25939,10
25940,10
25941,10
25942,10
25943,8
25943,10
25944,1
25944,5
25945,10
25945,17
25948,1
25948,8
25948,2
25949,1
25949,27
25949,13
25950,24
25951,23
25952,1
25953,4
25953,15
25953,13
25956,4
25956,15
25956,11
25956,12
25958,7
25961,16
25962,1
25963,23
25964,1
25964,7
25965,1
25966,23
25967,1
25967,5
25968,23
25970,16
25970,14
25971,16
25972,1
25972,11
25973,16
25975,1
25976,8
25976,13
25976,7
25977,4
25977,15
25977,13
25978,16
25978,4
25978,15
25979,16
25979,15
25979,7
25980,15
25980,12
25981,26
25982,15
25982,13
25983,16
25984,1
25984,16
25984,7
25986,1
25986,16
25986,11
25987,1
25987,7
25988,1
25988,7
25989,1
25989,7
25989,11
25990,1
25990,5
25990,11
25991,1
25991,3
25992,16
25992,4
25992,2
25997,23
25998,1
25998,4
25998,5
25999,1
25999,4
25999,22
26000,16
26000,8
26000,24
26004,8
26004,24
26006,16
26009,25
26010,16
26011,1
26011,18
26012,1
26012,27
26013,16
26013,15
26013,7
26014,7
26015,5
26015,11
26016,16
26016,24
26017,1
26017,7
26017,18
26018,1
26018,7
26019,16
26019,15
26020,16
26020,14
26021,8
26021,24
26022,16
26024,16
26025,16
26026,15
26026,7
26028,16
26028,4
26028,15
26028,13
26029,1
26029,8
26029,15
26030,15
26030,13
26031,5
26031,11
26032,16
26032,7
26034,16
26034,15
26034,13
26035,8
26035,15
26035,27
26035,13
26036,8
26036,15
26036,13
26037,4
26037,8
26037,15
26037,13
26038,1
26039,1
26040,1
26041,1
26043,1
26043,7
26044,13
26044,7
26045,1
26045,16
26046,16
26046,4
26046,15
26047,16
26047,8
26047,15
26052,1
26052,5
26052,7
26058,25
26058,24
26060,16
26061,16
26062,5
26064,17
26065,17
26068,17
26069,16
26070,1
26070,7
26071,1
26071,7
26072,1
26072,7
26073,15
26073,13
26074,16
26074,15
26074,12
26075,8
26075,15
26075,2
26076,16
26076,5
26079,21
26080,1
26080,8
26080,7
26082,1
26083,25
26085,15
26085,2
26087,4
26087,5
26088,2
26088,3
26089,16
26089,15
26089,13
26089,7
26090,16
26090,15
26091,5
26092,16
26092,15
26093,1
26094,16
26094,4
26095,1
26095,7
26096,1
26097,1
26099,1
26099,7
26100,1
26101,16
26102,16
26102,7
26103,1
26103,21
26103,17
26104,16
26105,16
26106,1
26106,7
26106,3
26107,16
26107,27
26107,14
26108,16
26109,16
26110,4
26110,8
26110,15
26110,12
26111,1
26111,8
26112,1
26112,8
26113,1
26113,5
26117,1
26117,18
26119,15
26119,13
26121,16
26121,15
26121,6
26121,3
26122,16
26122,15
26123,1
26123,3
26124,1
26124,7
26126,1
26126,7
26127,7
26127,11
26128,16
26129,1
26129,11
26131,7
26131,12
26132,17
26133,16
26135,1
26135,4
26135,15
26135,13
26136,1
26136,11
26137,15
26137,10
26138,16
26139,16
26140,27
26141,16
26142,4
26145,16
26145,7
26146,1
26146,5
26146,3
26147,16
26148,1
26148,21
26149,14
26149,7
26150,1
26150,14
26150,7
26151,1
26151,24
26152,1
26152,7
26153,13
26153,6
26153,17
26154,1
26154,10
26154,7
26155,1
26155,5
26156,2
26156,11
26157,16
26157,7
26157,3
26158,1
26158,7
26159,1
26159,7
26160,1
26163,1
26163,7
26164,1
26165,23
26165,7
26166,16
26166,4
26166,22
26167,16
26167,15
26168,1
26168,7
26169,15
26169,10
26170,24
26171,24
26172,24
26173,25
26174,1
26174,4
26174,8
26174,15
26175,16
26175,4
26175,8
26175,15
26179,1
26179,7
26180,1
26180,14
26180,7
26182,5
26182,11
26184,8
26184,24
26186,16
26186,10
26187,1
26187,7
26188,1
26188,7
26189,20
26190,11
26191,16
26192,25
26197,1
26198,1
26198,7
26203,1
26203,16
26203,27
26204,15
26204,10
26205,4
26205,8
26205,15
26205,13
26206,1
26207,1
26207,7
26208,8
26208,25
26208,24
26209,16
26209,15
26210,8
26210,15
26210,7
26210,2
26212,16
26213,17
26217,26
26219,24
26220,1
26220,16
26221,1
26221,4
26221,15
26221,2
26222,16
26222,15
26223,1
26223,15
26223,13
26223,11
26226,16
26226,24
26231,16
26234,5
26234,19
26236,23
26237,24
26239,5
26244,25
26245,16
26246,23
26249,16
26249,23
26251,16
26253,23
26255,16
26259,1
26259,5
26260,1
26260,5
26261,16
26262,1
26262,14
26268,1
26269,1
26270,1
26270,18
26273,16
26274,4
26274,15
26274,5
26275,1
26275,17
26276,1
26276,5
26277,20
26278,1
26278,4
26278,5
26279,8
26279,25
26282,16
26283,7
26283,11
26285,1
26285,21
26285,18
26286,15
26286,13
26286,2
26288,4
26288,8
26288,27
26289,16
26289,14
26292,21
26293,1
26293,15
26293,13
26293,2
26294,16
26294,14
26295,4
26295,14
26297,15
26297,6
26297,12
26299,1
26300,1
26300,8
26300,17
26303,24
26303,17
26306,22
26308,16
26308,8
26308,15
26308,2
26309,23
26313,23
26313,24
26316,23
26317,7
26318,1
26318,8
26318,14
26321,27
26321,10
26323,1
26323,7
26327,8
26327,27
26328,1
26328,7
26329,27
26330,1
26331,1
26331,7
26332,16
26332,7
26334,12
26335,27
26336,17
26338,27
26339,16
26341,16
26341,27
26342,4
26342,15
26342,13
26346,1
26346,17
26346,9
26347,15
26347,13
26348,15
26348,13
26350,16
26351,8
26352,16
26355,1
26355,7
26357,16
26357,27
26358,27
26361,21
26361,17
26362,21
26363,1
26367,25
26368,17
26369,25
26370,16
26370,7
26371,16
26373,5
26374,4
26374,8
26374,15
26375,15
26375,7
26376,16
26376,14
26377,25
26377,18
26378,4
26378,8
26378,13
26379,5
26379,21
26379,17
26380,8
26380,27
26380,13
26382,1
26382,4
26382,5
26383,1
26384,1
26384,16
26384,7
26385,25
26386,1
26386,7
26387,1
26387,7
26387,11
26388,23
26389,1
26389,7
26390,1
26390,7
26392,1
26392,14
26393,1
26393,3
26394,10
26395,16
26396,1
26396,16
26397,1
26397,16
26397,23
26398,4
26398,22
26399,26
26400,1
26400,8
26400,25
26402,1
26402,16
26402,10
26403,16
26404,10
26405,24
26407,5
26411,1
26413,1
26417,16
26417,8
26417,27
26419,22
26422,8
26422,15
26422,13
26423,17
26424,23
26426,17
26427,22
26428,1
26428,5
26428,19
26431,17
26434,5
26434,11
26435,16
26437,16
26437,4
26437,15
26437,27
26438,1
26438,11
26442,4
26442,8
26442,27
26443,23
26443,24
26445,16
26450,1
26450,16
26450,14
26451,23
26453,8
26453,28
26453,24
26454,16
26457,23
26457,24
26458,1
26458,17
26459,27
26460,1
26460,4
26460,7
26461,1
26462,1
26463,24
26463,17
26464,17
26465,17
26468,16
26468,8
26468,14
26469,16
26470,17
26471,17
26472,1
26472,7
26474,17
26475,17
26477,8
26477,15
26477,2
26479,3
26479,11
26480,1
26481,1
26481,13
26481,17
26483,26
26490,23
26491,16
26494,16
26499,21
26499,17
26500,1
26503,23
26504,4
26504,5
26504,11
26505,5
26505,11
26507,1
26507,5
26507,11
26510,1
26512,16
26514,1
26519,1
26519,7
26520,1
26521,1
26521,5
26521,19
26522,16
26522,4
26522,8
26523,16
26523,7
26525,4
26528,16
26534,1
26534,7
26535,1
26535,7
26539,1
26539,5
26542,5
26542,11
26543,1
26544,4
26544,8
26544,2
26545,16
26545,4
26545,8
26547,1
26547,16
26550,1
26550,7
26550,9
26552,8
26555,1
26555,7
26556,24
26556,17
26557,7
26559,1
26561,17
26569,8
26569,14
26570,8
26570,13
26570,28
26571,4
26571,15
26571,2
26574,16
26576,17
26577,1
26577,14
26580,4
26580,15
26580,2
26581,4
26581,15
26581,2
26582,15
26582,7
26584,24
26585,4
26585,8
26585,2
26586,4
26586,8
26587,16
26587,8
26587,27
26588,1
26588,18
26596,16
26597,4
26597,8
26597,5
26598,2
26599,2
26600,1
26600,4
26600,2
26601,4
26601,2
26602,1
26602,4
26602,2
26603,1
26603,2
26604,2
26605,27
26605,11
26607,4
26607,5
26608,16
26608,14
26609,1
26612,4
26612,8
26612,2
26613,22
26616,4
26616,2
26618,1
26618,10
26619,1
26619,16
26619,12
26620,6
26621,2
26622,17
26623,17
26625,4
26625,15
26626,26
26627,16
26627,15
26627,7
26627,12
26628,5
26628,17
26629,1
26629,3
26629,17
26630,22
26631,1
26631,13
26631,2
26632,16
26633,24
26634,16
26635,16
26635,4
26635,8
26636,16
26637,16
26638,16
26641,16
26642,1
26643,16
26643,8
26643,13
26644,16
26644,8
26644,13
26645,4
26646,1
26646,5
26646,11
26647,16
26647,17
26648,16
26650,17
26651,1
26651,15
26651,13
26653,1
26653,17
26654,23
26657,4
26657,15
26657,5
26657,2
26659,16
26661,17
26662,6
26662,12
26663,27
26664,1
26664,5
26664,11
26666,13
26666,7
26669,1
26669,7
26671,25
26673,24
26675,4
26675,8
26675,2
26676,4
26676,8
26676,15
26677,17
26678,17
26679,25
26680,17
26681,17
26684,4
26684,7
26684,17
26689,16
26689,12
26690,1
26690,8
26690,13
26691,1
26691,4
26691,2
26692,1
26692,2
26693,4
26693,8
26694,1
26694,2
26695,4
26695,8
26695,2
26696,2
26697,1
26697,2
26700,16
26700,15
26701,10
26702,17
26703,1
26703,5
26703,11
26705,16
26706,16
26708,1
26708,4
26709,1
26709,16
26709,18
26711,4
26711,8
26711,2
26712,1
26712,8
26712,7
26713,8
26713,27
26716,27
26719,5
26721,10
26723,3
26724,1
26724,16
26728,4
26728,8
26728,14
26729,8
26729,15
26729,13
26730,4
26730,5
26730,3
26731,16
26731,4
26731,15
26731,7
26732,1
26732,16
26732,7
26733,1
26733,16
26734,1
26735,8
26736,1
26736,12
26737,23
26741,16
26741,14
26742,4
26742,5
26745,5
26746,5
26747,4
26747,8
26747,2
26751,1
26751,16
26752,1
26753,27
26755,5
26755,17
26755,9
26757,1
26757,5
26757,17
26759,26
26761,1
26761,17
26762,1
26762,7
26764,1
26764,13
26764,7
26765,1
26765,8
26765,2
26766,16
26766,8
26766,2
26767,1
26767,13
26767,7
26768,1
26768,5
26768,11
26769,16
26769,2
26770,2
26772,1
26773,1
26774,1
26774,5
26775,2
26780,16
26781,16
26782,21
26785,5
26786,11
26786,17
26787,17
26792,22
26793,1
26793,8
26793,5
26794,1
26794,5
26794,11
26795,1
26795,5
26795,11
26796,16
26796,27
26796,14
26797,8
26797,7
26797,2
26798,1
26798,3
26798,11
26799,16
26799,12
26800,24
26801,5
26801,3
26802,1
26802,7
26803,25
26806,1
26806,4
26806,3
26808,16
26809,16
26813,8
26813,27
26813,13
26815,1
26815,16
26815,15
26815,22
26816,16
26817,17
26818,1
26818,4
26818,8
26822,16
26823,8
26823,14
26823,17
26826,25
26827,16
26828,5
26829,15
26829,10
26831,4
26831,8
26831,14
26832,1
26833,25
26834,1
26834,5
26834,18
26835,15
26835,7
26836,1
26836,13
26836,2
26837,11
26837,17
26837,12
26840,16
26840,7
26841,1
26841,17
26843,24
26844,17
26845,16
26845,7
26846,1
26846,11
26847,4
26847,5
26847,11
26848,15
26849,23
26852,1
26853,16
26855,1
26855,7
26856,1
26856,7
26856,3
26857,1
26857,21
26857,17
26858,22
26859,1
26859,5
26859,11
26860,16
26861,3
26861,11
26861,12
26862,5
26862,11
26863,25
26864,21
26864,17
26865,1
26865,17
26866,1
26866,7
26866,17
26867,1
26867,3
26868,1
26868,5
26870,27
26870,14
26871,5
26872,16
26875,23
26876,25
26876,24
26878,17
26879,1
26879,17
26881,21
26881,17
26882,4
26883,1
26886,4
26886,15
26886,2
26887,4
26887,15
26887,2
26888,1
26888,16
26888,7
26889,1
26889,7
26890,1
26890,7
26891,1
26891,11
26892,1
26892,7
26895,16
26897,8
26897,13
26899,4
26899,15
26899,2
26902,16
26903,16
26903,27
26904,3
26904,11
26905,1
26905,7
26906,1
26906,7
26907,28
26907,17
26908,21
26908,17
26909,21
26909,17
26910,1
26910,14
26911,1
26911,7
26912,16
26912,8
26912,15
26913,15
26913,7
26913,12
26914,1
26914,11
26915,16
26917,1
26917,5
26917,7
26920,10
26921,16
26922,1
26922,7
26923,16
26924,24
26925,8
26928,23
26929,25
26930,6
26930,2
26930,11
26932,15
26932,13
26936,15
26936,5
26936,11
26938,22
26939,16
26941,16
26943,1
26943,4
26943,8
26944,16
26945,23
26946,1
26946,5
26947,1
26947,16
26947,14
26948,14
26948,12
26949,15
26950,1
26950,16
26953,4
26953,8
26955,1
26955,5
26956,21
26956,17
26957,16
26958,8
26960,1
26960,7
26962,1
26962,3
26962,11
26965,27
26966,4
26966,8
26966,2
26967,16
26967,7
26968,7
26972,16
26979,23
26981,1
26981,3
26981,24
26982,16
26983,1
26985,1
26985,7
26987,23
26988,1
26988,7
26989,4
26989,8
26990,24
26991,25
26991,24
26992,16
26994,15
26994,13
26994,2
26995,4
26995,8
26995,15
26995,13
26996,16
26996,14
26997,16
26998,8
26998,2
26999,10
27000,1
27000,15
27000,7
27001,4
27001,15
27001,2
27003,16
27003,7
27004,1
27005,16
27007,23
27007,24
27008,1
27008,8
27008,21
27010,1
27012,15
27013,1
27013,7
27014,5
27017,8
27017,27
27017,13
27018,8
27018,27
27019,16
27019,14
27021,16
27021,11
27023,5
27024,25
27025,16
27027,25
27028,16
27029,16
27029,15
27032,23
27033,5
27034,5
27035,1
27035,15
27035,7
27036,16
27037,1
27038,7
27039,4
27039,2
27040,27
27041,1
27041,7
27044,1
27044,7
27046,16
27048,5
27050,1
27053,1
27054,16
27054,15
27056,15
27056,2
27056,21
27057,22
27059,16
27060,16
27061,1
27061,7
27062,16
27062,15
27063,1
27063,23
27064,18
27065,15
27066,8
27066,15
27067,1
27067,7
27075,22
27077,14
27077,13
27078,1
27078,17
27080,16
27081,8
27082,1
27083,1
27083,7
27085,16
27085,7
27086,16
27098,1
27098,7
27098,22
27099,16
27099,6
27099,11
27100,16
27102,10
27103,1
27103,16
27103,4
27104,1
27104,17
27105,8
27105,15
27107,1
27107,7
27108,1
27108,7
27109,16
27109,7
27110,22
27112,1
27112,7
27112,17
27113,1
27113,5
27113,3
27116,23
27116,24
27117,1
27117,7
27118,1
27118,7
27119,15
27119,13
27119,2
27119,11
27120,5
27121,25
27121,17
27123,16
27124,5
27126,1
27130,25
27136,23
27137,1
27137,11
27137,9
27141,16
27141,27
27141,14
27142,23
27145,1
27145,15
27147,1
27147,6
27147,12
27149,4
27149,8
27149,13
27151,27
27154,14
27155,23
27158,26
27159,1
27159,6
27160,10
27160,24
27160,17
27161,25
27166,16
27166,15
27167,16
27167,15
27169,16
27172,16
27173,1
27173,16
27173,7
27177,23
27178,16
27178,14
27179,4
27179,15
27179,2
27180,1
27180,14
27181,16
27182,1
27182,5
27185,16
27186,1
27186,14
27187,25
27188,8
27188,13
27189,16
27190,1
27190,16
27190,27
27191,17
27192,23
27195,18
27196,16
27198,1
27198,16
27198,7
27199,11
27200,27
27200,10
27203,1
27203,7
27204,16
27206,16
27207,8
27207,14
27207,13
27214,5
27220,23
27222,16
27223,2
27225,16
27226,8
27226,14
27226,13
27227,16
27227,8
27227,15
27227,12
27230,11
27231,16
27232,1
27232,16
27234,23
27236,23
27240,15
27240,13
27242,27
27243,25
27244,23
27246,28
27247,16
27249,16
27249,28
27254,16
27257,1
27257,10
27257,7
27258,1
27258,8
27258,14
27259,22
27262,16
27263,23
27264,23
27265,1
27265,17
27266,16
27269,8
27269,15
27269,13
27275,1
27277,16
27278,16
27287,25
27288,4
27288,15
27288,13
27289,16
27290,16
27290,4
27292,1
27293,1
27293,7
27294,16
27295,11
27295,24
27295,17
27296,8
27296,27
27297,27
27297,11
27298,1
27298,16
27298,14
27301,16
27303,1
27305,1
27305,4
27305,8
27306,1
27306,16
27307,16
27309,1
27312,16
27313,16
27315,16
27316,23
27320,16
27320,4
27320,8
27320,15
27321,17
27322,16
27322,25
27327,1
27328,5
27329,1
27329,8
27329,27
27331,14
27331,17
27333,8
27333,27
27337,16
27341,28
27342,23
27344,1
27344,3
27344,21
27346,16
27346,8
27346,27
27347,1
27347,21
27347,17
27348,16
27353,1
27353,3
27354,1
27354,16
27354,7
27355,10
27357,16
27357,10
27360,1
27360,15
27360,7
27361,16
27361,15
27362,15
27362,12
27363,16
27364,16
27365,24
27366,16
27368,17
27370,1
27370,4
27370,5
27371,4
27371,8
27372,25
27373,16
27374,27
27375,16
27376,16
27379,1
27379,2
27379,3
27381,10
27383,10
27389,4
27389,15
27389,13
27391,23
27392,27
27393,4
27393,15
27393,13
27400,16
27401,1
27401,16
27402,8
27402,15
27402,13
27403,14
27403,2
27403,3
27412,1
27412,5
27413,1
27413,16
27414,15
27417,1
27417,28
27418,8
27418,15
27418,13
27419,1
27419,16
27420,16
27420,15
27421,4
27421,8
27421,15
27424,16
27426,18
27428,5
27429,7
27431,23
27431,24
27435,1
27435,5
27435,17
27436,4
27436,5
27436,3
27438,4
27438,8
27438,15
27438,2
27439,1
27439,4
27439,7
27441,13
27442,23
27443,16
27444,16
27446,4
27446,8
27446,17
27447,1
27448,16
27448,8
27448,13
27449,16
27450,27
27456,18
27459,27
27462,1
27462,7
27463,13
27463,17
27464,1
27464,7
27464,11
27465,1
27465,7
27466,24
27473,16
27474,1
27474,21
27474,17
27475,17
27476,17
27477,25
27477,24
27478,16
27479,10
27481,24
27483,22
27486,1
27486,4
27488,18
27489,18
27492,17
27497,25
27498,16
27498,13
27498,11
27500,10
27502,1
27502,8
27502,15
27503,16
27504,1
27504,4
27504,2
27505,16
27505,4
27505,15
27505,12
27506,8
27506,14
27507,1
27507,7
27509,16
27509,4
27509,27
27510,25
27511,1
27511,4
27511,5
27512,1
27512,5
27512,17
27513,24
27514,16
27515,1
27515,5
27515,17
27516,5
27518,16
27519,1
27521,25
27523,23
27531,16
27532,14
27532,22
27533,1
27533,7
27534,25
27535,1
27535,5
27535,11
27537,27
27545,16
27547,1
27556,27
27557,1
27557,4
27557,2
27563,18
27568,27
27569,27
27570,23
27573,25
27577,8
27577,24
27578,10
27579,23
27584,25
27585,23
27586,25
27590,16
27590,8
27590,15
27591,1
27594,17
27595,5
27596,5
27597,16
27597,11
27598,16
27598,7
27599,15
27600,1
27601,15
27601,7
27602,1
27604,16
27604,7
27606,11
27611,16
27613,1
27614,23
27617,16
27618,16
27618,15
27618,7
27618,12
27621,1
27621,7
27621,2
27623,23
27625,1
27625,16
27625,7
27626,1
27627,1
27628,1
27628,4
27628,8
27629,1
27631,8
27631,22
27635,24
27636,1
27637,23
27639,8
27639,22
27640,23
27642,4
27642,8
27642,13
27643,16
27643,14
27644,8
27644,24
27646,10
27647,10
27649,1
27649,16
27649,27
27651,16
27651,15
27652,8
27652,13
27652,2
27654,8
27654,15
27654,13
27655,16
27655,8
27655,27
27656,16
27656,27
27657,25
27658,1
27658,21
27658,17
27659,27
27662,1
27663,16
27663,24
27667,10
27671,8
27671,24
27671,17
27672,1
27672,17
27673,1
27675,1
27677,1
27677,17
27678,1
27679,16
27679,14
27680,25
27681,16
27681,8
27681,15
27682,17
27683,16
27687,7
27688,1
27688,7
27691,4
27691,8
27696,16
27698,16
27700,1
27701,10
27704,7
27704,24
27707,1
27707,16
27707,7
27709,16
27710,16
27711,1
27711,7
27712,4
27712,8
27712,21
27713,8
27713,15
27713,7
27714,16
27715,21
27717,25
27718,17
27719,24
27720,16
27722,16
27723,7
27723,11
27723,17
27727,16
27727,7
27728,16
27728,7
27729,1
27729,5
27730,1
27730,11
27731,1
27731,7
27732,1
27733,10
27734,1
27734,11
27734,12
27736,15
27736,10
27738,1
27738,7
27739,1
27739,7
27740,1
27741,1
27741,3
27742,1
27743,1
27743,7
27744,1
27744,7
27744,17
27745,1
27745,10
27746,10
27747,5
27747,3
27750,1
27750,7
27750,12
27751,7
27753,23
27756,16
27756,15
27756,7
27758,23
27760,4
27760,8
27761,16
27762,17
27763,14
27765,1
27765,20
27767,25
27769,1
27769,5
27769,11
27770,16
27770,8
27770,27
27771,17
27773,1
27773,18
27774,16
27776,16
27777,23
27781,16
27782,17
27784,22
27785,1
27786,23
27788,17
27789,1
27789,7
27789,24
27790,1
27792,1
27792,2
27793,1
27793,10
27794,1
27796,10
27806,25
27813,5
27817,25
27818,17
27820,16
27820,15
27820,13
27820,7
27821,8
27821,27
27821,13
27822,16
27831,4
27831,8
27831,12
27832,22
27833,27
27835,1
27839,16
27840,16
27840,4
27840,5
27842,1
27842,11
27844,22
27845,16
27845,5
27847,8
27847,15
27847,13
27848,1
27848,20
27849,1
27849,7
27849,22
27852,1
27853,1
27853,21
27855,1
27855,11
27855,12
27858,17
27860,25
27862,1
27862,4
27862,8
27865,1
27865,2
27866,4
27866,8
27866,20
27867,4
27867,15
27867,13
27870,26
27871,25
27872,27
27874,16
27875,18
27876,1
27878,1
27878,8
27878,24
27883,23
27884,16
27885,16
27888,16
27888,4
27888,15
27888,12
27891,16
27892,16
27893,8
27893,15
27893,13
27894,1
27896,25
27897,25
27898,22
27899,22
27900,22
27902,22
27903,1
27903,22
27904,22
27905,1
27905,22
27906,22
27911,22
27915,16
27917,23
27918,16
27919,8
27919,24
27920,16
27921,15
27921,7
27921,28
27922,8
27922,24
27923,1
27923,7
27924,1
27924,7
27926,27
27926,14
27929,16
27929,10
27932,1
27932,7
27933,17
27937,1
27937,7
27937,11
27938,16
27938,27
27939,1
27940,17
27942,12
27943,17
27944,5
27946,1
27946,7
27947,1
27947,8
27947,15
27947,2
27948,16
27948,27
27948,13
27949,12
27952,23
27953,1
27953,3
27954,1
27954,10
27955,1
27955,5
27955,11
27956,17
27957,10
27957,17
27960,17
27961,1
27961,7
27962,16
27962,14
27963,27
27964,1
27965,1
27965,7
27966,23
27967,11
27971,27
27972,8
27972,25
27973,8
27973,15
27973,2
27974,1
27974,7
27974,11
27975,1
27976,1
27976,7
27977,1
27978,1
27978,7
27978,17
27979,1
27979,7
27980,1
27980,7
27981,1
27981,7
27982,1
27982,7
27984,1
27984,5
27984,11
27985,1
27985,5
27985,11
27986,1
27986,5
27986,11
27987,16
27989,1
27989,5
27991,1
27991,7
27992,16
27992,8
27993,10
27997,24
27999,22
28002,10
28003,10
28004,1
28004,7
28007,1
28007,5
28008,1
28008,14
28009,8
28009,25
28010,25
28011,25
28012,25
28013,1
28013,7
28015,16
28015,13
28015,7
28016,4
28016,8
28016,25
28017,4
28017,8
28017,25
28018,16
28018,27
28018,26
28019,4
28019,8
28019,25
28022,4
28022,15
28022,2
28024,16
28024,15
28024,13
28024,7
28025,1
28025,5
28025,3
28026,1
28026,3
28027,16
28027,15
28027,7
28028,1
28028,4
28028,5
28029,17
28030,16
28030,15
28030,13
28030,7
28032,1
28032,8
28033,1
28033,2
28034,6
28035,16
28036,15
28036,27
28036,13
28037,16
28037,14
28038,1
28038,17
28039,16
28040,16
28040,14
28040,13
28041,1
28041,13
28041,7
28042,1
28042,4
28042,7
28043,1
28043,27
28043,14
28044,1
28045,18
28047,1
28047,21
28048,1
28048,16
28050,1
28050,4
28050,17
28052,1
28052,8
28053,1
28053,17
28053,22
28054,1
28055,25
28057,1
28057,3
28057,11
28058,1
28059,1
28059,7
28060,1
28060,7
28060,3
28061,1
28061,7
28062,1
28062,7
28063,1
28064,1
28069,16
28069,14
28070,16
28071,25
28073,22
28074,15
28075,16
28076,22
28077,4
28077,8
28077,15
28077,13
28078,1
28078,4
28078,15
28078,13
28080,25
28085,4
28085,8
28085,5
28086,27
28086,23
28088,1
28088,4
28088,8
28092,4
28092,21
28093,1
28093,16
28093,7
28094,1
28094,7
28097,23
28099,21
28100,16
28101,1
28101,11
28106,3
28107,1
28107,7
28108,1
28108,7
28108,11
28109,1
28109,7
28110,1
28110,5
28111,16
28112,8
28116,16
28119,16
28120,1
28120,13
28120,6
28123,16
28123,27
28125,1
28125,4
28125,22
28129,24
28129,17
28130,1
28130,7
28131,25
28133,16
28133,10
28134,4
28134,6
28134,3
28135,1
28135,2
28135,3
28136,5
28137,16
28138,1
28138,2
28138,17
28139,16
28144,16
28147,16
28148,16
28148,2
28148,3
28149,16
28152,1
28152,4
28152,5
28153,16
28154,1
28154,19
28157,1
28157,5
28157,11
28160,1
28160,4
28160,21
28162,20
28163,1
28164,1
28164,7
28165,1
28166,16
28166,14
28168,1
28174,4
28174,8
28174,23
28177,1
28177,5
28177,11
28178,1
28178,5
28178,11
28179,1
28179,5
28179,11
28182,1
28182,5
28182,11
28183,1
28183,5
28183,11
28186,23
28187,5
28187,11
28189,1
28193,4
28193,15
28193,13
28194,1
28194,16
28195,1
28195,19
28196,8
28196,2
28198,15
28198,10
28199,1
28199,7
28199,17
28201,1
28201,7
28201,9
28203,16
28206,7
28214,23
28214,24
28220,1
28220,5
28222,23
28224,24
28225,10
28225,17
28229,25
28229,24
28230,17
28233,1
28233,5
28234,1
28234,16
28234,7
28235,4
28235,24
28235,17
28240,1
28240,5
28242,1
28244,1
28245,27
28247,1
28248,4
28248,8
28248,27
28249,1
28249,5
28249,11
28250,5
28250,19
28252,4
28252,8
28252,15
28252,13
28253,1
28253,7
28255,1
28255,7
28255,22
28256,1
28256,10
28259,10
28260,27
28260,14
28261,1
28261,4
28261,22
28262,10
28268,1
28268,5
28268,10
28269,1
28269,5
28269,17
28270,10
28273,23
28274,1
28274,8
28274,27
28276,1
28276,4
28276,13
28278,1
28278,16
28278,12
28279,23
28281,16
28284,16
28285,1
28290,15
28290,12
28294,1
28294,4
28296,16
28297,24
28298,25
28300,1
28300,8
28300,13
28301,23
28301,24
28302,1
28302,4
28302,8
28303,1
28303,4
28303,5
28304,1
28304,5
28304,11
28306,23
28309,16
28310,1
28310,16
28310,6
28311,4
28311,5
28332,16
28332,4
28332,5
28333,27
28334,1
28334,5
28337,16
28340,17
28341,17
28342,17
28343,2
28344,1
28344,5
28344,11
28346,16
28348,16
28349,1
28349,14
28350,17
28354,16
28354,11
28356,1
28356,7
28358,4
28358,8
28359,8
28359,15
28359,13
28360,16
28361,16
28362,1
28362,7
28363,1
28364,8
28364,11
28365,16
28365,8
28365,15
28365,13
28366,16
28368,1
28368,7
28370,1
28370,7
28371,16
28371,4
28373,16
28373,7
28374,23
28376,1
28376,8
28376,21
28377,8
28378,1
28378,5
28379,16
28379,5
28381,16
28382,25
28384,16
28385,8
28385,20
28387,1
28387,4
28387,8
28388,4
28388,8
28391,1
28391,8
28391,14
28392,1
28392,4
28392,8
28394,17
28395,1
28395,11
28395,17
28396,17
28397,24
28397,17
28398,25
28399,1
28399,7
28400,11
28400,24
28401,24
28401,17
28402,1
28402,7
28403,14
28403,7
28404,16
28407,14
28407,7
28408,1
28408,17
28409,1
28409,7
28411,14
28411,7
28412,1
28412,17
28413,1
28413,7
28416,1
28416,7
28418,16
28418,7
28419,7
28420,5
28421,1
28421,3
28423,1
28424,1
28426,16
28426,14
28426,12
28428,16
28429,4
28429,8
28430,17
28431,17
28432,4
28432,5
28432,11
28433,14
28433,7
28434,1
28434,23
28434,7
28435,1
28435,16
28437,18
28438,16
28439,1
28439,7
28439,17
28440,1
28441,1
28441,17
28442,1
28442,5
28442,11
28443,1
28443,4
28443,11
28444,1
28444,16
28444,4
28445,1
28445,7
28446,1
28446,14
28446,7
28449,1
28449,4
28449,3
28450,1
28452,1
28452,18
28454,16
28454,2
28457,1
28457,4
28457,14
28458,7
28458,17
28459,15
28459,2
28462,1
28462,7
28463,1
28463,19
28464,1
28464,5
28465,16
28467,1
28467,22
28468,16
28468,14
28469,23
28470,5
28470,11
28471,22
28472,23
28475,16
28476,22
28479,1
28479,4
28479,17
28481,1
28481,3
28482,22
28483,1
28483,17
28487,10
28487,17
28488,1
28488,11
28489,1
28489,5
28489,3
28490,8
28490,25
28491,1
28491,11
28492,1
28492,11
28493,1
28493,16
28495,16
28496,16
28496,11
28497,1
28498,1
28499,1
28499,7
28501,23
28504,10
28505,16
28507,16
28508,1
28508,7
28508,22
28510,8
28510,15
28510,13
28511,15
28511,22
28512,8
28512,15
28512,13
28513,1
28513,18
28514,1
28514,7
28515,16
28516,8
28516,27
28517,5
28517,11
28517,19
28518,1
28518,16
28518,14
28519,16
28520,5
28521,1
28521,17
28524,1
28524,5
28525,23
28526,23
28526,24
28528,16
28528,8
28529,1
28529,4
28530,23
28531,16
28532,1
28533,16
28533,14
28534,16
28535,16
28536,8
28536,27
28537,1
28537,16
28538,8
28538,27
28538,14
28539,8
28539,14
28539,2
28540,1
28540,4
28540,8
28541,16
28542,16
28544,1
28544,5
28545,8
28545,5
28545,14
28547,1
28547,5
28548,8
28548,25
28548,24
28551,1
28551,5
28553,16
28555,4
28555,8
28555,5
28557,27
28558,16
28559,16
28560,16
28560,17
28561,16
28562,16
28563,23
28564,23
28565,1
28565,5
28566,8
28566,27
28566,2
28567,8
28567,27
28567,2
28568,5
28569,1
28569,16
28571,16
28572,16
28573,27
28573,11
28574,1
28575,8
28575,27
28578,16
28579,16
28580,5
28581,16
28582,23
28583,1
28583,21
28584,1
28584,17
28585,24
28586,27
28586,13
28588,8
28589,16
28590,1
28590,16
28591,1
28591,16
28592,1
28592,16
28594,1
28595,16
28595,5
28595,11
28596,11
28597,1
28598,1
28599,1
28600,1
28601,1
28604,1
28605,1
28606,1
28606,7
28606,12
28607,20
28608,1
28608,17
28609,1
28610,1
28611,1
28611,5
28611,3
28612,6
28612,3
28612,11
28613,1
28613,14
28613,7
28614,1
28614,5
28615,1
28615,4
28615,8
28616,1
28616,13
28618,1
28619,1
28620,1
28621,1
28622,15
28622,7
28622,28
28623,1
28623,16
28623,10
28624,1
28624,5
28625,1
28627,16
28627,4
28627,8
28628,1
28628,5
28629,1
28630,1
28630,16
28630,7
28631,1
28631,16
28631,7
28632,1
28632,7
28633,1
28633,7
28635,1
28635,18
28635,17
28636,5
28637,1
28638,22
28639,1
28639,5
28639,7
28640,16
28643,5
28644,23
28644,24
28646,8
28646,25
28646,24
28647,16
28648,16
28654,1
28654,18
28656,4
28656,15
28656,2
28657,1
28657,24
28658,1
28658,22
28659,16
28659,8
28659,5
28660,16
28661,4
28661,8
28661,15
28661,12
28662,16
28662,7
28664,1
28664,19
28665,8
28665,24
28666,1
28666,7
28667,16
28669,1
28669,4
28669,8
28670,23
28670,24
28671,1
28671,10
28671,24
28674,2
28675,8
28675,15
28675,13
28676,1
28676,7
28678,8
28678,25
28678,24
28680,1
28680,4
28680,5
28684,23
28684,24
28686,1
28686,5
28686,11
28687,1
28687,11
28687,18
28689,1
28690,15
28690,10
28691,17
28692,1
28692,4
28692,5
28694,1
28694,2
28695,5
28696,2
28697,21
28697,17
28698,1
28698,16
28700,16
28700,15
28700,13
28701,8
28701,27
28702,16
28702,8
28702,15
28702,13
28705,1
28705,7
28705,17
28706,27
28707,8
28707,27
28708,1
28708,7
28710,1
28710,16
28710,15
28710,7
28711,1
28711,15
28712,16
28713,8
28713,27
28713,5
28716,16
28717,16
28717,13
28717,12
28719,16
28720,16
28721,16
28723,8
28723,2
28726,16
28727,10
28727,24
28728,23
28728,24
28729,25
28732,1
28732,5
28732,17
28733,17
28734,16
28734,12
28735,1
28736,1
28737,1
28737,3
28738,1
28738,7
28746,1
28746,4
28746,2
28747,22
28748,16
28749,27
28749,14
28749,10
28751,1
28751,17
28752,8
28752,22
28753,16
28755,1
28755,5
28755,3
28756,16
28757,16
28757,13
28757,7
28758,16
28758,10
28758,7
28759,10
28760,16
28762,7
28762,22
28764,1
28766,23
28766,14
28766,24
28767,1
28767,14
28769,1
28770,24
28772,23
28774,5
28780,10
28782,25
28782,24
28786,25
28786,18
28789,26
28792,7
28795,10
28796,16
28797,18
28803,1
28803,4
28803,5
28804,8
28804,24
28805,16
28805,7
28806,1
28806,7
28807,1
28807,7
28809,24
28810,1
28810,17
28813,24
28814,25
28817,16
28820,1
28820,4
28820,8
28824,16
28826,1
28826,5
28826,3
28827,1
28828,16
28829,1
28829,7
28830,16
28831,7
28833,1
28833,5
28834,16
28836,1
28836,3
28837,16
28837,18
28838,1
28838,16
28839,16
28839,4
28839,3
28841,16
28841,18
28842,1
28842,5
28842,3
28843,23
28847,1
28847,16
28847,15
28847,7
28848,25
28850,25
28854,21
28854,17
28856,16
28857,1
28857,5
28858,15
28858,13
28860,1
28860,18
28860,17
28861,1
28862,1
28862,5
28862,3
28863,16
28864,13
28864,6
28864,11
28865,16
28866,1
28866,16
28866,8
28867,1
28867,7
28869,16
28869,10
28871,27
28871,10
28872,1
28872,16
28872,7
28873,1
28873,7
28875,16
28875,23
28875,7
28877,10
28878,5
28879,16
28880,17
28881,17
28882,24
28882,17
28883,17
28886,16
28887,16
28889,1
28889,5
28889,19
28892,1
28892,27
28893,1
28893,6
28893,11
28894,1
28894,16
28894,7
28896,16
28896,4
28896,27
28897,1
28897,5
28897,19
28898,1
28898,17
28899,23
28900,1
28901,1
28901,4
28901,21
28902,1
28902,7
28903,16
28905,16
28905,13
28908,16
28908,13
28908,10
28910,16
28913,1
28913,4
28913,8
28914,4
28914,8
28914,2
28915,23
28916,1
28916,5
28918,16
28919,1
28920,1
28921,16
28923,1
28923,16
28924,16
28925,1
28925,4
28925,8
28926,1
28926,14
28926,20
28927,1
28928,1
28928,7
28929,5
28929,3
28929,17
28930,1
28930,14
28930,7
28932,1
28932,22
28933,1
28936,1
28937,1
28939,1
28940,27
28941,1
28941,5
28941,11
28942,16
28943,1
28944,1
28944,5
28946,8
28946,13
28947,21
28947,17
28948,1
28948,4
28948,8
28949,1
28949,21
28949,17
28950,7
28950,17
28951,4
28951,20
28952,8
28952,20
28953,21
28953,17
28954,27
28954,10
28955,8
28955,14
28956,21
28956,17
28957,4
28957,21
28957,17
28958,8
28958,21
28960,27
28963,17
28964,1
28964,17
28965,4
28965,8
28965,13
28966,1
28967,1
28968,1
28968,2
28969,8
28969,25
28970,16
28970,15
28970,22
28973,1
28973,4
28973,22
28976,25
28976,24
28976,17
28977,17
28978,16
28979,10
28982,10
28984,10
28985,1
28985,5
28986,16
28986,10
28987,16
28987,15
28987,10
28989,10
28990,1
28990,15
28990,7
28991,16
28992,2
28993,1
28993,16
28994,1
28995,10
28996,1
28996,4
28997,15
28997,12
28999,16
29000,16
29001,15
29001,7
29001,17
29002,11
29002,17
29003,16
29003,4
29003,15
29004,10
29006,5
29006,11
29007,23
29008,1
29008,15
29008,7
29009,23
29009,24
29010,1
29011,1
29011,14
29012,16
29013,16
29014,1
29014,16
29015,1
29015,16
29016,18
29017,5
29017,11
29018,16
29018,15
29018,7
29019,4
29019,5
29019,11
29022,16
29025,1
29025,7
29028,23
29028,24
29031,1
29031,7
29033,1
29033,7
29034,5
29036,1
29038,27
29039,27
29039,11
29040,27
29041,27
29041,23
29041,24
29048,1
29048,17
29051,1
29051,11
29052,16
29053,1
29053,4
29053,22
29054,23
29055,17
29062,17
29063,16
29064,16
29065,14
29066,1
29066,4
29066,6
29067,1
29067,4
29067,8
29068,14
29069,1
29070,16
29071,7
29073,1
29073,11
29076,26
29077,1
29077,11
29077,25
29080,1
29080,16
29081,4
29081,8
29081,15
29082,26
29083,16
29084,1
29084,4
29084,5
29085,1
29085,16
29087,27
29088,1
29088,16
29088,7
29089,16
29090,16
29091,1
29091,16
29092,16
29092,14
29092,13
29093,14
29093,13
29093,7
29096,1
29096,15
29096,11
29100,16
29100,4
29101,1
29101,5
29102,17
29104,16
29107,5
29108,17
29111,14
29112,16
29112,15
29112,7
29116,16
29117,1
29117,7
29118,10
29120,1
29120,16
29121,16
29121,4
29121,2
29122,1
29126,1
29126,7
29126,11
29127,1
29127,16
29127,7
29128,1
29130,25
29131,11
29131,17
29133,1
29133,13
29133,7
29134,1
29134,7
29136,1
29137,16
29138,15
29138,13
29139,1
29139,10
29139,7
29140,1
29140,14
29141,1
29141,7
29142,1
29142,16
29142,7
29143,8
29143,27
29143,13
29144,6
29145,4
29145,25
29146,1
29146,4
29146,8
29147,1
29147,16
29147,7
29149,16
29151,1
29151,3
29153,16
29153,14
29154,5
29155,1
29155,5
29159,1
29159,4
29159,14
29160,16
29165,8
29165,24
29170,24
29172,23
29174,18
29175,23
29179,15
29179,7
29180,16
29180,15
29180,7
29181,1
29181,17
29182,1
29182,7
29182,18
29183,16
29183,8
29183,15
29184,16
29184,6
29185,7
29187,25
29188,14
29188,22
29190,23
29191,1
29191,6
29191,11
29192,25
29194,1
29194,3
29194,12
29195,16
29195,8
29195,27
29201,25
29202,16
29203,8
29203,25
29204,2
29204,11
29204,12
29206,16
29207,24
29208,18
29209,27
29210,4
29210,8
29211,16
29213,16
29213,27
29213,13
29214,25
29214,24
29217,16
29219,23
29220,18
29222,17
29226,25
29227,17
29228,17
29229,8
29229,14
29230,16
29234,1
29234,4
29234,5
29235,1
29235,7
29235,12
29236,16
29239,10
29241,8
29241,25
29241,24
29244,16
29245,16
29245,8
29245,15
29245,14
29246,1
29246,8
29247,16
29247,15
29249,25
29252,22
29254,1
29257,1
29257,19
29259,1
29259,13
29259,7
29260,16
29260,4
29260,7
29261,1
29263,16
29263,7
29263,22
29264,23
29265,11
29265,25
29265,17
29268,17
29269,24
29270,1
29270,5
29271,27
29273,5
29274,7
29277,4
29277,8
29282,15
29282,2
29284,16
29285,23
29288,24
29289,17
29290,24
29290,17
29291,25
29292,16
29292,27
29294,18
29297,16
29298,25
29299,16
29301,1
29301,16
29301,7
29304,23
29309,1
29309,12
29310,1
29311,16
29312,27
29313,8
29313,27
29313,14
29315,1
29315,17
29319,25
29322,8
29322,24
29325,17
29326,23
29327,1
29327,14
29328,7
29329,25
29329,17
29330,1
29330,16
29331,20
29332,16
29334,17
29336,25
29337,17
29340,10
29341,21
29341,17
29344,17
29345,1
29345,14
29347,8
29348,17
29350,16
29351,1
29351,4
29351,5
29354,16
29355,17
29358,16
29358,22
29360,24
29361,25
29361,24
29362,5
29362,25
29363,1
29364,1
29364,4
29364,5
29367,24
29368,24
29370,23
29371,1
29371,16
29373,10
29379,1
29379,27
29381,17
29382,25
29383,24
29384,27
29385,5
29388,24
29389,17
29390,23
29393,25
29394,25
29401,7
29402,16
29404,1
29404,11
29404,17
29405,23
29406,16
29408,25
29410,24
29411,16
29411,8
29411,27
29412,23
29413,10
29414,24
29416,25
29416,17
29417,23
29419,8
29419,17
29421,10
29421,17
29423,22
29424,1
29424,8
29424,15
29424,13
29427,1
29427,7
29427,18
29429,18
29430,23
29431,23
29433,17
29434,25
29436,24
29439,17
29440,17
29441,10
29443,1
29443,16
29444,24
29446,10
29447,1
29447,4
29447,8
29448,1
29448,4
29448,13
29449,1
29449,14
29449,17
29450,1
29451,1
29451,7
29454,7
29455,7
29456,16
29457,1
29457,7
29458,1
29458,5
29458,11
29459,24
29460,17
29461,17
29462,1
29462,7
29462,17
29464,7
29466,18
29468,8
29468,25
29468,24
29469,25
29471,25
29472,17
29474,10
29475,10
29476,17
29478,23
29479,16
29479,23
29480,24
29482,1
29485,1
29486,27
29487,4
29487,5
29487,3
29488,1
29489,1
29489,7
29490,1
29490,4
29490,5
29491,16
29491,15
29491,2
29493,8
29493,27
29493,13
29494,1
29494,7
29495,1
29495,16
29498,10
29500,1
29500,16
29501,16
29504,24
29505,11
29509,8
29512,16
29514,17
29516,7
29518,1
29518,7
29519,23
29520,16
29520,8
29520,24
29523,23
29524,23
29525,24
29527,25
29527,24
29528,25
29529,25
29531,18
29532,1
29532,7
29533,4
29533,8
29534,1
29535,1
29535,14
29535,7
29536,1
29536,14
29537,16
29537,13
29537,7
29538,1
29538,13
29538,7
29539,1
29539,7
29540,7
29540,2
29540,11
29542,1
29543,1
29543,7
29543,12
29545,16
29549,1
29549,14
29550,1
29550,7
29550,18
29551,16
29551,7
29552,1
29552,7
29554,16
29554,13
29554,7
29555,1
29555,16
29555,10
29556,1
29556,3
29556,19
29558,4
29558,5
29558,3
29559,16
29560,1
29560,5
29562,22
29565,1
29565,16
29566,16
29566,13
29566,18
29567,1
29567,19
29568,1
29568,7
29571,16
29571,14
29572,1
29572,14
29573,1
29573,11
29574,1
29574,16
29574,27
29575,1
29575,4
29575,2
29577,4
29577,15
29577,12
29578,4
29578,15
29578,2
29579,1
29579,16
29579,7
29580,1
29580,13
29580,7
29583,16
29583,14
29584,1
29584,5
29584,11
29587,23
29588,23
29588,24
29591,5
29593,23
29595,5
29597,23
29604,24
29606,1
29606,7
29609,24
29610,16
29611,1
29611,21
29611,17
29613,16
29613,27
29614,26
29616,1
29617,24
29617,17
29618,23
29619,21
29619,17
29620,16
29621,17
29622,1
29623,1
29623,7
29624,16
29626,26
29627,24
29628,16
29629,1
29629,14
29629,7
29630,16
29633,17
29634,13
29634,3
29634,11
29636,1
29636,17
29637,1
29637,14
29640,16
29640,4
29640,22
29643,23
29646,16
29646,22
29649,23
29650,1
29650,16
29651,10
29652,22
29654,1
29654,8
29654,25
29657,1
29657,14
29659,1
29659,14
29660,23
29661,24
29662,16
29662,23
29662,7
29665,1
29665,7
29666,23
29668,4
29668,15
29668,2
29669,25
29670,1
29670,14
29670,7
29671,5
29676,16
29677,23
29678,24
29681,25
29681,24
29681,17
29682,8
29682,25
29682,24
29683,24
29685,16
29686,16
29690,1
29690,16
29691,16
29691,22
29693,17
29695,5
29696,24
29697,23
29697,24
29698,16
29699,16
29700,4
29700,8
29700,25
29702,1
29702,4
29702,5
29704,1
29704,7
29705,16
29705,4
29705,8
29706,8
29706,27
29707,16
29707,14
29711,23
29712,16
29713,23
29717,23
29721,16
29723,23
29725,8
29725,27
29725,14
29726,22
29728,16
29728,10
29729,24
29729,17
29732,1
29732,3
29732,11
29733,5
29733,11
29734,16
29735,1
29735,5
29736,16
29736,14
29736,7
29738,1
29738,5
29738,11
29739,16
29739,5
29740,16
29743,1
29744,16
29744,17
29745,14
29746,25
29746,26
29748,23
29748,25
29755,5
29756,16
29756,2
29759,25
29760,16
29762,1
29762,14
29763,8
29763,27
29770,22
29771,22
29775,16
29775,15
29777,1
29777,5
29778,1
29779,4
29779,8
29779,25
29780,16
29780,8
29780,27
29781,1
29781,16
29781,7
29783,1
29783,7
29784,25
29788,5
29788,24
29789,23
29790,25
29793,16
29793,10
29794,17
29795,23
29795,24
29798,23
29802,1
29802,7
29803,27
29803,10
29804,22
29809,4
29809,8
29809,25
29810,15
29810,6
29811,27
29812,16
29812,5
29814,24
29815,8
29815,24
29819,1
29821,16
29822,1
29822,7
29823,10
29825,10
29825,24
29826,25
29827,25
29829,10
29830,23
29834,25
29834,18
29835,16
29835,27
29837,27
29838,1
29838,19
29842,24
29842,17
29843,16
29845,26
29846,25
29847,17
29849,25
29849,24
29849,18
29851,17
29852,17
29854,25
29855,23
29859,16
29863,21
29863,17
29864,24
29865,24
29867,17
29868,8
29868,23
29869,21
29870,18
29871,17
29871,22
29873,1
29873,10
29874,24
29875,4
29875,5
29876,5
29877,5
29881,1
29884,1
29884,3
29884,11
29885,1
29886,1
29887,1
29888,4
29890,27
29891,5
29891,3
29892,16
29893,16
29895,1
29895,16
29896,1
29897,16
29898,1
29899,1
29900,16
29900,14
29901,1
29901,2
29901,3
29903,1
29903,14
29903,7
29904,1
29904,7
29905,1
29905,7
29906,16
29907,27
29908,1
29909,1
29909,7
29910,1
29910,7
29911,1
29911,5
29911,3
29913,1
29913,7
29913,18
29914,1
29914,7
29914,2
29918,25
29919,24
29921,17
29922,1
29922,17
29925,8
29925,27
29925,2
29926,1
29926,4
29926,5
29927,16
29928,16
29928,5
29928,11
29929,4
29929,22
29930,1
29931,5
29931,11
29932,1
29933,11
29935,16
29938,1
29938,7
29940,4
29940,2
29940,11
29942,23
29945,24
29947,5
29950,18
29952,23
29952,24
29953,10
29958,26
29963,8
29963,24
29968,8
29968,24
29968,17
29971,16
29971,8
29971,14
29973,1
29973,11
29975,16
29977,10
29979,16
29979,10
29980,16
29982,1
29984,16
29985,25
29987,1
29987,4
29987,7
29988,16
29993,18
29994,25
30000,10
30002,25
30009,21
30009,17
30010,23
30010,24
30011,27
30011,14
30013,25
30015,28
30016,23
30018,10
30022,27
30023,16
30025,16
30027,5
30029,5
30030,28
30032,17
30033,2
30034,23
30038,7
30042,16
30042,7
30045,1
30045,10
30046,1
30046,7
30047,1
30047,7
30048,1
30048,7
30052,14
30053,1
30053,5
30058,23
30061,1
30061,8
30061,14
30062,1
30062,16
30062,7
30063,27
30064,1
30064,16
30064,14
30069,1
30069,5
30071,16
30072,1
30072,4
30072,8
30077,1
30078,23
30078,24
30082,10
30083,4
30083,2
30086,16
30087,23
30090,23
30090,24
30091,27
30091,14
30092,1
30092,16
30093,25
30094,18
30096,4
30096,8
30099,1
30099,4
30100,16
30100,4
30100,27
30104,14
30104,10
30105,1
30105,7
30105,17
30106,1
30106,7
30108,1
30108,14
30108,17
30110,28
30111,1
30111,14
30113,1
30113,10
30113,7
30114,1
30114,7
30115,24
30118,25
30120,1
30122,1
30122,16
30122,7
30124,16
30125,1
30131,28
30132,5
30134,16
30135,10
30136,16
30137,16
30137,10
30140,1
30140,7
30141,1
30143,16
30143,14
30144,1
30144,22
30147,17
30148,1
30148,5
30148,11
30150,2
30152,25
30154,16
30154,7
30155,28
30156,23
30156,24
30159,16
30161,16
30161,14
30166,23
30167,16
30170,16
30171,27
30172,23
30173,1
30173,7
30173,28
30176,24
30177,1
30178,8
30178,14
30178,13
30179,1
30179,4
30179,8
30180,14
30181,4
30181,8
30181,20
30183,16
30183,4
30183,22
30184,16
30184,27
30184,10
30185,16
30186,1
30186,16
30187,10
30188,16
30189,16
30189,27
30190,1
30190,16
30190,14
30191,4
30191,13
30192,1
30192,8
30192,27
30194,16
30199,1
30199,16
30200,16
30202,1
30202,5
30204,1
30204,5
30206,24
30220,1
30220,8
30220,14
30221,16
30222,1
30223,16
30224,23
30225,2
30225,11
30225,17
30228,1
30228,7
30229,5
30229,3
30229,11
30230,16
30230,27
30231,15
30231,11
30232,16
30234,1
30234,4
30234,5
30235,1
30236,16
30236,5
30236,11
30237,1
30237,7
30238,16
30245,16
30249,5
30250,16
30250,14
30251,1
30251,17
30258,25
30259,5
30261,23
30261,24
30262,23
30264,16
30266,16
30266,17
30268,23
30272,5
30275,13
30275,28
30284,16
30284,14
30284,10
30285,16
30285,14
30285,10
30286,1
30286,2
30287,1
30287,7
30293,7
30294,16
30295,1
30295,7
30296,16
30296,7
30297,1
30298,1
30300,1
30300,7
30304,24
30305,16
30306,1
30307,16
30307,8
30307,14
30308,1
30308,5
30308,2
30310,5
30314,5
30314,11
30316,16
30320,26
30324,21
30324,17
30327,1
30327,7
30328,1
30330,1
30330,21
30330,17
30331,25
30334,1
30334,16
30338,8
30338,25
30339,27
30340,13
30340,2
30341,27
30342,1
30342,16
30343,16
30346,1
30346,5
30346,11
30347,16
30347,14
30349,26
30352,24
30354,1
30354,16
30358,1
30358,5
30359,10
30360,8
30360,27
30360,11
30361,16
30362,4
30362,8
30362,14
30363,1
30363,17
30368,26
30369,16
30371,26
30372,1
30372,7
30373,21
30373,17
30374,16
30374,22
30378,1
30378,16
30378,7
30384,1
30384,7
30385,7
30386,1
30386,4
30386,2
30389,16
30390,16
30391,1
30391,11
30392,16
30392,2
30393,25
30394,22
30395,16
30398,27
30399,23
30402,1
30402,5
30402,3
30403,1
30403,22
30407,16
30408,16
30408,2
30409,22
30410,1
30415,1
30416,1
30416,5
30416,18
30429,14
30431,16
30431,27
30432,1
30432,3
30435,25
30436,16
30438,1
30439,16
30440,1
30440,16
30443,16
30443,14
30444,4
30444,8
30445,16
30448,16
30448,14
30449,27
30452,16
30453,21
30454,16
30455,4
30455,8
30455,22
30457,4
30457,8
30457,22
30459,16
30463,16
30463,27
30464,16
30465,1
30465,7
30465,11
30466,1
30466,16
30466,3
30467,25
30468,1
30472,14
30472,18
30473,17
30474,25
30476,22
30478,25
30479,26
30482,1
30482,7
30483,25
30485,16
30485,6
30488,1
30488,16
30489,1
30489,16
30489,7
30491,16
30491,8
30491,24
30493,1
30494,23
30494,24
30496,1
30497,1
30497,5
30497,11
30499,1
30499,3
30499,11
30500,1
30500,16
30500,14
30501,1
30501,14
30501,22
30502,1
30502,5
30502,3
30508,4
30508,8
30508,13
30509,16
30509,14
30509,10
30510,1
30510,7
30511,1
30512,18
30516,1
30516,10
30518,1
30518,24
30519,16
30519,14
30519,2
30521,23
30525,8
30525,27
30525,14
30526,1
30526,16
30527,16
30527,14
30527,7
30528,27
30528,14
30529,16
30529,4
30529,5
30530,23
30530,24
30532,10
30533,27
30534,27
30538,23
30539,1
30539,5
30539,11
30540,1
30540,5
30541,1
30541,5
30541,7
30542,1
30544,16
30545,25
30546,27
30546,14
30548,16
30548,11
30548,17
30549,1
30549,7
30550,16
30550,7
30551,1
30551,7
30552,16
30552,7
30553,1
30553,16
30553,7
30554,1
30554,10
30555,1
30555,5
30555,11
30557,10
30558,1
30558,10
30558,7
30560,1
30560,4
30560,5
30562,16
30564,1
30564,16
30564,14
30565,25
30565,24
30566,16
30567,1
30569,28
30570,1
30570,4
30570,5
30571,28
30572,16
30572,28
30573,16
30576,16
30578,5
30578,19
30579,1
30579,5
30580,1
30580,18
30582,24
30583,1
30583,4
30583,5
30584,1
30584,16
30585,1
30585,16
30587,11
30587,12
30588,8
30588,11
30588,24
30589,16
30590,1
30590,17
30591,1
30591,5
30591,11
30592,1
30592,5
30592,11
30593,1
30593,5
30593,3
30596,19
30598,1
30598,17
30601,25
30602,17
30603,16
30608,8
30608,13
30608,7
30609,1
30609,3
30612,4
30612,8
30612,15
30614,4
30615,16
30616,23
30617,1
30617,4
30618,1
30618,17
30620,15
30620,13
30623,1
30623,7
30624,24
30624,22
30627,16
30628,1
30628,13
30628,7
30629,16
30629,10
30629,7
30631,1
30631,11
30632,5
30632,11
30633,11
30634,1
30634,8
30634,2
30635,17
30637,10
30641,2
30641,3
30641,11
30642,16
30642,15
30642,13
30642,7
30643,4
30643,8
30643,27
30644,17
30646,1
30646,15
30647,27
30647,14
30648,27
30649,17
30654,7
30656,26
30658,1
30658,16
30659,1
30659,5
30660,1
30660,7
30661,27
30662,1
30662,4
30662,5
30663,1
30663,7
30664,16
30664,7
30665,16
30665,10
30669,11
30669,17
30670,4
30670,15
30670,13
30673,1
30673,16
30673,15
30673,10
30674,1
30674,5
30678,22
30680,27
30680,10
30681,24
30684,10
30685,1
30685,3
30685,18
30686,22
30688,1
30689,1
30690,1
30691,10
30693,1
30693,5
30694,1
30694,7
30694,12
30695,1
30695,14
30695,7
30698,22
30699,22
30700,7
30702,1
30702,7
30702,17
30703,16
30703,23
30703,24
30708,21
30709,16
30709,15
30709,27
30710,1
30711,1
30714,1
30714,7
30714,3
30715,16
30715,8
30715,13
30716,16
30718,26
30719,22
30723,1
30723,4
30723,5
30724,1
30725,1
30726,1
30726,4
30727,1
30727,4
30727,26
30728,23
30729,1
30729,4
30729,24
30730,1
30730,17
30731,1
30731,5
30731,6
30732,1
30732,5
30732,3
30733,1
30733,17
30734,1
30734,7
30735,1
30735,16
30735,14
30736,1
30736,13
30736,7
30737,1
30737,7
30738,1
30738,7
30739,1
30739,7
30740,1
30740,7
30741,16
30742,1
30742,17
30743,1
30743,18
30744,16
30744,15
30745,1
30745,16
30745,7
30746,1
30746,7
30747,1
30747,4
30748,25
30751,3
30751,11
30751,17
30753,16
30756,16
30757,16
30758,1
30758,16
30759,16
30760,16
30761,16
30762,16
30763,16
30764,16
30766,4
30766,5
30767,1
30767,4
30767,6
30769,16
30770,1
30770,17
30771,16
30773,1
30773,8
30773,27
30774,1
30774,7
30775,16
30775,23
30777,1
30777,16
30777,7
30778,1
30778,16
30778,7
30779,1
30779,16
30780,1
30780,5
30780,3
30781,1
30782,16
30782,4
30782,15
30782,13
30785,1
30785,16
30786,4
30786,5
30786,19
30787,5
30789,16
30789,2
30790,16
30790,7
30791,1
30791,17
30793,1
30794,1
30794,17
30795,16
30796,3
30796,11
30797,1
30797,17
30798,1
30798,11
30799,16
30799,14
30799,7
30801,4
30801,11
30802,23
30803,1
30803,14
30803,7
30804,16
30804,7
30805,1
30805,18
30806,1
30806,6
30807,1
30807,13
30809,11
30813,1
30813,4
30813,22
30815,1
30815,7
30817,1
30817,7
30818,16
30818,7
30819,25
30821,16
30822,8
30822,27
30822,13
30823,4
30823,8
30823,13
30824,16
30826,16
30828,16
30830,1
30830,21
30833,26
30834,1
30834,16
30836,16
30836,24
30837,1
30837,21
30838,27
30838,14
30838,10
30839,16
30846,1
30846,4
30850,1
30851,1
30852,1
30852,7
30853,11
30854,5
30854,7
30854,3
30855,16
30855,10
30857,1
30857,7
30858,4
30858,7
30858,17
30859,1
30860,1
30860,14
30860,7
30861,17
30862,16
30863,1
30863,22
30864,16
30865,1
30865,16
30865,7
30866,1
30866,7
30867,1
30867,14
30867,7
30868,1
30868,10
30868,7
30869,1
30869,14
30869,7
30870,17
30871,1
30871,18
30871,17
30872,1
30872,16
30874,16
30884,16
30884,7
30885,1
30885,13
30885,7
30887,23
30889,16
30889,10
30890,1
30891,16
30892,1
30892,17
30893,1
30893,4
30893,6
30894,1
30894,4
30896,16
30896,14
30897,1
30897,14
30899,6
30899,12
30900,1
30901,16
30901,15
30902,22
30903,15
30903,21
30905,1
30905,3
30905,11
30906,16
30906,5
30907,1
30907,2
30907,11
30909,16
30910,1
30910,4
30910,8
30911,1
30911,14
30912,1
30912,5
30912,3
30913,4
30913,15
30913,13
30914,4
30914,15
30914,13
30914,12
30915,4
30915,15
30915,13
30916,4
30916,15
30916,2
30917,15
30917,13
30918,4
30918,8
30918,15
30918,2
30922,16
30922,10
30922,17
30925,24
30930,24
30944,23
30945,26
30951,1
30951,22
30952,4
30952,13
30952,7
30953,25
30954,5
30955,16
30955,5
30957,1
30957,3
30957,12
30958,13
30958,6
30958,3
30960,1
30960,16
30960,4
30963,11
30964,1
30964,5
30965,11
30966,28
30967,16
30968,8
30968,14
30974,16
30974,8
30974,27
30975,17
30976,1
30977,4
30977,5
30977,7
30979,16
30980,16
30980,10
30981,26
30982,4
30982,22
30985,25
30986,16
30986,7
30989,16
30989,8
30989,14
30991,5
30992,23
30994,5
30994,11
30995,18
30996,16
30997,27
30998,1
31002,4
31002,8
31002,6
31003,1
31003,16
31003,7
31005,23
31006,16
31007,16
31007,14
31008,16
31008,11
31009,1
31009,5
31009,11
31010,13
31011,1
31011,16
31011,7
31013,1
31013,11
31014,16
31014,14
31015,1
31018,1
31018,16
31018,7
31020,1
31020,7
31021,1
31021,16
31021,14
31024,27
31025,23
31025,24
31026,16
31027,16
31027,25
31031,1
31031,5
31031,11
31033,23
31033,24
31034,16
31038,16
31039,1
31039,4
31041,21
31042,16
31043,1
31043,16
31045,16
31045,14
31046,4
31046,27
31047,1
31047,7
31048,10
31050,4
31050,15
31052,1
31052,7
31053,5
31053,7
31053,11
31054,1
31058,27
31059,27
31060,1
31060,16
31060,3
31061,1
31062,16
31062,15
31063,1
31063,27
31065,27
31066,11
31066,17
31069,16
31070,16
31070,10
31071,16
31072,7
31075,1
31075,16
31075,7
31085,24
31086,16
31086,2
31087,14
31087,24
31089,23
31089,24
31092,26
31095,16
31095,27
31096,1
31096,16
31096,7
31098,27
31101,1
31101,16
31101,7
31103,16
31105,16
31105,18
31106,27
31106,13
31109,16
31110,16
31110,10
31111,1
31111,28
31114,1
31114,11
31117,1
31117,7
31117,22
31119,4
31119,13
31119,17
31120,16
31121,1
31121,16
31121,7
31122,7
31124,1
31124,7
31126,14
31130,5
31130,11
31134,23
31135,1
31135,7
31137,1
31137,4
31137,7
31139,1
31139,15
31139,7
31142,16
31143,1
31143,14
31145,27
31146,1
31147,16
31148,1
31149,16
31151,1
31152,22
31153,16
31153,15
31155,16
31155,7
31156,23
31157,27
31159,16
31159,15
31159,13
31160,16
31161,23
31162,1
31162,22
31163,16
31163,7
31164,17
31165,27
31166,1
31167,16
31169,1
31169,16
31172,24
31173,16
31176,8
31176,11
31176,25
31177,1
31177,5
31178,16
31179,11
31179,17
31181,16
31182,7
31183,1
31183,5
31186,1
31186,16
31187,23
31189,27
31192,1
31192,16
31194,17
31195,16
31196,17
31198,23
31201,16
31202,24
31202,17
31203,1
31204,1
31204,4
31204,15
31205,1
31205,7
31207,4
31207,8
31207,15
31208,16
31208,15
31208,13
31209,15
31209,7
31210,16
31210,15
31211,16
31212,16
31213,1
31213,19
31218,24
31218,17
31220,1
31220,11
31221,5
31222,16
31222,27
31223,18
31224,2
31226,8
31226,5
31226,11
31227,1
31227,16
31227,14
31228,4
31228,8
31228,27
31231,15
31231,2
31233,8
31233,24
31234,8
31234,15
31234,2
31235,14
31236,16
31237,5
31238,23
31239,4
31239,8
31240,1
31240,4
31245,25
31246,16
31247,14
31248,16
31249,1
31249,15
31249,13
31253,1
31257,1
31257,14
31257,11
31260,1
31260,7
31261,24
31262,16
31263,1
31264,16
31265,5
31266,16
31267,25
31271,4
31271,15
31271,13
31272,16
31272,13
31272,7
31273,1
31273,15
31273,7
31274,1
31274,7
31274,17
31275,4
31275,15
31275,13
31276,1
31276,7
31277,8
31277,15
31277,13
31278,16
31278,2
31279,16
31281,25
31283,1
31283,7
31284,1
31284,7
31286,1
31286,4
31286,7
31288,1
31288,16
31289,1
31289,4
31289,7
31290,13
31290,7
31290,17
31291,25
31292,3
31292,11
31292,12
31293,15
31293,22
31294,3
31294,11
31295,1
31295,11
31296,1
31296,16
31296,7
31297,1
31297,7
31298,5
31299,16
31301,1
31301,5
31302,25
31303,1
31303,5
31304,1
31304,8
31304,27
31305,1
31306,1
31306,7
31307,1
31307,7
31308,16
31309,1
31309,7
31309,11
31310,3
31310,11
31310,12
31311,1
31311,16
31311,7
31312,1
31312,16
31313,1
31313,16
31313,7
31314,1
31314,14
31314,7
31315,1
31315,16
31316,1
31316,16
31317,8
31317,24
31320,1
31320,4
31321,8
31322,1
31323,1
31323,7
31324,1
31324,18
31330,1
31330,7
31330,11
31331,1
31334,17
31335,17
31338,1
31338,18
31339,1
31339,7
31339,12
31342,16
31342,15
31342,2
31344,10
31345,10
31346,24
31347,8
31347,24
31349,16
31350,1
31351,8
31351,25
31351,24
31352,1
31352,15
31352,2
31354,5
31354,11
31355,16
31355,27
31356,16
31357,25
31359,16
31359,8
31359,27
31360,1
31360,16
31361,1
31361,7
31364,5
31365,1
31365,2
31365,11
31366,16
31368,4
31368,8
31368,15
31369,25
31370,1
31371,24
31372,1
31373,1
31373,16
31374,1
31374,16
31375,25
31376,17
31377,8
31377,6
31377,3
31378,1
31378,7
31381,4
31381,8
31381,15
31382,23
31383,1
31383,3
31384,1
31384,17
31385,16
31385,15
31386,17
31387,8
31387,24
31389,5
31392,4
31392,8
31392,15
31393,15
31393,13
31394,4
31394,15
31395,15
31395,13
31395,7
31395,11
31396,4
31396,15
31396,13
31397,1
31398,4
31398,15
31398,2
31399,16
31399,15
31401,23
31402,23
31403,23
31403,24
31404,23
31404,24
31405,23
31405,24
31406,23
31406,24
31407,23
31407,24
31408,23
31408,24
31409,23
31410,23
31410,24
31411,23
31411,24
31412,23
31413,23
31413,24
31414,23
31414,24
31415,23
31415,24
31416,27
31416,25
31418,5
31420,4
31421,4
31421,8
31421,15
31422,1
31422,5
31423,1
31423,17
31424,16
31424,13
31424,7
31425,1
31425,8
31425,27
31426,18
31427,14
31427,2
31428,16
31429,16
31429,4
31429,3
31434,16
31436,11
31436,12
31439,16
31439,24
31444,25
31444,17
31445,1
31445,16
31445,2
31446,1
31446,7
31446,11
31447,1
31447,13
31448,4
31448,8
31448,27
31449,16
31450,1
31450,14
31450,7
31451,1
31451,7
31452,1
31452,7
31453,3
31453,9
31454,1
31455,1
31456,1
31456,7
31456,21
31457,5
31457,2
31457,3
31458,1
31458,5
31458,3
31459,1
31459,5
31460,1
31460,7
31461,1
31461,7
31462,1
31462,7
31463,28
31463,18
31464,1
31464,14
31465,1
31465,7
31466,1
31466,14
31466,7
31469,1
31469,5
31469,2
31471,14
31472,1
31472,12
31473,1
31473,7
31474,16
31474,7
31474,11
31475,1
31475,7
31476,1
31477,1
31477,16
31477,4
31481,1
31481,14
31481,7
31482,1
31482,7
31483,1
31483,7
31487,1
31487,3
31488,1
31488,7
31489,27
31491,1
31491,7
31492,16
31492,8
31494,16
31494,14
31494,7
31495,1
31495,7
31500,1
31500,21
31501,1
31502,25
31502,24
31502,17
31507,16
31507,8
31507,2
31513,16
31514,16
31515,16
31517,1
31517,5
31520,5
31522,16
31522,15
31523,23
31524,16
31524,7
31527,5
31528,23
31528,24
31530,16
31532,28
31533,15
31533,12
31534,16
31535,16
31535,15
31536,1
31536,7
31537,1
31537,16
31537,2
31543,24
31546,8
31546,2
31546,11
31547,8
31547,27
31547,2
31548,1
31548,8
31548,14
31549,1
31549,10
31550,4
31552,8
31552,25
31552,24
31553,4
31553,2
31555,1
31555,7
31556,17
31557,16
31559,16
31560,10
31561,1
31563,1
31564,16
31567,1
31567,5
31568,1
31568,14
31568,13
31569,1
31569,17
31571,16
31572,1
31572,7
31572,3
31573,11
31574,1
31574,5
31575,1
31575,7
31576,1
31577,1
31578,1
31578,18
31578,17
31579,1
31580,1
31580,7
31581,1
31581,7
31582,1
31583,1
31583,5
31583,7
31584,1
31585,1
31586,1
31587,16
31587,7
31588,16
31588,14
31590,17
31591,1
31592,16
31592,7
31592,11
31594,5
31595,16
31596,1
31596,16
31596,7
31597,16
31597,14
31598,17
31599,21
31599,17
31600,5
31602,16
31602,27
31603,25
31605,1
31606,1
31607,1
31608,1
31608,16
31610,16
31613,16
31614,1
31614,5
31614,13
31618,5
31618,11
31619,1
31620,1
31621,1
31622,27
31625,16
31626,1
31626,4
31626,8
31628,27
31628,14
31629,16
31631,15
31632,5
31635,1
31635,17
31636,1
31636,11
31638,1
31638,11
31638,18
31639,11
31640,24
31641,17
31642,1
31642,11
31643,3
31643,11
31645,1
31645,24
31649,1
31649,17
31650,16
31650,14
31651,1
31651,11
31653,1
31653,3
31653,11
31654,1
31654,14
31654,7
31655,1
31655,8
31655,11
31656,1
31656,7
31657,1
31657,23
31658,16
31658,5
31659,1
31659,16
31660,16
31661,15
31661,13
31662,1
31662,5
31662,11
31663,16
31665,5
31666,1
31666,7
31667,1
31667,15
31667,7
31668,16
31669,1
31669,7
31674,5
31674,11
31675,12
31676,1
31676,2
31676,3
31677,1
31677,21
31678,1
31678,4
31678,5
31679,1
31679,7
31680,16
31681,22
31682,1
31682,7
31683,1
31683,5
31683,3
31684,1
31684,16
31684,7
31685,18
31689,1
31689,7
31689,11
31696,5
31696,17
31697,4
31697,8
31697,14
31699,1
31699,5
31699,19
31700,1
31700,11
31701,1
31701,14
31703,1
31703,7
31705,16
31705,13
31705,7
31706,1
31706,16
31706,7
31707,1
31707,23
31708,16
31714,23
31715,18
31716,1
31716,16
31717,1
31718,16
31718,15
31718,2
31722,1
31722,5
31722,3
31723,16
31723,14
31724,1
31724,7
31725,1
31725,7
31727,16
31728,25
31729,22
31732,16
31732,2
31732,11
31736,23
31736,24
31737,26
31742,5
31743,8
31743,24
31743,17
31747,1
31747,16
31748,23
31749,4
31749,15
31749,7
31749,12
31750,16
31750,7
31751,1
31751,5
31751,11
31752,1
31752,16
31752,8
31753,16
31753,14
31753,13
31754,1
31755,1
31755,7
31756,1
31756,7
31757,1
31757,5
31757,7
31758,16
31761,16
31763,1
31763,14
31763,12
31764,17
31766,16
31766,5
31767,1
31767,11
31768,1
31768,7
31770,1
31771,24
31772,16
31772,15
31773,4
31773,5
31773,14
31774,4
31774,8
31774,15
31776,1
31776,8
31776,3
31778,1
31778,14
31778,13
31779,4
31779,8
31780,1
31780,16
31781,1
31782,22
31783,2
31784,4
31784,8
31784,15
31785,16
31785,8
31785,27
31786,1
31786,16
31787,27
31788,1
31788,27
31788,2
31789,1
31789,5
31789,3
31790,16
31791,16
31791,13
31792,4
31792,8
31792,15
31793,16
31793,15
31794,1
31795,1
31795,16
31795,7
31796,1
31796,7
31797,1
31799,1
31799,15
31799,2
31800,1
31801,24
31802,16
31803,10
31803,17
31804,4
31804,8
31804,25
31806,1
31807,10
31810,16
31816,25
31816,24
31816,22
31818,23
31823,1
31823,16
31823,14
31825,22
31831,23
31832,22
31833,22
31834,25
31835,16
31835,27
31837,21
31837,17
31838,1
31838,8
31838,7
31840,16
31841,1
31841,11
31842,8
31842,15
31843,1
31843,16
31843,7
31844,1
31844,14
31844,7
31846,1
31847,11
31848,1
31850,8
31850,23
31851,23
31851,24
31852,23
31852,24
31853,1
31853,16
31853,11
31854,23
31854,24
31855,1
31857,16
31858,22
31859,27
31859,10
31860,27
31860,14
31862,8
31862,27
31862,13
31863,8
31863,27
31864,27
31865,1
31866,1
31866,7
31867,22
31868,1
31869,1
31870,22
31871,1
31872,16
31872,2
31874,23
31874,24
31875,16
31875,7
31876,23
31876,24
31877,23
31877,24
31878,23
31878,24
31879,27
31880,1
31880,27
31880,14
31881,10
31882,1
31882,7
31883,16
31883,8
31883,27
31884,16
31886,16
31887,16
31888,16
31889,1
31889,13
31890,1
31890,27
31890,14
31891,23
31891,14
31893,26
31894,14
31894,22
31895,1
31895,7
31895,11
31896,10
31897,7
31898,12
31899,1
31899,16
31901,7
31903,1
31903,16
31903,15
31907,1
31907,16
31907,27
31908,1
31908,16
31909,16
31910,1
31911,16
31912,16
31912,14
31914,16
31916,1
31916,4
31917,1
31918,1
31919,23
31919,24
31920,23
31920,24
31926,23
31933,16
31934,7
31941,22
31943,22
31949,25
31951,1
31951,16
31951,7
31952,1
31952,7
31952,21
31958,22
31960,1
31960,4
31960,15
31960,2
31961,1
31961,4
31961,8
31961,15
31962,16
31962,15
31962,7
31963,1
31963,15
31963,13
31964,4
31964,8
31965,1
31965,5
31966,1
31966,7
31966,19
31967,27
31967,13
31967,2
31968,16
31969,1
31969,16
31970,8
31970,27
31970,14
31973,16
31976,16
31977,16
31977,8
31977,27
31978,27
31979,27
31980,24
31981,23
31981,24
31982,8
31982,15
31983,4
31983,15
31983,13
31986,22
31987,16
31987,15
31987,7
31988,1
31988,16
31988,7
31989,1
31989,17
31990,10
31991,5
31991,7
31991,3
31992,1
31992,4
31992,5
31993,16
31994,16
31995,5
31996,16
31999,1
31999,16
32000,1
32000,15
32000,6
32000,11
32001,1
32001,16
32001,15
32002,16
32002,7
32003,16
32003,15
32003,13
32004,1
32004,16
32004,7
32005,4
32005,15
32005,2
32006,1
32006,16
32006,15
32007,1
32007,2
32007,3
32008,1
32009,1
32009,5
32011,27
32013,1
32013,7
32014,1
32014,3
32015,27
32016,1
32016,14
32017,1
32017,4
32017,6
32019,16
32019,27
32022,1
32022,16
32024,1
32025,16
32026,24
32027,5
32029,1
32029,16
32032,4
32032,8
32032,27
32035,16
32035,27
32036,16
32036,27
32036,11
32039,15
32039,2
32041,18
32042,16
32043,16
32044,16
32045,16
32046,16
32047,4
32047,15
32048,16
32049,1
32049,4
32049,5
32050,16
32051,16
32052,1
32053,1
32053,15
32054,4
32054,15
32054,2
32055,16
32057,16
32060,1
32060,7
32062,1
32063,16
32064,1
32064,7
32065,1
32065,16
32065,7
32066,27
32067,5
32067,7
32067,11
32068,1
32068,16
32068,14
32069,1
32069,7
32070,11
32071,1
32072,1
32072,7
32072,11
32073,1
32073,4
32073,11
32074,1
32074,5
32074,11
32075,1
32075,17
32079,18
32080,4
32080,8
32082,22
32084,1
32085,27
32087,1
32087,10
32087,7
32088,21
32089,27
32093,26
32094,1
32094,3
32094,11
32095,28
32096,24
32098,1
32098,5
32098,11
32100,4
32100,7
32100,22
32103,7
32104,16
32105,16
32106,16
32107,1
32108,10
32109,16
32109,14
32110,1
32110,6
32111,1
32112,24
32113,23
32116,16
32116,5
32118,1
32119,1
32119,8
32119,7
32121,17
32123,11
32123,17
32124,24
32125,25
32127,1
32127,16
32129,1
32129,22
32131,23
32132,1
32135,1
32136,1
32136,10
32136,7
32137,8
32137,24
32141,1
32141,16
32142,1
32142,7
32143,1
32143,11
32144,1
32144,7
32145,16
32145,7
32146,16
32146,7
32147,1
32147,4
32147,7
32148,1
32148,16
32149,1
32149,7
32150,1
32151,1
32151,5
32151,3
32152,1
32152,16
32152,7
32153,1
32153,7
32153,17
32154,16
32154,7
32155,1
32156,16
32156,7
32157,1
32157,4
32157,7
32158,1
32158,5
32159,24
32160,1
32160,8
32164,16
32165,28
32167,2
32167,3
32168,1
32168,13
32168,7
32169,1
32169,5
32169,11
32170,16
32170,4
32170,13
32171,1
32171,6
32171,11
32173,14
32175,16
32176,14
32178,16
32180,16
32180,14
32181,16
32183,1
32185,16
32187,1
32187,16
32188,16
32191,16
32192,16
32192,22
32193,16
32195,1
32195,16
32196,1
32196,7
32197,16
32198,1
32198,27
32199,16
32200,16
32201,16
32203,1
32203,16
32203,7
32204,10
32205,1
32205,16
32206,16
32207,1
32211,1
32211,16
32211,13
32212,1
32212,7
32212,19
32213,1
32213,14
32213,13
32214,1
32214,7
32217,1
32217,5
32217,11
32218,1
32218,4
32219,1
32219,4
32219,8
32220,1
32220,16
32221,16
32222,16
32225,16
32226,14
32227,16
32228,16
32231,16
32233,1
32233,13
32234,23
32236,22
32237,17
32237,9
32240,16
32241,27
32241,5
32241,11
32242,22
32243,22
32246,1
32246,7
32247,5
32249,16
32250,5
32250,18
32251,1
32252,1
32252,7
32253,1
32253,4
32253,5
32255,1
32255,7
32256,1
32256,4
32259,1
32259,4
32259,8
32260,1
32263,16
32263,2
32267,1
32267,7
32268,5
32269,1
32269,5
32270,16
32271,1
32271,19
32272,1
32272,7
32272,2
32273,25
32274,1
32274,7
32275,16
32276,23
32277,23
32277,24
32280,23
32284,16
32284,27
32285,27
32286,27
32287,16
32288,16
32289,1
32289,5
32290,22
32291,1
32291,18
32292,23
32292,24
32294,1
32294,7
32296,16
32296,14
32297,1
32297,10
32299,11
32301,1
32301,16
32302,16
32302,13
32303,16
32303,8
32304,1
32304,16
32304,7
32305,1
32305,5
32305,11
32307,1
32307,5
32307,11
32308,1
32309,1
32309,14
32310,1
32310,5
32312,16
32313,1
32314,1
32315,1
32315,7
32316,1
32316,16
32316,4
32317,1
32317,7
32317,21
32318,7
32319,16
32319,8
32319,27
32320,1
32320,27
32321,4
32321,8
32321,27
32322,25
32322,24
32324,10
32326,1
32326,16
32326,22
32330,1
32330,16
32330,28
32331,1
32331,5
32331,11
32333,4
32333,8
32333,15
32333,13
32335,1
32335,4
32335,5
32337,8
32337,27
32341,4
32341,2
32341,3
32342,1
32342,6
32343,1
32343,6
32344,1
32344,6
32345,1
32347,1
32347,5
32347,3
32349,8
32350,8
32350,24
32350,22
32351,24
32352,1
32352,2
32353,4
32353,8
32353,15
32353,13
32355,1
32355,4
32355,8
32357,16
32357,5
32357,11
32358,17
32358,22
32359,4
32359,22
32361,5
32361,11
32362,1
32362,7
32363,1
32363,5
32363,3
32364,1
32365,8
32365,2
32370,16
32370,8
32370,27
32371,3
32372,16
32373,16
32377,21
32377,17
32378,3
32380,23
32381,10
32382,1
32383,1
32383,7
32384,2
32385,16
32386,1
32386,7
32386,3
32389,15
32390,1
32391,1
32392,16
32392,14
32395,1
32395,7
32396,15
32397,5
32398,1
32398,3
32400,1
32400,7
32401,1
32401,7
32402,1
32402,16
32402,4
32403,1
32403,7
32403,22
32404,1
32404,7
32405,5
32406,1
32406,27
32406,13
32407,12
32408,1
32408,5
32411,16
32411,4
32411,13
32413,16
32414,1
32414,7
32415,8
32415,13
32415,11
32416,24
32417,1
32417,4
32417,5
32418,1
32418,11
32419,1
32419,16
32419,5
32420,1
32420,11
32421,1
32421,6
32424,13
32424,7
32424,22
32425,8
32425,24
32426,5
32426,6
32427,5
32428,5
32429,1
32429,5
32429,17
32430,11
32430,12
32431,16
32431,11
32432,24
32433,15
32433,3
32434,17
32435,16
32436,1
32436,3
32440,4
32440,22
32441,16
32442,1
32442,7
32442,17
32443,1
32444,17
32445,23
32450,27
32451,23
32452,26
32454,26
32458,4
32458,8
32460,10
32461,10
32465,11
32465,9
32466,5
32466,11
32467,16
32468,16
32468,4
32469,4
32469,8
32469,15
32469,13
32470,15
32470,7
32470,28
32471,16
32471,15
32472,10
32475,10
32478,10
32482,10
32484,23
32486,16
32486,23
32487,26
32488,5
32490,1
32490,5
32490,3
32491,1
32491,21
32491,17
32492,1
32493,16
32497,16
32497,15
32497,12
32498,1
32498,15
32498,7
32498,17
32500,23
32501,10
32502,10
32503,11
32504,1
32504,7
32505,1
32505,7
32506,1
32506,7
32509,16
32510,16
32510,15
32513,12
32516,23
32518,1
32518,14
32518,2
32521,1
32522,16
32523,16
32524,16
32526,27
32526,2
32527,27
32527,2
32529,22
32534,12
32537,23
32538,1
32539,24
32539,22
32540,23
32542,25
32543,1
32543,5
32543,11
32544,4
32544,8
32544,25
32545,8
32545,24
32546,17
32547,16
32549,1
32549,17
32550,1
32550,7
32553,11
32554,23
32555,5
32556,16
32556,5
32557,1
32557,5
32557,3
32558,26
32559,1
32559,7
32560,23
32561,1
32561,7
32562,1
32562,7
32563,7
32563,11
32564,27
32565,22
32566,1
32567,4
32567,15
32569,11
32570,23
32571,17
32572,5
32573,16
32573,27
32574,1
32574,17
32575,16
32577,16
32577,8
32577,27
32579,1
32579,7
32581,1
32581,4
32581,8
32583,1
32583,4
32583,2
32584,16
32584,4
32584,8
32585,1
32585,14
32585,7
32586,1
32586,7
32587,4
32587,15
32587,13
32587,10
32591,26
32592,8
32592,14
32596,1
32596,5
32596,22
32597,1
32597,14
32598,23
32599,1
32599,14
32599,7
32600,1
32600,16
32600,3
32602,10
32603,1
32603,16
32603,13
32605,16
32607,16
32607,15
32607,13
32608,16
32609,21
32610,1
32610,16
32611,1
32614,1
32614,5
32615,1
32615,16
32615,7
32616,4
32617,15
32618,8
32618,27
32618,10
32619,1
32619,3
32620,16
32620,14
32621,10
32622,16
32625,4
32625,8
32625,5
32626,16
32626,7
32628,1
32628,16
32635,1
32637,5
32637,11
32638,1
32638,11
32640,23
32641,23
32642,23
32643,1
32643,7
32644,23
32645,16
32645,27
32646,1
32646,5
32647,1
32647,7
32648,1
32649,6
32649,7
32649,12
32651,25
32651,24
32652,16
32653,16
32655,1
32655,16
32655,15
32655,7
32656,23
32657,26
32658,16
32659,4
32659,5
32659,7
32660,1
32660,7
32661,24
32661,22
32662,16
32663,5
32664,1
32664,16
32664,5
32665,4
32665,27
32665,2
32669,1
32669,7
32669,2
32671,17
32672,16
32673,16
32674,1
32674,16
32674,7
32675,23
32680,16
32681,1
32683,15
32685,2
32686,4
32686,8
32686,2
32687,23
32687,24
32689,16
32689,27
32690,16
32690,22
32691,16
32691,14
32693,16
32693,14
32693,7
32694,1
32694,5
32694,7
32695,16
32696,1
32696,17
32696,19
32697,1
32697,3
32697,11
32698,1
32698,4
32698,5
32699,1
32699,17
32700,1
32701,1
32701,3
32701,11
32702,8
32702,24
32703,1
32703,8
32703,5
32706,21
32706,17
32707,1
32707,4
32707,5
32708,26
32709,1
32711,1
32711,4
32711,8
32712,1
32712,5
32712,22
32713,17
32714,17
32715,8
32715,15
32715,27
32715,13
32722,1
32722,3
32723,1
32723,16
32723,14
32724,16
32726,5
32726,17
32729,1
32729,6
32729,3
32730,7
32732,10
32733,11
32733,24
32733,12
32734,16
32736,1
32736,3
32736,11
32737,16
32737,15
32739,15
32741,1
32741,16
32742,16
32743,1
32743,3
32743,9
32744,7
32745,1
32745,7
32747,1
32747,7
32748,22
32750,27
32750,10
32751,1
32751,4
32751,8
32752,16
32753,14
32753,11
32753,12
32755,1
32755,8
32762,5
32763,16
32764,16
32765,16
32766,16
32769,22
32771,16
32772,16
32773,16
32774,16
32775,16
32777,16
32778,4
32778,8
32778,15
32779,1
32779,5
32779,3
32780,16
32782,9
32785,16
32785,8
32785,23
32786,1
32787,16
32791,3
32791,19
32793,1
32793,4
32793,3
32795,7
32797,23
32798,7
32799,16
32799,8
32801,8
32801,24
32802,5
32805,14
32806,7
32807,22
32808,1
32808,7
32809,16
32809,15
32810,23
32811,27
32811,6
32811,12
32812,4
32812,8
32812,25
32813,21
32813,17
32814,1
32814,7
32817,25
32819,1
32819,4
32819,11
32821,16
32822,10
32824,10
32826,1
32826,16
32826,7
32827,1
32827,7
32829,16
32830,1
32830,6
32831,1
32831,5
32832,1
32832,5
32833,1
32833,5
32833,3
32834,23
32834,24
32835,4
32835,8
32835,5
32836,1
32837,1
32837,5
32839,1
32842,16
32843,22
32845,16
32845,8
32845,15
32846,1
32846,16
32846,5
32848,16
32848,24
32849,26
32850,25
32851,1
32851,4
32851,8
32851,15
32852,11
32855,16
32857,16
32858,1
32858,16
32858,10
32861,1
32861,4
32861,13
32862,27
32862,10
32868,1
32868,16
32868,14
32869,4
32869,8
32869,27
32871,16
32872,1
32872,11
32873,1
32873,11
32874,16
32874,14
32875,1
32875,16
32876,16
32878,17
32879,1
32879,16
32880,15
32882,1
32882,16
32885,16
32888,16
32890,5
32891,1
32891,16
32891,9
32892,1
32892,5
32892,11
32898,16
32900,23
32901,16
32901,4
32901,15
32902,16
32902,15
32903,4
32903,15
32904,1
32904,7
32905,11
32906,4
32906,15
32907,5
32907,11
32908,16
32908,15
32909,16
32909,15
32910,16
32910,15
32911,1
32911,7
32911,11
32912,15
32912,24
32913,1
32913,7
32914,1
32914,7
32914,11
32916,16
32916,15
32919,5
32919,21
32919,17
32920,8
32920,2
32920,3
32922,16
32922,15
32922,7
32925,16
32926,1
32928,1
32929,10
32933,4
32933,8
32935,1
32935,7
32938,1
32938,16
32938,5
32941,7
32942,16
32943,16
32943,15
32944,24
32945,1
32945,4
32945,5
32946,1
32946,15
32946,22
32947,16
32947,15
32947,12
32951,16
32953,4
32953,15
32953,2
32954,16
32954,15
32956,16
32956,15
32956,12
32957,1
32957,16
32958,16
32959,1
32959,4
32959,5
32960,4
32960,15
32961,1
32961,16
32961,3
32962,16
32965,1
32965,5
32967,15
32967,6
32967,12
32968,15
32968,22
32971,1
32971,5
32975,26
32976,26
32977,26
32978,26
32980,8
32984,4
32984,27
32985,26
32986,1
32986,16
32986,7
32987,18
32988,1
32988,16
32990,22
32991,1
32991,7
32992,16
32993,1
32993,3
33001,16
33001,7
33001,19
33004,16
33006,16
33007,1
33007,4
33007,5
33008,16
33009,16
33011,16
33013,16
33014,16
33015,26
33016,14
33017,1
33017,7
33018,1
33018,5
33019,1
33019,2
33021,1
33021,5
33025,16
33026,2
33027,1
33027,16
33028,1
33028,18
33031,15
33031,2
33031,3
33034,1
33035,7
33037,1
33037,22
33042,1
33042,5
33046,1
33046,16
33047,10
33047,18
33050,4
33050,15
33050,6
33050,2
33054,1
33054,4
33057,1
33057,5
33059,1
33062,1
33063,4
33063,2
33064,10
33065,16
33066,1
33066,5
33067,1
33069,16
33070,16
33070,14
33071,4
33071,6
33072,17
33074,1
33074,5
33075,16
33077,10
33078,16
33080,5
33080,11
33081,5
33084,4
33084,2
33085,16
33086,16
33087,27
33087,2
33088,1
33088,5
33090,16
33091,16
33092,1
33092,16
33093,1
33093,8
33094,16
33095,4
33095,8
33095,15
33095,13
33096,16
33096,7
33100,16
33101,1
33101,4
33101,6
33103,1
33103,17
33104,16
33104,10
33105,16
33106,16
33108,1
33108,22
33109,16
33110,16
33111,10
33113,16
33114,1
33114,4
33114,5
33115,16
33120,1
33121,1
33121,19
33124,7
33127,27
33129,1
33129,5
33129,11
33131,4
33131,8
33131,15
33131,13
33133,1
33133,5
33133,11
33134,26
33135,1
33135,16
33135,14
33137,27
33140,4
33140,8
33140,20
33143,1
33144,1
33144,5
33144,3
33146,11
33147,1
33149,26
33151,1
33151,11
33152,16
33152,5
33153,1
33153,6
33153,11
33154,1
33154,17
33155,16
33155,4
33155,12
33156,23
33157,22
33158,1
33161,1
33162,1
33162,7
33163,16
33163,10
33164,1
33164,7
33165,1
33166,1
33166,4
33166,6
33169,1
33169,5
33169,3
33170,5
33172,8
33172,24
33175,4
33175,8
33175,27
33177,5
33177,18
33179,16
33183,27
33185,1
33186,5
33187,25
33190,1
33190,4
33190,3
33193,1
33193,17
33194,11
33197,4
33197,8
33197,13
33198,7
33199,16
33200,7
33201,1
33201,7
33202,17
33203,1
33207,1
33207,5
33207,7
33208,16
33208,24
33210,1
33216,16
33218,23
33222,1
33222,17
33223,23
33223,17
33227,14
33231,5
33231,11
33232,1
33232,5
33232,11
33233,24
33239,1
33240,1
33240,13
33240,2
33242,4
33242,8
33242,27
33244,16
33245,1
33249,8
33249,25
33250,1
33250,3
33250,9
33251,1
33251,16
33251,14
33253,7
33254,16
33254,7
33257,25
33258,8
33258,27
33258,14
33259,1
33259,5
33261,5
33262,23
33263,4
33263,13
33263,2
33266,16
33267,4
33267,3
33267,11
33269,10
33273,1
33273,3
33273,9
33274,16
33275,1
33275,7
33275,19
33277,1
33277,7
33278,1
33278,14
33279,17
33280,1
33280,16
33281,16
33281,7
33281,19
33282,1
33282,7
33283,1
33283,3
33284,1
33284,7
33284,12
33286,16
33288,16
33290,16
33293,23
33295,4
33296,1
33296,16
33296,10
33297,1
33297,14
33298,16
33298,2
33299,16
33302,16
33303,23
33304,25
33306,25
33310,1
33310,16
33310,5
33311,1
33313,13
33313,2
33315,1
33315,16
33315,7
33317,1
33317,16
33318,1
33318,16
33319,16
33319,14
33320,16
33322,1
33322,18
33323,6
33323,12
33324,25
33324,24
33325,17
33328,23
33328,24
33329,1
33329,3
33332,16
33334,22
33337,1
33337,7
33338,1
33338,7
33339,16
33339,4
33339,22
33341,4
33341,27
33342,16
33343,21
33343,17
33344,16
33346,16
33346,8
33348,16
33349,23
33350,7
33350,3
33350,18
33352,1
33352,8
33352,13
33354,13
33354,7
33354,17
33356,8
33356,11
33357,8
33357,27
33359,16
33359,7
33359,17
33360,1
33360,7
33363,1
33363,21
33364,1
33364,7
33365,1
33365,7
33366,1
33368,5
33370,10
33371,1
33371,7
33376,1
33377,18
33379,8
33379,11
33379,12
33380,1
33380,18
33381,1
33381,5
33382,1
33382,4
33382,7
33383,1
33383,16
33384,27
33385,17
33386,4
33386,8
33386,27
33389,17
33390,1
33390,16
33390,14
33391,16
33391,5
33392,16
33393,16
33393,5
33395,1
33395,5
33397,8
33397,15
33397,13
33400,16
33400,27
33412,27
33413,17
33414,1
33414,7
33416,5
33418,16
33418,7
33419,1
33419,5
33419,13
33420,16
33421,21
33424,7
33425,7
33426,16
33427,1
33427,23
33427,7
33428,10
33429,1
33429,21
33432,5
33433,21
33434,11
33435,2
33436,17
33436,9
33438,16
33438,14
33439,16
33442,1
33442,7
33445,8
33445,25
33446,16
33450,1
33450,15
33450,7
33452,16
33452,4
33452,5
33453,1
33453,5
33456,1
33456,7
33457,4
33457,22
33458,1
33458,3
33458,21
33459,25
33459,24
33459,17
33461,8
33461,15
33462,4
33463,15
33463,10
33464,1
33464,13
33464,7
33470,16
33472,5
33474,16
33474,14
33474,7
33475,21
33475,17
33477,5
33478,25
33478,24
33483,5
33486,23
33487,1
33487,5
33487,3
33489,1
33489,10
33490,1
33490,3
33491,1
33491,16
33491,22
33492,1
33492,5
33492,11
33493,16
33494,1
33495,7
33495,24
33496,7
33497,1
33497,5
33499,16
33500,16
33501,1
33501,8
33501,9
33502,1
33502,5
33503,15
33504,16
33505,11
33507,16
33510,1
33510,6
33510,3
33511,1
33511,14
33513,1
33513,16
33514,1
33515,1
33515,7
33516,1
33516,11
33517,16
33518,1
33518,7
33518,17
33519,16
33519,15
33520,16
33520,8
33520,5
33521,1
33521,18
33523,15
33524,22
33525,1
33525,6
33525,2
33526,1
33526,16
33526,13
33527,5
33528,5
33529,23
33530,1
33530,16
33530,14
33531,1
33531,14
33532,16
33533,4
33533,8
33533,2
33534,16
33535,11
33537,1
33537,4
33537,5
33538,1
33538,5
33538,11
33539,1
33539,3
33539,11
33540,1
33540,7
33541,1
33542,1
33543,1
33543,7
33544,1
33544,11
33546,24
33547,16
33547,14
33547,13
33548,16
33548,14
33548,13
33549,16
33549,8
33549,14
33550,16
33551,16
33552,16
33552,14
33553,25
33556,8
33556,25
33557,27
33559,1
33559,5
33559,3
33562,4
33562,15
33562,2
33563,4
33563,8
33563,15
33563,13
33564,1
33564,16
33564,15
33567,16
33568,20
33569,2
33569,3
33570,16
33571,1
33571,11
33572,23
33575,23
33579,11
33580,1
33580,11
33581,5
33581,2
33581,11
33583,8
33583,27
33585,27
33586,1
33588,1
33588,5
33589,1
33589,11
33592,16
33592,8
33592,13
33594,1
33594,16
33597,16
33598,23
33599,16
33603,5
33606,1
33606,3
33607,16
33608,27
33608,13
33609,1
33611,16
33613,16
33614,16
33616,5
33617,16
33618,4
33618,8
33618,27
33619,7
33620,17
33621,16
33622,6
33623,16
33623,7
33624,4
33624,17
33625,16
33626,11
33627,24
33628,1
33628,16
33628,14
33629,27
33630,1
33630,27
33630,14
33631,1
33631,4
33631,8
33632,1
33632,3
33632,11
33633,8
33633,14
33634,8
33634,24
33636,1
33636,7
33637,17
33638,1
33638,10
33640,17
33641,1
33641,3
33644,16
33644,13
33644,7
33645,1
33646,1
33646,14
33647,4
33647,8
33647,15
33647,13
33649,16
33650,16
33650,7
33651,1
33651,4
33651,8
33652,1
33652,17
33653,1
33655,17
33655,9
33658,16
33659,24
33660,18
33661,18
33663,16
33663,27
33663,2
33664,21
33666,4
33666,15
33666,13
33668,16
33669,1
33669,7
33669,21
33671,1
33671,5
33674,16
33676,1
33677,23
33677,24
33678,1
33678,20
33682,28
33683,12
33684,1
33684,5
33685,12
33686,1
33686,16
33686,7
33687,27
33687,13
33688,1
33688,5
33688,11
33689,1
33689,14
33690,11
33690,12
33691,10
33692,16
33692,11
33693,11
33696,5
33697,1
33697,17
33698,22
33699,1
33699,8
33699,5
33700,1
33700,13
33700,7
33701,11
33712,10
33713,16
33714,16
33714,14
33716,27
33716,23
33717,10
33718,1
33719,1
33719,13
33719,7
33720,1
33720,16
33720,4
33721,1
33721,14
33721,7
33722,16
33722,5
33723,16
33723,5
33724,22
33725,5
33726,16
33726,8
33726,13
33727,5
33727,11
33728,1
33728,5
33728,11
33730,1
33730,16
33731,5
33731,9
33732,15
33733,25
33734,4
33734,27
33735,16
33736,16
33737,1
33739,17
33743,23
33743,24
33745,16
33746,27
33746,14
33747,10
33748,1
33748,14
33748,13
33749,1
33749,13
33749,11
33750,16
33751,1
33751,5
33752,16
33753,1
33753,7
33754,16
33754,15
33755,4
33755,15
33755,27
33755,2
33756,15
33756,13
33757,15
33757,13
33758,1
33758,5
33759,10
33761,1
33761,2
33762,16
33763,16
33767,8
33767,27
33768,23
33768,24
33769,23
33770,1
33770,14
33772,16
33776,27
33776,25
33777,18
33778,17
33779,17
33780,25
33781,1
33781,11
33782,23
33783,23
33784,16
33786,16
33786,14
33787,1
33787,16
33789,1
33789,16
33790,16
33790,11
33791,16
33792,1
33792,5
33793,1
33793,8
33794,1
33794,16
33794,7
33795,1
33795,8
33796,16
33796,5
33797,1
33797,16
33797,14
33798,15
33798,13
33799,16
33799,27
33800,16
33803,27
33804,1
33804,8
33804,13
33805,8
33805,27
33805,13
33807,1
33808,1
33809,16
33810,16
33810,15
33810,7
33811,15
33811,13
33812,17
33813,1
33813,7
33814,1
33814,14
33814,7
33815,1
33815,13
33815,7
33816,1
33816,17
33816,9
33821,1
33821,7
33822,16
33822,7
33825,1
33825,11
33825,19
33826,1
33826,14
33827,1
33827,7
33830,16
33830,13
33830,7
33831,1
33831,7
33832,1
33832,11
33832,12
33833,1
33834,5
33834,3
33834,18
33835,1
33835,3
33836,16
33836,4
33837,1
33837,7
33837,17
33840,1
33840,14
33841,1
33841,13
33841,7
33842,1
33842,18
33843,5
33843,3
33843,11
33844,25
33845,1
33845,16
33845,3
33846,1
33846,7
33847,1
33847,5
33847,11
33848,16
33848,5
33848,11
33849,1
33849,16
33849,11
33850,1
33850,16
33850,7
33851,8
33851,5
33852,8
33852,5
33852,11
33853,5
33853,11
33854,1
33854,16
33855,16
33855,27
33855,14
33856,16
33856,7
33857,27
33860,1
33860,7
33861,4
33861,8
33861,2
33863,1
33867,16
33868,16
33869,1
33869,4
33869,5
33871,16
33871,4
33871,27
33872,1
33872,16
33872,10
33873,23
33874,23
33874,24
33875,23
33876,1
33876,7
33881,1
33881,16
33884,8
33884,25
33885,15
33887,16
33887,15
33889,12
33890,17
33898,15
33898,7
33898,28
33900,16
33900,8
33900,15
33901,1
33901,4
33901,17
33902,16
33903,24
33910,1
33911,1
33911,16
33912,5
33914,16
33914,11
33916,1
33916,7
33917,1
33917,7
33917,11
33919,15
33919,7
33921,4
33921,15
33921,2
33923,10
33925,1
33925,14
33925,7
33926,1
33926,16
33934,8
33934,15
33935,1
33937,16
33938,1
33938,8
33938,13
33940,16
33940,27
33942,1
33944,10
33945,5
33946,1
33946,5
33946,11
33950,17
33952,25
33954,23
33955,16
33955,14
33955,12
33956,4
33956,8
33956,25
33957,6
33957,12
33958,16
33958,7
33959,1
33959,14
33959,7
33960,1
33960,16
33961,1
33961,7
33962,1
33962,7
33963,1
33963,7
33964,16
33965,16
33966,1
33966,7
33967,1
33967,3
33967,19
33969,1
33969,7
33969,17
33972,1
33972,22
33973,1
33974,16
33976,1
33976,7
33984,5
33984,11
33986,7
33988,1
33988,16
33988,14
33989,1
33989,5
33990,1
33990,16
33990,7
33992,23
33992,17
33998,17
34001,16
34004,1
34005,16
34006,13
34006,3
34006,11
34007,4
34007,15
34007,13
34008,1
34008,5
34008,11
34009,5
34009,17
34009,19
34010,27
34010,14
34012,16
34012,24
34012,22
34013,15
34014,1
34014,16
34014,14
34015,16
34017,8
34017,27
34017,2
34018,1
34018,10
34018,7
34019,1
34019,21
34020,15
34020,13
34029,1
34040,25
34046,23
34046,24
34047,24
34048,21
34048,17
34049,1
34049,16
34050,16
34051,1
34051,7
34052,1
34052,14
34052,7
34056,1
34056,7
34056,3
34057,16
34057,11
34059,1
34059,7
34059,17
34061,27
34063,1
34063,16
34063,7
34064,1
34064,19
34065,1
34066,1
34066,5
34066,3
34069,5
34071,1
34071,7
34072,1
34073,1
34073,7
34073,11
34074,1
34074,7
34075,1
34075,16
34075,7
34076,16
34077,1
34078,1
34078,7
34079,1
34080,1
34081,1
34081,5
34081,11
34082,17
34083,5
34085,1
34085,16
34085,7
34086,16
34086,10
34086,17
34088,1
34088,16
34088,7
34089,16
34089,5
34090,15
34092,1
34092,5
34092,11
34093,1
34093,21
34094,11
34095,16
34096,16
34097,1
34097,3
34097,11
34102,1
34102,7
34103,1
34103,7
34104,1
34104,7
34105,1
34105,5
34105,20
34106,1
34106,16
34107,1
34107,7
34108,16
34108,7
34109,1
34109,3
34109,17
34110,1
34111,1
34111,4
34111,11
34112,1
34112,7
34114,1
34114,17
34117,2
34117,3
34118,1
34118,8
34119,1
34119,5
34120,1
34120,5
34120,11
34121,4
34121,15
34121,7
34122,7
34124,1
34124,7
34124,22
34125,10
34126,10
34128,1
34128,14
34128,7
34129,1
34129,4
34130,1
34130,11
34131,1
34131,14
34131,7
34132,7
34133,16
34134,1
34135,1
34135,8
34137,17
34138,1
34138,16
34139,5
34140,1
34140,7
34141,1
34141,13
34141,12
34142,16
34143,16
34144,1
34144,14
34144,7
34146,1
34146,16
34147,1
34147,14
34147,7
34148,1
34148,16
34149,25
34150,25
34150,24
34151,18
34152,25
34153,8
34153,23
34153,24
34155,23
34155,24
34157,1
34157,7
34159,16
34159,27
34162,16
34164,1
34164,13
34165,1
34165,4
34165,17
34166,1
34166,17
34167,1
34167,17
34168,16
34169,1
34169,17
34171,1
34171,2
34171,3
34174,1
34174,7
34175,1
34175,7
34177,1
34177,7
34177,18
34178,1
34178,7
34178,17
34179,16
34180,4
34180,8
34180,27
34181,21
34181,17
34185,16
34188,1
34189,16
34189,15
34190,16
34192,1
34192,27
34192,2
34197,1
34197,7
34198,1
34198,4
34198,5
34199,1
34199,5
34199,11
34201,8
34201,23
34202,4
34202,8
34202,15
34202,27
34203,17
34206,4
34206,8
34206,13
34208,7
34208,24
34210,10
34212,7
34213,23
34213,24
34214,7
34216,5
34218,1
34218,5
34218,11
34220,16
34220,7
34221,1
34221,5
34221,3
34222,1
34222,11
34223,16
34223,8
34223,14
34224,1
34224,16
34225,16
34226,1
34226,7
34243,16
34244,1
34244,14
34244,18
34249,21
34249,17
34251,11
34251,22
34252,6
34252,2
34252,11
34253,4
34253,8
34253,27
34254,1
34254,10
34255,1
34255,7
34256,23
34259,1
34260,1
34260,16
34260,14
34261,26
34263,16
34263,27
34264,16
34265,1
34265,7
34265,22
34266,16
34266,5
34267,1
34267,21
34267,11
34268,1
34268,16
34268,5
34269,1
34269,5
34269,3
34270,1
34270,17
34271,8
34271,14
34272,1
34272,7
34272,3
34273,5
34278,1
34278,14
34279,1
34279,7
34280,1
34280,14
34281,4
34281,15
34281,13
34283,1
34283,4
34283,15
34283,22
34284,1
34284,16
34284,11
34285,15
34286,16
34287,27
34287,17
34290,27
34291,10
34292,16
34292,7
34293,1
34293,7
34295,11
34295,12
34296,8
34296,27
34297,4
34300,16
34300,4
34300,2
34301,18
34305,16
34305,27
34306,1
34306,7
34307,1
34307,16
34308,5
34312,1
34312,16
34312,7
34314,16
34314,27
34314,13
34315,24
34316,16
34316,6
34317,1
34318,1
34318,9
34319,1
34320,16
34320,10
34320,7
34321,16
34321,27
34321,13
34322,16
34322,14
34322,13
34323,16
34323,14
34323,13
34326,1
34326,5
34326,11
34327,1
34328,1
34328,16
34328,7
34334,26
34335,16
34336,27
34336,13
34336,11
34339,4
34339,8
34339,13
34340,4
34340,8
34340,13
34342,27
34342,14
34343,16
34343,8
34344,22
34345,1
34345,4
34345,2
34346,1
34346,6
34346,12
34347,1
34348,1
34348,3
34348,11
34350,1
34350,3
34350,11
34352,23
34353,16
34353,15
34354,1
34354,7
34354,11
34355,27
34355,10
34356,16
34356,14
34357,25
34358,25
34359,1
34359,28
34362,16
34363,1
34363,16
34363,21
34364,4
34364,5
34364,3
34366,1
34366,16
34367,1
34367,13
34367,7
34368,16
34368,27
34371,1
34371,7
34372,28
34373,1
34374,1
34374,7
34375,5
34375,11
34376,4
34377,1
34379,1
34379,4
34379,21
34380,16
34380,28
34381,10
34387,4
34387,28
34388,1
34388,7
34388,18
34391,4
34391,15
34391,13
34392,4
34392,15
34392,17
34393,1
34393,5
34393,17
34395,16
34396,16
34399,1
34399,5
34399,12
34400,5
34401,5
34402,5
34402,7
34402,11
34403,1
34403,16
34403,23
34407,1
34407,5
34408,16
34409,1
34410,1
34410,7
34415,16
34416,24
34417,1
34417,6
34417,11
34418,16
34419,8
34419,13
34419,12
34420,16
34420,9
34421,5
34421,11
34422,1
34422,7
34422,11
34423,1
34424,1
34425,5
34426,8
34426,24
34428,1
34428,9
34430,17
34431,1
34431,3
34432,1
34432,3
34433,1
34433,16
34434,10
34435,1
34436,10
34437,1
34437,5
34437,3
34439,1
34439,5
34439,3
34443,16
34444,1
34444,14
34446,1
34447,1
34447,13
34447,11
34448,1
34448,5
34448,3
34449,1
34449,3
34450,16
34451,16
34451,8
34451,13
34452,1
34453,16
34454,4
34455,1
34458,22
34461,1
34461,10
34461,7
34462,16
34463,1
34463,14
34463,7
34464,16
34464,7
34468,1
34468,5
34470,1
34470,7
34472,1
34472,4
34474,1
34474,13
34474,17
34476,5
34479,1
34479,4
34480,16
34480,5
34480,6
34481,1
34481,5
34481,3
34482,1
34483,16
34484,1
34484,16
34486,1
34487,25
34487,24
34488,1
34488,5
34488,12
34489,16
34491,16
34492,1
34493,1
34493,16
34493,28
34494,1
34494,5
34494,3
34495,16
34496,1
34496,5
34497,1
34497,7
34498,16
34499,1
34499,16
34500,16
34501,26
34503,1
34503,3
34503,17
34504,1
34504,16
34505,16
34505,27
34506,22
34507,1
34507,16
34508,8
34509,1
34509,16
34510,27
34510,25
34510,18
34511,7
34512,4
34512,5
34513,1
34513,5
34514,1
34514,16
34514,7
34515,1
34515,3
34515,11
34516,1
34516,6
34516,17
34517,1
34517,21
34517,17
34518,1
34518,21
34518,17
34519,22
34521,10
34521,24
34522,16
34522,6
34522,12
34523,1
34523,16
34526,1
34526,5
34526,3
34527,8
34529,27
34530,14
34530,13
34530,7
34531,1
34531,3
34531,9
34534,1
34534,4
34534,2
34535,23
34536,11
34537,2
34542,15
34542,12
34546,16
34549,12
34550,5
34551,25
34552,22
34553,16
34554,1
34554,18
34554,17
34555,1
34555,14
34555,7
34556,1
34556,14
34556,13
34557,1
34557,16
34558,1
34558,14
34566,1
34566,17
34569,16
34570,16
34571,1
34571,16
34571,7
34574,1
34575,1
34575,17
34576,14
34577,1
34577,4
34577,7
34578,1
34578,4
34578,5
34579,1
34579,5
34579,11
34580,1
34580,4
34580,2
34581,1
34581,2
34581,3
34582,17
34584,5
34585,16
34585,7
34585,2
34586,1
34586,7
34587,1
34587,10
34587,7
34588,1
34588,14
34588,7
34589,14
34591,1
34591,14
34591,7
34592,1
34592,16
34592,7
34594,16
34594,27
34594,14
34596,16
34596,14
34598,1
34598,3
34598,19
34601,1
34601,16
34603,1
34604,5
34605,23
34605,24
34606,23
34606,17
34607,1
34607,16
34607,5
34608,4
34608,15
34608,13
34611,16
34612,16
34612,4
34612,15
34612,7
34614,16
34614,14
34614,7
34616,7
34618,1
34619,17
34620,16
34620,27
34620,12
34621,1
34621,16
34622,16
34623,16
34626,1
34626,7
34627,1
34627,14
34627,7
34629,16
34630,1
34630,7
34631,1
34631,14
34631,7
34632,1
34632,16
34634,1
34634,7
34635,27
34635,23
34637,16
34639,1
34639,5
34639,11
34640,17
34641,1
34641,17
34642,7
34644,17
34645,26
34646,26
34647,8
34647,13
34647,2
34648,1
34648,7
34649,1
34649,5
34649,3
34650,1
34650,16
34650,5
34653,1
34653,22
34656,16
34656,7
34657,1
34657,16
34657,7
34658,1
34658,7
34658,11
34659,1
34659,10
34660,1
34660,17
34663,16
34664,1
34664,14
34665,1
34665,13
34665,7
34666,1
34666,5
34666,11
34667,1
34667,11
34668,1
34668,16
34669,1
34669,4
34669,12
34670,1
34670,5
34672,1
34672,2
34672,3
34674,11
34675,1
34675,7
34676,1
34676,7
34677,11
34677,17
34678,1
34678,7
34679,1
34679,14
34679,7
34680,16
34680,11
34681,1
34681,7
34682,1
34682,7
34683,1
34683,15
34685,1
34685,17
34686,1
34686,5
34686,11
34689,16
34689,25
34689,26
34693,16
34694,1
34694,5
34694,7
34695,1
34695,16
34695,7
34696,1
34696,7
34707,1
34707,7
34717,27
34717,13
34718,1
34719,14
34720,1
34720,7
34720,17
34721,1
34721,7
34722,11
34723,1
34723,14
34723,7
34724,1
34724,7
34725,8
34725,27
34725,25
34726,1
34726,7
34727,1
34727,14
34727,7
34728,16
34728,15
34729,4
34729,15
34729,22
34731,1
34731,7
34733,16
34735,17
34736,5
34737,17
34738,6
34738,3
34739,16
34740,1
34740,14
34741,1
34741,7
34742,1
34742,4
34742,5
34748,15
34752,25
34753,15
34754,15
34755,15
34756,15
34757,15
34758,16
34758,11
34760,1
34760,16
34760,14
34761,4
34761,22
34762,1
34762,4
34762,3
34763,23
34763,24
34765,24
34767,1
34767,16
34769,24
34770,8
34770,24
34771,15
34773,4
34773,8
34775,1
34775,7
34776,1
34776,16
34778,1
34778,14
34778,7
34779,16
34779,13
34781,5
34784,1
34784,16
34785,4
34785,8
34785,12
34786,22
34787,10
34788,16
34788,15
34788,7
34788,12
34790,1
34790,21
34791,10
34792,10
34793,7
34794,1
34794,16
34794,7
34795,1
34795,5
34795,3
34796,5
34796,3
34796,11
34797,1
34797,3
34798,23
34800,4
34800,8
34800,14
34801,8
34801,14
34801,17
34802,8
34802,5
34802,14
34803,1
34803,14
34803,7
34804,1
34804,7
34805,23
34806,16
34806,4
34807,20
34807,11
34815,1
34815,2
34815,3
34816,1
34816,13
34816,7
34817,16
34819,15
34819,13
34820,11
34821,21
34821,17
34822,17
34823,1
34824,11
34825,1
34825,7
34825,22
34827,1
34827,17
34829,16
34829,4
34829,8
34830,24
34831,24
34832,24
34833,8
34833,27
34833,14
34834,23
34835,1
34835,7
34836,1
34836,7
34837,5
34837,17
34837,19
34839,16
34839,7
34839,11
34840,8
34840,27
34840,14
34841,1
34841,7
34842,1
34842,14
34842,7
34843,1
34843,5
34844,16
34844,13
34844,7
34845,1
34845,16
34845,7
34847,1
34848,1
34848,14
34850,5
34853,25
34854,1
34854,16
34854,7
34856,1
34856,7
34857,23
34857,24
34858,1
34858,5
34859,1
34859,7
34860,1
34860,16
34860,7
34865,1
34865,7
34865,22
34866,1
34866,21
34867,1
34867,17
34868,1
34868,7
34868,17
34870,1
34870,3
34871,1
34871,7
34873,14
34873,7
34874,5
34874,19
34875,10
34877,25
34877,24
34878,16
34879,1
34879,16
34879,7
34881,1
34882,1
34882,7
34884,1
34884,4
34884,5
34886,4
34886,15
34886,2
34887,21
34891,1
34891,5
34892,1
34894,5
34896,5
34896,11
34896,19
34897,17
34898,1
34898,7
34900,16
34901,16
34902,26
34903,4
34903,8
34904,1
34904,16
34904,5
34905,1
34905,17
34906,4
34906,8
34906,15
34906,14
34907,4
34907,25
34907,24
34908,16
34909,1
34909,5
34911,16
34912,1
34912,7
34912,12
34915,24
34915,22
34916,1
34918,1
34918,16
34918,12
34921,25
34922,1
34922,4
34922,8
34928,16
34929,15
34931,16
34932,16
34933,16
34934,4
34934,8
34934,13
34935,16
34935,13
34936,16
34936,13
34936,7
34937,16
34939,1
34939,7
34939,17
34940,16
34940,8
34940,27
34941,1
34943,1
34943,7
34944,1
34944,7
34944,11
34946,13
34946,7
34946,28
34947,7
34950,1
34950,7
34951,16
34951,27
34951,10
34970,1
34970,5
34970,3
34971,15
34971,2
34972,1
34973,4
34973,21
34974,16
34975,5
34977,1
34977,7
34977,22
34978,1
34979,1
34979,16
34979,27
34980,1
34981,16
34982,1
34982,27
34982,13
34984,16
34985,1
34985,17
34986,1
34986,7
34989,1
34989,7
34991,18
34992,24
34994,1
34994,3
34995,1
34995,3
34995,19
34997,10
34999,1
34999,14
34999,7
35000,16
35000,10
35001,16
35001,24
35002,16
35003,8
35004,27
35006,16
35007,8
35007,25
35008,11
35010,4
35010,15
35010,2
35011,15
35011,10
35012,15
35012,27
35012,11
35013,15
35013,7
35014,4
35014,15
35014,7
35014,2
35015,22
35017,1
35017,2
35017,11
35019,16
35019,5
35019,7
35020,16
35021,3
35021,12
35022,1
35022,17
35023,1
35023,11
35025,7
35028,16
35029,16
35034,23
35035,15
35035,10
35038,1
35038,4
35038,8
35039,16
35039,10
35041,1
35041,7
35042,4
35042,8
35042,2
35043,1
35043,16
35043,7
35045,1
35045,21
35046,1
35046,3
35050,15
35051,1
35051,7
35052,1
35052,7
35052,11
35053,24
35053,17
35057,1
35057,16
35057,7
35058,1
35058,11
35059,1
35059,5
35059,7
35060,11
35062,1
35062,4
35062,5
35064,1
35064,10
35065,16
35065,27
35068,18
35068,17
35069,8
35069,11
35069,17
35070,1
35070,21
35070,17
35072,16
35072,8
35072,13
35073,16
35073,27
35073,13
35075,5
35075,3
35075,11
35076,1
35076,7
35077,3
35077,21
35077,17
35079,16
35079,15
35079,2
35081,15
35081,13
35083,1
35083,8
35083,13
35084,16
35085,1
35085,16
35085,7
35086,16
35087,1
35087,16
35087,7
35088,1
35089,1
35089,4
35089,5
35091,1
35092,1
35092,7
35093,23
35096,5
35097,5
35097,17
35099,16
35100,15
35100,13
35101,1
35101,5
35101,7
35102,16
35104,16
35106,15
35106,6
35106,2
35106,12
35107,16
35109,1
35110,1
35112,1
35113,1
35113,14
35114,3
35114,11
35114,19
35115,1
35115,11
35116,1
35116,7
35117,16
35117,7
35118,4
35119,1
35119,2
35121,4
35121,22
35122,16
35122,23
35122,14
35125,23
35126,15
35126,22
35128,1
35130,1
35130,7
35132,1
35132,4
35132,5
35133,1
35133,4
35133,5
35134,1
35134,10
35136,4
35136,8
35136,27
35137,5
35138,11
35139,1
35139,21
35139,17
35141,23
35142,24
35143,1
35143,6
35143,11
35145,7
35147,5
35148,1
35148,5
35149,1
35149,4
35149,5
35150,1
35150,3
35150,11
35151,16
35154,1
35154,7
35154,17
35155,1
35156,1
35156,16
35156,27
35157,2
35158,4
35158,2
35159,6
35160,5
35161,16
35162,15
35162,3
35162,11
35164,1
35164,17
35166,1
35166,5
35166,11
35168,1
35168,7
35169,2
35169,11
35169,24
35171,16
35171,14
35172,1
35172,3
35172,9
35173,27
35175,1
35175,7
35177,16
35177,7
35177,12
35178,16
35181,16
35181,8
35181,14
35182,16
35182,27
35182,14
35183,1
35183,5
35186,15
35186,11
35186,17
35187,1
35187,7
35188,6
35189,1
35189,16
35191,1
35191,2
35192,25
35194,16
35196,1
35196,7
35197,16
35198,1
35198,27
35199,16
35199,24
35200,16
35200,24
35201,27
35202,14
35203,1
35203,22
35204,1
35204,8
35204,11
35207,14
35207,13
35208,22
35209,1
35209,7
35209,21
35210,15
35210,13
35211,8
35211,15
35211,13
35212,4
35212,8
35212,15
35214,15
35214,13
35215,15
35215,12
35216,15
35216,2
35216,12
35217,1
35217,16
35217,15
35217,7
35219,25
35219,24
35221,5
35222,1
35222,16
35223,16
35224,24
35225,1
35227,16
35227,8
35227,27
35230,13
35231,5
35231,19
35232,8
35232,24
35233,5
35234,21
35234,17
35235,23
35236,1
35236,16
35236,13
35237,25
35238,4
35238,15
35238,2
35238,21
35239,11
35239,17
35240,1
35240,13
35240,7
35241,1
35241,16
35241,7
35242,25
35243,5
35243,11
35244,1
35245,1
35245,7
35246,1
35247,7
35247,11
35249,4
35249,15
35249,2
35250,16
35250,15
35250,13
35251,15
35251,7
35253,5
35256,1
35256,7
35257,4
35257,21
35257,17
35258,16
35259,1
35259,7
35260,1
35260,16
35260,10
35261,4
35261,27
35263,4
35264,4
35264,6
35264,2
35265,16
35265,4
35265,11
35266,16
35266,2
35267,23
35267,17
35268,1
35268,15
35268,2
35268,3
35269,16
35269,27
35270,1
35270,7
35271,16
35272,16
35272,15
35272,7
35275,8
35275,24
35276,1
35276,14
35276,7
35277,1
35277,16
35277,19
35278,4
35278,15
35278,13
35278,2
35279,1
35279,16
35279,7
35280,1
35280,16
35280,7
35281,1
35281,5
35281,11
35282,21
35283,18
35284,15
35284,13
35285,4
35285,15
35285,2
35286,15
35287,16
35287,15
35288,15
35288,13
35288,22
35289,24
35290,1
35290,11
35291,5
35292,1
35292,16
35293,5
35293,17
35294,10
35295,5
35299,25
35302,16
35302,8
35302,27
35303,16
35304,1
35304,4
35304,5
35306,1
35307,1
35307,15
35309,16
35310,16
35310,15
35310,2
35311,16
35311,15
35311,7
35312,24
35313,16
35313,15
35314,16
35315,1
35317,16
35317,24
35319,1
35319,14
35319,19
35320,17
35322,1
35322,5
35322,11
35325,24
35329,24
35330,4
35330,15
35332,1
35332,4
35335,17
35336,5
35336,3
35336,11
35342,2
35342,11
35342,25
35343,17
35347,5
35348,25
35348,24
35348,17
35349,25
35349,24
35349,17
35350,24
35351,22
35352,17
35354,16
35357,4
35357,5
35357,3
35359,1
35359,7
35359,17
35360,1
35360,11
35361,1
35361,4
35361,9
35367,15
35370,15
35371,15
35371,2
35372,15
35373,1
35373,4
35373,5
35374,1
35374,16
35374,13
35375,6
35376,23
35376,24
35378,1
35378,5
35379,1
35379,7
35380,23
35380,24
35382,4
35382,5
35382,11
35383,16
35383,15
35383,2
35383,22
35384,15
35384,7
35384,28
35385,15
35385,12
35386,16
35386,15
35386,7
35387,25
35388,1
35388,7
35389,16
35389,7
35391,5
35392,5
35393,21
35395,1
35395,7
35396,1
35396,7
35396,11
35397,1
35397,16
35398,16
35398,7
35399,1
35399,16
35399,23
35400,1
35400,7
35401,1
35401,7
35401,11
35402,1
35403,1
35403,7
35404,1
35404,3
35405,1
35405,16
35405,7
35406,1
35407,22
35409,17
35409,12
35410,24
35411,1
35411,16
35412,16
35413,23
35416,1
35416,7
35417,17
35418,1
35418,5
35418,3
35420,1
35420,7
35421,16
35423,1
35423,15
35423,13
35423,6
35424,1
35424,7
35432,27
35433,4
35433,8
35433,5
35434,1
35434,16
35434,7
35435,16
35436,1
35436,5
35436,3
35437,24
35437,17
35438,22
35439,1
35439,3
35440,1
35441,7
35441,24
35443,25
35444,1
35447,18
35448,21
35448,17
35449,1
35449,5
35449,3
35450,24
35450,12
35451,1
35451,16
35451,7
35452,5
35452,6
35452,3
35453,5
35453,22
35454,1
35454,7
35455,1
35455,16
35457,1
35457,16
35459,1
35460,24
35461,1
35461,5
35461,11
35462,25
35464,16
35465,16
35467,1
35467,19
35468,22
35472,1
35472,7
35475,1
35475,18
35475,17
35476,25
35476,17
35478,16
35479,16
35479,4
35479,7
35480,17
35481,1
35481,16
35481,7
35483,1
35483,14
35484,1
35484,7
35487,1
35487,16
35487,7
35488,1
35488,3
35488,11
35492,1
35492,7
35493,1
35493,7
35493,2
35496,1
35496,7
35496,22
35497,1
35497,7
35498,1
35498,16
35498,7
35499,1
35499,8
35499,13
35500,1
35500,16
35501,5
35502,25
35503,23
35505,16
35505,28
35506,1
35507,16
35508,16
35510,1
35510,3
35511,1
35511,5
35512,1
35512,3
35512,9
35515,1
35515,17
35516,1
35516,16
35517,1
35517,16
35517,7
35520,16
35520,7
35523,16
35524,1
35526,25
35526,17
35527,1
35527,18
35529,7
35530,16
35531,16
35531,14
35534,16
35536,1
35536,4
35536,5
35538,10
35539,23
35540,7
35542,1
35542,7
35543,1
35543,7
35544,1
35544,7
35545,1
35545,7
35545,17
35546,1
35546,7
35547,16
35548,1
35549,16
35550,8
35550,15
35550,13
35551,4
35551,8
35551,15
35551,13
35554,15
35554,13
35556,8
35556,15
35556,13
35559,1
35559,7
35560,8
35560,27
35560,2
35561,1
35562,1
35562,4
35562,3
35563,1
35564,1
35565,16
35565,15
35565,13
35565,10
35567,1
35568,4
35570,1
35571,1
35571,8
35571,27
35573,16
35573,7
35574,1
35574,16
35574,7
35575,1
35575,16
35575,7
35576,1
35576,5
35577,1
35577,5
35578,24
35580,7
35581,1
35581,16
35584,24
35585,16
35586,25
35587,16
35590,1
35590,7
35592,1
35592,4
35592,5
35593,16
35594,24
35596,23
35598,16
35599,23
35600,23
35602,10
35603,16
35603,8
35603,14
35605,10
35606,17
35607,16
35608,16
35614,22
35616,10
35618,1
35618,7
35619,6
35621,1
35621,16
35621,7
35622,1
35622,16
35622,7
35623,16
35624,16
35626,16
35629,23
35632,10
35633,25
35635,7
35636,1
35636,7
35638,1
35638,7
35639,16
35640,16
35640,27
35642,16
35644,16
35646,10
35647,1
35648,16
35649,1
35649,11
35649,19
35650,24
35652,16
35655,17
35656,16
35657,5
35660,1
35660,16
35660,7
35661,1
35661,7
35662,1
35662,7
35663,16
35664,1
35665,16
35665,27
35667,1
35667,16
35667,7
35668,1
35668,18
35669,1
35669,5
35670,1
35670,7
35671,1
35671,27
35672,22
35674,1
35674,5
35674,3
35676,1
35676,17
35677,17
35678,25
35683,1
35683,16
35684,17
35685,17
35686,25
35689,22
35690,22
35691,1
35691,8
35691,13
35693,8
35693,25
35695,16
35695,8
35695,7
35698,5
35698,11
35699,23
35701,16
35701,5
35702,1
35702,21
35703,1
35703,21
35704,4
35704,5
35704,11
35705,14
35706,1
35707,1
35707,11
35709,1
35709,4
35709,8
35710,16
35710,8
35710,24
35711,16
35712,1
35713,1
35713,16
35713,7
35714,26
35715,16
35716,23
35717,1
35717,5
35717,3
35718,1
35718,5
35718,11
35719,1
35719,5
35719,2
35721,16
35722,16
35724,1
35724,5
35724,3
35725,1
35725,16
35725,7
35726,23
35726,24
35728,1
35728,5
35731,1
35731,4
35731,5
35732,1
35732,5
35733,23
35733,24
35736,1
35736,7
35736,11
35737,1
35737,16
35737,7
35740,16
35740,27
35740,2
35742,16
35744,8
35744,13
35744,20
35746,10
35746,17
35747,4
35747,8
35747,5
35748,1
35748,3
35749,1
35749,16
35749,7
35750,1
35750,21
35750,17
35751,1
35751,14
35753,1
35753,14
35753,7
35754,1
35754,14
35754,7
35755,1
35755,17
35756,16
35756,10
35756,7
35759,1
35759,5
35760,1
35760,16
35760,2
35761,1
35762,1
35762,19
35763,1
35763,4
35764,5
35765,24
35766,16
35767,1
35767,7
35768,13
35769,1
35769,7
35770,1
35770,5
35771,1
35771,16
35772,1
35772,5
35772,3
35773,8
35773,23
35773,24
35774,16
35775,16
35776,1
35777,1
35777,7
35777,17
35778,1
35778,7
35779,23
35780,1
35781,16
35781,17
35782,16
35784,23
35786,1
35786,16
35790,1
35790,6
35790,12
35792,1
35793,1
35793,8
35793,7
35794,1
35795,1
35796,5
35796,3
35796,11
35797,16
35798,1
35798,5
35799,1
35799,14
35799,7
35800,1
35800,14
35800,7
35801,16
35801,7
35802,1
35802,16
35802,11
35803,1
35803,7
35804,1
35804,16
35804,10
35805,1
35805,10
35806,1
35806,5
35807,16
35808,16
35808,7
35809,1
35809,3
35810,16
35811,18
35812,16
35812,14
35812,19
35813,1
35813,11
35814,1
35814,4
35814,5
35817,28
35818,1
35818,3
35818,11
35819,1
35819,7
35820,16
35820,5
35821,16
35821,13
35822,1
35823,1
35823,16
35823,7
35824,16
35825,1
35825,7
35826,16
35827,16
35828,23
35829,1
35829,16
35830,16
35831,8
35831,3
35832,1
35832,4
35834,16
35835,16
35836,16
35837,25
35838,5
35838,11
35839,16
35839,14
35841,16
35842,1
35842,5
35843,24
35845,23
35846,1
35846,5
35846,11
35847,1
35847,3
35848,5
35849,24
35849,17
35850,26
35851,16
35853,1
35853,16
35854,16
35854,22
35856,16
35856,24
35858,5
35859,17
35862,16
35866,4
35866,8
35866,2
35867,16
35868,24
35870,1
35870,15
35870,3
35871,24
35873,10
35874,16
35875,1
35876,1
35876,5
35876,11
35877,16
35878,1
35882,1
35883,16
35886,1
35886,16
35887,24
35888,1
35888,11
35889,27
35890,16
35890,6
35891,4
35891,8
35892,4
35892,8
35893,8
35893,27
35894,16
35894,24
35895,1
35896,1
35896,7
35898,18
35899,5
35900,10
35903,10
35905,1
35905,7
35905,3
35907,25
35908,17
35909,16
35910,16
35912,16
35914,21
35914,17
35915,16
35915,7
35916,16
35916,22
35917,21
35917,17
35918,5
35918,11
35919,1
35919,3
35919,9
35920,1
35920,2
35921,16
35921,8
35931,22
35932,1
35932,16
35935,1
35935,5
35935,14
35937,1
35937,5
35938,4
35938,5
35938,11
35939,24
35940,1
35941,1
35942,16
35942,15
35942,5
35943,1
35943,4
35943,8
35944,1
35945,1
35945,16
35946,17
35947,16
35948,16
35949,16
35951,1
35951,2
35951,11
35952,16
35952,8
35952,28
35953,16
35954,24
35955,16
35956,8
35956,27
35957,23
35958,22
35959,16
35960,20
35961,22
35964,18
35965,1
35966,1
35966,11
35967,1
35968,1
35968,3
35968,9
35969,1
35969,7
35969,2
35970,1
35970,5
35970,7
35971,17
35972,1
35973,16
35976,16
35977,16
35978,17
35979,17
35981,1
35982,1
35985,5
35986,5
35987,1
35987,4
35987,3
35989,5
35989,3
35989,11
35990,1
35990,22
35991,16
35991,22
35993,26
35994,16
36000,7
36002,8
36005,1
36005,5
36005,3
36006,22
36007,22
36008,16
36008,14
36009,22
36010,23
36010,25
36015,25
36016,23
36017,23
36019,1
36020,1
36020,16
36020,5
36021,1
36021,4
36021,2
36022,16
36022,27
36023,16
36025,24
36026,16
36028,1
36028,5
36028,11
36029,1
36029,16
36029,10
36030,16
36030,27
36031,23
36032,23
36033,23
36034,16
36034,10
36034,7
36035,1
36036,1
36036,16
36036,7
36038,1
36038,11
36041,1
36041,16
36043,16
36043,7
36043,3
36044,1
36047,1
36047,16
36049,24
36051,21
36051,17
36054,16
36054,8
36054,27
36056,10
36057,1
36057,5
36057,11
36058,16
36058,8
36058,24
36060,16
36061,1
36061,4
36061,5
36062,1
36062,17
36063,1
36063,16
36063,17
36064,16
36064,17
36065,8
36065,2
36066,4
36066,8
36067,1
36067,16
36068,1
36068,7
36068,22
36070,16
36070,14
36070,2
36071,16
36071,14
36071,13
36072,3
36072,11
36074,1
36074,4
36074,8
36075,23
36076,16
36077,25
36078,16
36078,8
36080,16
36083,27
36083,25
36084,1
36084,4
36084,8
36085,27
36087,1
36087,4
36087,5
36088,16
36089,16
36090,5
36091,1
36091,27
36091,2
36092,16
36093,6
36093,12
36094,25
36095,25
36096,1
36096,5
36096,3
36100,16
36101,16
36102,16
36104,26
36105,1
36106,17
36108,16
36109,1
36109,27
36109,13
36110,1
36112,16
36113,1
36113,27
36114,16
36115,1
36117,1
36117,18
36118,19
36119,1
36119,5
36120,25
36121,1
36122,1
36122,6
36122,11
36123,17
36124,1
36125,12
36126,1
36127,16
36128,16
36129,10
36130,16
36131,16
36132,1
36132,7
36132,11
36133,26
36134,1
36134,6
36135,22
36136,16
36137,16
36138,22
36139,16
36140,7
36141,5
36143,1
36144,16
36144,14
36145,25
36146,5
36146,11
36148,23
36149,5
36150,16
36151,1
36151,7
36152,1
36152,6
36152,2
36154,25
36155,16
36159,8
36159,27
36160,16
36161,16
36162,1
36163,5
36165,27
36165,13
36165,3
36166,1
36166,7
36167,10
36168,16
36169,1
36170,16
36171,8
36171,27
36171,13
36172,1
36172,4
36172,8
36174,17
36175,3
36175,11
36175,12
36176,16
36176,8
36176,25
36177,23
36181,16
36181,7
36182,1
36182,16
36182,7
36183,1
36183,7
36184,16
36184,7
36184,11
36185,4
36185,7
36185,19
36186,1
36186,4
36186,11
36188,1
36188,5
36188,12
36189,18
36191,25
36191,24
36192,22
36193,1
36193,13
36193,7
36195,16
36196,1
36196,7
36198,10
36198,7
36198,17
36199,25
36201,1
36201,4
36201,5
36202,1
36202,3
36202,11
36203,16
36204,1
36204,16
36205,1
36205,16
36205,27
36207,10
36211,1
36211,7
36211,17
36212,1
36212,6
36212,7
36213,7
36214,1
36214,22
36215,16
36215,17
36216,18
36218,1
36218,13
36218,12
36219,8
36219,22
36223,1
36223,4
36223,3
36227,1
36227,16
36227,14
36229,1
36229,7
36229,9
36230,16
36230,4
36231,1
36231,4
36231,5
36232,1
36233,1
36233,7
36233,11
36234,1
36234,27
36236,16
36236,7
36237,16
36237,13
36238,1
36238,4
36238,5
36239,16
36240,1
36240,16
36241,16
36242,16
36243,16
36245,1
36246,23
36246,24
36249,1
36251,16
36251,22
36252,16
36253,1
36254,16
36254,27
36255,16
36257,1
36257,5
36257,19
36259,1
36259,7
36260,16
36261,1
36262,16
36264,23
36267,1
36267,5
36268,1
36269,1
36269,16
36272,1
36272,27
36272,13
36273,16
36274,17
36275,27
36276,8
36276,22
36278,5
36279,17
36280,5
36280,11
36281,1
36282,1
36282,5
36282,13
36283,1
36283,13
36284,1
36284,22
36285,1
36285,16
36287,1
36287,27
36288,1
36288,5
36288,11
36289,25
36290,1
36291,1
36291,7
36292,8
36292,27
36292,14
36293,17
36296,16
36298,17
36299,16
36300,16
36300,27
36301,16
36302,16
36303,1
36305,16
36306,1
36306,16
36307,16
36308,1
36308,4
36308,5
36309,1
36309,6
36309,12
36310,16
36310,13
36311,1
36312,1
36312,16
36313,4
36313,8
36313,27
36315,1
36315,4
36315,8
36316,1
36316,8
36318,1
36320,17
36322,23
36323,23
36326,25
36332,1
36333,16
36335,16
36337,16
36338,24
36339,4
36339,22
36340,16
36340,14
36341,1
36341,5
36342,1
36343,1
36343,17
36344,1
36345,16
36346,27
36348,1
36348,16
36349,23
36354,5
36355,1
36355,5
36356,1
36356,5
36359,1
36359,16
36360,1
36360,3
36361,1
36362,18
36363,1
36363,16
36364,10
36365,1
36365,5
36365,11
36366,24
36367,1
36367,16
36367,11
36368,5
36368,19
36369,1
36369,5
36370,1
36371,1
36373,17
36374,1
36374,5
36374,11
36376,1
36376,16
36380,16
36381,1
36381,17
36383,1
36384,10
36385,1
36385,5
36387,16
36391,16
36392,16
36394,1
36394,11
36395,4
36395,15
36395,2
36396,1
36397,1
36397,16
36397,7
36400,10
36401,16
36401,2
36402,16
36403,1
36403,12
36404,1
36406,1
36407,1
36408,1
36408,7
36409,1
36410,16
36411,1
36411,7
36412,16
36415,16
36416,1
36416,11
36418,16
36419,17
36420,1
36421,23
36423,16
36425,25
36428,1
36428,21
36428,17
36429,1
36429,22
36430,1
36430,5
36430,11
36432,5
36432,3
36435,1
36435,5
36435,19
36436,24
36438,1
36438,5
36438,3
36439,1
36439,7
36439,12
36440,1
36440,16
36440,7
36442,24
36443,1
36443,16
36443,22
36444,16
36444,7
36445,1
36445,3
36445,9
36446,1
36447,17
36448,1
36448,5
36448,11
36449,4
36449,27
36449,2
36450,1
36450,16
36451,16
36452,1
36453,16
36453,27
36454,27
36455,1
36455,14
36456,16
36457,25
36457,17
36458,24
36460,12
36461,1
36462,1
36464,7
36465,1
36465,5
36468,1
36468,16
36469,24
36469,17
36470,16
36471,1
36471,2
36472,5
36473,5
36475,1
36479,25
36480,5
36483,4
36483,8
36483,2
36486,11
36487,1
36487,4
36487,21
36488,16
36490,16
36491,7
36492,5
36492,11
36493,11
36493,17
36494,16
36494,14
36496,16
36497,16
36497,27
36498,1
36498,16
36498,7
36499,1
36499,3
36499,11
36500,1
36500,7
36500,11
36504,1
36504,4
36504,5
36505,1
36505,19
36506,1
36507,1
36507,7
36507,11
36509,1
36509,16
36510,16
36511,16
36512,4
36512,8
36514,1
36514,5
36515,14
36518,18
36519,16
36519,5
36520,1
36520,14
36522,1
36522,7
36522,17
36523,1
36523,4
36523,8
36524,1
36524,17
36526,1
36526,17
36528,4
36528,2
36529,16
36530,16
36530,25
36531,1
36531,16
36531,7
36532,1
36532,16
36532,7
36533,1
36533,7
36534,1
36534,4
36534,7
36535,1
36535,5
36536,1
36538,1
36538,14
36538,7
36541,1
36543,4
36543,3
36545,25
36548,22
36549,1
36549,12
36550,1
36550,16
36551,1
36552,1
36552,11
36553,16
36554,16
36555,1
36555,4
36555,15
36555,13
36556,7
36561,1
36561,17
36562,1
36562,6
36562,3
36563,1
36563,16
36563,14
36564,16
36565,16
36567,16
36567,15
36567,27
36568,1
36568,4
36568,6
36569,8
36569,15
36569,2
36570,17
36571,1
36571,18
36572,1
36572,7
36573,16
36574,4
36576,1
36576,7
36578,1
36578,3
36578,17
36579,1
36579,4
36579,5
36580,1
36580,16
36580,7
36581,1
36581,4
36581,5
36582,1
36582,7
36584,1
36585,1
36587,23
36587,17
36589,16
36591,16
36591,5
36592,16
36594,1
36594,16
36594,7
36595,16
36596,16
36596,5
36597,16
36597,4
36597,5
36599,1
36599,11
36600,1
36600,17
36604,1
36604,16
36604,7
36605,16
36605,27
36605,14
36606,22
36613,7
36614,1
36616,16
36616,27
36618,16
36618,15
36619,11
36622,1
36622,7
36622,21
36623,1
36623,21
36624,1
36624,21
36626,1
36631,16
36631,11
36634,16
36634,27
36635,1
36635,16
36635,28
36636,5
36638,1
36638,5
36638,17
36639,7
36640,1
36640,5
36640,11
36641,1
36641,14
36642,1
36642,7
36644,15
36644,12
36645,17
36648,1
36648,4
36648,5
36650,24
36651,23
36652,16
36652,8
36652,24
36654,21
36655,1
36655,6
36655,3
36656,11
36658,15
36658,13
36659,23
36660,16
36660,7
36660,17
36661,1
36661,5
36661,11
36662,1
36662,16
36662,2
36663,1
36663,8
36663,13
36664,1
36665,18
36666,1
36666,7
36667,1
36667,5
36667,19
36672,1
36672,6
36672,12
36673,1
36673,16
36674,4
36674,15
36674,13
36674,12
36675,1
36675,17
36677,1
36677,7
36678,5
36679,1
36679,5
36682,1
36682,14
36682,7
36683,1
36683,16
36685,4
36685,8
36685,11
36686,1
36687,1
36687,7
36689,1
36689,8
36691,23
36692,1
36693,1
36693,16
36693,7
36696,1
36696,3
36696,18
36698,1
36698,16
36698,7
36699,1
36699,5
36699,11
36700,23
36701,1
36701,7
36702,1
36702,7
36703,1
36703,5
36703,14
36704,1
36704,21
36706,5
36707,1
36707,4
36707,5
36708,1
36708,7
36708,12
36709,1
36709,16
36709,7
36710,1
36710,7
36711,1
36712,1
36712,7
36712,18
36713,16
36715,16
36717,1
36717,18
36718,1
36718,16
36718,7
36720,16
36720,5
36722,25
36725,13
36725,2
36725,11
36726,1
36726,16
36726,14
36727,1
36727,7
36728,1
36728,17
36730,1
36730,7
36731,17
36732,16
36733,1
36734,1
36735,1
36735,4
36735,3
36736,11
36737,1
36737,14
36739,22
36740,1
36740,5
36740,3
36742,16
36742,10
36744,4
36744,2
36744,3
36745,1
36745,4
36745,2
36748,13
36748,6
36748,12
36751,1
36751,4
36752,4
36752,8
36752,13
36754,1
36754,19
36755,13
36755,6
36756,1
36757,1
36757,5
36757,11
36758,16
36758,14
36759,16
36764,26
36765,23
36766,23
36767,22
36768,16
36769,16
36773,1
36773,4
36773,5
36774,1
36774,4
36774,5
36778,26
36785,16
36788,8
36788,27
36789,1
36789,17
36792,16
36793,1
36794,17
36795,1
36795,16
36795,7
36804,1
36804,4
36804,7
36806,8
36806,14
36806,13
36807,4
36807,13
36807,3
36809,1
36809,5
36809,7
36810,1
36811,1
36811,7
36815,1
36815,16
36815,4
36817,1
36819,28
36820,4
36820,8
36821,16
36822,4
36822,15
36822,13
36823,16
36823,4
36823,15
36823,2
36824,8
36824,15
36824,13
36825,16
36825,15
36825,12
36826,1
36826,15
36826,10
36827,1
36827,15
36827,6
36829,1
36832,22
36833,1
36833,7
36836,8
36837,4
36837,15
36837,12
36838,16
36839,5
36839,11
36840,8
36840,24
36841,23
36842,1
36842,7
36843,1
36844,4
36844,8
36844,15
36844,12
36845,16
36845,14
36845,11
36846,16
36846,27
36846,14
36847,3
36851,16
36851,14
36851,10
36852,17
36853,1
36853,5
36853,11
36855,1
36855,4
36857,16
36857,12
36858,1
36858,5
36858,18
36859,1
36859,19
36860,1
36860,14
36862,10
36867,17
36868,1
36868,17
36869,1
36869,7
36869,17
36870,1
36870,23
36872,1
36872,14
36872,19
36875,21
36875,17
36878,1
36878,4
36878,3
36879,1
36879,16
36879,7
36881,1
36882,1
36882,14
36883,1
36883,7
36884,1
36884,16
36884,7
36885,1
36885,3
36886,16
36887,1
36890,1
36890,8
36890,14
36893,17
36894,17
36897,16
36898,1
36898,7
36898,11
36902,27
36902,14
36903,1
36903,5
36903,3
36905,16
36905,13
36906,16
36906,6
36908,1
36908,3
36909,1
36909,16
36910,1
36910,17
36912,1
36912,7
36913,1
36915,16
36915,4
36915,15
36917,4
36917,15
36917,2
36918,17
36919,1
36919,7
36919,11
36920,1
36920,13
36920,7
36925,5
36926,1
36926,14
36927,5
36927,3
36928,16
36929,18
36930,21
36930,17
36931,16
36932,16
36932,15
36933,10
36933,24
36934,1
36934,7
36935,1
36935,7
36936,1
36936,5
36937,11
36937,17
36939,1
36941,1
36941,7
36943,1
36943,16
36943,17
36945,27
36945,26
36947,1
36947,16
36947,2
36949,15
36950,16
36950,13
36951,16
36951,8
36951,27
36952,8
36952,14
36952,2
36953,1
36953,7
36954,4
36954,27
36955,16
36955,8
36955,27
36959,5
36960,5
36963,5
36963,7
36963,11
36964,1
36964,3
36964,11
36965,1
36965,16
36965,7
36966,5
36967,15
36967,22
36968,16
36968,15
36968,13
36969,15
36969,10
36972,16
36974,1
36974,7
36976,1
36976,5
36976,11
36977,11
36979,1
36979,7
36979,17
36981,16
36981,7
36982,16
36982,7
36983,1
36983,7
36984,1
36984,7
36987,13
36987,7
36989,16
36991,8
36991,27
36991,17
36993,1
36993,5
36994,16
36994,24
36994,22
36995,16
36995,10
36996,4
36996,25
36997,25
36999,5
36999,11
37002,1
37002,14
37002,2
37003,16
37004,1
37008,1
37008,5
37008,11
37010,16
37010,7
37011,10
37013,1
37013,6
37014,22
37021,26
37022,8
37022,15
37022,13
37025,5
37026,1
37028,1
37028,15
37028,7
37028,11
37029,8
37029,22
37030,21
37030,17
37031,1
37031,4
37031,12
37033,16
37033,14
37034,1
37035,1
37035,7
37036,1
37036,7
37038,17
37041,4
37041,8
37041,27
37042,7
37043,4
37043,15
37043,13
37043,12
37044,8
37044,27
37044,2
37045,1
37045,5
37046,1
37047,23
37047,24
37049,1
37049,5
37050,1
37050,2
37050,11
37051,16
37051,24
37052,23
37052,24
37053,16
37053,24
37054,24
37055,8
37055,25
37055,17
37056,20
37057,16
37060,1
37060,10
37060,7
37065,1
37065,16
37065,7
37066,1
37066,16
37066,13
37067,25
37068,1
37068,3
37069,25
37070,1
37070,16
37070,7
37071,22
37072,1
37072,11
37072,12
37073,1
37073,13
37073,7
37074,1
37075,1
37075,16
37076,16
37076,22
37077,1
37078,1
37078,5
37079,1
37079,4
37079,8
37080,16
37080,8
37080,27
37081,25
37082,16
37086,1
37087,27
37088,1
37088,17
37089,8
37089,27
37089,13
37090,16
37090,13
37090,28
37092,1
37092,11
37095,16
37095,14
37096,1
37096,4
37096,15
37096,12
37099,4
37099,11
37099,9
37101,16
37102,16
37103,27
37103,26
37104,16
37104,11
37105,1
37105,11
37107,1
37107,13
37107,7
37109,16
37110,8
37110,25
37111,1
37111,16
37111,5
37112,22
37113,8
37113,25
37114,1
37114,16
37114,13
37115,1
37115,7
37115,2
37116,1
37116,5
37118,1
37119,1
37119,7
37120,16
37120,7
37123,23
37123,24
37125,1
37125,11
37126,8
37126,27
37127,27
37128,1
37128,8
37128,13
37129,27
37130,16
37131,1
37131,3
37132,23
37132,24
37133,1
37133,3
37133,11
37134,1
37134,7
37134,28
37135,16
37135,4
37135,9
37137,5
37137,11
37138,5
37139,1
37139,16
37139,22
37142,23
37143,5
37144,23
37145,5
37146,23
37147,1
37147,5
37147,11
37148,1
37148,7
37149,16
37149,24
37150,1
37150,16
37150,7
37152,11
37152,12
37153,1
37153,5
37153,3
37154,1
37155,1
37155,16
37155,7
37156,1
37156,7
37157,16
37157,14
37157,7
37158,5
37159,16
37159,24
37160,18
37160,17
37161,10
37162,1
37162,7
37163,16
37164,1
37164,16
37166,1
37166,18
37167,1
37168,1
37168,14
37168,13
37169,1
37169,7
37171,4
37171,15
37171,17
37175,16
37175,10
37176,1
37177,16
37180,23
37180,24
37182,1
37182,5
37182,3
37183,1
37184,16
37186,1
37186,10
37186,7
37187,16
37188,17
37189,1
37189,5
37190,1
37190,16
37190,8
37193,1
37193,5
37194,5
37194,17
37196,1
37196,4
37196,2
37197,5
37198,24
37198,26
37200,1
37200,7
37201,17
37202,8
37202,27
37202,13
37203,1
37203,16
37204,16
37205,8
37205,27
37205,13
37207,1
37207,15
37207,7
37209,4
37209,15
37209,12
37210,8
37210,7
37210,17
37211,23
37211,24
37212,1
37212,16
37214,15
37214,6
37214,3
37215,16
37215,15
37216,1
37216,15
37216,2
37217,16
37217,15
37218,15
37218,22
37219,4
37219,8
37219,15
37219,13
37220,1
37220,16
37220,15
37221,1
37221,14
37221,7
37222,1
37222,11
37222,18
37223,4
37223,15
37223,12
37225,1
37225,7
37225,3
37226,16
37226,14
37227,25
37227,24
37227,18
37228,5
37229,23
37230,23
37232,23
37232,26
37233,1
37235,4
37235,15
37236,17
37238,25
37238,24
37238,17
37239,15
37239,7
37239,12
37240,16
37240,15
37240,7
37241,16
37241,15
37241,10
37242,16
37242,15
37244,16
37244,7
37244,22
37245,1
37245,16
37245,7
37246,1
37246,7
37247,1
37247,7
37247,2
37248,16
37248,13
37248,11
37249,1
37249,16
37249,7
37252,1
37252,16
37252,22
37253,1
37253,14
37255,1
37255,12
37256,1
37256,16
37257,1
37257,23
37257,7
37258,1
37258,7
37259,1
37259,7
37260,1
37260,14
37260,11
37261,1
37261,7
37262,1
37262,16
37262,7
37263,1
37263,16
37263,7
37264,1
37264,16
37265,1
37265,7
37265,22
37266,1
37266,11
37267,1
37267,7
37267,3
37268,16
37269,1
37269,14
37270,1
37270,14
37271,1
37271,16
37271,7
37272,1
37272,3
37274,16
37276,16
37276,14
37276,7
37277,16
37277,15
37277,28
37279,1
37280,1
37280,7
37282,1
37282,14
37283,16
37285,1
37286,1
37289,7
37290,1
37290,14
37290,7
37291,1
37291,14
37291,18
37292,1
37292,16
37292,7
37293,1
37293,7
37294,1
37294,22
37295,14
37296,1
37296,16
37296,7
37297,1
37297,14
37297,7
37298,11
37299,1
37299,7
37300,1
37300,16
37301,1
37301,11
37302,1
37302,7
37302,22
37303,14
37303,7
37304,23
37305,1
37305,5
37306,1
37306,16
37307,1
37308,1
37308,16
37308,13
37309,1
37309,5
37309,3
37310,1
37310,14
37311,1
37312,1
37312,14
37314,1
37315,1
37316,13
37316,7
37316,3
37317,1
37318,1
37318,14
37318,18
37319,1
37319,4
37320,1
37320,7
37321,1
37321,13
37322,10
37323,8
37323,24
37324,16
37325,1
37325,14
37326,1
37326,22
37327,1
37328,1
37328,16
37330,16
37330,7
37330,22
37332,1
37332,16
37332,13
37334,1
37335,1
37335,16
37335,7
37336,1
37336,8
37336,17
37337,6
37338,12
37339,1
37339,12
37341,4
37341,13
37341,6
37342,1
37342,17
37342,12
37343,1
37343,7
37344,1
37344,16
37344,7
37345,1
37345,16
37346,1
37347,1
37347,14
37348,1
37348,7
37349,1
37349,5
37350,4
37350,8
37350,22
37351,8
37352,1
37352,12
37353,16
37353,15
37354,1
37356,1
37356,11
37357,1
37357,7
37358,1
37358,7
37359,2
37359,11
37360,1
37361,1
37362,1
37362,7
37363,1
37363,11
37365,1
37367,18
37368,4
37368,8
37368,15
37368,13
37369,1
37369,7
37370,1
37370,7
37371,1
37371,4
37372,16
37373,4
37373,8
37373,20
37374,1
37374,16
37374,4
37375,1
37376,1
37376,23
37377,1
37377,16
37377,14
37378,16
37378,7
37379,1
37380,1
37380,14
37381,1
37382,1
37382,7
37383,1
37383,7
37384,1
37385,1
37385,16
37386,1
37386,4
37386,18
37387,16
37389,1
37390,1
37390,3
37390,11
37392,1
37392,16
37393,11
37394,1
37394,16
37395,1
37396,1
37396,7
37397,1
37397,16
37397,7
37398,1
37399,1
37399,21
37399,17
37400,1
37401,1
37401,14
37402,1
37403,1
37403,16
37403,23
37404,1
37404,7
37405,1
37406,1
37406,16
37407,16
37408,13
37409,1
37410,2
37411,1
37411,21
37411,17
37412,1
37412,4
37412,5
37413,7
37413,11
37414,7
37415,1
37417,1
37418,1
37419,1
37419,7
37420,1
37421,1
37421,7
37421,18
37422,1
37422,16
37422,7
37424,21
37424,17
37425,1
37425,16
37425,7
37426,1
37426,4
37426,2
37427,1
37428,1
37428,4
37428,13
37429,16
37429,13
37429,7
37430,14
37431,1
37431,18
37432,1
37432,7
37433,16
37433,23
37433,7
37434,1
37434,19
37435,1
37435,16
37435,7
37436,16
37436,7
37436,17
37437,13
37437,18
37437,17
37438,1
37438,5
37439,1
37440,1
37441,1
37441,11
37443,1
37443,13
37444,1
37444,16
37444,7
37445,1
37446,1
37446,5
37446,11
37448,1
37451,1
37452,1
37453,1
37453,6
37454,27
37455,1
37455,7
37456,1
37457,16
37457,6
37457,7
37458,16
37458,13
37458,7
37459,10
37459,24
37460,1
37460,3
37461,1
37461,4
37461,5
37462,7
37462,24
37465,16
37466,1
37466,7
37467,1
37468,1
37468,7
37469,1
37469,7
37470,1
37471,1
37472,1
37472,7
37473,1
37474,1
37474,11
37475,1
37475,7
37476,16
37476,5
37476,11
37477,5
37478,14
37479,14
37480,1
37481,1
37481,7
37481,11
37482,1
37483,1
37483,16
37484,1
37484,16
37485,7
37487,13
37487,11
37489,1
37489,16
37489,11
37490,7
37491,1
37492,16
37492,4
37493,1
37493,16
37494,1
37494,4
37494,8
37495,1
37495,17
37496,16
37496,5
37496,11
37497,1
37497,18
37497,19
37498,1
37498,7
37499,16
37500,4
37500,8
37501,4
37501,2
37503,1
37503,4
37504,1
37505,7
37505,3
37505,11
37506,1
37506,7
37507,27
37508,1
37509,1
37510,1
37510,7
37511,1
37511,14
37512,16
37512,7
37513,1
37513,11
37514,1
37514,14
37515,1
37516,1
37517,1
37518,1
37519,1
37520,1
37520,11
37521,1
37522,1
37523,1
37524,7
37524,2
37525,1
37527,1
37527,4
37528,16
37529,16
37529,5
37531,1
37532,1
37533,23
37533,24
37534,1
37534,14
37535,1
37535,16
37535,7
37536,16
37536,14
37536,7
37537,11
37538,1
37538,16
37538,7
37539,1
37540,1
37541,16
37542,1
37543,1
37543,7
37544,16
37544,7
37545,1
37545,18
37546,5
37547,16
37547,8
37547,15
37548,1
37548,16
37548,6
37552,1
37552,3
37552,11
37555,1
37555,4
37555,5
37556,5
37558,1
37558,4
37559,1
37560,1
37560,7
37561,1
37561,7
37562,1
37562,7
37563,1
37563,16
37563,7
37564,1
37564,9
37566,1
37566,22
37567,1
37569,1
37570,4
37570,5
37570,2
37571,1
37571,16
37572,10
37573,7
37577,4
37577,13
37577,7
37578,7
37578,18
37579,1
37579,11
37579,12
37583,1
37585,16
37585,27
37585,12
37586,16
37587,16
37589,1
37589,3
37589,11
37590,15
37590,13
37590,11
37592,16
37594,16
37594,27
37594,13
37595,1
37595,16
37595,7
37596,1
37596,16
37596,13
37598,1
37598,5
37598,2
37599,1
37599,4
37599,8
37600,7
37601,10
37602,1
37608,1
37608,4
37608,5
37609,1
37609,3
37611,16
37611,13
37611,7
37612,13
37612,7
37612,17
37613,16
37614,10
37615,1
37615,16
37616,13
37616,11
37617,1
37617,16
37618,16
37618,24
37619,16
37622,17
37623,16
37623,24
37625,1
37625,3
37626,1
37627,1
37628,16
37630,16
37631,16
37631,5
37633,1
37633,28
37636,27
37637,5
37637,11
37638,16
37640,16
37640,11
37641,1
37641,7
37642,1
37644,10
37645,1
37645,7
37646,1
37646,7
37647,1
37647,16
37648,16
37648,2
37649,1
37649,16
37649,18
37651,1
37651,11
37652,25
37653,23
37655,1
37655,7
37656,1
37656,6
37656,3
37657,1
37657,11
37660,1
37662,13
37662,7
37662,17
37663,1
37663,16
37669,15
37670,16
37671,1
37671,5
37671,2
37672,16
37672,7
37673,4
37673,15
37673,2
37674,23
37675,4
37675,8
37675,13
37676,1
37676,16
37676,7
37677,1
37677,8
37677,15
37677,27
37678,16
37678,14
37679,1
37679,13
37679,3
37680,1
37680,11
37681,1
37681,5
37681,11
37685,8
37685,24
37686,16
37686,8
37686,13
37687,23
37687,24
37689,8
37689,27
37689,14
37690,1
37690,21
37691,8
37691,13
37693,23
37695,16
37696,25
37698,1
37700,1
37700,2
37700,12
37702,16
37703,25
37704,16
37706,1
37706,14
37706,7
37708,1
37710,16
37711,24
37712,17
37713,18
37716,1
37716,16
37717,24
37718,24
37719,4
37719,8
37719,27
37722,16
37723,23
37724,23
37725,23
37726,23
37727,8
37727,24
37731,15
37731,13
37733,25
37734,22
37735,5
37736,1
37736,7
37736,19
37737,1
37737,7
37738,16
37739,16
37740,16
37743,16
37745,1
37745,10
37746,16
37747,5
37750,23
37752,1
37752,5
37753,21
37753,24
37753,17
37757,26
37759,16
37759,8
37759,13
37761,27
37763,23
37764,1
37764,27
37765,16
37766,5
37767,5
37771,23
37772,16
37772,15
37775,1
37776,1
37776,5
37776,2
37778,1
37778,4
37778,2
37779,1
37779,13
37779,12
37780,1
37780,2
37781,1
37781,2
37784,25
37785,25
37787,1
37787,4
37787,5
37788,7
37790,1
37790,6
37791,1
37791,11
37792,1
37792,10
37792,7
37794,1
37794,7
37795,1
37795,17
37798,8
37798,24
37801,11
37802,1
37804,5
37804,11
37805,1
37805,4
37805,6
37806,16
37806,8
37806,27
37808,1
37808,2
37809,4
37809,2
37811,1
37813,4
37815,18
37816,22
37817,1
37817,7
37817,17
37818,5
37819,1
37819,2
37819,11
37821,1
37823,4
37823,2
37824,1
37824,7
37825,16
37825,4
37825,15
37826,4
37826,15
37826,2
37828,4
37828,11
37830,1
37830,16
37833,1
37833,16
37834,23
37837,1
37837,12
37838,1
37838,13
37839,16
37840,16
37843,1
37843,7
37844,7
37844,3
37844,12
37845,1
37846,25
37846,24
37848,1
37848,16
37849,16
37850,16
37851,1
37852,16
37853,1
37853,16
37853,7
37854,1
37854,5
37854,11
37855,16
37856,23
37857,1
37858,1
37858,16
37859,16
37860,5
37861,1
37864,24
37866,1
37866,5
37866,11
37867,1
37867,22
37868,1
37868,5
37868,3
37870,16
37872,16
37873,4
37873,8
37874,16
37875,16
37876,1
37876,16
37877,16
37878,1
37878,16
37879,1
37879,16
37880,25
37881,1
37881,3
37881,12
37882,1
37882,16
37883,1
37883,13
37883,11
37884,1
37884,10
37885,1
37886,16
37887,1
37887,7
37887,22
37890,1
37891,1
37892,16
37892,4
37892,22
37895,16
37897,1
37897,17
37898,1
37898,8
37898,11
37899,1
37899,5
37899,11
37901,22
37902,5
37903,11
37903,24
37904,12
37907,1
37907,18
37913,1
37913,7
37913,3
37914,1
37914,7
37915,1
37915,5
37915,11
37916,1
37916,17
37917,1
37917,7
37918,1
37918,16
37920,1
37921,4
37921,6
37921,2
37922,1
37922,4
37922,3
37924,1
37924,5
37924,11
37925,1
37925,3
37926,8
37926,13
37927,16
37928,1
37928,16
37928,7
37929,16
37929,27
37930,16
37930,13
37930,7
37931,16
37932,4
37932,8
37932,13
37933,16
37936,1
37937,1
37937,21
37937,17
37938,1
37938,4
37938,6
37939,1
37939,5
37939,11
37940,1
37940,6
37942,1
37942,7
37944,1
37945,16
37948,1
37950,16
37950,11
37951,1
37953,1
37953,3
37953,11
37954,1
37955,1
37956,16
37956,28
37957,1
37957,5
37957,11
37959,8
37959,14
37959,13
37960,1
37960,4
37960,5
37961,16
37965,1
37966,22
37967,16
37968,16
37969,18
37972,16
37975,1
37976,1
37976,16
37977,1
37978,16
37978,5
37978,11
37979,16
37979,22
37981,1
37982,16
37983,1
37984,1
37984,16
37985,16
37987,1
37988,6
37989,1
37994,16
37994,4
37996,1
37996,16
37996,8
37998,18
37999,16
37999,14
38000,16
38001,16
38002,1
38003,1
38003,16
38003,7
38004,1
38005,24
38006,1
38006,16
38008,16
38008,8
38008,13
38009,1
38009,14
38010,1
38010,16
38010,7
38011,1
38011,22
38012,1
38012,4
38012,5
38013,1
38014,16
38014,22
38015,16
38015,14
38016,16
38017,1
38019,1
38019,4
38019,5
38022,16
38023,1
38024,23
38024,24
38025,16
38025,23
38025,6
38026,1
38027,5
38028,4
38028,7
38028,22
38031,16
38031,4
38031,8
38031,15
38035,21
38035,17
38039,23
38040,16
38040,23
38042,23
38043,1
38043,16
38043,7
38044,1
38048,1
38048,4
38049,1
38049,7
38050,22
38051,1
38051,7
38051,2
38052,1
38052,2
38052,11
38053,1
38053,14
38054,23
38055,1
38057,1
38057,7
38058,1
38060,16
38060,14
38063,16
38064,1
38064,14
38064,7
38065,25
38066,23
38066,24
38067,24
38068,11
38069,1
38069,7
38070,1
38070,5
38070,11
38072,5
38074,1
38074,4
38074,5
38078,5
38082,10
38085,1
38085,6
38085,3
38086,16
38089,1
38089,5
38089,3
38090,1
38090,16
38091,1
38094,16
38094,8
38095,5
38097,23
38098,4
38098,3
38100,16
38101,1
38101,11
38101,12
38102,16
38104,10
38106,25
38106,17
38108,1
38110,1
38111,25
38111,24
38113,7
38113,28
38114,16
38115,16
38115,27
38115,2
38116,1
38116,7
38117,8
38117,24
38118,1
38118,19
38119,1
38119,4
38119,3
38120,4
38120,8
38121,24
38122,1
38122,7
38124,6
38128,15
38128,22
38129,25
38129,24
38129,17
38130,1
38130,16
38131,5
38132,1
38134,1
38134,7
38134,28
38135,4
38135,15
38135,13
38136,1
38136,5
38136,11
38138,23
38138,24
38140,17
38141,17
38142,22
38144,25
38146,5
38150,10
38151,1
38152,4
38152,25
38152,18
38154,13
38154,7
38154,17
38155,1
38155,13
38155,7
38158,4
38158,8
38158,27
38161,16
38162,10
38163,1
38163,22
38164,4
38164,2
38165,1
38165,14
38165,2
38166,16
38169,16
38170,1
38170,16
38170,22
38171,16
38172,1
38173,1
38173,11
38174,4
38174,15
38175,4
38175,15
38175,7
38175,17
38177,1
38177,5
38178,15
38178,22
38179,15
38179,13
38180,16
38180,15
38180,7
38182,5
38184,4
38184,8
38184,13
38186,5
38187,1
38187,7
38188,10
38189,1
38189,11
38191,1
38191,16
38193,4
38193,8
38193,15
38193,13
38194,1
38194,3
38194,21
38195,1
38195,14
38195,7
38197,1
38200,1
38200,5
38200,11
38204,16
38204,7
38205,1
38205,16
38206,7
38206,21
38206,9
38207,1
38207,18
38209,1
38209,11
38210,1
38210,11
38211,1
38211,7
38211,3
38213,1
38213,7
38214,16
38214,4
38214,15
38214,7
38215,16
38215,4
38215,15
38216,1
38216,3
38217,1
38219,25
38220,1
38220,5
38222,5
38222,11
38223,1
38223,27
38224,1
38224,13
38225,11
38225,18
38226,1
38226,5
38226,11
38227,25
38228,1
38229,10
38229,7
38231,16
38232,10
38240,1
38240,16
38240,14
38241,16
38241,12
38242,1
38242,16
38242,7
38243,16
38244,16
38244,5
38246,7
38246,24
38248,25
38250,1
38250,16
38250,7
38251,1
38252,16
38252,7
38253,16
38253,7
38254,24
38255,1
38255,16
38255,7
38257,1
38257,19
38262,1
38262,5
38263,19
38264,10
38265,5
38266,5
38267,22
38269,16
38270,25
38271,1
38271,3
38272,1
38272,5
38272,3
38273,16
38273,8
38273,27
38276,27
38276,10
38278,10
38279,4
38279,8
38279,27
38280,23
38280,24
38282,1
38282,5
38282,3
38283,22
38284,22
38286,25
38287,23
38288,1
38288,7
38288,24
38289,16
38290,16
38294,1
38294,8
38294,17
38295,1
38295,16
38295,7
38296,1
38296,13
38296,19
38297,1
38297,3
38298,1
38298,7
38299,1
38299,3
38300,1
38300,5
38303,16
38306,7
38307,1
38307,16
38307,5
38309,1
38309,3
38311,1
38312,25
38313,16
38313,27
38315,1
38316,1
38317,1
38317,16
38319,5
38320,1
38320,3
38320,18
38324,17
38327,1
38335,1
38335,16
38336,10
38337,16
38338,11
38338,24
38338,17
38339,1
38341,1
38341,5
38342,14
38342,24
38343,23
38343,24
38344,18
38345,1
38345,13
38345,7
38346,1
38347,1
38349,1
38349,16
38349,7
38350,5
38350,19
38351,25
38351,17
38352,1
38353,1
38355,16
38356,8
38356,24
38357,1
38357,16
38357,7
38358,16
38358,8
38358,14
38360,1
38360,14
38360,3
38363,1
38363,5
38364,21
38364,17
38364,9
38366,3
38366,21
38366,17
38367,16
38369,23
38370,23
38371,21
38371,17
38373,16
38376,1
38377,1
38377,5
38378,1
38378,5
38378,3
38379,23
38379,24
38380,10
38383,17
38384,17
38386,25
38387,4
38387,8
38387,2
38389,1
38389,7
38390,4
38390,8
38390,15
38390,13
38391,1
38391,5
38391,11
38392,5
38393,1
38393,7
38394,1
38394,5
38394,3
38395,1
38395,7
38396,1
38396,16
38397,1
38397,7
38398,16
38398,15
38398,12
38399,16
38400,15
38400,7
38401,26
38402,4
38402,5
38402,11
38403,1
38404,16
38404,7
38404,11
38405,1
38406,1
38407,4
38407,22
38409,1
38409,13
38409,6
38410,1
38410,7
38411,1
38411,3
38411,21
38412,1
38412,16
38412,17
38413,15
38414,8
38414,25
38414,24
38415,1
38415,7
38416,1
38416,16
38417,1
38418,17
38419,12
38420,1
38420,5
38420,3
38422,16
38422,7
38423,1
38423,7
38424,7
38426,1
38426,16
38426,14
38427,5
38428,17
38429,16
38429,22
38430,25
38431,1
38432,16
38432,2
38433,4
38436,1
38437,16
38437,8
38437,15
38437,12
38440,4
38440,8
38440,27
38441,27
38441,2
38442,1
38442,4
38442,8
38443,1
38443,7
38444,16
38445,1
38445,7
38445,17
38447,4
38447,17
38447,9
38448,1
38448,5
38448,3
38449,1
38449,5
38452,17
38453,16
38454,1
38455,23
38455,24
38456,15
38456,27
38456,13
38458,8
38458,24
38459,16
38460,1
38462,16
38462,15
38462,22
38463,8
38463,15
38463,13
38463,7
38467,1
38468,1
38468,13
38468,7
38469,1
38469,4
38469,5
38470,25
38473,21
38473,17
38474,5
38476,25
38479,7
38480,1
38481,4
38481,15
38481,13
38481,12
38482,1
38482,16
38483,4
38483,13
38485,17
38486,1
38486,16
38486,7
38487,1
38488,1
38488,14
38489,1
38489,5
38489,7
38492,1
38492,7
38496,7
38497,4
38497,8
38497,27
38498,16
38498,27
38499,16
38500,16
38500,13
38500,7
38501,16
38502,1
38502,5
38502,11
38503,8
38503,27
38503,13
38505,1
38505,11
38506,1
38507,5
38512,4
38512,15
38513,1
38513,4
38514,1
38514,5
38514,3
38516,24
38516,17
38520,1
38524,1
38524,7
38526,4
38526,5
38526,11
38529,1
38531,16
38533,1
38533,2
38533,11
38534,16
38534,14
38536,1
38536,5
38536,3
38537,1
38537,16
38538,4
38538,8
38538,15
38538,13
38541,16
38544,24
38547,22
38548,22
38553,1
38553,7
38554,1
38555,4
38556,1
38556,7
38557,1
38557,5
38558,1
38559,26
38560,5
38561,5
38562,1
38562,5
38562,11
38563,1
38563,4
38563,3
38565,1
38565,4
38565,5
38569,5
38570,5
38570,11
38571,5
38572,1
38572,27
38572,10
38573,6
38573,3
38574,5
38575,23
38578,4
38578,22
38580,23
38582,1
38583,1
38583,7
38583,22
38586,1
38586,4
38586,5
38587,1
38587,7
38587,17
38589,16
38589,4
38589,2
38590,1
38590,8
38590,11
38591,25
38591,24
38591,17
38592,7
38593,1
38593,21
38593,17
38596,16
38596,27
38596,13
38598,1
38598,16
38598,7
38599,10
38601,1
38601,16
38601,7
38602,16
38603,1
38603,13
38603,7
38604,26
38606,1
38606,7
38608,16
38608,15
38608,13
38610,4
38610,8
38610,15
38610,13
38611,4
38611,8
38611,15
38611,13
38612,1
38612,16
38612,7
38614,1
38614,4
38614,5
38615,1
38615,11
38618,1
38619,1
38623,22
38624,1
38624,18
38625,16
38626,1
38626,16
38626,22
38627,1
38627,7
38629,16
38630,16
38630,4
38631,5
38631,11
38635,1
38635,5
38636,1
38636,7
38637,18
38638,16
38638,15
38638,7
38639,5
38640,5
38642,5
38643,1
38643,5
38644,1
38644,14
38646,16
38647,16
38647,24
38648,4
38648,22
38649,1
38649,3
38649,11
38652,5
38653,1
38653,17
38654,1
38654,4
38654,5
38655,10
38656,1
38656,12
38660,1
38660,18
38662,16
38662,22
38663,4
38667,1
38667,7
38668,5
38674,5
38676,1
38676,2
38677,1
38677,3
38677,11
38678,5
38678,11
38678,12
38685,1
38685,7
38686,24
38686,17
38691,8
38691,24
38692,16
38692,8
38692,24
38693,16
38693,2
38695,8
38695,25
38696,1
38697,1
38699,16
38700,17
38703,16
38705,1
38705,5
38705,3
38709,1
38709,11
38710,1
38710,7
38712,1
38712,16
38712,14
38716,1
38716,7
38722,1
38722,7
38722,17
38723,16
38724,4
38724,8
38724,13
38725,1
38725,4
38725,3
38727,1
38727,7
38729,1
38730,1
38731,16
38731,24
38732,16
38733,1
38733,16
38733,7
38734,1
38734,16
38734,7
38735,1
38735,7
38735,17
38736,1
38736,7
38737,7
38739,5
38740,23
38740,24
38747,1
38747,5
38747,11
38748,17
38752,7
38753,4
38753,8
38753,13
38754,1
38754,17
38755,1
38755,17
38756,1
38756,7
38757,16
38757,7
38757,17
38759,16
38760,5
38763,1
38764,6
38764,17
38765,3
38769,7
38770,1
38770,5
38770,11
38772,4
38772,5
38772,11
38776,1
38776,11
38781,16
38781,10
38783,5
38783,11
38785,23
38786,1
38787,1
38790,16
38790,14
38790,7
38791,15
38791,7
38792,4
38792,15
38792,2
38793,16
38793,15
38794,16
38796,1
38796,16
38796,7
38797,15
38798,16
38798,10
38799,16
38799,4
38799,8
38801,1
38801,3
38801,19
38802,4
38802,15
38802,2
38803,4
38803,8
38804,1
38804,16
38804,14
38805,6
38805,3
38805,12
38806,1
38806,5
38806,3
38807,26
38808,4
38808,8
38808,27
38810,16
38810,10
38811,4
38811,8
38811,15
38812,4
38812,8
38812,2
38814,16
38814,8
38814,27
38815,27
38816,16
38817,25
38820,14
38821,8
38821,15
38821,2
38822,16
38822,15
38822,12
38823,22
38826,10
38829,8
38829,27
38830,10
38831,16
38831,23
38831,7
38832,1
38832,7
38832,17
38837,1
38837,16
38838,13
38838,11
38838,17
38839,1
38839,13
38839,6
38840,16
38841,16
38842,16
38842,4
38842,8
38843,16
38843,15
38843,13
38843,7
38844,1
38844,7
38847,1
38847,22
38850,16
38851,1
38853,1
38853,14
38853,7
38854,16
38856,10
38857,24
38859,18
38860,5
38861,1
38864,1
38864,7
38864,11
38870,1
38870,16
38870,5
38871,1
38871,4
38871,3
38872,16
38872,14
38873,1
38873,16
38874,4
38874,8
38874,13
38875,1
38875,23
38875,7
38876,1
38876,11
38877,1
38878,1
38878,2
38880,16
38881,1
38882,1
38882,7
38883,27
38884,1
38886,11
38887,1
38887,14
38887,7
38888,5
38890,11
38890,17
38891,11
38891,17
38892,1
38892,15
38892,7
38893,1
38893,7
38894,1
38894,7
38896,1
38896,11
38897,1
38897,7
38898,1
38902,8
38904,1
38904,5
38904,11
38905,16
38908,23
38909,17
38911,1
38911,6
38911,12
38912,8
38912,2
38912,11
38913,4
38913,13
38913,12
38914,23
38916,15
38916,7
38916,28
38917,16
38918,16
38918,14
38919,5
38921,16
38923,1
38923,7
38925,1
38925,4
38925,21
38926,7
38928,25
38929,16
38930,19
38931,23
38931,24
38932,1
38933,23
38933,18
38934,1
38935,8
38935,23
38935,24
38936,1
38936,5
38936,3
38939,1
38939,5
38939,11
38943,18
38944,16
38944,24
38944,17
38947,1
38947,7
38948,1
38948,7
38949,1
38949,7
38949,17
38950,1
38950,18
38952,8
38952,11
38957,16
38957,5
38957,11
38958,2
38958,3
38958,9
38959,1
38959,5
38959,3
38960,1
38961,8
38961,27
38961,2
38962,25
38963,4
38963,8
38963,2
38965,17
38966,16
38967,1
38967,3
38968,16
38969,16
38972,1
38972,7
38973,1
38974,25
38975,23
38976,10
38977,1
38977,21
38977,17
38979,1
38979,21
38979,17
38980,25
38982,14
38984,1
38984,16
38984,7
38985,17
38986,17
38987,1
38988,1
38992,1
38992,5
38992,11
38993,1
38994,16
38996,1
38997,1
38997,14
38998,1
39000,17
39001,11
39002,16
39003,1
39003,7
39004,10
39006,16
39007,1
39008,8
39008,27
39009,23
39009,24
39010,16
39010,27
39011,8
39011,13
39011,7
39012,16
39013,1
39013,2
39015,27
39018,2
39018,3
39018,11
39019,25
39020,16
39021,1
39021,18
39022,1
39022,11
39022,12
39023,1
39023,7
39024,1
39024,16
39024,7
39025,1
39025,16
39026,16
39026,15
39026,13
39028,1
39028,7
39032,1
39032,5
39032,3
39034,14
39034,10
39036,5
39037,16
39039,1
39039,7
39040,4
39040,5
39040,11
39041,1
39041,5
39043,10
39043,17
39044,1
39044,5
39045,16
39045,14
39047,1
39047,11
39048,1
39048,10
39048,17
39049,1
39049,4
39049,5
39051,10
39055,1
39056,1
39056,3
39056,11
39058,10
39059,24
39061,1
39061,16
39062,1
39062,5
39062,3
39064,1
39064,22
39065,1
39067,5
39068,1
39068,16
39069,16
39072,16
39072,23
39072,24
39074,16
39075,22
39077,1
39077,11
39078,1
39081,2
39081,3
39081,11
39082,16
39082,15
39083,1
39083,13
39083,7
39084,12
39085,23
39086,10
39087,16
39087,15
39090,23
39091,16
39092,16
39094,16
39095,17
39096,27
39100,23
39101,16
39102,1
39102,8
39102,5
39103,21
39103,17
39105,1
39105,16
39105,7
39106,11
39107,18
39109,1
39110,1
39111,27
39111,10
39112,1
39113,1
39113,16
39113,14
39115,1
39115,5
39115,11
39116,1
39116,4
39116,3
39117,4
39117,5
39119,1
39119,16
39119,7
39121,1
39121,13
39121,7
39122,1
39122,16
39122,13
39123,7
39124,25
39124,17
39125,1
39125,16
39129,16
39130,1
39131,1
39131,15
39132,17
39133,5
39134,1
39134,7
39135,1
39137,1
39137,7
39138,24
39139,1
39139,16
39139,7
39140,23
39141,1
39141,16
39141,5
39142,10
39144,1
39144,16
39145,7
39147,1
39147,3
39148,1
39148,15
39148,28
39149,25
39151,1
39151,11
39152,16
39152,14
39157,8
39157,14
39158,1
39159,1
39160,5
39161,1
39161,5
39161,3
39162,16
39163,10
39165,1
39165,7
39165,17
39166,1
39166,4
39166,5
39168,5
39169,1
39169,16
39169,7
39170,1
39171,6
39171,3
39171,12
39172,16
39173,25
39173,18
39174,1
39174,5
39174,11
39175,1
39175,5
39176,2
39176,11
39177,6
39177,12
39178,16
39178,13
39178,7
39180,1
39180,27
39181,24
39182,1
39182,7
39183,1
39183,16
39184,1
39184,7
39185,17
39190,16
39191,16
39191,27
39192,1
39192,5
39192,11
39193,17
39194,16
39198,10
39200,16
39206,10
39209,7
39211,23
39212,1
39212,16
39212,5
39213,1
39215,8
39215,15
39215,27
39219,15
39219,27
39221,16
39222,16
39224,16
39225,23
39226,1
39226,16
39228,1
39228,5
39228,20
39229,1
39229,16
39229,14
39231,23
39232,16
39233,16
39234,1
39234,16
39235,1
39235,5
39236,1
39236,16
39236,5
39238,23
39238,24
39243,1
39243,5
39243,11
39244,1
39244,5
39244,3
39245,1
39245,2
39245,11
39246,1
39246,7
39247,22
39252,25
39257,1
39258,1
39258,7
39261,16
39262,7
39263,16
39271,1
39271,5
39271,3
39274,1
39274,5
39275,1
39275,3
39275,11
39276,1
39277,16
39278,16
39278,14
39280,17
39281,17
39283,4
39283,8
39283,15
39283,2
39285,1
39285,14
39287,23
39288,1
39288,8
39289,22
39291,1
39291,16
39296,16
39296,27
39297,17
39298,16
39299,10
39300,1
39300,7
39301,16
39302,16
39302,7
39303,17
39304,1
39304,5
39304,3
39305,1
39305,5
39308,1
39308,14
39309,1
39309,16
39311,5
39312,7
39313,1
39313,16
39313,5
39314,1
39314,16
39314,5
39315,1
39315,7
39316,1
39316,11
39318,1
39318,16
39318,14
39319,1
39319,16
39319,5
39320,1
39320,4
39320,17
39321,1
39321,4
39321,2
39322,1
39322,5
39322,11
39323,16
39323,2
39325,1
39325,5
39325,11
39327,1
39327,3
39328,1
39328,3
39328,9
39330,15
39330,2
39331,4
39331,8
39331,5
39332,5
39333,16
39335,1
39335,3
39335,11
39336,5
39337,21
39337,17
39338,1
39338,4
39338,5
39339,1
39339,5
39343,16
39345,7
39346,5
39348,16
39349,23
39350,1
39350,7
39351,16
39353,24
39355,1
39355,16
39355,7
39357,6
39357,2
39357,11
39360,24
39362,15
39362,22
39363,16
39363,15
39363,2
39364,15
39365,16
39365,14
39366,16
39368,4
39368,8
39368,2
39370,1
39370,4
39370,5
39373,5
39373,3
39373,21
39374,1
39374,4
39374,5
39375,1
39375,4
39375,7
39377,1
39379,1
39379,16
39380,1
39380,5
39380,3
39385,23
39386,1
39386,18
39387,5
39387,11
39388,1
39390,1
39392,16
39393,5
39394,1
39394,11
39394,17
39395,1
39395,11
39396,1
39396,4
39401,16
39401,12
39403,25
39404,25
39409,1
39409,7
39411,10
39414,1
39414,13
39414,7
39415,17
39416,1
39416,16
39417,1
39417,17
39418,16
39419,1
39419,21
39419,11
39420,1
39420,6
39420,11
39421,5
39422,23
39423,6
39423,25
39424,6
39424,12
39426,27
39427,6
39428,1
39428,16
39428,13
39430,24
39431,1
39431,7
39431,28
39432,16
39435,1
39435,4
39435,5
39437,1
39437,8
39439,1
39440,1
39440,5
39440,11
39441,1
39441,5
39441,3
39443,1
39443,6
39443,12
39444,23
39445,26
39447,4
39447,2
39454,1
39454,2
39459,16
39460,8
39460,27
39462,1
39462,5
39462,11
39465,16
39465,27
39465,14
39474,16
39475,26
39476,1
39476,16
39476,19
39477,23
39477,24
39479,16
39480,16
39481,1
39484,1
39484,16
39489,16
39490,16
39492,16
39494,1
39494,5
39497,16
39498,23
39498,24
39499,4
39499,11
39502,27
39502,10
39503,7
39504,1
39506,16
39507,16
39508,16
39510,16
39510,27
39512,16
39512,14
39514,1
39514,5
39514,3
39515,16
39517,16
39519,16
39519,27
39519,2
39520,1
39520,5
39520,11
39521,1
39521,4
39521,8
39522,16
39523,12
39524,16
39527,16
39530,16
39531,16
39532,2
39534,16
39535,5
39537,1
39537,5
39546,22
39554,16
39555,1
39555,6
39555,7
39556,1
39556,16
39556,7
39557,1
39557,7
39558,4
39558,5
39558,3
39559,4
39559,13
39559,7
39560,16
39560,13
39560,2
39561,1
39561,7
39561,17
39563,1
39563,3
39563,12
39564,1
39564,5
39564,3
39565,17
39570,5
39571,4
39573,22
39575,1
39576,16
39577,16
39581,4
39581,8
39584,4
39584,8
39585,1
39585,27
39588,16
39590,16
39591,25
39592,16
39593,16
39595,16
39597,1
39600,1
39600,18
39604,16
39604,7
39607,8
39607,27
39610,15
39614,25
39615,16
39615,24
39616,1
39617,1
39617,11
39619,1
39620,1
39620,8
39620,27
39621,5
39622,1
39622,11
39623,1
39623,7
39626,8
39626,27
39626,13
39627,8
39627,27
39628,8
39628,27
39628,2
39629,27
39630,16
39630,8
39630,27
39631,1
39631,22
39632,1
39634,1
39635,5
39635,17
39638,11
39639,1
39641,1
39641,14
39642,16
39643,16
39646,1
39646,16
39646,10
39647,1
39647,13
39647,11
39648,1
39648,3
39648,12
39649,16
39652,1
39652,2
39652,11
39653,1
39653,2
39655,26
39657,1
39657,3
39657,9
39663,1
39663,17
39665,16
39666,16
39667,1
39668,16
39668,14
39669,1
39669,5
39671,22
39674,23
39674,24
39676,26
39677,22
39678,1
39678,16
39678,10
39682,16
39685,1
39685,7
39687,1
39687,5
39689,16
39689,27
39691,16
39694,4
39694,8
39694,2
39695,23
39696,17
39699,1
39699,7
39699,3
39700,7
39702,4
39702,8
39702,26
39703,1
39703,5
39704,4
39708,6
39710,4
39710,5
39710,3
39711,1
39711,7
39712,1
39712,23
39713,1
39713,7
39714,1
39714,7
39717,16
39717,15
39717,7
39718,15
39719,1
39719,15
39719,7
39720,1
39720,15
39720,13
39721,4
39721,8
39721,15
39721,13
39726,1
39726,22
39728,5
39729,11
39729,17
39730,5
39732,1
39732,16
39732,7
39733,1
39733,7
39735,4
39735,5
39736,1
39736,16
39736,7
39737,1
39737,16
39737,7
39738,1
39738,16
39738,7
39739,16
39740,1
39740,16
39740,15
39740,7
39741,16
39741,8
39741,24
39742,1
39742,3
39742,11
39744,1
39744,4
39744,2
39745,1
39747,4
39747,5
39748,1
39748,7
39749,1
39749,6
39749,11
39750,1
39750,16
39750,5
39755,5
39756,16
39757,1
39758,1
39758,5
39759,1
39759,3
39759,11
39760,1
39760,21
39761,1
39761,2
39762,16
39762,2
39764,1
39764,8
39764,13
39765,22
39768,1
39768,7
39770,2
39771,16
39771,4
39771,27
39773,17
39774,25
39775,23
39776,5
39777,23
39780,23
39783,16
39783,13
39783,7
39784,16
39785,1
39786,16
39787,8
39787,25
39789,17
39790,3
39790,11
39793,16
39794,16
39799,1
39799,3
39800,1
39800,5
39800,7
39802,1
39803,5
39806,5
39807,23
39809,1
39809,4
39809,7
39810,16
39810,6
39812,1
39812,16
39813,25
39814,1
39814,7
39815,1
39817,5
39817,11
39818,1
39819,4
39819,8
39819,5
39820,16
39821,1
39821,21
39822,1
39822,14
39822,10
39823,24
39824,15
39825,10
39826,16
39827,5
39828,23
39829,8
39829,25
39829,24
39830,24
39831,22
39832,1
39832,5
39832,3
39833,1
39833,2
39833,3
39834,1
39834,4
39834,17
39835,1
39835,13
39835,7
39836,1
39836,7
39837,16
39838,8
39838,15
39838,13
39839,15
39839,13
39840,4
39840,15
39840,2
39841,15
39845,16
39845,13
39845,7
39848,16
39848,27
39852,1
39852,5
39853,10
39857,24
39860,8
39860,27
39861,13
39861,7
39861,12
39862,1
39862,7
39864,25
39864,17
39865,1
39865,7
39865,11
39866,24
39867,16
39868,1
39868,4
39868,5
39869,1
39870,1
39872,1
39872,16
39875,21
39875,17
39878,4
39878,15
39878,2
39879,1
39879,15
39879,2
39880,1
39880,15
39880,14
39881,1
39882,23
39883,1
39883,16
39883,4
39884,1
39884,16
39884,7
39885,1
39885,11
39886,8
39886,17
39889,11
39892,4
39892,8
39892,2
39893,1
39893,5
39893,11
39897,1
39897,19
39898,1
39898,7
39900,1
39900,11
39901,1
39901,12
39902,1
39902,12
39904,1
39905,1
39905,7
39905,18
39906,1
39906,5
39906,11
39907,24
39908,1
39908,5
39908,10
39909,16
39910,1
39910,13
39910,3
39911,5
39912,8
39912,27
39912,2
39913,10
39914,1
39914,7
39915,1
39915,7
39915,11
39916,1
39916,11
39918,27
39919,1
39919,5
39919,11
39920,1
39920,7
39921,1
39921,16
39921,7
39922,16
39922,14
39922,7
39924,24
39924,22
39925,22
39926,16
39927,1
39927,3
39927,11
39928,4
39928,8
39928,2
39929,1
39929,5
39929,11
39932,24
39933,16
39934,16
39935,5
39935,17
39936,1
39936,7
39936,11
39937,1
39937,7
39938,16
39940,1
39940,16
39940,7
39941,1
39941,4
39942,1
39942,7
39942,11
39945,8
39945,13
39945,11
39947,25
39948,16
39949,25
39950,1
39950,5
39950,10
39951,16
39952,16
39952,15
39954,23
39955,4
39955,15
39955,13
39956,1
39956,5
39956,6
39957,5
39959,1
39959,5
39959,17
39960,16
39962,1
39962,3
39963,1
39963,16
39965,1
39966,2
39967,8
39967,24
39970,25
39971,25
39972,1
39972,17
39974,1
39974,7
39975,27
39975,17
39976,17
39977,4
39977,15
39977,11
39978,25
39979,25
39980,25
39980,24
39981,1
39981,17
39983,1
39983,5
39983,11
39985,16
39986,23
39986,24
39987,1
39987,16
39989,16
39990,4
39990,15
39990,2
39993,1
39993,5
39993,3
39995,23
39998,1
39998,13
39998,3
39999,1
39999,7
40000,16
40005,4
40005,8
40005,15
40005,12
40006,1
40006,14
40007,1
40007,5
40008,1
40009,10
40009,17
40010,16
40012,16
40013,16
40013,14
40015,16
40015,27
40016,1
40016,5
40017,5
40017,11
40019,1
40019,14
40019,10
40020,1
40020,7
40020,12
40021,1
40021,7
40022,16
40023,1
40023,13
40023,7
40024,25
40025,1
40025,5
40025,3
40026,25
40027,4
40027,8
40028,23
40029,5
40032,5
40033,18
40045,8
40045,27
40045,2
40046,16
40047,1
40047,7
40047,20
40052,1
40052,5
40052,17
40059,16
40059,7
40060,1
40060,21
40061,1
40061,8
40061,9
40066,1
40066,21
40068,1
40068,8
40068,21
40072,4
40072,8
40072,27
40073,1
40073,16
40073,7
40074,1
40075,1
40075,11
40076,16
40077,1
40077,8
40077,7
40082,1
40082,16
40082,17
40087,1
40087,21
40089,16
40089,17
40090,1
40090,3
40090,9
40091,1
40091,5
40091,3
40092,1
40094,16
40095,1
40095,7
40095,12
40097,16
40097,7
40100,24
40101,17
40102,1
40102,7
40103,16
40103,24
40103,22
40104,16
40104,7
40104,11
40105,16
40108,1
40108,5
40108,3
40109,8
40109,25
40111,1
40111,4
40111,5
40112,1
40112,16
40114,16
40114,7
40115,16
40115,9
40119,23
40122,1
40122,7
40123,1
40123,7
40124,1
40124,7
40125,1
40125,4
40125,7
40126,1
40126,16
40126,7
40127,1
40127,4
40127,7
40130,16
40130,4
40130,7
40131,1
40131,16
40131,13
40134,1
40134,7
40135,4
40135,13
40135,6
40136,1
40136,15
40136,6
40137,4
40137,15
40137,2
40137,22
40138,4
40138,15
40138,2
40139,4
40139,8
40139,15
40140,4
40140,8
40140,15
40140,13
40141,16
40141,15
40141,7
40142,16
40142,15
40143,16
40143,15
40143,7
40144,15
40144,7
40145,15
40145,13
40145,12
40146,15
40146,10
40147,15
40147,6
40147,2
40147,11
40148,16
40148,5
40150,16
40150,4
40150,27
40151,5
40153,1
40153,5
40155,1
40155,27
40155,10
40156,24
40156,18
40159,1
40159,7
40164,26
40165,10
40169,7
40170,7
40171,16
40171,4
40171,14
40173,16
40173,14
40173,7
40174,16
40174,14
40174,7
40175,16
40175,20
40176,1
40176,14
40176,7
40177,17
40178,11
40179,1
40179,7
40180,16
40181,16
40182,1
40182,5
40182,3
40184,1
40184,5
40184,11
40185,24
40186,16
40186,7
40186,19
40191,1
40191,13
40191,7
40192,1
40192,16
40192,14
40195,23
40196,1
40197,5
40198,17
40200,1
40200,11
40200,19
40201,1
40201,7
40201,17
40202,1
40202,7
40203,25
40203,24
40204,1
40204,14
40205,1
40205,5
40208,7
40209,1
40210,4
40210,8
40210,13
40211,1
40211,7
40212,25
40213,5
40214,1
40214,7
40215,1
40215,16
40215,13
40217,16
40217,14
40217,10
40219,10
40220,16
40221,1
40221,10
40221,7
40223,16
40225,16
40227,22
40228,21
40228,17
40229,23
40230,23
40235,5
40237,1
40237,5
40238,1
40238,11
40242,16
40242,8
40242,27
40243,16
40244,26
40246,5
40247,5
40249,5
40250,1
40250,11
40251,5
40252,27
40254,16
40255,24
40256,1
40256,4
40256,3
40257,1
40257,7
40260,16
40260,8
40260,27
40262,8
40262,13
40263,1
40263,7
40264,1
40264,7
40265,16
40265,27
40268,1
40268,7
40269,16
40271,1
40271,3
40271,9
40273,17
40274,8
40274,24
40275,1
40275,16
40275,7
40276,1
40276,16
40276,13
40277,1
40281,1
40281,5
40282,1
40282,16
40284,16
40284,7
40285,5
40287,17
40288,4
40288,8
40288,15
40288,13
40289,16
40289,8
40289,24
40290,8
40290,25
40291,17
40292,1
40292,13
40292,7
40293,1
40293,16
40293,11
40294,8
40294,13
40295,25
40296,1
40296,16
40296,5
40297,1
40297,7
40298,24
40300,1
40300,11
40301,1
40302,16
40303,1
40303,7
40303,3
40305,7
40308,1
40308,3
40308,12
40309,1
40310,7
40311,1
40311,3
40312,1
40312,16
40312,7
40313,1
40314,16
40315,1
40315,5
40315,11
40316,1
40316,5
40316,3
40319,16
40320,1
40320,5
40321,11
40321,12
40322,1
40323,1
40323,16
40323,7
40324,11
40324,12
40325,22
40326,1
40326,3
40327,16
40327,7
40328,1
40328,10
40328,17
40329,6
40329,2
40329,3
40330,17
40331,24
40333,4
40333,8
40333,15
40333,13
40334,1
40334,16
40334,7
40335,1
40336,1
40336,5
40336,11
40337,1
40337,5
40338,18
40340,1
40340,16
40343,8
40343,25
40344,5
40344,3
40345,5
40345,3
40346,16
40346,4
40346,5
40347,1
40347,16
40347,5
40348,16
40349,16
40350,17
40352,16
40354,16
40354,4
40356,1
40356,17
40357,1
40357,3
40357,12
40358,1
40358,22
40359,5
40360,23
40361,16
40361,19
40362,16
40362,7
40363,1
40363,16
40363,7
40366,10
40366,17
40367,1
40367,16
40367,7
40369,1
40369,16
40370,4
40370,8
40370,13
40372,16
40373,23
40374,1
40374,5
40374,3
40375,2
40376,25
40376,18
40377,24
40378,24
40379,5
40379,11
40380,1
40380,5
40380,3
40381,1
40382,1
40382,10
40382,3
40383,1
40384,1
40384,22
40385,1
40385,5
40385,13
40387,1
40387,16
40387,13
40388,1
40388,7
40388,17
40392,1
40392,14
40393,1
40393,6
40393,3
40394,1
40394,13
40394,7
40395,1
40395,16
40395,11
40396,1
40396,7
40397,1
40397,7
40397,12
40398,16
40398,5
40398,7
40399,1
40399,19
40400,5
40400,3
40400,11
40401,1
40401,7
40402,16
40402,13
40402,7
40404,1
40404,7
40405,1
40405,17
40406,1
40407,1
40408,11
40408,17
40409,25
40410,25
40411,7
40411,21
40411,17
40412,5
40414,25
40414,24
40415,25
40415,17
40418,15
40418,23
40418,7
40418,17
40419,1
40419,2
40420,1
40420,5
40420,19
40421,1
40421,8
40421,3
40423,16
40423,15
40423,7
40423,2
40425,1
40436,1
40436,3
40438,1
40438,17
40439,1
40440,1
40440,8
40441,1
40441,5
40442,1
40442,5
40442,12
40443,1
40444,24
40445,16
40446,8
40446,5
40446,14
40448,23
40449,23
40449,24
40450,15
40450,13
40450,7
40450,17
40451,1
40451,16
40452,1
40452,11
40454,1
40455,5
40455,11
40457,16
40457,5
40458,1
40458,7
40459,4
40459,5
40459,7
40460,4
40460,3
40460,9
40461,1
40461,6
40461,11
40462,16
40462,27
40464,10
40465,1
40465,5
40465,3
40466,16
40466,4
40466,5
40469,1
40469,4
40469,5
40472,1
40472,7
40473,17
40474,4
40474,5
40474,7
40477,1
40477,7
40478,23
40479,26
40481,8
40482,18
40482,22
40482,19
40483,1
40483,7
40484,5
40484,11
40485,5
40486,1
40486,16
40486,27
40487,1
40489,16
40490,1
40490,17
40491,1
40491,7
40492,24
40493,16
40493,8
40493,14
40494,1
40494,19
40495,1
40495,14
40496,1
40496,4
40496,8
40498,1
40498,5
40499,16
40500,5
40502,8
40502,24
40503,16
40504,3
40504,11
40504,12
40505,16
40505,4
40510,16
40511,24
40512,5
40515,17
40516,25
40516,24
40518,1
40518,7
40518,17
40519,16
40519,10
40521,16
40524,1
40524,11
40524,18
40527,23
40528,1
40528,16
40528,5
40529,5
40529,11
40531,1
40531,4
40532,16
40532,15
40532,7
40533,1
40533,16
40533,15
40533,7
40534,15
40534,22
40535,8
40535,15
40535,13
40535,11
40537,1
40537,11
40537,12
40538,1
40538,16
40538,22
40540,16
40541,1
40541,16
40541,10
40542,4
40542,11
40543,1
40543,7
40545,16
40546,1
40546,5
40546,11
40547,1
40548,1
40548,7
40548,22
40550,1
40550,5
40550,7
40555,8
40555,24
40556,1
40556,7
40557,8
40557,24
40558,1
40558,7
40560,17
40563,23
40565,1
40568,1
40568,7
40569,1
40569,7
40569,11
40573,5
40573,3
40573,11
40575,10
40578,16
40579,1
40579,16
40580,1
40580,7
40582,16
40583,16
40591,24
40591,26
40593,16
40596,16
40598,16
40599,22
40601,1
40602,10
40605,1
40609,1
40609,5
40610,13
40610,3
40610,11
40611,1
40611,16
40611,10
40612,5
40612,11
40613,1
40613,7
40614,1
40614,8
40615,1
40615,7
40616,1
40616,5
40616,3
40617,23
40618,1
40618,4
40618,5
40621,1
40621,7
40621,9
40627,23
40628,25
40629,25
40632,16
40632,7
40634,17
40636,28
40639,22
40642,1
40642,7
40643,4
40644,8
40644,27
40645,1
40646,13
40646,3
40646,12
40647,16
40648,1
40648,5
40648,11
40649,1
40649,7
40650,1
40650,13
40650,12
40651,1
40651,3
40651,11
40652,1
40652,11
40652,12
40655,16
40656,5
40656,19
40658,1
40658,5
40659,5
40663,4
40663,8
40663,27
40666,26
40669,6
40669,11
40669,12
40671,16
40671,13
40671,21
40673,1
40674,1
40674,7
40677,1
40677,4
40677,7
40685,5
40686,17
40689,8
40689,27
40689,13
40691,16
40692,1
40695,1
40695,5
40696,1
40696,5
40700,1
40700,5
40701,1
40701,7
40702,1
40702,7
40703,1
40703,5
40703,7
40706,25
40708,1
40708,16
40710,16
40711,10
40713,8
40713,24
40714,21
40714,17
40721,23
40721,24
40722,23
40726,5
40726,3
40727,5
40728,16
40729,1
40729,7
40732,8
40732,13
40733,1
40737,16
40738,8
40738,24
40738,17
40739,7
40740,1
40740,7
40741,16
40742,1
40742,3
40743,1
40743,16
40743,7
40746,8
40746,23
40746,24
40752,16
40752,24
40753,1
40754,16
40755,27
40755,6
40756,16
40757,16
40757,8
40757,27
40758,16
40760,16
40763,16
40766,1
40766,21
40766,17
40767,16
40768,16
40770,23
40773,1
40774,27
40774,5
40775,16
40778,1
40778,3
40778,12
40779,16
40783,1
40783,4
40783,27
40784,1
40784,5
40785,8
40785,11
40785,12
40787,4
40787,8
40787,20
40788,1
40789,28
40790,1
40790,5
40791,22
40792,16
40792,2
40794,26
40795,4
40795,27
40798,16
40799,4
40799,27
40799,2
40802,1
40802,16
40808,23
40810,8
40810,13
40811,1
40811,4
40811,15
40811,2
40812,16
40812,14
40813,8
40814,10
40815,25
40817,5
40820,1
40820,4
40822,1
40822,11
40828,26
40831,5
40832,23
40836,16
40836,11
40837,1
40839,1
40842,26
40844,1
40844,16
40848,22
40852,1
40852,7
40853,1
40853,7
40854,8
40854,27
40854,18
40856,1
40856,21
40857,1
40857,16
40857,14
40859,1
40859,3
40859,11
40860,23
40862,16
40863,1
40863,23
40863,7
40864,1
40864,3
40864,11
40867,1
40867,5
40869,16
40870,8
40870,27
40871,1
40871,11
40871,12
40873,2
40873,3
40874,5
40875,3
40875,9
40877,16
40879,17
40880,16
40880,8
40880,14
40881,16
40881,15
40881,7
40882,8
40884,4
40884,8
40884,2
40885,1
40886,24
40887,16
40888,16
40889,16
40891,16
40893,1
40893,7
40893,18
40894,10
40895,16
40896,5
40897,16
40899,16
40899,13
40899,6
40901,1
40901,7
40902,1
40902,5
40903,1
40903,13
40904,1
40904,2
40905,2
40905,3
40906,16
40907,1
40909,16
40909,24
40911,7
40913,25
40915,16
40915,8
40915,13
40916,1
40916,5
40916,19
40918,25
40919,25
40920,25
40922,22
40924,16
40924,7
40925,1
40925,5
40925,11
40926,1
40926,16
40927,21
40927,17
40928,1
40928,13
40928,7
40929,16
40930,1
40931,1
40932,16
40933,1
40933,5
40933,11
40934,4
40935,4
40935,5
40936,1
40936,7
40937,1
40938,17
40941,14
40942,16
40942,8
40942,27
40944,16
40944,7
40946,25
40948,10
40949,16
40954,1
40954,8
40956,16
40957,16
40957,2
40958,4
40958,2
40961,16
40961,4
40961,2
40962,1
40962,16
40965,16
40966,16
40967,1
40967,6
40967,3
40968,1
40968,22
40970,1
40970,5
40970,11
40974,16
40974,14
40975,16
40975,8
40975,13
40976,21
40976,17
40980,1
40980,2
40981,1
40981,4
40981,8
40983,17
40984,7
40987,1
40987,7
40987,11
40988,1
40988,7
40988,2
40990,6
40990,11
40990,12
40993,8
40993,27
40994,16
40995,22
40995,19
40996,27
40999,16
41000,16
41001,1
41001,5
41002,15
41003,16
41005,1
41005,11
41006,16
41006,22
41007,4
41007,8
41007,2
41010,1
41020,16
41021,8
41021,24
41022,16
41023,6
41023,3
41024,1
41024,4
41024,11
41025,16
41026,1
41027,1
41027,2
41027,3
41028,1
41028,6
41028,3
41029,1
41029,7
41030,16
41031,1
41031,5
41031,11
41032,25
41034,16
41034,7
41035,1
41035,5
41036,1
41036,16
41036,13
41037,1
41037,5
41037,3
41038,8
41039,16
41040,1
41040,16
41041,16
41042,7
41044,1
41044,3
41045,5
41046,11
41046,17
41048,1
41048,5
41049,1
41049,4
41049,2
41050,1
41050,7
41051,21
41051,17
41052,1
41052,7
41053,8
41053,13
41055,23
41056,1
41056,4
41057,21
41057,17
41058,16
41058,14
41058,13
41059,16
41059,4
41060,8
41060,24
41060,17
41061,1
41061,11
41065,6
41065,3
41067,1
41067,8
41067,17
41068,1
41068,7
41071,1
41071,7
41071,17
41072,1
41073,1
41073,4
41073,13
41074,22
41076,16
41079,17
41080,16
41081,23
41082,16
41082,22
41083,17
41084,1
41084,16
41084,5
41085,6
41089,22
41090,1
41090,16
41091,1
41091,17
41091,22
41092,1
41092,8
41092,7
41094,1
41094,13
41094,7
41095,1
41097,1
41098,16
41101,1
41101,7
41103,25
41105,16
41106,1
41106,16
41106,7
41111,5
41111,6
41111,11
41112,1
41112,7
41113,1
41113,3
41113,11
41114,4
41115,16
41116,1
41116,7
41118,5
41119,16
41120,1
41120,11
41121,16
41121,15
41121,7
41122,15
41122,22
41124,1
41124,14
41124,13
41125,1
41125,5
41128,16
41128,13
41129,1
41129,7
41130,4
41130,15
41130,13
41130,7
41131,16
41132,15
41132,2
41133,16
41133,15
41133,2
41135,1
41135,16
41135,10
41136,1
41136,2
41136,3
41137,1
41137,8
41138,1
41138,4
41140,1
41140,5
41140,11
41142,16
41143,3
41144,8
41144,27
41146,1
41146,22
41147,16
41147,15
41147,13
41149,1
41149,5
41149,18
41150,16
41150,7
41151,1
41151,4
41151,7
41152,1
41152,16
41152,7
41153,1
41153,7
41154,1
41155,1
41155,16
41155,7
41156,1
41156,7
41157,11
41157,12
41158,22
41159,1
41160,1
41160,11
41162,18
41163,5
41164,9
41165,1
41165,5
41165,11
41166,1
41166,4
41166,7
41167,1
41167,16
41167,14
41168,16
41168,6
41168,2
41169,1
41170,17
41171,1
41171,11
41174,4
41175,17
41176,1
41176,5
41176,3
41178,25
41179,1
41179,7
41180,1
41180,7
41181,18
41182,17
41183,1
41183,16
41184,16
41185,1
41185,16
41186,10
41189,27
41190,16
41190,27
41191,8
41191,27
41192,16
41192,27
41192,14
41194,1
41195,16
41196,1
41196,5
41196,11
41198,16
41199,10
41200,19
41201,1
41201,14
41201,10
41202,16
41202,14
41203,16
41204,16
41205,16
41207,1
41207,7
41208,1
41208,4
41208,8
41210,1
41210,17
41211,24
41212,1
41212,7
41214,17
41215,1
41215,3
41216,23
41217,16
41218,25
41220,1
41220,5
41221,16
41222,16
41223,16
41224,16
41225,16
41226,16
41227,16
41229,1
41229,7
41233,16
41235,1
41235,7
41236,16
41236,13
41237,1
41237,7
41237,17
41239,1
41239,7
41240,1
41241,1
41241,11
41241,17
41245,16
41245,10
41246,23
41246,24
41247,4
41247,8
41247,2
41250,17
41251,11
41251,25
41251,17
41253,1
41253,11
41256,1
41256,13
41257,23
41257,24
41258,1
41258,5
41258,3
41259,1
41261,11
41262,23
41263,16
41263,18
41264,16
41266,1
41267,16
41267,8
41267,27
41268,1
41268,7
41269,26
41270,5
41270,11
41271,11
41272,16
41273,1
41274,1
41274,7
41276,5
41276,11
41277,16
41277,20
41278,4
41278,8
41278,5
41281,1
41281,7
41282,1
41282,16
41282,14
41284,8
41285,1
41285,16
41286,25
41288,25
41291,22
41292,1
41292,17
41294,16
41294,2
41295,1
41295,16
41295,7
41296,23
41297,1
41297,16
41297,7
41300,4
41300,8
41301,8
41301,27
41303,16
41303,10
41306,10
41306,17
41311,1
41311,16
41312,4
41312,8
41312,2
41316,1
41317,16
41318,16
41319,1
41321,16
41321,8
41321,13
41322,1
41322,5
41323,1
41324,1
41324,2
41324,11
41325,16
41325,22
41326,1
41326,8
41326,13
41328,1
41328,7
41328,22
41330,20
41332,1
41332,16
41332,17
41334,16
41335,1
41335,5
41337,16
41339,16
41340,16
41340,22
41341,11
41341,17
41341,12
41344,23
41345,16
41345,8
41345,24
41346,1
41346,16
41346,28
41347,1
41347,7
41347,21
41349,1
41349,14
41349,7
41350,1
41350,7
41351,1
41351,7
41351,12
41354,1
41354,16
41354,19
41355,16
41355,2
41357,16
41357,4
41357,5
41359,25
41361,1
41361,7
41363,16
41363,8
41363,27
41364,7
41364,21
41364,17
41365,16
41365,7
41367,1
41367,7
41368,1
41369,1
41369,5
41370,3
41371,1
41371,7
41372,1
41372,4
41372,3
41373,5
41373,11
41374,5
41375,1
41377,1
41378,25
41379,16
41381,1
41381,6
41381,3
41384,1
41384,5
41385,8
41385,24
41386,26
41388,24
41388,17
41391,16
41392,25
41393,1
41394,27
41394,26
41395,1
41395,11
41395,17
41396,1
41398,1
41399,23
41400,1
41400,7
41401,4
41401,15
41401,13
41401,12
41402,16
41406,23
41407,10
41409,10
41410,16
41412,1
41412,11
41413,4
41413,8
41413,25
41414,1
41414,2
41415,12
41416,5
41417,28
41418,1
41418,7
41420,1
41420,16
41421,22
41423,16
41424,13
41425,1
41425,16
41425,4
41426,16
41426,4
41426,8
41427,16
41427,8
41427,22
41428,1
41429,16
41430,7
41431,17
41432,1
41432,16
41432,10
41434,16
41434,13
41435,24
41435,26
41436,4
41436,8
41436,2
41437,1
41437,16
41437,7
41438,16
41438,27
41439,1
41439,16
41440,16
41441,28
41443,23
41444,5
41446,1
41446,4
41446,5
41447,15
41447,13
41448,1
41448,16
41450,5
41451,27
41452,1
41452,3
41452,11
41453,1
41454,1
41454,7
41454,11
41455,16
41455,8
41456,23
41456,24
41459,16
41459,15
41459,7
41460,4
41460,8
41460,15
41460,13
41461,15
41461,12
41462,1
41462,16
41462,15
41463,1
41463,15
41464,15
41464,13
41465,16
41465,15
41465,2
41466,16
41466,15
41466,28
41467,15
41467,13
41467,11
41468,16
41468,15
41469,4
41469,15
41469,13
41469,6
41471,15
41472,16
41472,15
41472,13
41472,7
41473,16
41473,15
41473,7
41474,1
41474,7
41475,1
41475,8
41475,5
41477,10
41478,1
41478,5
41478,13
41479,1
41479,5
41479,11
41481,1
41481,16
41482,1
41484,1
41484,5
41485,23
41486,1
41486,5
41486,17
41489,1
41489,16
41489,7
41490,1
41490,16
41490,7
41491,4
41491,15
41491,12
41492,5
41493,1
41500,4
41500,15
41500,12
41501,1
41501,7
41502,8
41502,27
41503,1
41503,17
41505,1
41505,7
41506,1
41506,16
41506,7
41508,16
41508,15
41508,7
41508,28
41509,1
41509,11
41510,1
41511,5
41512,16
41515,1
41515,22
41516,27
41517,16
41518,11
41518,17
41519,1
41519,7
41520,1
41520,4
41520,3
41523,16
41524,1
41525,11
41526,4
41526,5
41526,11
41528,1
41528,5
41529,1
41529,14
41529,11
41530,16
41531,1
41531,6
41531,3
41532,1
41532,5
41532,11
41533,4
41533,15
41534,16
41534,8
41534,12
41537,1
41538,1
41538,5
41538,3
41541,1
41541,14
41542,5
41542,11
41543,1
41544,1
41544,16
41544,7
41545,1
41545,3
41545,17
41546,1
41546,8
41547,11
41547,24
41547,17
41548,16
41550,24
41551,1
41551,3
41552,25
41553,1
41553,11
41555,4
41555,5
41556,7
41557,5
41557,10
41557,11
41558,16
41558,10
41559,1
41559,3
41559,12
41563,1
41563,17
41564,1
41564,4
41564,22
41565,1
41565,7
41567,25
41567,18
41568,17
41569,1
41569,7
41570,16
41571,1
41571,16
41574,11
41575,23
41579,1
41579,17
41579,22
41585,17
41586,7
41587,1
41588,1
41588,5
41588,3
41589,1
41589,7
41590,1
41590,2
41591,4
41591,6
41591,2
41592,25
41592,18
41593,1
41597,25
41599,1
41600,22
41602,16
41604,1
41604,16
41606,16
41606,24
41610,1
41610,3
41611,16
41611,23
41611,14
41613,1
41614,16
41617,10
41618,22
41619,5
41619,10
41620,16
41620,27
41620,14
41621,1
41621,5
41621,11
41622,27
41624,1
41624,5
41624,3
41625,16
41628,4
41628,15
41628,13
41628,7
41629,1
41629,4
41629,5
41630,1
41630,5
41630,3
41631,17
41632,1
41632,16
41632,7
41633,11
41633,17
41634,5
41634,3
41635,1
41635,5
41636,1
41636,16
41637,1
41637,2
41637,3
41638,23
41638,24
41639,1
41639,5
41639,3
41640,1
41640,3
41641,12
41642,8
41642,27
41642,13
41643,1
41644,1
41644,5
41645,1
41645,11
41646,1
41646,16
41647,1
41647,7
41647,11
41649,1
41649,5
41651,25
41652,1
41652,13
41652,7
41654,25
41657,5
41660,1
41661,1
41662,1
41662,3
41662,11
41664,8
41664,27
41665,16
41666,24
41667,16
41667,9
41670,26
41672,4
41672,13
41672,2
41673,15
41674,1
41674,16
41674,7
41675,24
41676,1
41676,7
41678,27
41680,7
41680,11
41681,16
41682,5
41682,11
41683,5
41683,11
41684,1
41684,16
41684,21
41685,1
41685,5
41685,17
41686,1
41686,21
41687,16
41687,23
41688,1
41688,7
41688,21
41693,5
41694,1
41694,13
41694,3
41696,25
41697,16
41697,24
41698,16
41698,13
41699,11
41699,17
41700,1
41701,1
41701,16
41701,7
41702,1
41702,5
41702,11
41704,5
41705,1
41705,17
41706,16
41706,8
41706,27
41707,1
41707,3
41707,19
41710,1
41710,16
41710,7
41711,16
41714,23
41716,10
41718,16
41720,16
41720,7
41721,8
41721,24
41723,16
41724,1
41724,16
41729,16
41731,1
41732,24
41732,18
41734,16
41735,1
41736,1
41737,11
41738,25
41739,1
41739,16
41739,7
41740,16
41741,5
41745,1
41745,16
41745,7
41746,16
41747,16
41747,27
41747,13
41748,1
41748,16
41748,2
41749,1
41749,4
41749,2
41750,4
41750,8
41750,2
41754,16
41754,14
41754,13
41755,1
41758,1
41758,5
41759,1
41761,1
41761,22
41762,16
41763,1
41763,6
41763,11
41764,1
41764,7
41765,4
41768,1
41768,6
41768,12
41769,4
41769,5
41769,3
41770,1
41770,7
41771,1
41771,4
41771,17
41772,1
41772,6
41772,3
41773,1
41773,5
41775,16
41777,1
41777,7
41778,1
41778,16
41778,4
41779,16
41780,1
41780,5
41780,11
41781,23
41782,1
41782,5
41782,3
41783,1
41783,11
41785,16
41785,8
41785,2
41786,16
41787,16
41789,1
41789,11
41790,1
41790,16
41792,23
41793,1
41794,16
41795,1
41795,5
41795,7
41796,1
41797,1
41798,1
41798,16
41798,7
41799,24
41800,12
41801,16
41803,23
41803,24
41804,27
41805,1
41806,1
41806,7
41807,10
41808,16
41809,1
41809,16
41809,7
41810,1
41810,7
41811,16
41811,7
41811,17
41812,1
41812,13
41812,17
41813,1
41813,16
41813,7
41814,1
41814,7
41814,18
41815,1
41815,4
41815,11
41817,16
41817,7
41817,3
41818,1
41818,3
41821,16
41821,27
41822,16
41822,8
41822,27
41824,1
41824,14
41826,1
41826,7
41829,1
41829,7
41830,16
41832,16
41832,7
41832,17
41833,1
41833,7
41834,1
41834,16
41835,1
41835,4
41835,2
41836,14
41836,25
41836,17
41837,1
41839,1
41840,5
41840,11
41841,16
41841,5
41842,1
41842,10
41843,17
41845,1
41845,17
41846,1
41846,3
41846,21
41847,1
41847,3
41847,12
41848,1
41848,16
41848,7
41849,16
41850,5
41851,23
41853,1
41853,5
41853,11
41854,1
41854,10
41855,1
41856,16
41857,16
41858,16
41859,1
41859,3
41860,16
41861,5
41862,16
41863,25
41864,7
41865,1
41865,17
41866,16
41867,16
41868,16
41869,16
41870,16
41871,16
41872,27
41875,16
41876,16
41877,16
41878,4
41878,8
41878,15
41878,13
41881,4
41881,5
41881,11
41882,1
41882,7
41882,18
41883,1
41884,1
41884,2
41885,16
41886,11
41886,25
41888,25
41888,22
41890,25
41890,17
41893,16
41894,1
41896,10
41897,16
41898,24
41898,17
41899,17
41900,10
41901,19
41902,1
41902,7
41903,16
41904,16
41905,16
41906,1
41906,10
41906,7
41907,16
41908,25
41909,16
41910,17
41911,16
41912,16
41913,1
41914,1
41914,7
41917,1
41917,16
41918,16
41919,16
41919,7
41920,1
41920,11
41920,12
41921,16
41922,5
41924,1
41925,16
41926,1
41926,4
41927,26
41929,1
41929,8
41930,16
41931,16
41932,16
41933,16
41934,1
41934,16
41937,1
41937,3
41938,1
41940,1
41940,4
41940,11
41941,27
41942,4
41942,8
41942,27
41943,16
41943,27
41944,16
41945,16
41945,10
41946,1
41946,4
41946,8
41947,16
41948,18
41949,8
41949,27
41950,1
41951,1
41951,21
41953,1
41953,11
41954,17
41956,4
41956,5
41956,11
41957,16
41958,25
41959,1
41959,11
41960,1
41960,7
41961,21
41961,9
41962,16
41962,7
41963,16
41964,1
41964,16
41966,1
41966,5
41967,16
41968,1
41968,11
41970,12
41972,1
41972,5
41972,11
41974,16
41974,4
41974,6
41975,16
41975,27
41976,5
41977,16
41977,27
41977,13
41978,16
41979,5
41979,3
41980,1
41980,16
41982,17
41983,16
41984,1
41984,7
41985,1
41985,7
41987,1
41987,5
41988,1
41990,1
41990,7
41991,1
41991,7
41992,1
41992,7
41993,23
41993,24
41994,1
41994,7
41996,1
41996,11
41997,1
41998,16
42001,27
42001,10
42002,5
42005,16
42006,20
42007,1
42007,5
42007,17
42009,1
42009,3
42009,11
42010,16
42012,1
42012,2
42012,12
42013,10
42014,1
42014,16
42014,5
42016,25
42016,24
42016,17
42018,1
42018,16
42019,1
42019,16
42019,2
42020,1
42020,3
42020,11
42021,16
42021,27
42022,16
42022,8
42024,16
42024,8
42024,27
42025,15
42025,13
42027,1
42027,16
42027,7
42028,1
42028,10
42029,26
42030,16
42030,27
42030,14
42031,1
42031,7
42032,1
42033,1
42033,7
42034,1
42034,7
42035,1
42035,7
42036,4
42036,8
42036,2
42040,1
42040,16
42041,4
42041,8
42041,2
42042,21
42042,11
42042,9
42043,16
42044,1
42044,21
42044,9
42045,16
42046,1
42047,1
42047,11
42048,1
42048,7
42049,1
42049,4
42049,3
42050,16
42050,8
42050,5
42052,1
42052,5
42056,1
42057,10
42058,16
42058,27
42058,2
42059,1
42059,11
42059,18
42060,1
42060,11
42061,16
42062,8
42062,5
42062,11
42063,1
42063,5
42063,11
42065,16
42065,14
42066,1
42066,16
42067,1
42067,16
42068,1
42068,7
42069,10
42070,24
42071,5
42072,1
42074,16
42075,5
42076,4
42076,8
42076,2
42077,13
42077,10
42078,16
42078,27
42079,16
42081,4
42081,5
42082,1
42082,7
42082,28
42083,1
42083,7
42083,11
42084,16
42085,1
42085,4
42085,3
42086,1
42086,7
42086,21
42087,16
42088,1
42088,5
42088,11
42089,1
42089,5
42089,3
42090,1
42090,5
42090,3
42091,11
42092,5
42092,11
42093,1
42093,5
42093,11
42095,9
42096,25
42097,16
42097,22
42098,5
42101,1
42101,18
42102,1
42102,7
42103,1
42103,4
42103,17
42104,1
42104,16
42104,11
42105,1
42105,7
42106,1
42107,1
42107,11
42107,12
42108,1
42109,1
42109,16
42110,16
42111,1
42111,5
42111,3
42113,16
42114,25
42115,1
42115,14
42118,1
42120,1
42120,18
42122,1
42122,21
42123,1
42123,21
42124,16
42125,16
42126,1
42126,3
42128,21
42128,17
42130,16
42131,1
42131,5
42131,3
42132,1
42132,21
42133,16
42133,14
42134,1
42134,7
42135,1
42135,6
42135,11
42137,1
42137,4
42137,7
42138,1
42138,7
42139,1
42139,7
42140,1
42140,10
42140,2
42141,1
42141,7
42142,5
42145,1
42145,16
42147,11
42147,25
42148,1
42148,3
42149,16
42150,17
42151,16
42151,27
42152,1
42152,16
42152,7
42153,1
42154,1
42154,5
42154,11
42155,4
42155,8
42155,15
42156,1
42157,1
42157,19
42158,16
42159,16
42160,1
42160,7
42161,1
42161,16
42162,1
42162,15
42162,7
42164,1
42164,4
42164,5
42165,16
42166,16
42166,14
42166,7
42167,16
42167,7
42168,16
42169,1
42169,14
42169,19
42170,15
42171,15
42171,22
42172,4
42172,15
42172,13
42173,1
42173,15
42173,10
42173,7
42174,15
42174,13
42174,12
42175,7
42175,24
42176,18
42178,16
42179,13
42179,7
42179,17
42180,16
42180,27
42181,1
42181,19
42182,22
42183,16
42183,27
42184,4
42184,8
42184,3
42185,1
42185,5
42186,16
42187,10
42188,1
42188,16
42192,1
42192,7
42193,1
42193,4
42193,2
42194,16
42194,4
42194,8
42195,16
42197,1
42197,7
42197,17
42198,1
42198,16
42198,14
42200,1
42200,7
42201,4
42201,17
42202,1
42202,7
42204,1
42204,16
42204,7
42206,4
42206,8
42206,7
42207,16
42208,17
42209,1
42209,5
42209,11
42211,10
42213,16
42214,1
42214,4
42214,2
42215,16
42216,1
42217,8
42217,14
42217,11
42218,1
42218,7
42219,17
42222,1
42222,2
42222,3
42223,1
42223,16
42223,19
42224,1
42224,16
42224,28
42229,1
42229,7
42230,1
42230,13
42230,7
42231,1
42231,3
42232,1
42232,10
42232,7
42233,1
42233,13
42233,7
42234,16
42234,13
42234,7
42236,1
42236,16
42236,7
42238,1
42238,14
42238,7
42239,1
42239,7
42240,1
42240,7
42241,17
42242,7
42243,1
42243,7
42244,25
42245,1
42245,14
42246,4
42246,5
42247,1
42247,5
42247,22
42248,16
42249,25
42250,1
42250,16
42250,11
42253,21
42253,17
42256,16
42259,1
42259,16
42260,1
42260,7
42261,16
42261,8
42261,13
42262,16
42263,16
42263,5
42263,11
42266,16
42267,4
42267,8
42267,2
42268,1
42268,13
42268,17
42269,5
42269,17
42270,1
42270,7
42272,1
42272,7
42273,1
42273,16
42273,11
42274,16
42275,1
42276,1
42276,27
42277,25
42278,1
42278,16
42280,1
42280,14
42280,7
42282,8
42282,10
42282,24
42283,5
42285,25
42285,18
42286,1
42286,14
42286,3
42287,1
42287,7
42288,16
42288,27
42288,13
42289,7
42290,16
42291,11
42292,1
42292,11
42292,28
42293,1
42293,5
42293,11
42294,1
42294,16
42295,23
42296,8
42296,27
42300,16
42300,8
42300,6
42301,16
42303,27
42305,16
42305,14
42307,16
42307,7
42308,16
42308,7
42309,1
42310,1
42310,5
42310,3
42311,16
42312,16
42312,27
42312,10
42313,25
42313,24
42314,17
42317,16
42318,1
42318,11
42320,16
42321,22
42323,1
42323,16
42323,14
42326,16
42327,16
42328,1
42328,5
42328,11
42330,16
42331,4
42331,22
42333,3
42333,11
42333,12
42336,5
42336,11
42337,5
42339,16
42341,21
42341,17
42343,16
42345,1
42345,3
42345,11
42349,16
42352,1
42352,5
42352,3
42353,4
42353,15
42353,7
42353,2
42354,1
42354,16
42354,11
42355,1
42355,11
42356,1
42356,16
42356,11
42357,18
42357,17
42358,1
42358,16
42358,7
42359,1
42359,5
42359,11
42361,1
42361,7
42362,10
42364,1
42364,3
42365,16
42366,16
42367,17
42368,17
42369,21
42369,17
42370,26
42372,8
42372,15
42372,2
42373,1
42375,17
42375,22
42377,1
42377,16
42377,14
42378,23
42379,17
42380,1
42380,7
42381,16
42385,8
42385,24
42386,5
42387,4
42387,8
42387,2
42388,15
42388,13
42388,11
42388,12
42389,1
42391,16
42392,1
42392,16
42392,7
42393,1
42394,15
42394,6
42395,7
42395,11
42395,12
42396,1
42397,1
42397,21
42398,1
42398,14
42399,25
42400,8
42400,24
42401,24
42402,1
42402,16
42403,1
42404,16
42404,17
42405,16
42406,16
42407,1
42407,16
42408,27
42408,10
42409,17
42411,16
42412,1
42412,4
42412,3
42413,1
42413,7
42414,7
42415,15
42415,13
42416,1
42417,1
42417,16
42417,7
42418,1
42418,16
42418,7
42419,16
42420,15
42421,16
42423,4
42423,8
42423,15
42423,13
42424,1
42424,6
42427,5
42427,11
42429,6
42430,1
42430,3
42431,1
42431,7
42432,16
42432,14
42433,23
42433,7
42433,18
42434,1
42434,19
42435,4
42435,8
42435,27
42436,1
42436,5
42436,19
42437,16
42437,27
42439,16
42439,14
42441,1
42442,24
42443,7
42444,1
42444,3
42445,1
42445,3
42445,12
42446,1
42446,3
42446,9
42447,1
42447,16
42448,5
42448,11
42449,25
42451,17
42452,16
42453,1
42453,5
42453,11
42454,17
42456,16
42457,16
42458,1
42458,16
42458,7
42459,1
42459,16
42460,16
42461,1
42461,8
42461,3
42462,1
42462,21
42463,1
42463,7
42463,17
42464,5
42464,11
42465,5
42466,1
42466,7
42467,1
42467,16
42467,7
42472,1
42472,10
42472,7
42473,16
42474,1
42474,7
42474,11
42475,11
42475,9
42476,5
42477,1
42477,8
42477,20
42478,4
42478,15
42478,2
42479,22
42480,1
42480,8
42480,27
42481,16
42482,23
42483,1
42483,3
42484,8
42484,11
42484,24
42485,1
42485,16
42485,7
42486,1
42486,13
42486,18
42487,16
42487,13
42490,1
42490,11
42492,1
42493,16
42494,1
42495,1
42495,7
42496,1
42496,4
42496,5
42497,1
42497,17
42498,5
42498,3
42500,16
42500,7
42501,1
42501,4
42501,7
42502,16
42502,14
42504,1
42504,4
42504,21
42505,1
42505,16
42506,5
42506,11
42508,16
42508,15
42508,7
42508,2
42509,22
42510,16
42511,23
42512,16
42513,5
42515,18
42517,1
42517,7
42517,3
42518,5
42519,1
42519,7
42520,1
42520,7
42521,1
42522,1
42522,7
42523,7
42524,1
42524,16
42524,7
42525,1
42525,16
42525,7
42526,1
42526,11
42526,18
42527,16
42527,14
42528,1
42528,19
42529,1
42529,13
42529,7
42533,25
42535,1
42535,7
42536,1
42536,11
42537,1
42537,3
42537,9
42538,1
42538,4
42538,7
42539,16
42540,1
42540,14
42541,1
42541,27
42541,14
42542,8
42543,1
42543,10
42543,7
42544,1
42544,7
42545,1
42545,17
42547,16
42548,1
42548,14
42550,28
42550,24
42551,16
42552,1
42552,8
42553,1
42553,4
42553,8
42556,1
42556,14
42556,7
42557,27
42558,1
42558,7
42559,1
42559,5
42560,1
42560,7
42561,5
42561,24
42562,1
42564,1
42564,11
42565,27
42567,1
42567,5
42567,3
42568,5
42569,17
42572,1
42572,2
42574,6
42577,5
42578,1
42578,14
42582,16
42582,27
42584,16
42585,1
42585,5
42586,1
42586,6
42587,1
42587,11
42589,23
42590,23
42590,24
42591,11
42592,4
42592,27
42592,14
42593,8
42593,27
42593,13
42594,1
42594,7
42594,28
42595,16
42595,5
42596,1
42596,4
42596,21
42597,11
42597,17
42597,12
42598,26
42599,4
42599,8
42600,25
42601,1
42601,5
42601,3
42602,16
42603,10
42604,16
42604,6
42605,16
42605,27
42605,11
42606,10
42607,19
42609,25
42609,24
42609,17
42610,7
42611,1
42611,10
42613,25
42614,21
42614,17
42614,9
42615,1
42619,1
42619,7
42622,1
42622,8
42622,13
42624,5
42625,27
42626,1
42626,7
42627,1
42627,4
42627,8
42628,25
42630,1
42631,16
42632,23
42633,25
42634,16
42635,16
42637,1
42637,16
42637,5
42638,1
42638,5
42639,1
42639,5
42639,13
42641,16
42641,4
42641,5
42642,8
42642,13
42644,4
42644,8
42644,15
42644,13
42645,1
42645,4
42645,15
42646,1
42646,15
42647,4
42647,8
42647,15
42647,13
42648,1
42648,3
42649,16
42649,4
42649,15
42649,2
42650,13
42650,6
42650,11
42651,16
42651,15
42651,10
42652,16
42652,15
42653,16
42653,8
42653,15
42654,4
42654,8
42654,15
42654,13
42656,16
42656,15
42657,1
42657,5
42657,11
42658,1
42658,4
42659,1
42659,7
42660,1
42660,7
42661,16
42661,15
42661,7
42662,7
42663,7
42664,15
42664,10
42665,16
42665,8
42665,15
42665,13
42666,15
42666,13
42668,1
42668,2
42670,16
42671,16
42672,16
42675,1
42675,5
42675,11
42676,1
42676,16
42676,4
42677,1
42677,17
42678,23
42678,24
42679,1
42679,16
42679,17
42682,16
42682,27
42683,1
42683,18
42684,1
42684,4
42684,5
42685,8
42685,24
42686,16
42688,8
42688,24
42689,1
42690,8
42690,25
42690,24
42691,1
42691,21
42691,17
42692,23
42693,5
42694,16
42695,23
42695,24
42696,16
42696,14
42697,1
42697,5
42698,7
42699,25
42701,1
42701,16
42701,11
42702,16
42704,1
42704,7
42705,1
42705,7
42706,1
42706,7
42709,18
42710,11
42710,12
42712,1
42713,3
42713,11
42713,12
42714,5
42715,1
42715,6
42715,7
42716,25
42718,1
42718,13
42718,7
42720,1
42720,16
42720,8
42721,5
42722,1
42722,3
42723,23
42724,23
42724,24
42725,1
42725,5
42725,13
42726,16
42727,1
42727,7
42728,1
42728,7
42728,17
42729,22
42731,1
42731,8
42731,17
42732,1
42732,7
42733,1
42733,5
42734,1
42734,17
42735,1
42736,13
42736,2
42736,11
42739,1
42739,4
42739,5
42740,1
42740,3
42742,16
42743,1
42743,7
42744,1
42745,1
42746,1
42748,1
42748,20
42749,16
42750,23
42752,5
42753,5
42754,25
42755,1
42755,7
42755,11
42756,1
42756,16
42756,7
42757,1
42757,7
42758,10
42758,7
42758,11
42759,1
42759,7
42760,1
42760,4
42760,5
42761,1
42761,27
42761,14
42763,16
42764,5
42765,16
42765,8
42765,27
42766,27
42767,16
42770,1
42770,6
42770,11
42771,1
42772,5
42773,16
42774,6
42774,2
42774,3
42775,1
42776,16
42776,7
42778,12
42781,1
42781,7
42781,11
42784,14
42784,10
42785,1
42785,4
42786,1
42786,3
42786,11
42787,5
42788,5
42789,17
42792,26
42793,1
42793,4
42793,2
42795,8
42795,25
42795,24
42796,5
42796,11
42797,5
42798,5
42799,1
42799,7
42800,1
42801,1
42801,4
42801,7
42802,1
42802,7
42803,16
42803,7
42806,1
42806,7
42806,11
42807,1
42807,16
42808,1
42808,2
42809,5
42812,1
42812,16
42815,1
42815,5
42816,1
42817,21
42817,17
42818,1
42818,11
42819,16
42822,25
42823,22
42824,16
42825,1
42825,2
42827,1
42827,13
42828,1
42828,11
42829,8
42829,25
42833,1
42833,4
42833,3
42834,1
42834,16
42834,5
42835,1
42835,2
42835,11
42836,1
42836,16
42837,16
42837,20
42838,16
42838,4
42838,15
42838,13
42839,1
42839,13
42839,19
42840,1
42840,6
42840,11
42841,23
42842,16
42842,8
42842,13
42843,16
42843,3
42843,11
42844,1
42844,2
42844,3
42845,1
42845,8
42845,2
42846,1
42846,2
42847,1
42847,5
42848,1
42848,16
42848,7
42850,16
42851,16
42852,1
42852,3
42852,11
42854,16
42855,1
42855,7
42856,1
42856,8
42857,1
42857,4
42858,16
42859,5
42860,10
42861,1
42861,5
42862,22
42863,1
42863,5
42863,11
42864,1
42864,16
42866,18
42868,5
42868,13
42868,3
42869,25
42870,16
42871,17
42872,1
42873,16
42874,16
42875,8
42875,25
42875,24
42876,21
42878,1
42879,23
42880,1
42881,25
42883,16
42883,10
42884,1
42884,4
42884,8
42885,16
42886,1
42886,18
42887,1
42887,16
42887,14
42888,1
42888,5
42889,24
42890,16
42894,28
42895,1
42895,11
42896,16
42897,1
42898,16
42900,16
42900,14
42901,1
42901,7
42902,1
42902,4
42902,7
42903,1
42903,4
42903,7
42904,1
42904,4
42904,7
42905,1
42905,4
42905,7
42908,1
42908,11
42908,18
42909,1
42909,20
42912,1
42912,6
42913,16
42915,16
42915,10
42916,1
42917,4
42917,27
42917,10
42918,1
42918,7
42919,5
42920,1
42920,16
42920,7
42921,1
42921,4
42921,15
42921,2
42922,15
42922,6
42922,12
42923,17
42925,16
42926,1
42926,16
42926,6
42927,16
42927,27
42928,1
42928,2
42930,1
42930,16
42930,7
42931,1
42931,4
42931,17
42933,28
42936,1
42936,7
42937,16
42938,1
42938,4
42938,8
42939,23
42940,5
42941,11
42942,16
42942,13
42942,6
42943,26
42944,16
42944,14
42944,13
42945,10
42946,1
42946,7
42946,12
42947,1
42947,16
42948,23
42948,24
42949,1
42949,16
42949,7
42950,1
42950,4
42950,7
42951,5
42951,21
42951,9
42952,16
42953,1
42954,21
42954,17
42955,1
42955,3
42955,11
42959,16
42960,1
42960,5
42960,3
42961,16
42962,16
42963,16
42964,1
42964,16
42964,2
42966,1
42966,7
42967,16
42968,16
42969,16
42969,8
42970,5
42971,5
42972,16
42973,16
42973,10
42974,25
42975,16
42977,4
42977,15
42979,8
42979,24
42980,1
42980,5
42980,19
42981,1
42981,8
42982,1
42982,3
42983,16
42983,13
42984,1
42984,5
42985,10
42986,1
42986,2
42987,1
42987,3
42987,9
42989,10
42990,4
42990,15
42990,2
42991,16
42991,27
42992,27
42993,1
42994,1
42994,14
42994,7
42995,16
42995,7
42997,10
42998,27
42999,5
43000,27
43001,1
43002,1
43002,7
43002,17
43003,1
43003,7
43004,1
43004,10
43004,7
43005,16
43005,15
43010,23
43012,10
43013,16
43014,1
43014,5
43014,11
43016,27
43016,10
43017,5
43019,16
43019,8
43019,10
43020,1
43021,16
43022,10
43022,17
43023,1
43023,5
43023,3
43024,16
43027,24
43027,26
43028,1
43028,7
43029,1
43029,16
43031,1
43031,4
43031,3
43032,16
43033,1
43033,8
43033,5
43034,24
43035,23
43039,16
43039,14
43040,16
43041,16
43041,13
43041,7
43042,16
43043,4
43043,15
43043,2
43045,22
43046,1
43046,14
43047,1
43047,7
43048,1
43048,7
43048,17
43049,16
43050,16
43050,4
43050,8
43051,1
43051,7
43054,16
43054,10
43056,16
43057,16
43057,7
43058,1
43058,7
43061,16
43061,22
43063,16
43064,23
43067,24
43068,24
43070,16
43070,14
43072,16
43073,16
43074,23
43075,1
43077,11
43077,17
43078,27
43078,10
43080,4
43080,8
43081,1
43083,1
43083,3
43084,16
43084,2
43086,25
43087,1
43088,23
43089,23
43090,1
43090,7
43091,1
43091,3
43092,1
43092,3
43093,8
43093,27
43094,16
43094,13
43094,6
43095,16
43096,16
43096,8
43096,13
43097,8
43097,15
43097,5
43097,13
43098,1
43098,16
43098,2
43100,21
43100,17
43101,5
43101,17
43102,1
43102,4
43102,8
43103,16
43105,1
43105,16
43105,27
43106,16
43107,16
43108,16
43109,16
43110,16
43111,16
43111,23
43112,23
43113,10
43114,16
43115,23
43116,16
43117,16
43119,18
43121,10
43122,16
43125,5
43126,1
43126,23
43126,17
43127,8
43127,27
43127,24
43129,16
43130,16
43132,15
43133,1
43133,17
43134,16
43137,12
43138,16
43139,16
43140,10
43141,16
43143,25
43144,16
43145,16
43146,10
43147,1
43148,16
43149,17
43149,26
43150,16
43152,1
43152,8
43153,1
43153,5
43155,1
43155,4
43155,3
43157,1
43158,5
43159,5
43161,4
43161,8
43161,13
43164,1
43165,1
43165,7
43168,14
43169,27
43169,14
43170,1
43170,5
43172,1
43172,16
43174,1
43174,5
43175,1
43175,6
43177,1
43178,25
43179,16
43179,20
43183,21
43183,17
43185,16
43186,1
43186,16
43186,7
43187,4
43187,15
43187,2
43188,1
43188,7
43189,8
43189,27
43190,16
43191,16
43192,27
43192,13
43194,24
43195,16
43196,16
43197,21
43197,17
43199,5
43201,1
43201,17
43202,1
43202,5
43202,3
43204,16
43204,4
43204,8
43205,25
43206,16
43206,8
43206,6
43207,17
43207,22
43208,8
43209,16
43211,16
43211,8
43212,5
43212,3
43212,11
43213,5
43213,3
43213,11
43214,16
43215,1
43215,7
43215,11
43216,1
43216,5
43216,11
43217,1
43217,5
43218,16
43219,1
43219,16
43220,16
43222,1
43222,5
43222,11
43223,18
43226,1
43226,13
43227,22
43228,1
43228,10
43229,21
43230,1
43230,7
43231,1
43231,28
43233,18
43234,23
43235,1
43235,2
43239,17
43239,22
43242,1
43243,1
43244,1
43244,5
43245,16
43251,5
43252,22
43253,1
43253,6
43254,11
43254,17
43256,1
43257,1
43257,7
43258,22
43259,16
43262,16
43263,1
43263,5
43263,3
43264,1
43264,7
43265,1
43265,7
43266,1
43266,7
43266,12
43267,1
43267,10
43269,1
43270,1
43270,5
43270,11
43271,16
43272,1
43272,5
43274,1
43274,5
43274,3
43275,1
43275,16
43275,12
43276,1
43277,22
43279,16
43280,16
43280,24
43281,12
43282,1
43282,4
43282,7
43283,1
43284,1
43284,14
43285,1
43285,23
43286,16
43286,4
43286,15
43286,13
43287,16
43287,18
43288,16
43289,16
43290,16
43291,18
43293,1
43293,7
43293,11
43296,1
43296,6
43296,7
43297,4
43297,15
43297,13
43300,1
43300,16
43300,22
43301,1
43301,7
43303,16
43304,21
43304,17
43305,5
43306,21
43306,17
43307,17
43307,22
43309,8
43309,25
43309,24
43311,1
43311,7
43312,1
43312,7
43313,1
43313,7
43314,1
43314,7
43315,16
43318,16
43318,7
43319,1
43319,16
43319,7
43320,5
43320,3
43322,16
43323,23
43324,1
43325,1
43325,16
43325,7
43326,4
43326,7
43326,3
43327,4
43327,8
43327,15
43327,5
43328,15
43329,1
43329,7
43330,1
43330,7
43331,1
43331,16
43331,7
43332,1
43332,7
43332,17
43333,1
43333,10
43333,7
43334,1
43334,16
43334,7
43336,13
43337,17
43341,1
43341,5
43346,23
43347,16
43348,1
43349,24
43350,16
43351,23
43352,16
43352,27
43354,16
43357,1
43357,5
43357,12
43358,1
43358,14
43358,22
43359,25
43360,10
43360,7
43360,3
43361,1
43361,22
43362,16
43362,8
43362,27
43363,16
43363,27
43364,16
43364,27
43366,16
43366,27
43367,8
43368,1
43368,5
43368,12
43369,16
43371,16
43372,1
43372,5
43374,14
43375,1
43375,4
43376,16
43376,7
43377,1
43377,3
43379,16
43382,15
43383,16
43384,1
43384,3
43384,11
43385,23
43388,16
43389,1
43389,7
43391,16
43391,28
43392,5
43393,25
43393,24
43394,16
43394,14
43394,11
43398,8
43398,27
43400,1
43400,7
43401,1
43401,7
43401,18
43402,1
43403,8
43403,14
43403,2
43404,1
43404,5
43405,16
43406,16
43406,4
43406,9
43407,22
43409,16
43410,1
43410,5
43410,11
43411,1
43411,16
43411,7
43412,1
43412,2
43412,3
43413,1
43413,11
43414,1
43414,6
43414,12
43418,23
43421,16
43421,7
43421,22
43422,1
43422,3
43424,4
43424,15
43424,2
43425,16
43425,15
43426,15
43427,16
43427,15
43427,13
43428,4
43428,8
43428,13
43429,16
43431,7
43433,1
43433,3
43434,4
43434,2
43436,15
43437,1
43438,4
43438,15
43438,2
43440,8
43440,27
43441,16
43441,8
43441,27
43442,8
43442,27
43446,1
43446,22
43447,10
43448,15
43450,1
43450,3
43450,11
43451,1
43451,5
43451,3
43452,1
43452,7
43453,1
43453,7
43453,17
43454,1
43454,7
43455,16
43455,21
43456,16
43457,16
43457,14
43457,10
43458,16
43458,14
43459,16
43461,28
43461,18
43468,16
43470,15
43473,1
43473,16
43478,25
43478,17
43479,5
43480,16
43482,1
43482,16
43483,1
43483,16
43484,22
43486,1
43486,3
43487,1
43487,3
43488,1
43488,5
43488,3
43489,1
43489,6
43489,12
43493,5
43494,1
43494,22
43495,4
43495,8
43496,1
43496,4
43496,21
43498,24
43499,1
43499,7
43501,18
43502,1
43502,5
43502,3
43503,5
43504,1
43504,4
43504,21
43505,5
43506,5
43507,16
43509,16
43509,27
43509,14
43511,17
43513,4
43513,3
43513,9
43514,14
43514,13
43514,10
43515,1
43515,16
43515,7
43516,17
43517,16
43517,2
43518,4
43518,8
43518,13
43519,16
43519,4
43519,2
43521,1
43521,3
43522,16
43522,11
43525,8
43525,24
43526,8
43526,27
43526,13
43527,5
43528,1
43528,14
43529,8
43529,27
43530,1
43530,16
43531,1
43531,11
43533,1
43533,5
43534,1
43534,5
43534,11
43535,1
43535,16
43535,7
43536,16
43537,16
43538,8
43538,27
43539,1
43539,21
43539,17
43540,15
43540,13
43541,1
43541,5
43541,3
43542,7
43545,23
43547,1
43547,13
43547,28
43548,24
43549,5
43551,1
43551,5
43551,11
43552,16
43552,22
43554,1
43554,5
43554,3
43557,1
43557,18
43558,4
43558,15
43558,2
43558,21
43559,1
43559,16
43560,16
43560,7
43561,1
43561,14
43563,1
43563,8
43563,11
43565,1
43565,13
43565,7
43566,1
43566,16
43566,7
43567,5
43568,1
43568,16
43569,27
43570,1
43570,16
43570,7
43571,10
43572,1
43572,5
43572,3
43573,7
43578,1
43578,22
43580,1
43580,16
43580,7
43581,5
43582,10
43583,1
43583,10
43583,7
43585,1
43585,4
43585,22
43586,23
43587,1
43587,5
43587,19
43590,1
43590,16
43590,7
43591,23
43595,16
43596,1
43596,21
43597,11
43599,1
43599,5
43599,11
43600,4
43600,8
43601,16
43602,1
43602,7
43602,11
43603,1
43603,7
43603,11
43605,16
43608,8
43608,27
43608,13
43612,25
43613,5
43613,3
43613,11
43614,1
43614,5
43614,3
43615,1
43615,5
43615,11
43616,1
43616,11
43617,1
43617,7
43617,21
43619,1
43619,7
43620,1
43620,13
43621,1
43621,7
43623,16
43624,16
43624,27
43624,2
43625,15
43625,10
43626,15
43626,22
43627,1
43627,15
43627,7
43627,22
43628,16
43628,15
43629,1
43629,16
43629,15
43629,11
43630,4
43630,15
43630,2
43631,16
43631,15
43631,7
43632,16
43632,15
43632,13
43633,23
43633,24
43635,18
43638,17
43641,1
43641,8
43641,14
43643,1
43644,1
43644,7
43646,10
43648,1
43648,5
43650,1
43650,7
43651,8
43651,13
43653,5
43654,1
43654,5
43654,3
43660,4
43660,8
43660,15
43660,13
43661,10
43662,8
43662,2
43662,11
43663,21
43663,17
43665,1
43665,3
43665,11
43666,1
43666,7
43667,22
43669,1
43671,1
43671,7
43672,16
43676,1
43677,1
43677,2
43677,3
43682,16
43685,27
43685,13
43685,10
43686,5
43687,1
43687,3
43687,11
43689,16
43689,7
43689,11
43690,1
43690,19
43691,10
43695,1
43695,16
43695,13
43696,1
43698,1
43698,7
43702,16
43704,22
43705,1
43705,7
43706,1
43706,4
43706,3
43707,1
43707,5
43707,3
43708,4
43708,8
43708,27
43712,21
43712,17
43713,1
43713,21
43713,17
43714,1
43714,21
43714,17
43715,1
43715,10
43715,17
43716,1
43716,7
43716,17
43717,1
43718,16
43718,8
43718,27
43719,1
43719,3
43719,11
43721,16
43722,1
43722,16
43727,17
43728,1
43728,4
43728,3
43729,1
43729,16
43730,1
43732,4
43732,3
43733,1
43733,5
43735,1
43735,8
43735,21
43736,16
43737,1
43738,1
43739,4
43739,8
43742,1
43742,11
43743,16
43743,7
43744,16
43746,14
43746,13
43746,11
43748,15
43753,15
43756,16
43756,7
43756,18
43757,15
43759,1
43759,16
43760,1
43760,5
43760,11
43761,24
43762,1
43762,16
43762,7
43763,16
43764,1
43764,13
43765,1
43766,1
43766,14
43766,13
43769,23
43771,1
43771,5
43771,3
43772,1
43772,3
43772,11
43775,8
43775,24
43776,16
43777,16
43777,4
43780,1
43783,1
43783,4
43783,8
43784,7
43784,22
43785,27
43785,14
43787,8
43787,27
43787,13
43788,8
43788,27
43788,13
43789,16
43789,8
43789,27
43790,7
43796,1
43796,5
43796,3
43797,6
43797,3
43798,16
43798,23
43798,12
43802,16
43802,15
43802,23
43803,16
43805,1
43805,16
43806,1
43807,1
43807,16
43808,1
43808,16
43810,1
43810,16
43811,16
43811,8
43812,21
43812,17
43813,1
43813,16
43815,5
43816,1
43817,1
43818,1
43818,7
43819,1
43819,5
43819,3
43820,1
43820,14
43820,11
43826,16
43828,1
43828,18
43830,6
43830,12
43833,1
43834,4
43834,8
43834,3
43835,16
43839,1
43839,5
43839,19
43841,1
43841,5
43842,1
43842,5
43842,11
43843,10
43844,1
43844,3
43844,11
43845,16
43847,8
43847,13
43850,1
43850,4
43850,5
43852,10
43855,16
43860,1
43860,17
43861,1
43861,11
43865,10
43866,4
43866,8
43866,21
43867,1
43867,5
43867,11
43868,1
43869,1
43869,7
43871,27
43871,10
43875,1
43875,3
43875,18
43877,1
43878,1
43878,11
43879,16
43880,16
43881,16
43882,1
43882,16
43883,16
43886,15
43887,1
43887,8
43887,3
43888,1
43888,8
43888,14
43889,1
43889,16
43890,1
43890,3
43890,12
43891,24
43899,1
43899,5
43903,25
43904,1
43904,4
43904,3
43905,1
43905,5
43905,11
43906,27
43907,1
43908,1
43908,5
43910,16
43912,1
43912,5
43912,3
43917,1
43917,4
43917,13
43922,5
43927,1
43927,7
43928,5
43930,23
43930,24
43932,16
43933,16
43933,8
43933,15
43933,13
43934,4
43934,15
43934,13
43936,25
43937,16
43937,4
43938,26
43944,3
43946,1
43946,16
43947,15
43949,1
43949,5
43949,11
43950,1
43950,5
43950,11
43951,1
43951,5
43951,11
43953,5
43954,1
43954,18
43956,1
43956,16
43957,1
43957,16
43957,22
43958,16
43958,7
43959,1
43959,7
43959,18
43960,1
43960,7
43961,16
43962,16
43965,16
43967,15
43967,3
43968,4
43968,15
43968,21
43969,15
43971,1
43971,2
43971,3
43972,16
43975,1
43975,25
43977,11
43978,22
43980,1
43980,7
43981,1
43981,7
43981,28
43982,21
43982,17
43983,15
43984,23
43986,1
43987,10
43988,8
43988,15
43988,13
43991,16
43993,1
43993,7
43995,1
43995,16
43995,7
43996,1
43996,5
43996,3
43997,1
43997,16
43997,7
43999,1
44001,1
44001,16
44001,15
44001,13
44002,4
44002,15
44002,12
44003,15
44004,16
44004,15
44004,7
44004,28
44005,15
44005,22
44006,1
44007,16
44007,7
44008,1
44008,13
44008,7
44009,1
44009,17
44010,23
44011,16
44011,15
44012,8
44012,15
44012,12
44015,16
44016,16
44018,1
44018,5
44018,3
44021,16
44022,25
44026,1
44027,21
44027,17
44029,23
44030,16
44030,13
44030,12
44031,23
44032,1
44033,16
44035,1
44035,7
44035,17
44036,1
44036,3
44036,11
44039,16
44039,22
44040,1
44040,5
44040,3
44041,1
44041,5
44042,1
44042,5
44042,3
44043,1
44043,3
44043,11
44044,5
44047,16
44048,22
44049,16
44050,1
44050,4
44054,16
44055,1
44055,23
44055,7
44056,17
44057,1
44057,7
44058,1
44058,7
44060,1
44060,7
44061,1
44061,13
44061,17
44063,15
44064,16
44065,22
44066,15
44069,12
44072,16
44072,27
44074,16
44075,15
44075,2
44076,8
44076,27
44076,13
44077,16
44077,15
44077,2
44078,15
44078,5
44078,13
44078,11
44079,12
44080,16
44081,1
44081,16
44081,7
44083,16
44084,1
44084,8
44084,13
44085,1
44085,7
44087,1
44087,4
44087,13
44089,1
44089,10
44089,7
44090,1
44091,1
44092,1
44092,16
44092,5
44093,1
44094,4
44094,15
44094,13
44095,16
44097,1
44097,16
44097,7
44099,16
44099,17
44099,22
44101,16
44104,16
44105,1
44105,16
44106,1
44106,3
44107,1
44107,5
44108,24
44109,1
44109,16
44109,27
44110,16
44111,1
44111,4
44111,5
44112,1
44112,3
44112,11
44113,1
44113,14
44113,7
44117,1
44117,7
44118,23
44119,1
44119,4
44119,5
44120,1
44120,3
44122,4
44123,1
44123,11
44124,6
44125,1
44125,4
44125,5
44126,16
44129,5
44130,1
44130,5
44130,3
44131,1
44131,4
44131,8
44132,1
44132,4
44134,1
44134,7
44134,17
44135,23
44137,1
44137,5
44137,11
44139,16
44139,5
44140,16
44140,10
44141,1
44143,1
44143,16
44143,5
44145,1
44145,7
44146,1
44146,16
44148,16
44149,11
44149,12
44151,1
44151,7
44152,4
44152,5
44153,27
44154,4
44154,5
44154,3
44156,17
44157,16
44157,13
44157,6
44159,1
44159,13
44159,2
44162,1
44162,4
44162,5
44163,1
44163,16
44164,16
44165,17
44166,16
44168,4
44168,8
44168,9
44169,16
44169,4
44169,8
44170,16
44172,1
44172,16
44173,12
44174,16
44175,1
44175,4
44175,17
44177,24
44178,16
44179,7
44181,7
44183,15
44183,13
44183,7
44184,10
44185,16
44186,1
44186,16
44186,20
44189,16
44190,16
44192,1
44192,5
44192,3
44194,1
44194,16
44194,7
44196,16
44197,1
44199,1
44199,16
44199,10
44201,1
44201,14
44201,21
44202,4
44202,21
44202,17
44203,1
44203,4
44203,21
44204,16
44204,6
44206,22
44207,1
44207,17
44212,1
44212,5
44212,11
44213,1
44213,16
44215,25
44216,16
44217,22
44219,16
44219,13
44220,1
44220,7
44221,1
44221,16
44221,7
44222,1
44222,16
44222,7
44223,1
44223,16
44223,7
44224,1
44224,13
44224,7
44225,16
44227,16
44228,1
44228,5
44229,1
44231,5
44234,1
44234,3
44235,1
44235,3
44236,1
44236,4
44237,1
44237,7
44238,1
44238,2
44239,1
44239,5
44240,1
44240,7
44241,1
44241,7
44242,2
44243,15
44243,2
44244,16
44244,8
44245,1
44245,5
44245,11
44246,16
44246,14
44248,1
44251,1
44251,22
44252,16
44253,16
44254,1
44254,3
44255,1
44256,10
44257,1
44259,1
44259,7
44260,21
44260,17
44261,1
44261,4
44261,8
44262,3
44262,17
44263,1
44263,16
44263,7
44266,8
44266,25
44267,1
44267,7
44268,1
44268,11
44269,16
44270,17
44272,20
44273,1
44273,16
44274,16
44275,1
44275,6
44275,3
44276,1
44276,7
44277,1
44277,5
44278,1
44278,4
44278,7
44279,5
44280,10
44281,1
44281,5
44283,15
44283,2
44284,16
44285,23
44286,16
44286,8
44286,12
44287,23
44287,24
44288,23
44288,24
44289,23
44289,24
44290,17
44292,6
44292,12
44293,16
44293,5
44295,16
44295,14
44296,1
44297,17
44298,1
44298,7
44299,1
44299,16
44299,7
44300,1
44300,7
44301,1
44301,5
44302,1
44302,11
44303,1
44303,7
44304,1
44304,16
44304,7
44305,15
44305,2
44306,1
44306,16
44306,3
44308,1
44308,16
44309,16
44310,2
44310,11
44311,1
44311,5
44311,11
44312,1
44312,22
44316,27
44316,26
44319,1
44319,2
44319,3
44321,1
44321,5
44322,5
44322,11
44322,17
44323,1
44324,1
44324,7
44325,1
44325,16
44325,10
44326,16
44327,16
44328,1
44328,5
44328,3
44329,16
44331,1
44331,4
44331,8
44332,1
44333,1
44333,16
44333,7
44334,23
44334,24
44335,1
44335,5
44335,3
44336,1
44336,4
44336,8
44337,4
44337,3
44338,1
44338,17
44339,1
44339,5
44340,5
44340,3
44341,5
44341,3
44342,1
44343,16
44343,7
44344,1
44345,16
44346,1
44346,11
44347,1
44348,25
44348,24
44350,8
44350,5
44350,14
44351,1
44351,7
44352,5
44353,16
44354,1
44355,1
44355,5
44355,3
44356,1
44356,7
44357,1
44357,5
44358,8
44358,27
44359,8
44359,7
44360,1
44360,16
44361,5
44362,1
44362,5
44362,11
44363,1
44363,5
44363,2
44364,4
44364,8
44364,5
44365,16
44365,5
44365,3
44366,16
44366,5
44367,1
44367,16
44368,6
44369,1
44369,4
44369,5
44370,1
44371,4
44371,8
44372,13
44372,7
44372,3
44373,8
44373,14
44374,17
44375,1
44375,4
44375,8
44376,16
44378,23
44380,4
44380,15
44380,2
44381,7
44383,4
44383,8
44383,15
44383,6
44385,16
44387,16
44387,8
44387,15
44388,1
44388,21
44388,17
44389,16
44390,1
44390,7
44391,1
44391,4
44391,5
44392,27
44392,14
44392,10
44393,8
44393,11
44393,17
44394,16
44394,15
44396,16
44396,8
44396,27
44397,1
44398,23
44398,24
44399,4
44399,5
44399,3
44400,25
44400,17
44401,25
44402,1
44402,16
44402,10
44403,1
44403,10
44403,7
44404,16
44405,1
44405,16
44405,7
44406,1
44406,7
44407,16
44408,1
44408,7
44409,16
44410,1
44410,14
44410,7
44411,16
44413,16
44416,1
44416,5
44416,19
44417,16
44418,1
44418,16
44418,7
44419,1
44419,7
44420,1
44420,7
44421,1
44421,14
44421,7
44422,1
44422,7
44423,1
44423,7
44424,1
44425,1
44425,7
44426,24
44428,14
44428,13
44431,10
44432,1
44432,16
44432,7
44433,1
44433,5
44435,10
44436,1
44436,5
44436,7
44437,25
44437,18
44438,16
44438,5
44438,3
44439,1
44439,13
44439,2
44440,1
44440,4
44440,5
44441,16
44441,15
44441,13
44442,16
44444,16
44445,1
44445,7
44448,1
44448,11
44449,16
44449,15
44449,27
44450,1
44450,11
44450,17
44452,16
44453,1
44453,5
44454,1
44454,5
44455,1
44455,5
44457,1
44457,16
44458,1
44458,16
44458,22
44459,15
44460,16
44460,4
44460,5
44461,23
44462,26
44463,23
44463,24
44464,10
44465,10
44465,7
44467,1
44467,7
44468,22
44469,1
44469,5
44469,3
44470,1
44470,7
44471,1
44471,14
44472,1
44472,13
44472,2
44473,1
44473,5
44473,14
44474,24
44475,1
44475,16
44475,7
44478,1
44478,3
44479,1
44479,7
44480,23
44481,1
44481,4
44481,8
44483,5
44484,1
44484,16
44484,14
44485,1
44485,17
44486,1
44486,4
44486,5
44487,4
44487,8
44488,1
44488,5
44490,1
44490,16
44490,7
44491,1
44491,7
44492,16
44493,16
44498,1
44498,16
44499,16
44500,16
44501,1
44501,4
44501,5
44502,11
44505,5
44506,1
44506,11
44507,1
44507,4
44507,5
44508,12
44511,1
44511,11
44512,1
44512,7
44514,16
44515,1
44517,1
44517,5
44517,7
44519,22
44520,16
44522,11
44523,1
44523,16
44523,11
44524,16
44524,5
44525,1
44525,7
44525,17
44526,25
44527,4
44527,8
44529,1
44530,16
44531,1
44531,5
44531,7
44532,16
44533,1
44534,1
44534,11
44535,14
44536,23
44537,24
44538,1
44538,7
44539,14
44540,1
44540,16
44541,1
44541,3
44541,11
44542,1
44542,10
44542,7
44543,1
44543,7
44544,16
44544,8
44544,14
44545,1
44545,5
44546,14
44546,11
44547,16
44548,8
44548,27
44549,16
44550,1
44550,16
44551,5
44553,1
44553,7
44553,17
44554,1
44554,16
44554,7
44555,16
44556,1
44556,7
44557,16
44557,15
44557,7
44558,16
44558,8
44558,15
44559,1
44559,16
44559,15
44560,16
44560,15
44560,2
44561,16
44561,15
44562,16
44562,15
44562,2
44563,16
44563,15
44564,16
44564,15
44565,16
44565,15
44566,1
44566,16
44566,15
44567,15
44568,15
44569,15
44570,16
44570,15
44570,7
44571,27
44572,27
44573,1
44573,2
44573,3
44574,8
44574,27
44578,23
44578,24
44579,1
44579,5
44579,3
44580,1
44580,5
44581,1
44582,16
44582,15
44583,16
44583,15
44583,12
44584,1
44584,3
44584,11
44585,16
44585,15
44585,2
44586,25
44588,1
44588,8
44588,14
44589,18
44590,15
44590,27
44591,25
44592,1
44592,16
44592,7
44593,16
44593,8
44593,27
44594,1
44594,10
44594,12
44595,25
44595,24
44596,1
44596,7
44597,27
44598,27
44599,16
44599,7
44600,16
44600,13
44600,6
44601,25
44601,17
44602,5
44603,1
44603,7
44604,1
44604,14
44604,17
44605,10
44606,1
44606,7
44607,1
44607,16
44607,7
44608,1
44608,5
44608,17
44609,1
44609,16
44610,1
44610,10
44610,7
44612,16
44612,14
44615,8
44615,24
44617,7
44618,1
44619,16
44620,16
44621,22
44622,16
44622,15
44623,16
44623,15
44624,16
44624,15
44625,4
44625,8
44625,20
44626,1
44626,3
44627,16
44628,1
44628,7
44629,16
44630,1
44630,3
44630,9
44632,10
44633,1
44633,7
44633,17
44634,16
44636,8
44636,27
44637,8
44637,27
44638,16
44640,1
44640,16
44641,1
44641,22
44642,1
44642,3
44644,16
44644,27
44644,13
44645,16
44646,1
44646,6
44648,23
44650,16
44650,4
44650,2
44651,26
44652,1
44652,16
44653,1
44655,26
44656,26
44657,16
44658,1
44658,5
44659,1
44659,21
44659,17
44660,22
44662,8
44662,25
44663,1
44663,5
44664,1
44665,1
44665,5
44665,3
44671,16
44672,11
44673,5
44673,21
44673,17
44674,14
44674,11
44674,12
44675,4
44675,14
44676,16
44678,1
44679,1
44679,16
44679,5
44680,1
44680,7
44680,11
44683,16
44686,10
44691,1
44691,5
44693,1
44693,16
44693,7
44694,16
44694,14
44695,27
44696,23
44697,1
44697,16
44697,7
44698,1
44698,5
44698,11
44699,1
44699,5
44700,3
44700,11
44701,1
44701,4
44701,7
44702,1
44704,1
44704,3
44705,5
44706,16
44708,1
44708,5
44708,3
44709,5
44709,3
44710,1
44710,16
44711,1
44711,7
44712,16
44715,16
44716,1
44716,7
44717,1
44717,16
44717,7
44718,1
44719,27
44721,16
44721,8
44721,27
44722,1
44722,7
44723,1
44723,16
44724,1
44724,16
44724,22
44725,16
44725,4
44726,16
44726,24
44736,1
44736,23
44736,7
44737,1
44737,7
44738,1
44738,17
44738,9
44740,18
44743,1
44743,7
44744,1
44744,5
44744,11
44745,16
44746,27
44746,10
44747,1
44747,7
44748,21
44748,17
44750,16
44750,14
44751,1
44751,4
44751,2
44752,1
44752,16
44753,1
44753,5
44755,1
44757,16
44759,14
44759,13
44759,11
44760,4
44760,8
44760,13
44761,4
44761,8
44761,13
44762,1
44763,15
44764,1
44764,7
44767,1
44767,14
44768,1
44768,16
44770,27
44770,13
44771,22
44772,4
44772,27
44772,5
44773,23
44773,24
44775,1
44775,14
44775,22
44776,4
44776,8
44776,2
44778,1
44778,4
44778,13
44779,16
44779,2
44781,1
44782,25
44783,1
44783,13
44783,17
44784,16
44784,7
44785,16
44786,1
44788,16
44788,27
44789,16
44789,27
44790,16
44790,27
44791,16
44791,27
44792,16
44793,17
44794,16
44794,15
44794,27
44795,16
44800,16
44800,13
44800,2
44803,16
44803,14
44804,1
44804,7
44804,17
44806,1
44806,5
44806,19
44808,16
44810,1
44810,11
44811,1
44811,16
44811,22
44812,1
44812,7
44813,1
44813,27
44813,13
44814,16
44815,1
44815,16
44818,1
44819,15
44819,27
44820,1
44820,16
44820,8
44821,1
44821,16
44822,1
44823,24
44824,1
44824,5
44824,11
44825,5
44825,11
44826,1
44826,5
44826,11
44827,4
44827,2
44827,3
44828,16
44829,16
44829,27
44831,1
44831,6
44832,1
44832,17
44833,27
44834,4
44834,8
44834,15
44835,1
44835,4
44835,3
44836,8
44836,13
44837,1
44837,7
44838,1
44838,4
44839,23
44840,23
44844,5
44846,18
44848,1
44848,6
44848,3
44849,1
44849,14
44849,7
44850,11
44851,1
44851,7
44853,16
44854,1
44854,5
44855,17
44856,7
44857,27
44860,1
44861,1
44861,13
44861,12
44862,16
44862,8
44862,27
44863,8
44863,27
44864,8
44865,1
44867,1
44868,17
44870,1
44870,16
44870,7
44871,1
44871,13
44871,7
44872,1
44872,7
44873,23
44873,24
44876,12
44881,16
44881,15
44881,27
44882,1
44882,16
44882,6
44883,1
44885,16
44885,8
44885,13
44886,1
44886,7
44886,11
44887,24
44889,1
44889,5
44889,3
44890,1
44890,3
44890,11
44891,1
44891,16
44892,1
44892,7
44893,16
44894,12
44895,16
44896,16
44897,6
44897,2
44897,11
44899,16
44899,27
44901,1
44901,5
44902,16
44903,1
44903,5
44903,11
44905,5
44907,16
44907,4
44907,2
44908,16
44908,4
44909,1
44909,16
44910,5
44911,16
44911,22
44913,8
44913,13
44913,17
44914,1
44914,5
44915,1
44915,16
44915,8
44916,1
44917,1
44917,7
44918,4
44918,3
44918,9
44919,1
44919,16
44920,18
44922,16
44922,27
44922,10
44924,1
44924,19
44926,16
44927,1
44927,3
44929,4
44929,2
44929,3
44930,1
44933,1
44933,2
44933,11
44934,10
44935,1
44935,4
44935,8
44936,16
44937,1
44937,5
44937,11
44938,1
44938,7
44939,16
44939,14
44940,1
44940,13
44941,4
44941,8
44941,5
44942,16
44943,13
44943,2
44943,26
44945,1
44945,7
44945,11
44947,1
44948,25
44949,1
44949,5
44950,1
44950,11
44951,1
44951,16
44952,1
44952,3
44952,11
44953,1
44953,7
44954,1
44954,7
44956,17
44957,1
44957,18
44958,16
44958,27
44959,1
44959,16
44959,11
44960,16
44960,8
44960,13
44961,16
44962,14
44962,17
44966,1
44966,5
44966,3
44967,1
44967,5
44968,1
44969,16
44969,15
44969,7
44970,1
44970,5
44970,11
44971,1
44971,5
44971,3
44972,1
44973,1
44973,3
44975,1
44975,13
44975,7
44976,1
44976,7
44977,1
44977,5
44979,10
44983,1
44983,16
44983,4
44984,1
44986,1
44986,11
44987,16
44987,27
44988,1
44988,13
44988,7
44989,1
44989,7
44990,1
44990,4
44991,23
44992,1
44992,11
44993,1
44993,11
44994,1
44994,8
44995,8
44995,27
44995,13
44997,23
44998,16
44999,16
45000,1
45001,1
45001,7
45002,22
45005,4
45005,8
45005,15
45005,2
45006,1
45006,3
45006,11
45007,1
45007,7
45007,22
45008,1
45009,1
45009,5
45009,11
45010,1
45010,5
45010,11
45011,25
45015,7
45016,5
45018,26
45019,11
45019,24
45019,12
45020,22
45022,1
45022,5
45022,9
45026,16
45026,8
45026,13
45028,16
45028,23
45028,7
45029,1
45029,16
45029,9
45030,16
45030,5
45031,5
45032,1
45032,2
45032,11
45033,8
45033,27
45033,13
45035,16
45036,1
45036,5
45036,11
45038,1
45038,16
45038,5
45039,1
45039,3
45039,9
45041,27
45041,14
45043,1
45043,14
45044,1
45044,4
45044,3
45045,1
45045,5
45046,1
45047,1
45047,7
45048,10
45049,12
45050,16
45051,1
45054,1
45054,7
45055,5
45055,11
45056,1
45057,1
45058,24
45060,1
45060,6
45060,11
45061,16
45061,5
45063,1
45063,3
45064,16
45065,16
45066,16
45067,1
45067,6
45067,11
45068,16
45068,27
45068,14
45069,25
45070,5
45070,11
45071,1
45071,16
45071,8
45072,16
45072,27
45073,27
45074,5
45075,27
45076,16
45077,16
45077,2
45078,1
45078,4
45078,5
45079,16
45080,16
45080,23
45081,23
45081,24
45084,28
45085,1
45088,16
45089,16
45089,27
45090,16
45090,13
45090,6
45092,11
45094,24
45095,16
45097,1
45097,5
45097,3
45098,1
45098,16
45098,13
45099,1
45099,8
45099,17
45102,1
45102,5
45103,1
45103,16
45103,7
45104,1
45104,16
45104,17
45105,16
45106,25
45107,23
45107,24
45109,25
45111,5
45111,3
45111,11
45113,1
45113,7
45113,11
45114,1
45115,1
45115,11
45116,1
45116,11
45118,4
45118,8
45118,13
45121,1
45121,4
45121,17
45124,16
45124,28
45125,1
45125,23
45125,7
45128,16
45130,16
45130,14
45130,7
45131,16
45131,14
45131,22
45133,16
45133,15
45133,27
45134,7
45135,17
45136,1
45136,4
45136,17
45137,5
45139,16
45140,1
45140,16
45140,5
45141,10
45143,16
45144,1
45144,3
45144,11
45145,1
45145,5
45145,11
45146,1
45146,7
45147,8
45147,7
45148,4
45148,8
45148,2
45149,16
45149,5
45150,8
45150,13
45151,16
45152,1
45155,24
45156,24
45158,1
45158,5
45158,3
45159,1
45159,17
45160,5
45161,1
45161,16
45162,1
45162,16
45162,7
45163,1
45163,4
45163,8
45164,1
45164,7
45165,1
45165,5
45165,3
45166,1
45166,17
45167,17
45168,1
45168,10
45168,7
45169,1
45169,7
45170,16
45171,1
45171,5
45171,3
45172,1
45172,5
45173,1
45173,11
45174,7
45176,1
45176,7
45176,17
45179,1
45179,5
45179,3
45181,5
45183,1
45184,1
45184,5
45185,16
45186,1
45187,16
45188,1
45189,16
45189,15
45189,14
45190,1
45190,3
45191,1
45191,7
45192,8
45192,25
45192,24
45193,1
45194,1
45194,6
45195,1
45195,14
45196,1
45196,7
45197,25
45197,17
45198,16
45199,16
45200,16
45202,16
45203,16
45204,4
45204,8
45204,15
45205,16
45207,16
45207,7
45207,17
45208,16
45208,8
45208,13
45209,5
45210,16
45210,27
45211,1
45213,1
45213,5
45217,5
45218,1
45218,5
45222,21
45222,17
45224,1
45224,3
45224,12
45225,1
45225,5
45227,16
45229,17
45230,1
45230,14
45230,7
45231,8
45231,15
45231,27
45231,13
45233,16
45234,23
45235,1
45235,11
45235,12
45236,4
45236,15
45236,2
45237,1
45237,5
45238,23
45239,16
45241,1
45241,7
45241,3
45242,23
45243,1
45244,5
45245,1
45245,8
45245,14
45246,1
45247,16
45248,1
45248,7
45249,4
45249,8
45249,15
45249,13
45250,16
45250,4
45250,8
45250,15
45251,27
45252,16
45252,8
45252,27
45253,4
45253,15
45253,13
45255,1
45255,16
45256,1
45256,7
45257,1
45257,5
45258,1
45258,5
45258,3
45259,16
45260,23
45262,1
45262,21
45262,17
45263,18
45264,17
45265,23
45265,24
45266,1
45266,7
45266,11
45269,6
45269,3
45270,1
45271,10
45272,23
45274,1
45278,1
45278,11
45280,1
45280,4
45281,13
45283,16
45283,8
45283,27
45284,1
45284,16
45287,1
45287,16
45287,22
45288,5
45289,16
45290,10
45291,1
45292,1
45292,5
45292,11
45293,5
45293,17
45295,16
45295,4
45295,8
45296,13
45296,2
45296,3
45297,1
45297,14
45297,3
45298,1
45298,16
45298,7
45299,1
45299,17
45300,16
45301,16
45302,1
45302,17
45303,1
45304,4
45304,27
45304,13
45307,16
45307,5
45307,11
45309,1
45309,21
45310,4
45310,5
45311,1
45311,8
45311,2
45312,1
45312,5
45312,11
45313,1
45313,5
45313,19
45314,1
45314,7
45315,1
45315,16
45315,14
45316,1
45316,5
45316,11
45317,5
45318,1
45318,5
45318,17
45321,1
45321,5
45322,5
45322,11
45323,1
45323,7
45324,1
45324,7
45325,1
45325,16
45325,8
45326,1
45327,1
45327,14
45327,7
45328,16
45329,1
45329,18
45330,1
45331,1
45331,5
45331,19
45332,1
45332,5
45333,1
45333,5
45333,7
45336,5
45337,1
45337,16
45337,7
45338,1
45338,7
45339,1
45339,8
45339,17
45340,1
45340,18
45342,4
45342,8
45342,12
45343,1
45343,4
45344,16
45345,16
45346,1
45347,1
45347,3
45347,11
45348,1
45348,5
45350,1
45350,22
45351,1
45353,4
45353,5
45353,11
45354,1
45355,1
45355,18
45356,16
45357,1
45358,1
45358,7
45359,16
45360,1
45360,7
45361,1
45361,5
45363,1
45363,21
45364,16
45366,16
45367,1
45367,5
45367,3
45368,15
45368,7
45368,11
45368,12
45369,8
45369,15
45369,13
45370,8
45370,15
45370,13
45371,3
45371,11
45373,16
45373,7
45374,15
45374,13
45374,6
45375,16
45376,1
45376,11
45377,16
45377,27
45380,4
45380,8
45381,1
45381,4
45381,5
45382,1
45382,7
45383,1
45383,16
45383,7
45385,1
45385,5
45385,9
45386,16
45387,16
45389,1
45389,2
45391,16
45391,14
45391,10
45393,1
45393,7
45394,1
45395,5
45395,3
45395,11
45397,16
45397,13
45397,6
45398,16
45398,8
45398,15
45398,27
45399,15
45399,5
45399,13
45399,2
45400,16
45401,27
45402,8
45402,27
45402,14
45403,1
45403,7
45404,1
45404,16
45405,1
45405,19
45406,5
45407,1
45407,7
45408,1
45408,5
45409,1
45409,4
45409,17
45411,1
45411,4
45412,27
45412,10
45416,1
45416,16
45418,16
45421,25
45422,23
45422,24
45423,1
45423,13
45423,17
45424,1
45424,21
45424,17
45430,25
45431,25
45432,1
45432,5
45432,3
45433,3
45434,16
45434,27
45434,26
45435,12
45436,1
45436,16
45437,1
45437,18
45438,23
45439,1
45439,4
45439,5
45440,1
45440,18
45443,10
45444,10
45445,5
45446,8
45446,13
45446,17
45447,1
45447,5
45448,1
45448,16
45449,1
45449,16
45449,2
45452,8
45452,15
45452,27
45453,8
45454,16
45455,23
45456,16
45456,23
45456,7
45458,16
45458,7
45458,17
45459,16
45459,27
45461,5
45462,16
45463,1
45464,23
45464,24
45466,16
45467,12
45470,7
45472,1
45472,7
45472,2
45473,1
45473,5
45474,1
45477,7
45477,17
45478,1
45478,5
45478,19
45480,26
45483,23
45484,18
45485,24
45486,1
45486,5
45487,16
45488,4
45488,8
45488,2
45489,1
45489,5
45489,11
45490,22
45492,16
45492,7
45493,1
45493,5
45494,1
45496,1
45496,6
45496,11
45497,16
45499,16
45499,8
45499,2
45500,1
45500,5
45501,1
45502,1
45502,7
45504,1
45504,7
45505,1
45505,16
45505,7
45511,1
45511,7
45512,23
45513,23
45515,1
45516,8
45516,25
45517,24
45519,16
45520,16
45521,5
45522,4
45522,8
45522,2
45523,1
45525,25
45526,1
45526,7
45527,1
45527,16
45527,7
45529,1
45529,7
45530,16
45530,8
45530,15
45531,1
45531,2
45532,1
45534,8
45534,24
45535,5
45536,1
45536,5
45536,3
45537,1
45537,3
45539,13
45539,7
45539,17
45540,1
45540,7
45541,5
45541,13
45541,11
45542,10
45543,4
45543,8
45544,1
45548,1
45548,6
45548,11
45550,4
45550,8
45550,2
45551,16
45551,2
45551,28
45552,5
45553,1
45553,16
45554,1
45554,10
45554,7
45555,1
45555,7
45557,4
45557,8
45557,15
45557,13
45558,1
45558,5
45558,7
45559,1
45559,16
45561,1
45561,4
45561,15
45562,6
45563,16
45563,10
45564,8
45564,27
45564,14
45565,1
45565,16
45565,7
45566,1
45566,17
45567,1
45567,4
45567,12
45568,1
45568,7
45569,16
45569,4
45569,13
45570,1
45570,3
45570,19
45571,1
45572,1
45572,16
45572,7
45573,1
45573,14
45573,17
45574,24
45575,16
45576,12
45577,17
45579,27
45579,5
45581,1
45581,4
45581,13
45582,1
45582,16
45583,16
45584,1
45584,16
45585,16
45585,8
45585,15
45586,15
45586,11
45588,21
45588,17
45589,16
45589,15
45589,10
45590,16
45590,15
45590,7
45591,1
45591,16
45591,15
45592,8
45592,15
45592,13
45593,1
45594,1
45594,5
45594,3
45595,1
45595,15
45596,16
45597,16
45598,1
45598,16
45598,5
45601,22
45602,15
45602,13
45602,2
45604,1
45606,1
45606,3
45606,11
45609,1
45609,5
45610,8
45610,5
45610,11
45611,5
45611,11
45612,11
45612,24
45613,1
45613,11
45614,16
45615,1
45615,7
45617,1
45617,16
45617,14
45620,1
45621,23
45622,16
45622,5
45623,10
45624,1
45624,16
45624,7
45626,14
45631,7
45631,11
45633,1
45633,3
45634,27
45635,27
45636,16
45637,8
45637,2
45637,3
45638,16
45639,16
45639,5
45640,1
45640,7
45641,16
45642,16
45642,8
45642,27
45643,5
45643,22
45644,1
45644,16
45645,1
45645,16
45645,5
45646,24
45647,16
45647,27
45647,13
45648,1
45648,4
45648,5
45649,16
45652,1
45652,7
45653,27
45654,16
45654,7
45655,1
45655,16
45655,15
45656,17
45658,1
45658,7
45659,1
45660,5
45661,1
45661,5
45661,11
45662,1
45663,1
45663,16
45663,15
45663,12
45664,1
45665,1
45665,10
45666,1
45666,16
45666,11
45667,1
45668,23
45668,24
45669,26
45670,8
45670,27
45670,13
45671,1
45671,5
45671,13
45672,15
45672,10
45673,10
45674,1
45676,4
45676,6
45676,2
45677,28
45678,6
45678,12
45679,1
45679,3
45679,11
45680,1
45680,12
45681,1
45681,7
45681,19
45682,1
45682,5
45682,3
45683,1
45683,3
45685,1
45685,7
45685,2
45686,16
45686,27
45687,1
45688,1
45688,16
45688,3
45690,16
45694,1
45694,28
45695,16
45695,27
45696,1
45696,11
45697,1
45697,11
45699,25
45700,1
45700,16
45700,8
45700,15
45702,22
45703,23
45705,5
45706,5
45708,5
45708,19
45709,10
45709,24
45712,16
45713,16
45713,15
45713,2
45714,17
45715,1
45715,7
45717,1
45717,5
45717,11
45718,16
45719,22
45720,15
45720,22
45721,15
45721,7
45721,28
45723,1
45724,1
45724,8
45724,21
45725,1
45725,2
45725,3
45726,16
45726,27
45727,25
45728,24
45729,24
45730,5
45730,17
45733,23
45737,16
45737,27
45738,5
45739,1
45739,16
45739,14
45741,16
45743,16
45743,15
45743,7
45744,1
45744,16
45744,15
45744,7
45746,16
45746,15
45746,12
45747,16
45747,15
45747,10
45748,16
45748,15
45749,17
45751,16
45752,1
45753,16
45753,4
45753,8
45754,1
45754,16
45755,1
45755,5
45755,11
45759,16
45759,6
45760,1
45760,14
45760,7
45761,27
45762,16
45763,1
45765,11
45766,17
45767,1
45767,11
45768,1
45768,7
45769,1
45769,23
45769,7
45770,1
45770,4
45770,5
45771,1
45771,7
45772,1
45772,13
45772,7
45773,1
45773,7
45773,17
45776,8
45776,27
45776,13
45777,16
45781,23
45782,1
45782,5
45784,1
45785,16
45785,15
45786,16
45786,14
45786,22
45787,16
45787,15
45787,13
45787,28
45788,1
45788,2
45789,1
45790,6
45790,3
45791,16
45791,8
45791,15
45792,1
45792,11
45793,16
45793,8
45793,13
45794,1
45794,4
45795,1
45795,5
45795,3
45796,1
45796,21
45796,17
45797,1
45797,5
45797,3
45798,16
45798,4
45798,11
45799,1
45799,7
45799,18
45801,2
45802,8
45802,15
45802,11
45803,16
45803,8
45803,13
45804,1
45804,11
45807,27
45809,7
45811,16
45812,16
45813,1
45813,16
45813,2
45816,15
45816,22
45817,1
45817,7
45819,5
45820,5
45820,11
45824,1
45824,5
45824,3
45825,1
45825,16
45826,1
45826,4
45826,8
45827,15
45827,7
45827,22
45828,4
45828,15
45828,2
45830,1
45830,5
45831,1
45832,17
45833,1
45833,5
45834,4
45834,3
45834,9
45835,26
45838,1
45838,11
45838,12
45840,1
45841,1
45841,11
45844,8
45844,13
45845,1
45846,23
45847,11
45847,17
45847,12
45848,4
45848,15
45848,2
45849,1
45849,8
45850,16
45852,1
45852,16
45853,16
45853,24
45855,16
45856,1
45856,13
45856,2
45857,1
45857,10
45857,7
45859,16
45860,16
45863,1
45864,16
45864,4
45866,25
45867,17
45869,1
45871,16
45872,16
45873,16
45875,1
45875,3
45877,16
45879,1
45879,3
45879,11
45880,16
45882,8
45882,15
45883,7
45883,2
45883,3
45886,25
45888,1
45888,7
45889,1
45890,1
45890,16
45891,1
45892,1
45892,7
45894,1
45894,13
45895,1
45895,3
45895,11
45896,1
45896,6
45896,11
45897,8
45897,27
45897,13
45898,17
45900,1
45900,7
45901,16
45905,4
45905,8
45905,27
45906,1
45906,17
45908,1
45908,16
45908,7
45910,10
45910,17
45911,10
45913,1
45913,7
45914,17
45915,27
45915,10
45917,27
45917,13
45919,1
45919,5
45919,11
45920,1
45920,3
45921,1
45922,1
45922,5
45922,11
45923,10
45924,1
45924,4
45924,5
45925,4
45925,8
45925,2
45926,16
45926,2
45928,16
45931,22
45932,22
45933,16
45934,1
45934,5
45935,1
45935,7
45935,11
45938,1
45938,5
45939,1
45941,8
45941,24
45942,1
45942,5
45944,1
45944,16
45946,12
45947,6
45947,17
45948,1
45949,1
45949,16
45951,1
45951,16
45952,23
45953,8
45953,24
45954,16
45955,8
45956,1
45956,16
45956,7
45958,16
45960,18
45961,1
45961,7
45962,1
45965,2
45966,16
45967,1
45967,5
45968,16
45968,4
45968,27
45969,8
45969,27
45969,17
45970,4
45970,3
45971,1
45971,13
45971,7
45974,8
45974,11
45974,17
45975,1
45975,5
45977,1
45977,5
45977,11
45978,1
45978,5
45978,3
45979,1
45979,7
45980,16
45980,14
45982,1
45982,7
45983,16
45983,18
45983,17
45984,1
45984,11
45984,9
45985,16
45986,25
45987,5
45987,6
45987,3
45988,16
45988,15
45988,13
45989,16
45989,15
45989,13
45990,1
45990,16
45990,7
45993,1
45993,16
45993,7
45994,1
45995,21
45995,17
45998,1
45998,21
45998,17
45999,1
45999,7
46000,16
46000,8
46000,14
46001,5
46002,25
46003,16
46004,1
46004,5
46004,19
46005,1
46005,5
46005,3
46006,1
46006,16
46006,14
46008,1
46009,1
46009,14
46009,7
46010,4
46010,8
46010,15
46010,2
46011,17
46012,1
46012,14
46012,7
46013,5
46015,10
46016,17
46018,1
46018,2
46020,16
46022,1
46022,8
46022,13
46023,5
46024,7
46025,24
46027,10
46030,2
46030,3
46030,9
46031,1
46031,7
46033,24
46034,1
46034,4
46034,13
46035,1
46037,1
46037,4
46037,17
46039,1
46039,16
46039,14
46041,1
46041,11
46042,16
46043,10
46043,7
46044,1
46044,7
46044,11
46046,8
46046,13
46048,25
46054,7
46054,24
46056,1
46056,7
46057,25
46058,25
46060,24
46061,1
46061,11
46061,12
46062,1
46062,5
46062,3
46063,16
46063,14
46063,17
46064,1
46064,16
46065,4
46065,8
46065,13
46068,16
46069,1
46069,16
46069,13
46073,1
46073,16
46073,28
46074,1
46074,5
46074,7
46075,4
46075,27
46075,2
46076,1
46076,7
46077,16
46077,14
46077,10
46079,17
46080,16
46081,5
46083,1
46083,16
46085,1
46085,5
46085,11
46086,8
46086,27
46086,13
46087,25
46088,23
46089,23
46089,17
46090,4
46090,8
46090,13
46091,5
46092,15
46092,2
46094,1
46094,16
46094,22
46095,13
46096,1
46096,16
46097,1
46097,7
46098,22
46100,1
46100,3
46102,17
46103,21
46103,17
46105,1
46105,16
46106,5
46107,1
46107,14
46110,1
46110,16
46110,7
46111,1
46111,13
46111,6
46113,15
46113,13
46116,15
46117,5
46118,1
46118,16
46118,7
46119,25
46119,26
46121,1
46122,1
46122,4
46122,21
46124,1
46124,21
46124,17
46125,1
46125,6
46125,12
46126,1
46126,7
46127,1
46127,21
46127,17
46132,25
46133,16
46133,24
46134,1
46134,3
46136,24
46138,1
46138,7
46139,16
46141,1
46141,7
46142,10
46143,1
46144,10
46145,1
46145,7
46148,1
46148,17
46149,1
46149,16
46149,7
46151,17
46152,10
46152,7
46154,5
46154,3
46155,25
46156,25
46158,1
46158,5
46158,7
46159,1
46159,16
46162,1
46162,3
46163,24
46164,1
46164,16
46165,5
46167,7
46168,1
46168,3
46168,11
46170,22
46171,10
46173,1
46173,5
46174,1
46174,14
46175,5
46175,17
46176,3
46176,11
46178,1
46178,16
46178,7
46182,1
46182,11
46183,1
46183,3
46183,11
46184,1
46184,5
46184,3
46185,1
46185,7
46186,1
46186,7
46187,27
46187,22
46188,23
46188,24
46190,1
46190,3
46191,5
46191,6
46191,3
46193,16
46193,27
46193,13
46194,1
46194,5
46194,11
46195,1
46195,5
46195,11
46196,1
46196,7
46197,5
46198,16
46199,1
46199,25
46200,25
46203,17
46205,1
46208,16
46209,23
46211,1
46211,5
46213,1
46213,5
46214,11
46215,1
46215,7
46216,16
46217,8
46217,11
46217,24
46219,1
46219,13
46219,12
46220,1
46220,7
46221,1
46221,7
46222,1
46223,1
46223,7
46224,1
46224,3
46228,1
46228,7
46229,16
46231,16
46232,1
46232,2
46233,1
46233,7
46235,1
46235,7
46238,1
46238,3
46238,11
46239,23
46240,8
46240,15
46240,13
46241,16
46241,4
46241,3
46242,1
46242,10
46245,1
46247,1
46248,1
46248,5
46248,3
46250,24
46251,1
46251,16
46251,3
46252,16
46253,1
46253,5
46253,3
46254,16
46255,16
46256,15
46257,1
46259,1
46259,7
46259,2
46260,1
46260,18
46261,5
46262,1
46262,3
46262,11
46263,1
46263,7
46264,25
46264,17
46265,1
46265,7
46266,5
46267,1
46268,1
46268,16
46268,22
46269,1
46269,7
46270,1
46270,7
46272,16
46273,1
46273,6
46274,1
46274,18
46275,1
46275,11
46276,16
46276,15
46276,13
46277,16
46277,14
46278,1
46278,16
46278,7
46279,1
46279,7
46280,1
46280,11
46281,25
46282,1
46282,4
46282,5
46283,16
46284,1
46284,5
46284,3
46285,23
46285,24
46286,27
46286,14
46286,17
46290,1
46290,22
46291,1
46292,24
46293,1
46293,7
46294,1
46294,14
46295,1
46295,21
46295,17
46296,1
46296,7
46297,1
46297,5
46297,3
46298,16
46298,7
46299,1
46299,16
46299,11
46300,16
46300,14
46301,1
46301,16
46301,7
46302,21
46302,17
46303,4
46303,8
46306,1
46306,7
46306,22
46307,1
46307,7
46307,28
46308,1
46308,11
46309,1
46309,7
46310,1
46310,11
46311,4
46311,8
46311,11
46312,4
46312,5
46313,1
46313,7
46315,1
46315,16
46315,7
46316,17
46317,1
46317,7
46318,16
46318,13
46318,7
46321,1
46321,7
46323,4
46323,8
46323,11
46324,17
46325,3
46325,11
46325,12
46326,1
46327,1
46329,25
46329,22
46330,1
46330,4
46330,7
46331,8
46332,23
46334,1
46334,16
46337,1
46337,5
46340,8
46340,14
46340,2
46341,5
46342,1
46342,5
46342,3
46344,16
46345,16
46346,25
46348,17
46349,16
46350,1
46350,16
46350,8
46355,16
46355,14
46357,1
46357,16
46358,1
46358,3
46359,1
46359,16
46360,1
46360,7
46361,1
46361,5
46361,3
46362,14
46363,1
46363,5
46363,3
46364,16
46364,8
46365,5
46371,8
46371,25
46373,1
46374,16
46375,1
46375,8
46375,17
46376,1
46376,4
46376,5
46377,1
46377,13
46377,11
46378,1
46378,13
46378,7
46380,1
46381,5
46382,1
46382,16
46383,10
46384,1
46384,5
46385,1
46385,23
46385,7
46386,4
46386,15
46386,13
46387,1
46387,7
46388,16
46389,1
46389,19
46390,1
46390,16
46390,14
46393,1
46393,16
46393,10
46394,16
46396,16
46396,22
46397,8
46397,27
46398,16
46398,15
46398,27
46399,27
46400,16
46401,16
46402,16
46404,1
46405,1
46405,7
46405,11
46406,1
46406,7
46409,1
46409,16
46409,7
46411,1
46411,7
46411,18
46412,1
46412,16
46412,7
46413,1
46413,3
46414,27
46415,1
46415,11
46415,12
46416,16
46417,1
46417,5
46418,1
46419,1
46422,3
46423,1
46423,7
46424,1
46424,16
46424,14
46426,22
46427,18
46428,16
46429,1
46429,7
46431,1
46433,16
46433,11
46433,12
46434,27
46435,1
46435,5
46436,16
46436,14
46437,5
46440,27
46441,1
46441,4
46441,5
46442,5
46443,1
46443,16
46443,19
46444,7
46445,23
46446,1
46446,10
46446,7
46447,17
46448,1
46448,16
46448,7
46449,1
46449,16
46449,7
46450,1
46450,7
46451,1
46451,7
46454,1
46454,22
46455,1
46455,16
46456,1
46456,2
46456,3
46458,16
46458,8
46458,10
46459,1
46460,1
46460,7
46461,1
46461,11
46462,1
46462,7
46463,8
46463,24
46464,1
46464,14
46465,1
46466,1
46466,5
46466,3
46467,16
46467,6
46468,16
46469,1
46469,6
46470,1
46470,11
46470,12
46471,16
46472,1
46472,7
46473,1
46473,16
46474,1
46474,4
46474,5
46476,1
46476,14
46476,7
46477,16
46478,1
46478,11
46479,11
46480,1
46480,5
46481,13
46481,7
46481,17
46482,1
46482,11
46483,1
46483,7
46484,1
46484,7
46485,16
46486,1
46486,7
46487,1
46488,16
46489,16
46490,23
46490,24
46491,23
46494,25
46495,25
46498,25
46498,17
46499,1
46499,5
46499,11
46501,23
46502,16
46502,27
46503,10
46504,4
46504,8
46505,1
46505,16
46505,7
46506,16
46507,4
46507,15
46507,13
46509,1
46509,11
46510,1
46511,10
46512,16
46512,10
46513,2
46513,3
46514,1
46514,5
46514,3
46515,1
46515,16
46516,15
46517,4
46517,15
46517,13
46518,15
46519,16
46520,1
46520,14
46520,7
46521,1
46521,7
46521,3
46522,5
46522,11
46523,1
46523,5
46523,3
46524,27
46525,5
46525,11
46526,16
46526,8
46526,14
46527,14
46527,13
46527,2
46528,16
46528,14
46529,8
46529,25
46529,22
46530,7
46531,23
46535,1
46535,23
46538,16
46538,14
46538,18
46539,8
46539,24
46540,8
46540,24
46541,18
46543,16
46544,1
46546,1
46546,3
46552,7
46553,7
46554,16
46556,1
46556,16
46556,7
46558,5
46558,11
46560,16
46560,7
46562,1
46562,4
46562,6
46563,1
46563,16
46563,11
46565,15
46565,6
46566,1
46566,16
46567,1
46567,7
46568,5
46568,7
46568,3
46569,1
46569,14
46570,4
46570,13
46570,6
46572,1
46572,5
46572,3
46573,16
46573,12
46574,5
46574,3
46575,1
46575,5
46575,3
46577,1
46577,7
46578,1
46578,7
46580,1
46580,7
46581,1
46581,5
46582,1
46582,5
46582,3
46583,1
46583,16
46584,1
46584,16
46585,1
46585,16
46585,22
46586,1
46586,5
46586,3
46587,1
46587,5
46588,1
46588,3
46589,1
46589,16
46590,1
46591,8
46591,13
46591,11
46592,4
46592,2
46593,1
46593,7
46594,1
46594,11
46596,16
46596,19
46599,22
46600,23
46600,24
46601,16
46604,5
46604,11
46605,1
46605,7
46606,1
46606,5
46606,19
46608,1
46608,16
46608,7
46609,16
46610,27
46611,27
46612,4
46612,15
46612,11
46612,12
46613,16
46613,8
46613,15
46615,17
46616,1
46616,16
46616,7
46617,23
46618,1
46618,11
46619,17
46622,1
46622,14
46623,1
46623,5
46624,16
46625,5
46625,11
46625,17
46626,1
46626,5
46626,3
46627,23
46629,1
46629,7
46630,1
46630,4
46630,7
46631,1
46631,13
46631,7
46633,1
46633,7
46634,1
46634,14
46635,1
46636,1
46636,16
46637,1
46637,11
46639,16
46639,2
46640,1
46640,5
46640,3
46641,1
46641,5
46641,3
46642,27
46645,1
46645,13
46645,11
46647,16
46647,27
46648,1
46648,16
46650,8
46650,13
46652,16
46652,8
46652,15
46654,1
46654,16
46654,21
46655,1
46656,1
46656,2
46656,3
46658,1
46658,10
46659,1
46659,7
46660,1
46660,7
46661,24
46662,1
46662,16
46662,7
46664,16
46664,5
46665,1
46665,16
46665,5
46666,26
46667,16
46667,8
46667,27
46668,1
46669,23
46670,17
46671,5
46672,27
46674,1
46674,3
46675,25
46677,16
46677,27
46678,11
46678,25
46679,13
46679,6
46679,3
46682,1
46682,5
46684,1
46684,5
46685,1
46686,8
46686,20
46687,1
46688,1
46688,16
46688,2
46689,16
46690,1
46690,5
46690,3
46691,1
46691,2
46691,3
46692,16
46692,7
46694,1
46694,16
46697,1
46698,1
46699,1
46699,5
46699,11
46700,16
46702,1
46702,16
46702,23
46703,5
46704,5
46704,19
46705,1
46705,18
46706,5
46707,27
46707,24
46707,17
46708,15
46709,15
46711,23
46711,24
46713,17
46714,16
46716,16
46716,28
46717,1
46717,7
46718,1
46718,14
46719,16
46720,1
46720,16
46721,5
46725,1
46725,8
46725,5
46728,1
46728,7
46729,4
46729,8
46729,15
46731,1
46731,7
46732,1
46734,1
46734,5
46734,11
46735,16
46736,1
46736,4
46736,5
46737,5
46738,1
46741,14
46741,19
46742,27
46743,16
46744,16
46744,7
46744,2
46746,1
46746,3
46746,17
46747,1
46747,16
46748,17
46749,8
46749,23
46749,24
46750,14
46750,10
46750,24
46751,1
46752,5
46753,17
46754,1
46754,3
46755,22
46758,16
46758,10
46759,27
46760,16
46760,15
46760,13
46761,27
46762,23
46763,25
46765,21
46765,17
46766,5
46767,23
46769,1
46770,8
46770,27
46770,25
46771,1
46771,7
46772,1
46772,7
46773,1
46774,1
46774,16
46774,4
46775,1
46775,16
46775,7
46776,1
46776,16
46776,7
46777,1
46777,16
46777,7
46778,1
46778,16
46778,7
46779,1
46779,16
46779,7
46780,1
46780,7
46781,1
46781,18
46782,1
46782,16
46782,5
46783,1
46783,7
46784,1
46784,17
46785,8
46785,13
46785,2
46786,1
46786,5
46787,16
46787,14
46787,7
46788,1
46788,4
46788,5
46789,1
46789,5
46789,19
46790,1
46790,5
46790,20
46791,1
46792,16
46792,7
46793,16
46793,4
46793,8
46794,1
46794,16
46794,8
46795,1
46795,7
46795,17
46796,8
46796,27
46797,10
46798,6
46798,12
46799,5
46799,6
46799,12
46800,23
46800,24
46801,1
46801,13
46804,5
46805,1
46805,15
46805,2
46806,1
46806,5
46806,11
46807,1
46807,7
46807,17
46808,1
46808,7
46808,11
46809,8
46809,27
46810,1
46810,17
46811,23
46812,1
46812,7
46813,1
46815,1
46815,4
46815,15
46815,13
46816,16
46816,4
46816,8
46817,1
46817,7
46819,7
46821,23
46822,25
46823,23
46824,1
46824,6
46824,11
46825,11
46826,16
46828,16
46828,8
46828,13
46829,4
46829,8
46829,25
46831,1
46831,16
46831,7
46832,1
46832,7
46834,5
46836,24
46837,16
46838,1
46838,22
46840,23
46840,24
46841,13
46841,7
46841,17
46842,1
46842,7
46842,22
46843,1
46843,22
46844,16
46844,7
46844,22
46845,16
46845,7
46845,22
46846,7
46846,22
46847,1
46847,22
46848,23
46849,16
46849,8
46849,13
46850,1
46850,16
46850,7
46852,1
46852,15
46852,7
46852,17
46853,16
46853,15
46854,8
46854,15
46854,10
46855,15
46855,7
46856,15
46857,15
46857,22
46858,16
46858,15
46859,15
46859,5
46860,15
46861,16
46861,15
46861,13
46862,1
46862,16
46862,7
46864,1
46864,16
46864,7
46865,16
46865,4
46865,8
46866,1
46866,13
46866,7
46867,4
46867,13
46867,17
46868,1
46868,7
46868,18
46872,22
46873,22
46880,1
46881,13
46881,7
46881,17
46884,1
46884,14
46884,10
46887,5
46888,16
46888,22
46889,5
46890,4
46890,11
46891,1
46891,7
46891,11
46893,2
46894,2
46895,1
46895,2
46897,1
46897,5
46898,5
46898,24
46899,7
46900,1
46900,4
46900,5
46901,16
46901,7
46902,1
46902,16
46903,10
46904,16
46904,8
46904,27
46905,11
46905,25
46909,23
46909,24
46911,16
46912,8
46912,23
46912,24
46913,1
46914,1
46914,16
46916,1
46917,1
46917,14
46917,22
46918,16
46920,22
46921,1
46921,4
46921,8
46922,11
46922,17
46922,22
46923,8
46923,15
46923,27
46923,13
46924,16
46924,4
46924,15
46924,13
46926,1
46926,3
46927,1
46928,1
46928,7
46928,18
46930,1
46930,4
46930,3
46931,1
46931,16
46932,1
46932,5
46932,3
46933,11
46934,1
46934,17
46935,1
46935,16
46935,3
46936,1
46936,5
46936,11
46937,1
46937,3
46938,1
46938,4
46938,5
46939,4
46939,5
46939,3
46940,1
46940,7
46940,3
46941,15
46941,2
46942,1
46942,5
46942,3
46944,16
46945,16
46945,17
46946,1
46947,1
46947,4
46947,5
46948,1
46948,16
46950,8
46950,15
46951,15
46951,13
46952,24
46953,1
46953,4
46953,5
46955,13
46955,7
46955,11
46956,18
46957,1
46957,4
46957,7
46958,16
46958,12
46959,1
46959,10
46959,7
46960,1
46960,3
46960,11
46961,4
46961,3
46961,11
46962,1
46962,7
46964,1
46964,7
46964,12
46965,1
46965,3
46966,16
46966,15
46966,2
46967,16
46968,15
46968,13
46969,8
46969,15
46969,13
46969,7
46970,1
46971,1
46971,6
46971,3
46972,1
46972,3
46972,11
46973,15
46973,13
46974,18
46975,17
46976,16
46977,1
46977,14
46978,1
46979,16
46980,27
46980,21
46982,10
46983,8
46983,15
46983,13
46984,1
46984,7
46984,17
46985,23
46985,24
46986,1
46986,7
46988,23
46989,16
46990,6
46990,3
46993,26
46994,25
46995,5
46996,16
46999,25
47000,16
47000,27
47003,24
47004,16
47005,22
47007,16
47008,1
47009,16
47009,13
47009,6
47010,8
47010,14
47010,13
47011,3
47011,11
47011,17
47012,4
47012,8
47012,15
47013,4
47013,8
47013,15
47013,13
47014,1
47014,16
47015,8
47015,27
47017,1
47018,1
47019,1
47019,5
47020,1
47020,5
47020,3
47022,1
47022,5
47023,1
47024,27
47024,2
47025,16
47025,7
47025,28
47026,1
47026,16
47029,16
47030,27
47033,16
47033,15
47033,7
47034,15
47035,16
47038,1
47038,14
47038,7
47039,5
47039,11
47039,17
47041,1
47041,18
47042,1
47045,8
47045,24
47046,16
47046,11
47046,17
47049,16
47052,8
47052,15
47052,13
47053,4
47053,8
47054,8
47054,13
47055,22
47056,4
47056,8
47056,15
47056,13
47057,10
47058,1
47058,16
47059,1
47059,5
47059,3
47060,16
47061,1
47061,3
47063,16
47064,8
47064,21
47064,11
47065,11
47065,17
47065,9
47067,23
47067,24
47068,1
47068,13
47070,4
47070,7
47070,17
47072,1
47072,14
47072,7
47075,4
47075,8
47075,15
47075,13
47076,14
47077,24
47078,16
47078,15
47078,13
47078,7
47079,4
47079,8
47079,15
47079,2
47080,1
47081,4
47081,8
47081,13
47083,25
47086,22
47088,23
47088,24
47089,7
47092,16
47093,1
47093,5
47095,18
47095,17
47096,16
47096,15
47096,13
47097,16
47098,27
47099,1
47099,5
47099,11
47100,15
47100,13
47101,2
47103,1
47104,16
47105,7
47106,1
47106,5
47106,11
47107,16
47108,1
47108,23
47108,7
47110,1
47110,5
47110,11
47112,16
47113,1
47114,16
47114,8
47114,27
47115,27
47115,5
47115,11
47116,8
47116,24
47117,1
47118,16
47118,8
47118,13
47119,1
47119,17
47120,1
47121,1
47121,16
47121,14
47123,1
47123,16
47123,7
47124,26
47125,16
47126,1
47126,23
47127,11
47127,12
47128,17
47129,1
47129,16
47131,10
47134,25
47134,17
47135,24
47137,16
47137,10
47138,7
47139,1
47139,5
47139,3
47140,23
47141,7
47143,1
47143,5
47143,11
47144,16
47149,1
47149,3
47150,5
47151,16
47151,8
47151,13
47152,7
47154,15
47154,27
47155,16
47156,1
47156,7
47157,1
47159,16
47159,13
47159,22
47160,16
47160,4
47160,8
47161,4
47164,16
47165,16
47165,15
47165,13
47166,17
47167,1
47167,11
47168,5
47171,1
47171,21
47171,11
47172,16
47174,5
47175,16
47176,22
47177,25
47179,22
47181,16
47182,16
47183,23
47184,1
47184,7
47185,1
47185,14
47186,1
47188,16
47189,1
47189,11
47190,16
47191,1
47192,5
47194,5
47194,3
47194,11
47195,21
47195,17
47197,23
47199,1
47199,6
47200,1
47201,1
47201,16
47201,15
47202,16
47203,15
47203,27
47203,13
47204,15
47204,10
47205,25
47206,27
47207,1
47207,7
47207,11
47208,1
47208,4
47208,5
47209,1
47209,16
47210,1
47210,16
47210,7
47211,1
47211,3
47212,1
47212,16
47215,16
47217,16
47219,23
47220,27
47221,27
47221,14
47221,13
47223,27
47224,5
47225,15
47226,10
47227,16
47228,17
47229,1
47229,18
47230,1
47230,5
47230,11
47231,25
47235,4
47235,5
47238,4
47238,5
47242,1
47242,7
47242,17
47243,1
47243,3
47246,24
47247,16
47248,1
47248,5
47248,3
47249,1
47249,3
47251,8
47251,22
47252,18
47253,8
47253,15
47256,1
47256,3
47257,21
47257,17
47258,1
47258,6
47258,3
47259,1
47259,5
47260,16
47262,23
47263,16
47263,8
47263,13
47264,11
47265,5
47266,5
47267,16
47268,16
47268,27
47269,4
47269,13
47271,4
47271,8
47271,2
47279,1
47279,17
47284,10
47285,10
47286,25
47287,1
47287,5
47287,11
47288,4
47288,8
47288,15
47288,2
47290,27
47291,16
47291,4
47291,8
47291,15
47292,16
47292,15
47292,14
47293,16
47293,15
47293,14
47294,8
47294,15
47294,27
47294,17
47296,14
47296,26
47297,25
47300,1
47301,1
47301,16
47302,16
47302,8
47302,15
47302,27
47303,15
47304,1
47305,1
47305,16
47305,7
47307,1
47307,7
47307,17
47308,10
47313,16
47313,5
47314,18
47315,18
47316,22
47317,16
47319,1
47319,7
47322,10
47326,27
47327,27
47328,27
47331,7
47337,1
47339,23
47341,1
47341,17
47342,16
47343,1
47343,8
47345,1
47345,7
47346,22
47347,16
47348,16
47349,24
47349,17
47353,8
47353,3
47353,9
47355,1
47355,21
47357,1
47357,5
47359,5
47360,27
47361,16
47361,4
47362,1
47362,7
47363,1
47363,16
47363,7
47364,4
47364,7
47364,17
47366,8
47366,25
47367,16
47367,22
47369,23
47369,24
47370,1
47370,3
47371,1
47371,5
47373,5
47373,11
47378,16
47378,27
47378,14
47379,1
47379,16
47386,16
47387,1
47387,4
47387,17
47389,17
47391,27
47392,27
47392,22
47396,1
47396,5
47396,11
47397,1
47397,7
47397,17
47398,17
47400,25
47401,27
47402,1
47402,16
47402,5
47403,25
47406,10
47409,16
47410,25
47411,16
47412,16
47413,27
47414,5
47415,1
47416,1
47416,21
47416,17
47417,16
47417,27
47417,10
47418,1
47418,14
47418,7
47419,23
47424,1
47424,5
47425,5
47427,16
47427,27
47428,16
47429,16
47429,27
47429,13
47431,17
47432,16
47433,1
47433,14
47433,7
47435,16
47435,24
47436,5
47437,18
47439,1
47439,16
47439,7
47440,25
47442,17
47447,1
47448,1
47448,16
47451,4
47451,8
47451,5
47453,1
47454,24
47455,5
47455,11
47456,27
47457,23
47458,23
47460,22
47461,23
47463,1
47463,16
47464,1
47464,7
47464,21
47465,22
47469,4
47469,8
47469,15
47469,13
47470,16
47470,15
47470,7
47472,16
47472,15
47472,13
47472,28
47473,16
47475,16
47475,6
47475,12
47476,16
47477,1
47477,16
47480,3
47480,11
47482,17
47483,27
47483,14
47484,16
47484,8
47484,2
47485,1
47485,21
47488,17
47490,18
47493,5
47494,1
47495,1
47495,8
47495,21
47496,4
47496,8
47496,21
47497,1
47497,21
47498,5
47499,8
47499,24
47500,1
47500,24
47501,4
47501,5
47501,3
47503,8
47503,23
47503,24
47504,16
47505,1
47505,7
47506,16
47507,15
47507,7
47507,28
47508,5
47509,15
47509,10
47510,1
47510,21
47511,8
47511,21
47512,4
47512,5
47513,1
47513,21
47514,1
47514,21
47515,16
47516,1
47516,21
47517,1
47518,16
47520,16
47520,15
47520,17
47521,1
47521,16
47521,15
47521,7
47523,10
47526,16
47526,11
47527,27
47528,1
47528,14
47529,27
47529,10
47530,1
47530,13
47532,25
47533,1
47533,16
47533,7
47535,1
47535,7
47536,15
47536,2
47537,16
47537,4
47537,15
47539,8
47539,21
47540,27
47540,14
47540,10
47542,10
47543,4
47543,15
47543,6
47543,12
47544,16
47544,15
47545,12
47547,27
47549,1
47549,16
47549,5
47550,1
47550,16
47556,17
47557,1
47561,16
47561,27
47562,1
47562,7
47563,1
47563,21
47563,17
47564,16
47564,13
47564,7
47565,16
47566,1
47566,4
47566,5
47567,15
47567,10
47568,1
47568,16
47568,22
47570,1
47570,16
47570,15
47571,16
47571,15
47571,27
47571,2
47572,16
47572,15
47573,16
47573,27
47576,16
47576,27
47577,1
47577,7
47577,22
47578,10
47578,24
47579,16
47579,7
47579,26
47580,5
47581,17
47583,1
47584,16
47585,1
47586,1
47586,16
47586,5
47588,1
47589,16
47589,15
47589,7
47589,2
47590,15
47590,2
47591,4
47591,8
47591,15
47591,2
47592,15
47592,27
47593,16
47593,4
47593,8
47593,15
47594,4
47594,15
47594,2
47595,27
47599,16
47603,16
47604,16
47605,16
47605,10
47606,1
47606,5
47607,24
47607,17
47608,1
47608,7
47608,21
47610,11
47611,1
47611,7
47611,17
47612,16
47613,1
47613,7
47613,11
47614,1
47614,21
47615,16
47616,1
47616,21
47617,1
47617,5
47617,3
47618,16
47620,1
47620,21
47620,17
47621,23
47624,1
47624,4
47625,4
47625,3
47627,16
47627,8
47627,15
47627,2
47629,10
47630,1
47630,7
47633,16
47634,16
47634,23
47635,16
47636,16
47637,16
47637,27
47637,13
47638,16
47640,22
47643,5
47643,11
47646,1
47649,5
47651,14
47651,22
47652,14
47652,22
47653,4
47653,14
47653,22
47654,5
47655,8
47655,24
47655,17
47656,16
47656,8
47656,15
47657,16
47657,8
47657,15
47658,16
47658,15
47659,16
47659,15
47659,13
47661,1
47661,10
47663,21
47663,17
47664,1
47664,21
47665,1
47665,21
47666,5
47666,11
47667,1
47667,16
47667,7
47668,1
47668,16
47668,7
47669,1
47669,16
47669,7
47670,1
47670,7
47672,10
47672,17
47673,16
47673,24
47675,16
47676,16
47677,23
47678,8
47678,24
47680,1
47680,5
47682,27
47683,21
47684,23
47685,1
47685,3
47687,27
47688,1
47691,25
47692,14
47693,4
47693,8
47693,22
47696,1
47696,4
47697,23
47697,14
47697,10
47698,1
47698,16
47699,13
47699,7
47699,17
47700,16
47700,14
47701,1
47701,28
47702,1
47702,5
47703,14
47704,16
47705,14
47707,1
47707,5
47708,16
47709,27
47710,1
47710,15
47710,7
47710,11
47711,1
47711,14
47712,10
47713,1
47714,1
47714,5
47715,5
47715,3
47715,11
47716,8
47716,15
47717,17
47718,16
47718,8
47718,15
47718,13
47719,4
47719,15
47719,13
47721,16
47722,1
47723,1
47723,3
47724,23
47726,5
47729,1
47729,21
47733,16
47733,15
47734,23
47735,16
47735,15
47736,4
47736,15
47737,1
47737,21
47738,1
47738,21
47739,8
47739,24
47740,8
47741,22
47742,1
47747,26
47748,26
47754,1
47755,1
47755,4
47755,15
47756,4
47756,15
47756,13
47756,6
47757,10
47759,25
47760,25
47761,26
47763,17
47764,23
47765,8
47765,24
47766,1
47767,5
47769,27
47772,27
47774,1
47775,10
47777,10
47778,1
47778,7
47778,17
47781,25
47783,16
47783,13
47784,16
47787,16
47787,27
47789,10
47790,25
47790,24
47791,1
47791,16
47793,1
47793,4
47793,20
47794,1
47794,7
47795,1
47795,4
47795,20
47796,1
47796,8
47796,5
47797,1
47797,14
47799,1
47800,16
47801,27
47803,15
47803,27
47804,15
47804,27
47805,1
47805,16
47805,5
47806,15
47806,27
47807,24
47808,15
47808,13
47808,7
47809,16
47809,15
47809,10
47810,4
47810,24
47810,22
47811,16
47811,10
47814,14
47816,16
47817,23
47818,10
47819,16
47826,1
47834,1
47835,1
47835,16
47835,7
47836,1
47836,5
47837,1
47838,1
47838,16
47838,5
47840,5
47844,1
47844,11
47845,4
47845,8
47849,1
47849,2
47849,21
47850,15
47850,27
47853,10
47854,27
47855,1
47855,6
47855,11
47856,1
47856,4
47856,3
47859,4
47859,2
47861,13
47861,2
47865,16
47866,4
47866,13
47866,2
47868,15
47868,27
47871,13
47875,1
47875,7
47875,28
47876,1
47876,4
47877,16
47877,4
47878,8
47878,14
47879,8
47879,15
47879,2
47879,17
47880,22
47881,16
47881,27
47883,16
47884,4
47884,15
47884,12
47890,10
47891,1
47891,16
47891,6
47892,14
47892,10
47898,4
47898,2
47900,2
47902,16
47902,15
47904,1
47906,2
47906,12
47908,16
47910,1
47911,1
47911,7
47911,3
47912,1
47912,7
47912,17
47917,17
47918,1
47919,16
47919,4
47919,15
47919,17
47920,16
47924,1
47924,16
47924,7
47925,1
47925,3
47925,11
47928,4
47928,8
47928,11
47929,1
47929,4
47929,5
47930,8
47930,23
47930,24
47931,5
47934,1
47934,3
47935,5
47937,16
47939,25
47940,1
47940,4
47940,5
47941,1
47943,1
47943,21
47945,1
47945,21
47946,1
47946,21
47947,4
47947,8
47947,13
47948,10
47949,16
47950,16
47952,16
47953,1
47954,1
47955,5
47956,21
47960,1
47960,21
47961,5
47962,21
47963,1
47963,8
47963,15
47963,17
47964,1
47964,7
47964,17
47965,1
47965,4
47965,5
47967,22
47968,6
47968,3
47969,8
47970,16
47971,7
47972,1
47972,11
47973,1
47974,5
47975,1
47975,7
47976,25
47976,24
47979,1
47979,4
47979,5
47980,11
47985,1
47988,8
47988,27
47989,1
47989,16
47990,22
47991,23
47991,24
47992,1
47992,17
47995,27
47998,16
47999,16
48000,6
48001,11
48002,26
48003,12
48004,16
48006,1
48006,5
48006,3
48007,26
48008,23
48009,25
48010,16
48011,16
48012,16
48013,1
48015,16
48016,6
48016,12
48017,26
48018,1
48019,1
48022,1
48022,3
48030,16
48032,15
48032,27
48034,1
48035,17
48037,1
48037,5
48037,11
48039,16
48041,8
48041,27
48041,13
48042,8
48043,16
48043,8
48043,15
48043,2
48045,22
48046,22
48047,7
48048,27
48048,13
48049,4
48049,5
48050,1
48050,7
48053,16
48054,1
48054,7
48056,14
48057,1
48057,5
48059,1
48059,3
48059,11
48062,23
48065,1
48065,7
48067,18
48070,6
48070,3
48073,17
48073,22
48074,17
48075,1
48075,16
48077,16
48078,1
48078,5
48078,11
48079,16
48080,19
48081,27
48082,16
48082,8
48082,15
48082,13
48083,15
48083,27
48084,1
48086,17
48089,27
48090,4
48090,8
48090,2
48094,6
48094,12
48095,16
48095,23
48096,27
48097,16
48097,4
48097,5
48100,1
48100,16
48100,4
48101,1
48101,6
48102,1
48102,3
48103,1
48103,16
48104,1
48104,13
48104,7
48105,1
48105,16
48105,11
48106,1
48106,16
48106,7
48107,1
48107,11
48108,8
48108,13
48108,12
48109,1
48109,16
48109,14
48110,1
48110,14
48111,5
48111,11
48111,19
48112,1
48112,7
48112,3
48113,1
48113,11
48114,1
48114,5
48116,1
48119,1
48119,4
48119,11
48120,1
48120,11
48121,27
48122,1
48122,16
48123,16
48124,1
48126,16
48127,6
48128,1
48128,14
48128,11
48132,27
48133,16
48133,27
48133,14
48134,16
48134,8
48134,23
48135,1
48135,7
48136,4
48137,1
48137,7
48138,1
48138,7
48139,1
48141,5
48142,23
48143,8
48143,24
48145,16
48146,16
48147,1
48147,5
48150,1
48150,5
48150,6
48151,16
48151,14
48152,8
48152,27
48152,25
48153,27
48154,16
48154,7
48155,27
48156,27
48158,16
48158,7
48159,1
48160,24
48160,17
48161,1
48161,7
48161,17
48162,16
48162,13
48162,7
48166,16
48166,15
48166,7
48167,27
48168,1
48168,7
48168,3
48170,17
48172,8
48172,13
48172,7
48173,1
48173,7
48174,16
48176,16
48176,2
48177,25
48178,1
48180,7
48180,11
48180,17
48182,16
48184,5
48184,11
48185,1
48185,3
48185,11
48186,5
48187,16
48187,7
48189,1
48189,7
48190,27
48192,1
48192,7
48193,1
48193,11
48194,16
48196,27
48198,23
48199,17
48200,1
48200,16
48200,7
48202,23
48203,23
48203,24
48204,23
48205,23
48208,16
48209,27
48212,17
48215,1
48215,11
48216,7
48218,1
48218,11
48219,16
48220,16
48221,17
48222,17
48223,17
48225,17
48227,24
48228,16
48229,18
48230,1
48230,7
48231,16
48233,1
48233,16
48234,1
48235,1
48236,16
48237,16
48237,22
48238,16
48238,14
48241,1
48241,3
48242,5
48248,10
48256,16
48257,17
48258,21
48258,17
48259,17
48260,1
48260,7
48261,1
48261,21
48261,9
48263,16
48264,1
48265,14
48266,16
48266,15
48267,4
48267,2
48267,3
48268,16
48268,7
48269,1
48269,13
48269,6
48271,2
48272,22
48273,8
48273,10
48273,2
48274,1
48274,16
48274,7
48275,8
48275,15
48275,11
48275,12
48276,1
48276,5
48276,11
48277,1
48278,1
48278,14
48278,7
48279,1
48280,8
48280,11
48281,16
48281,10
48282,16
48283,1
48285,15
48285,13
48285,10
48286,4
48286,8
48286,15
48286,13
48287,27
48288,16
48289,1
48289,3
48290,16
48291,16
48291,8
48291,14
48292,6
48292,3
48292,12
48294,27
48300,1
48300,7
48301,1
48301,2
48301,3
48303,1
48303,7
48304,1
48304,16
48304,7
48305,17
48306,1
48306,16
48306,7
48308,1
48308,16
48308,7
48309,1
48309,7
48310,11
48311,27
48311,14
48312,1
48312,16
48312,5
48313,16
48314,1
48314,16
48314,5
48315,1
48315,5
48316,1
48316,5
48316,11
48317,16
48320,1
48320,14
48322,1
48322,16
48323,16
48324,16
48325,16
48326,27
48327,4
48327,5
48327,3
48328,1
48328,7
48328,18
48329,1
48329,7
48330,1
48330,7
48331,1
48331,8
48331,5
48332,1
48332,7
48332,3
48334,24
48335,26
48336,1
48336,7
48337,1
48337,7
48338,1
48338,7
48339,2
48339,3
48339,11
48341,25
48342,16
48342,2
48343,16
48343,3
48346,10
48347,1
48347,13
48348,4
48348,7
48348,2
48354,1
48354,7
48355,16
48356,1
48356,7
48360,25
48360,24
48362,1
48362,3
48362,9
48364,7
48364,2
48366,1
48366,19
48367,1
48367,4
48367,3
48370,16
48371,27
48372,18
48374,10
48375,16
48375,8
48375,24
48376,16
48377,16
48378,1
48378,16
48379,1
48379,3
48381,1
48381,16
48383,1
48383,4
48383,11
48384,1
48384,5
48385,27
48387,1
48387,18
48388,23
48389,22
48390,1
48391,17
48393,1
48393,11
48394,16
48394,15
48395,16
48395,15
48395,12
48396,1
48396,16
48396,7
48397,16
48397,15
48397,6
48397,12
48398,4
48398,15
48398,11
48398,12
48400,3
48402,16
48403,16
48404,1
48404,7
48404,22
48407,25
48408,27
48409,5
48410,17
48412,24
48412,17
48415,7
48416,1
48416,17
48417,21
48417,17
48418,25
48419,1
48419,7
48419,17
48420,1
48420,5
48421,16
48422,1
48422,16
48423,23
48424,27
48425,25
48426,10
48428,1
48428,5
48428,3
48430,1
48430,7
48431,1
48431,16
48433,1
48437,1
48438,22
48439,21
48439,17
48441,4
48441,8
48441,15
48441,13
48442,1
48442,16
48444,1
48444,7
48444,17
48445,1
48445,16
48445,7
48446,16
48447,4
48447,8
48447,15
48447,13
48448,1
48449,16
48450,4
48450,15
48450,6
48450,12
48451,13
48451,7
48451,11
48456,27
48457,1
48457,16
48458,23
48459,16
48459,14
48461,1
48461,5
48462,16
48464,1
48464,7
48465,1
48465,23
48465,7
48466,7
48469,1
48469,16
48469,7
48470,27
48470,13
48471,6
48472,1
48472,16
48474,4
48474,8
48474,15
48475,1
48475,7
48479,25
48480,25
48481,16
48482,1
48482,6
48483,15
48483,10
48484,16
48485,1
48485,16
48486,1
48487,1
48487,16
48490,5
48490,11
48491,16
48491,14
48492,16
48493,25
48494,27
48495,1
48495,5
48497,10
48498,25
48499,22
48502,23
48503,5
48504,5
48506,1
48506,16
48506,15
48506,22
48507,1
48507,4
48507,8
48508,1
48508,7
48509,1
48509,7
48510,1
48510,7
48512,2
48512,3
48512,11
48513,23
48513,24
48515,4
48517,16
48517,15
48518,15
48518,2
48518,11
48519,1
48519,14
48520,1
48520,4
48520,5
48521,1
48522,1
48522,17
48523,1
48523,7
48524,16
48524,15
48524,12
48525,5
48526,27
48527,1
48527,7
48528,1
48528,7
48530,8
48530,15
48530,12
48531,23
48532,16
48533,1
48533,16
48533,7
48535,27
48535,23
48536,27
48537,27
48538,27
48539,5
48542,5
48543,16
48543,10
48543,28
48544,16
48544,4
48544,15
48544,2
48545,1
48546,8
48546,25
48547,1
48547,15
48548,4
48548,8
48548,15
48548,2
48549,1
48549,7
48550,4
48550,5
48550,3
48551,1
48551,3
48552,1
48557,1
48557,7
48558,7
48558,2
48559,16
48560,16
48561,16
48562,23
48563,26
48564,26
48565,1
48565,7
48566,16
48566,7
48568,21
48568,17
48569,17
48573,10
48576,2
48576,3
48577,16
48577,8
48577,10
48580,1
48580,7
48581,1
48581,16
48581,7
48582,1
48583,27
48584,27
48587,16
48587,8
48587,27
48588,1
48589,8
48589,27
48589,2
48590,1
48590,5
48590,3
48591,5
48591,11
48592,16
48594,16
48595,1
48595,16
48595,7
48596,15
48596,27
48598,27
48599,16
48600,16
48603,16
48605,25
48605,17
48607,15
48608,16
48608,11
48609,1
48609,4
48609,5
48611,10
48612,1
48613,16
48614,21
48614,17
48616,1
48616,7
48616,11
48618,16
48619,1
48619,3
48620,16
48622,1
48622,16
48623,12
48624,1
48625,1
48626,1
48626,7
48627,16
48628,1
48628,7
48629,1
48629,7
48630,1
48630,7
48631,1
48631,5
48633,22
48635,1
48635,16
48635,7
48639,25
48640,16
48640,27
48640,2
48641,16
48643,16
48644,1
48644,5
48644,3
48646,1
48646,7
48647,1
48647,2
48647,3
48648,17
48650,1
48650,5
48651,16
48651,13
48651,7
48652,1
48652,5
48654,1
48654,17
48655,23
48655,24
48656,1
48656,7
48656,17
48657,1
48657,8
48658,11
48659,27
48660,15
48661,1
48661,7
48662,27
48663,27
48664,27
48665,16
48665,27
48666,27
48667,16
48667,27
48668,1
48668,4
48668,5
48669,1
48669,7
48669,17
48670,1
48670,7
48671,16
48671,15
48672,8
48672,2
48673,4
48673,15
48673,2
48673,21
48674,6
48674,12
48675,16
48675,7
48678,21
48678,17
48681,1
48681,7
48686,1
48686,7
48687,1
48687,11
48688,16
48689,4
48689,15
48689,2
48690,15
48690,2
48692,8
48692,10
48696,6
48696,3
48696,12
48698,1
48698,4
48698,3
48701,16
48702,16
48702,14
48702,10
48704,1
48704,7
48705,1
48705,4
48706,4
48706,15
48706,2
48707,5
48707,11
48708,13
48709,1
48711,23
48715,16
48716,16
48716,27
48717,27
48720,16
48720,7
48723,23
48724,24
48725,16
48725,7
48726,24
48727,1
48727,4
48727,5
48728,16
48729,27
48729,10
48730,1
48731,1
48732,1
48732,16
48732,28
48733,25
48734,27
48734,25
48735,27
48739,5
48739,11
48740,8
48740,7
48742,17
48745,1
48746,10
48748,1
48748,3
48748,11
48749,1
48749,14
48750,1
48750,16
48751,1
48751,16
48752,1
48752,16
48753,16
48757,10
48758,10
48761,27
48764,14
48765,5
48768,25
48769,23
48770,16
48770,7
48771,1
48771,16
48771,7
48772,1
48772,16
48772,7
48773,1
48773,5
48774,1
48774,8
48775,23
48776,1
48776,5
48776,3
48777,16
48777,27
48779,1
48779,7
48780,1
48780,5
48780,11
48781,1
48781,14
48782,8
48782,15
48782,13
48784,8
48784,27
48784,10
48785,1
48785,3
48785,11
48787,4
48787,8
48787,15
48787,13
48788,26
48789,1
48789,7
48790,16
48791,16
48793,4
48793,8
48793,15
48793,13
48794,23
48795,5
48796,1
48796,16
48796,7
48797,1
48797,7
48797,17
48798,1
48799,1
48799,7
48801,10
48802,7
48802,11
48802,17
48804,22
48805,16
48806,1
48806,27
48806,22
48807,22
48809,7
48810,1
48810,17
48811,1
48811,13
48811,7
48812,8
48812,15
48812,7
48812,17
48813,1
48813,4
48813,9
48814,1
48814,16
48814,7
48815,4
48815,15
48815,2
48815,11
48816,1
48816,16
48816,7
48817,1
48817,5
48817,11
48818,1
48818,7
48819,1
48819,5
48819,7
48820,1
48820,16
48820,7
48821,11
48821,17
48824,1
48824,16
48824,7
48826,24
48827,24
48828,22
48829,3
48829,12
48830,16
48830,5
48830,11
48832,22
48833,25
48834,16
48834,7
48834,17
48835,1
48835,21
48835,17
48837,16
48837,10
48837,7
48842,16
48843,23
48843,24
48846,16
48847,1
48847,5
48847,3
48848,1
48848,11
48849,16
48849,23
48849,7
48850,1
48850,5
48852,1
48852,11
48853,1
48853,7
48854,1
48854,4
48854,5
48855,16
48855,15
48855,13
48856,5
48857,16
48858,4
48858,15
48858,13
48859,15
48859,13
48860,7
48860,17
48861,1
48861,4
48861,3
48862,1
48862,4
48862,3
48863,16
48864,7
48866,24
48867,7
48869,16
48869,15
48869,13
48869,7
48870,16
48870,4
48870,15
48870,12
48871,15
48871,10
48871,7
48872,16
48874,16
48874,7
48874,11
48876,10
48879,16
48879,22
48880,1
48880,7
48881,1
48881,7
48881,22
48882,5
48883,16
48884,1
48884,21
48885,27
48887,1
48887,7
48888,16
48888,5
48888,11
48889,1
48889,5
48892,1
48892,7
48893,1
48893,5
48893,11
48894,1
48894,7
48895,7
48896,5
48896,11
48897,15
48897,10
48898,16
48898,4
48898,13
48899,7
48899,17
48901,16
48901,7
48901,17
48907,1
48907,10
48907,7
48908,16
48908,13
48908,7
48909,1
48910,16
48910,15
48911,16
48914,16
48914,27
48914,11
48916,1
48916,5
48916,3
48917,1
48917,7
48918,1
48918,28
48921,1
48921,7
48921,17
48922,4
48922,8
48922,13
48923,1
48923,7
48924,1
48924,13
48924,7
48925,1
48925,7
48929,1
48929,7
48929,22
48936,16
48937,16
48937,27
48938,1
48938,17
48940,27
48942,4
48942,15
48942,2
48943,1
48943,7
48944,1
48944,7
48945,4
48945,15
48945,2
48951,1
48951,16
48952,1
48952,21
48952,17
48953,1
48957,24
48959,1
48959,7
48960,1
48960,7
48961,1
48961,17
48962,1
48962,14
48963,1
48963,14
48964,1
48964,14
48966,1
48966,7
48967,1
48967,5
48967,11
48968,1
48968,14
48969,1
48969,7
48970,1
48970,14
48971,1
48971,5
48971,17
48972,1
48972,7
48974,1
48974,7
48977,8
48977,11
48978,7
48978,22
48979,10
48979,7
48980,4
48980,21
48980,17
48984,1
48984,7
48985,1
48986,16
48988,1
48988,16
48988,7
48989,16
48989,4
48989,13
48990,23
48991,1
48991,5
48991,3
48992,16
48995,16
48995,13
48995,7
48996,10
48996,7
48997,1
48997,16
48997,2
48998,1
48998,7
48998,17
48999,1
48999,17
49000,21
49000,17
49005,1
49005,7
49006,1
49006,5
49008,16
49008,13
49008,7
49009,1
49009,7
49009,22
49011,1
49011,5
49013,1
49015,4
49015,5
49015,11
49016,16
49016,13
49016,7
49017,1
49017,7
49018,1
49018,7
49019,22
49020,1
49020,16
49020,17
49021,1
49021,5
49021,3
49022,16
49023,4
49023,8
49023,27
49025,16
49025,8
49025,14
49026,4
49026,8
49026,15
49028,23
49029,27
49031,16
49034,25
49037,1
49037,7
49038,1
49038,4
49039,1
49039,7
49039,17
49040,1
49040,16
49041,1
49041,4
49041,2
49042,17
49044,16
49044,8
49044,14
49045,1
49045,2
49048,16
49048,8
49048,12
49050,15
49052,1
49052,4
49052,11
49053,1
49053,16
49053,5
49054,15
49055,1
49055,16
49055,5
49056,16
49056,7
49057,16
49057,8
49057,13
49058,15
49061,7
49064,25
49065,16
49065,15
49069,1
49069,14
49069,13
49071,4
49071,15
49071,13
49071,17
49072,4
49072,8
49072,13
49073,1
49073,7
49073,17
49075,1
49075,3
49075,28
49076,1
49076,6
49076,11
49077,1
49077,16
49077,7
49079,16
49079,5
49079,20
49082,1
49082,5
49082,11
49083,16
49083,15
49083,13
49083,17
49084,15
49084,28
49085,16
49085,13
49085,7
49086,1
49086,16
49086,7
49087,1
49087,3
49087,11
49088,1
49088,7
49088,11
49089,27
49094,16
49094,5
49097,16
49097,15
49097,22
49098,1
49098,4
49098,2
49100,25
49101,8
49101,24
49102,17
49103,25
49104,15
49106,26
49107,1
49107,16
49108,23
49108,24
49109,1
49109,14
49110,1
49110,17
49111,1
49111,16
49111,14
49112,16
49114,16
49115,16
49116,1
49116,5
49116,3
49117,1
49117,5
49118,1
49118,3
49118,9
49119,16
49119,27
49120,1
49120,7
49122,17
49123,1
49123,16
49123,7
49124,16
49124,24
49125,21
49125,17
49126,25
49126,17
49127,10
49128,16
49129,7
49130,1
49130,16
49131,1
49132,1
49132,5
49133,25
49133,24
49134,1
49136,16
49136,15
49137,11
49138,6
49140,16
49140,15
49141,4
49141,15
49141,13
49142,1
49142,16
49142,12
49143,8
49143,25
49144,25
49144,17
49145,16
49145,10
49146,1
49146,16
49146,3
49147,21
49147,17
49149,1
49149,16
49149,7
49150,4
49150,6
49150,2
49152,13
49152,7
49152,17
49153,16
49153,8
49153,7
49156,1
49156,7
49156,28
49157,1
49157,7
49158,7
49158,11
49159,16
49159,13
49159,7
49161,1
49161,3
49161,11
49163,1
49163,5
49163,11
49164,4
49164,15
49164,2
49165,1
49165,17
49166,1
49166,4
49166,5
49167,1
49167,7
49168,16
49170,12
49171,4
49171,8
49171,13
49172,14
49172,13
49172,10
49173,8
49173,7
49173,21
49175,16
49175,13
49175,7
49176,1
49176,4
49176,5
49178,6
49180,1
49180,4
49180,5
49181,5
49182,1
49182,4
49182,8
49183,15
49184,1
49185,16
49185,13
49185,7
49187,10
49188,16
49189,1
49189,13
49189,7
49190,4
49190,8
49190,2
49191,1
49191,16
49191,6
49192,5
49192,17
49193,6
49194,10
49195,16
49195,15
49198,4
49198,5
49198,7
49199,4
49199,5
49199,7
49200,5
49200,13
49200,3
49201,1
49201,16
49201,7
49202,1
49202,7
49204,4
49204,13
49204,7
49205,8
49205,14
49205,11
49206,4
49206,15
49206,13
49206,12
49207,10
49208,1
49208,5
49209,1
49210,16
49211,1
49211,21
49212,1
49212,5
49212,17
49213,1
49214,18
49217,5
49220,18
49221,1
49221,14
49221,7
49222,1
49222,8
49222,17
49223,16
49223,27
49225,1
49225,7
49226,4
49226,8
49226,15
49226,13
49227,18
49229,23
49230,6
49231,8
49231,24
49234,4
49234,3
49235,5
49236,1
49236,16
49236,23
49237,5
49238,1
49238,17
49239,4
49239,8
49239,15
49239,2
49240,1
49240,15
49241,1
49241,7
49244,1
49244,7
49245,1
49245,16
49245,7
49246,5
49247,1
49247,5
49247,3
49249,1
49249,4
49249,5
49251,16
49252,1
49252,16
49252,7
49253,1
49253,16
49254,1
49254,10
49254,7
49255,1
49255,5
49255,11
49256,1
49256,5
49256,7
49257,23
49258,4
49258,8
49258,15
49260,4
49260,3
49260,9
49261,1
49261,4
49261,13
49262,16
49262,15
49262,12
49263,4
49263,15
49263,13
49263,10
49264,4
49264,8
49264,11
49265,1
49267,12
49268,5
49268,11
49269,15
49270,6
49271,16
49271,6
49271,11
49272,1
49272,16
49272,7
49273,1
49274,1
49274,5
49280,1
49280,3
49281,1
49281,4
49281,22
49282,1
49282,16
49282,7
49284,1
49284,7
49284,17
49286,8
49286,15
49286,27
49289,17
49291,1
49291,6
49291,3
49292,2
49293,1
49293,5
49293,3
49294,27
49294,25
49294,17
49295,16
49295,7
49298,16
49298,14
49298,10
49299,1
49299,14
49299,19
49301,16
49301,4
49301,15
49301,13
49302,4
49302,8
49302,15
49302,13
49303,1
49303,16
49303,7
49306,1
49307,1
49307,8
49307,17
49308,16
49308,10
49308,12
49309,26
49313,16
49314,4
49314,15
49314,13
49314,17
49318,16
49320,26
49321,16
49321,7
49321,22
49322,1
49322,4
49322,7
49323,1
49324,1
49324,7
49324,22
49325,3
49326,16
49327,1
49327,3
49328,1
49328,5
49328,11
49329,1
49329,5
49329,11
49330,1
49330,7
49331,1
49331,7
49332,1
49332,5
49332,3
49333,4
49333,8
49333,2
49334,5
49334,3
49334,12
49335,18
49336,16
49337,8
49338,10
49339,17
49341,1
49343,1
49343,16
49343,7
49344,16
49346,1
49346,3
49346,11
49349,1
49349,16
49350,8
49350,5
49350,14
49351,1
49352,16
49353,21
49353,17
49355,1
49355,5
49356,1
49356,4
49356,5
49357,14
49359,11
49359,12
49362,27
49363,1
49363,14
49364,1
49364,7
49365,27
49366,16
49366,14
49367,1
49367,4
49367,8
49368,1
49368,8
49368,14
49369,25
49370,1
49370,7
49371,25
49372,5
49373,1
49373,7
49373,17
49375,1
49375,5
49376,1
49378,16
49380,1
49380,5
49380,3
49381,1
49381,3
49381,11
49382,1
49382,4
49382,13
49383,1
49383,5
49383,3
49384,24
49385,26
49387,16
49387,13
49387,7
49389,23
49391,1
49391,2
49392,3
49394,1
49394,3
49395,10
49396,1
49397,16
49398,1
49398,5
49398,3
49399,1
49399,16
49399,7
49400,1
49400,7
49403,1
49403,16
49403,7
49404,8
49404,3
49407,16
49407,5
49411,1
49412,1
49412,3
49414,1
49414,16
49414,5
49416,1
49416,5
49416,11
49417,1
49417,4
49417,5
49418,1
49419,16
49419,27
49422,5
49422,11
49423,1
49423,16
49424,4
49424,3
49424,9
49425,5
49425,22
49426,5
49429,1
49429,14
49430,1
49431,1
49431,8
49431,7
49432,1
49433,1
49433,4
49433,17
49435,1
49435,21
49436,1
49436,7
49437,1
49437,7
49437,17
49439,16
49440,16
49441,1
49441,4
49441,5
49442,1
49442,23
49442,7
49443,1
49443,5
49443,11
49444,1
49445,16
49446,16
49449,16
49453,16
49454,16
49455,1
49455,19
49456,4
49456,5
49456,3
49457,3
49457,11
49459,1
49459,16
49461,1
49463,16
49464,1
49464,7
49465,4
49465,5
49465,17
49466,1
49469,1
49469,7
49470,5
49471,4
49471,13
49471,2
49472,4
49472,5
49472,3
49473,16
49473,15
49474,1
49474,10
49474,7
49475,1
49475,14
49479,17
49480,1
49480,8
49480,2
49481,1
49482,1
49485,16
49485,15
49485,17
49485,12
49486,4
49486,15
49486,3
49486,12
49488,16
49489,16
49490,8
49490,24
49491,1
49491,16
49491,7
49492,1
49492,7
49493,5
49493,3
49494,1
49494,13
49494,7
49496,5
49498,1
49498,4
49500,23
49503,16
49504,1
49508,1
49508,3
49511,22
49515,1
49517,16
49517,26
49518,27
49519,16
49519,4
49519,2
49520,1
49520,17
49522,1
49523,16
49524,6
49524,3
49524,11
49525,1
49525,16
49526,5
49528,1
49528,7
49529,5
49530,17
49536,1
49536,10
49536,7
49537,1
49538,23
49539,5
49540,1
49540,5
49540,17
49543,16
49547,26
49549,1
49549,5
49549,17
49552,16
49552,8
49552,11
49553,1
49553,8
49553,14
49555,1
49555,8
49555,17
49556,5
49556,11
49561,16
49563,4
49563,15
49564,1
49564,4
49564,17
49565,1
49565,3
49567,1
49567,21
49569,5
49569,11
49569,19
49571,1
49572,1
49573,1
49573,21
49574,1
49574,5
49575,23
49576,8
49578,1
49578,3
49578,11
49579,25
49581,1
49581,16
49581,7
49582,7
49583,1
49583,2
49584,1
49584,13
49584,7
49585,4
49585,8
49585,15
49585,13
49586,1
49586,5
49587,8
49588,1
49589,1
49589,7
49589,17
49590,1
49590,14
49591,1
49591,16
49591,7
49594,10
49596,21
49596,17
49597,16
49597,6
49597,11
49598,16
49598,13
49598,7
49599,4
49599,8
49599,27
49600,1
49601,1
49601,21
49601,9
49602,16
49603,1
49603,5
49603,3
49604,1
49604,5
49604,3
49605,1
49605,5
49605,7
49606,1
49606,7
49607,8
49607,5
49607,9
49608,16
49609,25
49610,16
49610,27
49610,10
49611,27
49612,23
49613,1
49614,25
49614,17
49615,4
49615,8
49615,2
49616,1
49616,8
49616,13
49621,14
49622,1
49623,16
49623,14
49624,1
49624,16
49625,1
49628,27
49628,10
49629,16
49632,13
49632,7
49633,1
49633,4
49633,7
49645,1
49645,5
49646,1
49647,1
49649,1
49650,1
49650,5
49652,16
49652,4
49652,15
49652,13
49653,1
49653,15
49653,17
49653,12
49656,16
49656,8
49656,17
49657,24
49657,17
49658,24
49658,17
49659,24
49659,17
49661,6
49661,2
49662,1
49662,4
49662,8
49662,15
49663,1
49663,5
49664,17
49665,4
49665,8
49665,20
49666,8
49666,27
49666,14
49667,1
49667,8
49667,17
49668,1
49668,5
49669,1
49669,27
49670,1
49670,7
49671,16
49671,6
49672,1
49672,16
49672,2
49673,1
49673,6
49673,11
49675,16
49676,17
49677,8
49677,27
49678,1
49678,3
49679,5
49679,3
49679,11
49680,1
49680,5
49682,1
49682,17
49684,1
49685,16
49685,23
49686,1
49686,7
49687,1
49687,8
49687,3
49688,5
49688,11
49689,1
49690,4
49691,8
49691,5
49691,2
49692,1
49693,11
49693,9
49694,16
49695,16
49696,5
49696,11
49697,1
49697,7
49698,2
49699,22
49703,8
49703,27
49703,14
49704,8
49705,1
49706,1
49706,3
49708,16
49708,2
49710,1
49711,4
49712,1
49712,16
49713,16
49715,1
49715,3
49715,11
49716,1
49716,7
49717,7
49717,3
49717,11
49718,1
49718,5
49718,11
49719,27
49720,1
49720,16
49720,7
49721,16
49721,8
49721,27
49722,16
49722,27
49723,1
49723,16
49726,1
49727,16
49728,1
49729,22
49730,1
49730,5
49731,17
49732,15
49732,12
49733,15
49733,22
49734,14
49734,7
49735,16
49736,16
49738,16
49741,4
49741,8
49741,15
49741,13
49746,1
49746,5
49746,7
49747,16
49747,8
49749,1
49750,1
49750,3
49750,21
49751,16
49751,7
49752,1
49752,16
49752,7
49753,1
49753,7
49754,16
49754,27
49754,14
49755,16
49755,4
49755,8
49756,8
49756,27
49756,14
49757,16
49757,13
49757,7
49758,1
49758,16
49758,14
49760,1
49760,4
49760,5
49762,10
49764,1
49764,7
49764,3
49765,23
49766,16
49766,13
49768,16
49769,16
49772,10
49773,16
49773,7
49773,18
49774,16
49776,1
49777,1
49777,14
49777,7
49778,16
49778,2
49779,1
49779,5
49779,7
49780,1
49780,7
49781,4
49781,2
49781,12
49782,25
49783,21
49783,17
49787,16
49789,1
49789,21
49789,17
49791,16
49791,27
49791,10
49792,1
49792,7
49793,8
49793,25
49793,22
49795,5
49795,3
49797,16
49797,10
49797,7
49799,1
49799,2
49801,8
49801,25
49801,24
49802,16
49802,7
49803,1
49803,7
49806,16
49809,18
49814,16
49814,3
49814,11
49815,10
49816,1
49816,8
49816,22
49817,18
49818,17
49820,1
49820,6
49820,12
49821,1
49821,2
49822,10
49823,1
49823,7
49824,1
49824,7
49824,11
49825,16
49825,7
49825,12
49826,24
49827,16
49828,16
49831,6
49831,2
49836,10
49837,14
49837,7
49838,23
49840,1
49840,3
49840,11
49841,3
49841,12
49842,24
49843,16
49844,1
49844,7
49845,18
49847,10
49847,17
49849,1
49849,16
49849,14
49851,1
49851,13
49851,7
49852,1
49852,11
49853,1
49853,16
49853,7
49854,1
49855,1
49855,13
49855,7
49856,16
49858,8
49858,25
49858,22
49859,16
49860,8
49860,25
49860,22
49861,5
49861,11
49862,1
49862,7
49863,1
49863,16
49863,14
49864,16
49866,1
49866,5
49871,17
49872,7
49872,22
49873,5
49874,15
49874,22
49875,26
49875,22
49876,1
49876,16
49876,7
49877,1
49877,7
49879,28
49880,25
49881,5
49883,16
49883,24
49884,16
49884,7
49886,16
49887,3
49888,1
49888,11
49889,1
49889,17
49890,1
49891,16
49891,7
49893,17
49894,1
49894,3
49894,11
49896,1
49897,1
49898,16
49898,8
49898,10
49899,16
49901,5
49903,23
49904,22
49905,22
49906,23
49907,16
49908,22
49909,8
49909,11
49910,1
49911,1
49913,16
49913,27
49913,13
49914,1
49915,5
49916,15
49916,27
49916,23
49917,15
49917,27
49917,23
49918,17
49919,27
49920,1
49920,27
49923,1
49925,1
49926,1
49926,16
49927,24
49929,1
49929,7
49930,1
49930,16
49930,5
49931,1
49931,5
49932,22
49933,1
49933,2
49934,2
49935,18
49938,5
49939,4
49939,13
49939,7
49940,25
49940,17
49942,25
49943,2
49944,1
49945,1
49946,1
49946,5
49946,3
49948,1
49948,16
49948,7
49950,5
49951,16
49952,1
49952,16
49954,1
49955,1
49956,1
49956,16
49956,7
49957,1
49957,16
49958,16
49960,4
49960,3
49960,11
49961,16
49961,15
49961,7
49962,1
49962,10
49963,1
49964,1
49964,2
49964,11
49965,1
49965,2
49966,1
49966,7
49967,16
49969,1
49969,21
49970,1
49972,1
49972,7
49975,1
49978,23
49982,16
49983,16
49983,6
49984,1
49984,7
49985,16
49985,10
49986,1
49986,21
49986,9
49987,1
49987,5
49990,1
49990,15
49990,11
49990,12
49991,1
49991,13
49991,7
49992,16
49992,15
49993,1
49993,5
49993,3
49994,1
49994,10
49995,1
49995,14
49996,1
49996,3
49996,12
49997,4
49997,6
49997,11
49999,7
49999,3
49999,11
50000,14
50000,10
50000,7
50002,1
50003,1
50003,7
50004,1
50004,7
50004,17
50005,1
50005,16
50005,5
50006,16
50006,14
50007,1
50007,5
50007,3
50008,14
50008,13
50009,16
50009,14
50009,10
50010,10
50011,25
50012,23
50012,17
50013,17
50014,6
50014,3
50015,1
50016,1
50016,4
50016,7
50018,1
50018,7
50019,27
50019,14
50019,13
50020,1
50020,16
50020,5
50021,1
50021,7
50023,16
50023,14
50024,16
50025,1
50026,1
50026,7
50032,10
50034,1
50035,1
50035,17
50036,2
50036,3
50036,11
50039,4
50039,5
50039,3
50043,16
50044,1
50044,8
50046,23
50048,1
50049,16
50049,7
50050,1
50050,7
50051,1
50051,7
50053,16
50054,1
50054,7
50055,16
50056,16
50057,1
50058,1
50058,4
50058,2
50059,14
50059,25
50061,12
50062,1
50062,7
50062,3
50063,23
50064,16
50065,16
50067,23
50069,1
50069,16
50069,5
50070,1
50070,7
50070,11
50071,14
50071,25
50078,16
50079,1
50079,16
50080,1
50081,1
50081,21
50081,17
50082,1
50082,16
50082,7
50083,23
50086,23
50087,16
50087,8
50087,27
50088,6
50089,23
50089,24
50090,22
50091,10
50092,17
50095,5
50097,1
50097,8
50098,1
50098,8
50098,7
50101,1
50101,4
50101,5
50102,5
50103,16
50106,1
50106,16
50106,5
50108,1
50109,1
50109,5
50109,11
50110,3
50111,25
50112,1
50112,5
50114,16
50115,1
50115,4
50115,22
50116,1
50116,7
50116,11
50117,25
50117,22
50118,16
50118,27
50119,16
50120,27
50122,1
50123,15
50124,1
50124,6
50124,3
50125,16
50126,16
50126,27
50126,14
50127,1
50127,9
50128,1
50128,16
50130,1
50130,5
50130,3
50131,4
50131,21
50131,17
50133,1
50133,16
50134,8
50134,15
50134,13
50134,28
50135,16
50138,17
50139,1
50139,4
50139,5
50140,1
50140,4
50140,8
50141,1
50141,7
50142,1
50142,13
50144,1
50145,1
50145,16
50146,16
50146,7
50148,16
50148,7
50149,4
50149,8
50150,16
50151,17
50152,4
50152,8
50152,15
50153,4
50153,8
50153,15
50154,16
50154,8
50154,27
50155,16
50156,7
50157,1
50157,16
50164,1
50164,4
50164,5
50165,1
50165,22
50169,16
50169,7
50171,15
50172,16
50173,16
50173,8
50174,1
50174,16
50174,7
50175,13
50175,10
50175,7
50176,7
50176,3
50176,11
50177,1
50177,7
50178,1
50178,7
50181,1
50185,1
50185,8
50185,13
50188,16
50188,14
50189,17
50191,14
50192,14
50193,27
50193,14
50194,1
50194,5
50194,3
50195,14
50195,18
50197,1
50197,7
50201,1
50201,16
50202,1
50202,7
50203,16
50203,7
50203,11
50204,1
50204,6
50204,11
50205,1
50205,7
50206,1
50206,28
50207,1
50207,28
50208,1
50208,7
50209,16
50209,7
50210,8
50210,27
50210,13
50211,18
50212,18
50214,1
50214,5
50214,3
50216,23
50220,16
50220,28
50223,1
50223,7
50226,5
50226,7
50227,16
50227,7
50234,1
50234,4
50234,17
50235,1
50236,1
50236,16
50237,7
50238,1
50238,3
50241,25
50242,2
50242,3
50242,11
50245,23
50246,22
50247,1
50247,7
50249,4
50249,8
50250,1
50252,17
50254,16
50259,1
50259,7
50259,11
50264,1
50264,3
50267,16
50267,10
50268,16
50268,14
50268,13
50269,27
50269,13
50269,10
50270,1
50271,5
50274,1
50274,5
50274,11
50276,5
50279,27
50280,17
50285,16
50287,1
50287,6
50287,3
50288,22
50289,1
50290,23
50291,1
50291,5
50291,3
50292,1
50292,11
50293,1
50293,2
50293,3
50294,1
50294,17
50295,16
50295,10
50295,7
50297,16
50297,7
50298,5
50299,16
50299,10
50299,7
50300,16
50300,7
50304,22
50307,22
50308,22
50314,16
50315,10
50315,7
50316,16
50316,5
50317,16
50317,10
50320,1
50320,7
50320,21
50321,11
50322,3
50322,9
50323,17
50324,1
50324,16
50325,1
50325,10
50325,17
50326,27
50328,1
50328,16
50328,7
50329,1
50329,7
50332,27
50332,13
50333,1
50333,7
50333,17
50334,13
50334,7
50334,11
50335,1
50337,1
50337,17
50339,1
50339,5
50339,3
50340,16
50340,8
50340,7
50341,13
50341,10
50341,2
50342,16
50343,1
50343,7
50344,1
50344,16
50345,1
50345,5
50345,3
50346,6
50346,2
50347,1
50347,7
50348,1
50348,11
50349,11
50350,16
50350,7
50350,17
50351,1
50354,8
50354,15
50354,13
50355,5
50355,11
50357,1
50357,16
50358,16
50358,15
50360,25
50361,1
50361,5
50362,16
50362,15
50363,1
50363,5
50364,1
50364,5
50364,3
50368,1
50368,4
50368,5
50370,16
50370,7
50371,8
50371,5
50372,1
50372,8
50372,17
50373,16
50373,15
50373,13
50373,12
50374,1
50374,3
50379,15
50379,5
50379,11
50380,1
50380,5
50380,3
50382,1
50382,16
50386,1
50386,5
50386,11
50387,15
50387,3
50387,12
50390,15
50390,2
50392,15
50394,16
50394,11
50396,27
50397,1
50397,16
50398,15
50398,12
50399,1
50399,7
50400,1
50400,17
50401,1
50401,16
50402,16
50402,27
50404,16
50406,1
50406,3
50407,16
50408,1
50408,5
50408,11
50409,1
50409,7
50410,16
50410,10
50413,16
50413,23
50413,7
50414,1
50414,3
50415,1
50415,3
50415,9
50416,1
50417,5
50419,1
50419,7
50420,17
50421,16
50421,8
50423,27
50426,16
50426,8
50426,14
50428,1
50428,7
50429,1
50431,4
50431,21
50431,17
50432,1
50434,1
50434,16
50435,1
50441,1
50441,5
50442,8
50442,15
50443,5
50445,5
50446,4
50446,8
50446,25
50447,5
50448,8
50448,3
50448,25
50449,1
50449,19
50451,1
50451,16
50453,10
50454,10
50455,16
50455,27
50455,14
50456,1
50457,1
50457,7
50458,7
50459,1
50459,8
50459,15
50459,2
50460,24
50461,1
50461,4
50461,21
50462,27
50463,27
50464,1
50464,7
50465,7
50466,4
50466,3
50467,1
50467,7
50468,1
50468,7
50469,5
50469,3
50469,11
50470,1
50471,24
50472,21
50472,17
50473,1
50473,7
50473,11
50474,1
50475,16
50475,7
50476,1
50476,5
50476,11
50477,16
50477,7
50477,9
50478,1
50478,14
50478,7
50482,5
50485,1
50486,1
50486,7
50486,11
50490,16
50490,7
50493,15
50493,13
50495,26
50496,18
50498,1
50498,17
50499,1
50499,11
50502,11
50503,1
50504,1
50504,5
50505,16
50505,10
50506,1
50507,1
50507,8
50508,1
50508,7
50509,24
50510,2
50510,3
50510,11
50512,1
50512,5
50517,1
50517,7
50518,5
50518,11
50519,1
50520,16
50520,13
50520,10
50523,1
50523,7
50525,4
50525,15
50525,2
50525,12
50526,16
50527,1
50527,5
50527,3
50528,4
50528,15
50528,13
50530,7
50531,25
50534,1
50534,16
50534,22
50536,1
50541,16
50541,15
50541,7
50542,1
50544,1
50545,4
50545,8
50545,5
50546,1
50546,7
50547,1
50547,7
50547,11
50548,15
50548,7
50548,28
50549,15
50553,5
50554,16
50555,1
50555,16
50556,1
50556,7
50559,1
50559,6
50559,7
50560,1
50560,16
50561,1
50561,16
50563,4
50563,8
50563,15
50563,17
50566,16
50566,27
50566,14
50567,1
50567,16
50567,5
50568,16
50568,27
50568,14
50570,1
50575,15
50575,13
50576,1
50577,1
50577,14
50577,7
50578,16
50578,5
50579,16
50580,7
50581,7
50587,1
50587,16
50587,5
50588,16
50588,22
50589,1
50589,7
50590,8
50590,24
50591,1
50591,5
50596,1
50596,7
50599,1
50599,8
50599,9
50600,1
50600,14
50600,7
50603,16
50603,4
50603,2
50604,16
50605,5
50605,3
50605,11
50606,1
50606,4
50606,5
50607,16
50607,10
50607,7
50608,1
50608,7
50609,1
50609,7
50609,19
50610,1
50610,4
50610,7
50612,16
50613,16
50614,1
50614,5
50616,10
50619,1
50619,7
50619,17
50620,16
50620,8
50620,13
50621,25
50622,18
50623,22
50624,1
50624,5
50624,7
50625,1
50625,3
50627,16
50629,1
50630,1
50630,4
50631,1
50631,3
50633,16
50634,1
50634,4
50634,8
50635,8
50635,27
50635,13
50636,16
50637,1
50637,6
50637,3
50638,1
50638,5
50639,17
50640,10
50641,1
50641,7
50642,5
50642,3
50642,11
50643,1
50643,3
50644,16
50644,23
50644,24
50649,27
50651,1
50652,20
50653,1
50653,14
50653,13
50655,1
50655,5
50656,1
50657,1
50658,8
50658,27
50658,14
50659,1
50659,7
50660,1
50660,5
50661,5
50662,1
50663,1
50663,5
50663,11
50664,1
50664,3
50665,1
50666,1
50666,7
50667,1
50668,1
50668,10
50668,7
50669,1
50670,1
50670,7
50671,1
50671,7
50672,16
50672,7
50673,1
50673,5
50674,1
50674,7
50675,1
50676,10
50683,5
50684,16
50684,11
50685,1
50686,1
50687,1
50687,20
50688,1
50688,5
50688,3
50689,1
50690,1
50691,1
50691,4
50691,3
50692,1
50692,7
50695,1
50696,1
50696,5
50696,3
50697,1
50697,7
50698,8
50698,14
50698,17
50701,1
50701,8
50701,5
50702,1
50702,7
50703,1
50704,1
50704,16
50704,17
50705,1
50705,21
50706,22
50708,7
50708,17
50709,4
50709,15
50709,21
50710,16
50710,8
50710,15
50710,13
50711,16
50711,13
50711,7
50712,16
50712,15
50714,1
50714,4
50715,16
50715,4
50715,8
50715,15
50716,1
50717,1
50717,17
50718,1
50718,5
50719,1
50719,5
50720,1
50720,8
50720,5
50721,16
50721,17
50722,1
50722,5
50722,11
50725,1
50725,16
50727,1
50727,16
50727,5
50728,1
50728,16
50728,7
50730,1
50731,5
50731,11
50732,16
50733,1
50733,16
50734,1
50734,4
50734,5
50735,4
50735,15
50735,13
50736,8
50736,15
50736,13
50737,4
50737,15
50737,2
50738,16
50738,15
50738,13
50740,1
50740,4
50740,15
50740,13
50741,1
50741,5
50742,1
50742,6
50743,4
50743,6
50743,2
50744,16
50745,4
50745,5
50745,3
50746,1
50746,4
50747,1
50747,16
50748,16
50749,1
50750,1
50750,8
50750,21
50751,1
50751,16
50752,1
50752,27
50752,14
50753,1
50753,15
50753,7
50754,8
50754,25
50755,1
50755,8
50755,5
50756,1
50757,8
50757,14
50757,13
50758,1
50758,11
50759,16
50759,15
50761,1
50761,16
50761,7
50763,1
50763,7
50764,1
50764,3
50765,1
50765,5
50765,3
50766,1
50766,16
50767,1
50767,17
50767,9
50768,1
50768,5
50769,1
50769,8
50769,2
50770,1
50770,17
50771,1
50771,7
50772,5
50773,1
50773,21
50773,17
50775,1
50775,14
50776,1
50777,4
50777,15
50777,13
50778,1
50778,21
50778,17
50779,1
50779,7
50780,16
50780,7
50782,16
50782,27
50783,1
50783,7
50783,21
50784,16
50784,2
50785,1
50785,14
50785,7
50786,1
50786,3
50786,19
50787,4
50787,8
50787,2
50788,1
50788,7
50788,17
50789,1
50789,7
50790,1
50790,7
50791,1
50791,17
50792,1
50792,20
50793,4
50793,2
50794,1
50794,8
50794,20
50795,1
50795,8
50795,20
50796,1
50796,5
50796,3
50797,1
50797,8
50797,20
50798,1
50799,1
50799,5
50802,16
50803,1
50803,5
50803,11
50804,1
50804,4
50805,1
50805,5
50805,7
50806,1
50806,5
50806,19
50807,1
50808,11
50809,1
50809,3
50809,12
50810,8
50810,27
50810,14
50811,1
50812,7
50813,1
50813,5
50813,3
50815,8
50815,24
50816,17
50817,25
50818,1
50818,14
50818,17
50819,1
50820,1
50820,5
50821,1
50821,7
50822,1
50822,14
50822,17
50823,1
50823,28
50824,1
50824,7
50825,1
50825,5
50825,11
50826,1
50826,5
50828,1
50829,1
50831,5
50832,1
50832,7
50833,16
50833,8
50833,14
50834,1
50834,14
50835,4
50835,2
50835,3
50836,1
50836,5
50836,3
50837,1
50840,17
50842,1
50842,8
50842,20
50843,1
50843,21
50843,17
50845,1
50845,7
50846,1
50846,7
50847,1
50847,21
50847,17
50848,1
50848,5
50848,14
50849,10
50850,1
50850,17
50850,19
50851,21
50851,20
50851,17
50852,1
50852,7
50854,1
50855,1
50855,14
50856,1
50856,10
50857,1
50857,7
50857,3
50860,1
50860,14
50860,7
50863,1
50863,8
50863,15
50863,13
50864,1
50864,5
50864,7
50866,1
50866,4
50866,3
50867,1
50870,1
50873,1
50873,7
50875,1
50875,5
50875,7
50876,1
50876,7
50877,4
50877,21
50877,17
50878,1
50878,21
50878,17
50879,8
50879,25
50880,1
50880,14
50881,5
50881,3
50881,11
50882,1
50882,7
50883,1
50883,7
50884,3
50884,11
50884,12
50885,16
50885,11
50886,5
50886,11
50886,9
50887,11
50888,1
50888,7
50889,16
50889,23
50890,21
50890,17
50891,1
50891,7
50891,11
50893,1
50893,5
50893,3
50894,15
50894,13
50895,16
50897,16
50897,7
50898,1
50898,16
50898,7
50899,16
50900,1
50900,19
50901,16
50901,8
50901,27
50902,22
50903,8
50905,11
50906,16
50907,1
50907,5
50907,17
50908,1
50908,5
50908,11
50909,1
50909,14
50909,21
50910,1
50910,7
50911,1
50911,3
50911,11
50912,1
50912,5
50912,11
50913,15
50913,10
50914,16
50914,15
50914,28
50915,4
50915,8
50915,15
50915,13
50916,16
50916,15
50917,4
50917,8
50917,15
50917,13
50919,1
50921,1
50922,8
50923,1
50924,1
50924,4
50925,1
50925,8
50925,17
50926,1
50926,16
50926,7
50928,1
50928,3
50929,1
50930,1
50930,16
50931,1
50931,7
50932,25
50933,16
50934,17
50935,22
50936,15
50937,1
50937,7
50938,1
50938,20
50939,16
50939,15
50939,2
50940,15
50941,1
50941,3
50942,1
50943,11
50944,1
50944,7
50945,1
50945,18
50946,1
50947,17
50948,1
50948,7
50949,1
50949,16
50950,1
50950,4
50950,9
50951,1
50951,3
50951,9
50952,4
50952,8
50953,16
50954,5
50954,11
50955,1
50956,16
50956,4
50956,2
50957,1
50958,1
50959,1
50960,1
50960,3
50960,11
50961,1
50962,1
50965,5
50966,5
50967,1
50967,7
50967,11
50968,1
50968,6
50968,12
50969,3
50969,11
50970,1
50971,1
50971,14
50971,10
50973,1
50973,7
50973,21
50974,8
50974,15
50975,4
50975,15
50975,13
50976,1
50976,3
50976,17
50977,1
50977,5
50977,11
50978,4
50978,15
50980,16
50980,10
50980,7
50981,16
50981,10
50982,16
50982,14
50982,10
50983,6
50984,16
50985,1
50985,11
50985,17
50986,1
50986,8
50989,18
50990,1
50990,8
50990,15
50990,13
50991,1
50991,7
50992,1
50992,21
50993,1
50994,1
50994,5
50994,3
50995,1
50996,16
50996,10
50996,7
50997,10
50997,7
50998,1
50999,1
50999,16
50999,13
51002,1
51002,22
51003,16
51003,13
51004,16
51005,1
51005,8
51005,17
51006,4
51006,15
51006,6
51006,12
51007,1
51007,7
51009,8
51009,17
51010,16
51010,7
51011,4
51011,15
51011,2
51012,1
51012,5
51013,1
51013,4
51014,1
51014,11
51015,1
51015,16
51015,7
51016,1
51017,1
51018,1
51018,4
51018,3
51019,1
51019,4
51019,3
51020,1
51020,4
51020,3
51022,8
51022,25
51023,8
51023,27
51023,13
51024,1
51024,13
51024,6
51025,16
51025,8
51025,27
51026,1
51026,7
51027,1
51027,7
51027,21
51029,15
51029,2
51030,1
51031,1
51031,3
51032,1
51032,3
51034,16
51034,14
51035,1
51035,14
51036,1
51037,2
51038,1
51038,7
51039,16
51040,27
51040,13
51040,11
51041,1
51041,5
51041,11
51042,4
51042,8
51042,2
51043,1
51044,1
51044,3
51044,11
51045,1
51046,1
51046,4
51047,1
51048,1
51048,5
51048,3
51049,1
51049,9
51050,1
51050,19
51051,1
51051,4
51051,18
51052,1
51052,4
51052,5
51053,1
51053,4
51053,5
51054,1
51054,5
51054,22
51055,1
51055,3
51055,11
51056,1
51056,3
51056,9
51058,7
51059,1
51059,2
51060,1
51060,5
51061,13
51061,10
51062,1
51062,5
51062,19
51063,1
51063,3
51066,1
51068,1
51069,12
51070,1
51070,5
51071,16
51071,27
51071,7
51072,1
51072,7
51073,1
51073,3
51074,1
51075,23
51077,23
51078,1
51078,3
51079,1
51079,7
51081,8
51081,5
51081,11
51082,16
51083,1
51084,1
51084,14
51085,1
51085,7
51086,1
51086,5
51086,3
51087,5
51088,11
51088,25
51088,17
51089,26
51090,16
51090,24
51091,16
51092,16
51093,16
51094,16
51095,16
51095,17
51096,6
51097,1
51097,4
51097,7
51098,1
51098,14
51098,7
51099,23
51100,1
51100,4
51102,24
51103,1
51104,16
51105,1
51105,18
51106,1
51106,21
51107,1
51107,5
51108,26
51109,1
51109,12
51110,23
51110,24
51111,1
51111,4
51111,5
51112,1
51112,4
51113,1
51113,5
51113,3
51114,1
51114,7
51115,1
51116,1
51116,16
51117,1
51118,23
51118,24
51118,17
51119,1
51119,7
51120,1
51120,4
51120,21
51121,3
51121,11
51121,17
51122,5
51125,1
51125,6
51125,3
51127,1
51127,5
51127,3
51130,1
51131,1
51134,1
51135,8
51135,27
51135,13
51136,16
51136,23
51137,1
51137,5
51138,1
51138,5
51138,3
51139,1
51139,5
51140,10
51140,17
51142,10
51145,1
51145,17
51146,1
51147,1
51147,17
51148,1
51148,16
51149,16
51149,23
51150,16
51150,7
51151,1
51151,5
51152,1
51152,5
51152,3
51153,2
51155,1
51155,7
51156,1
51157,1
51159,4
51159,8
51159,2
51160,1
51161,4
51161,8
51161,2
51162,1
51162,11
51163,1
51163,5
51163,7
51164,1
51164,16
51164,22
51165,1
51165,5
51166,1
51166,17
51167,5
51167,7
51167,11
51168,1
51168,5
51168,11
51170,1
51170,7
51171,1
51171,7
51172,1
51172,19
51173,1
51173,7
51174,1
51174,7
51174,17
51175,4
51175,11
51175,17
51176,17
51177,1
51177,7
51177,21
51178,8
51178,13
51179,22
51180,1
51180,4
51180,3
51182,24
51184,1
51185,16
51186,26
51187,16
51188,16
51188,23
51189,23
51190,1
51190,18
51191,1
51191,7
51192,1
51192,5
51193,6
51193,3
51194,8
51194,14
51194,13
51195,1
51195,4
51195,5
51196,1
51196,8
51197,1
51200,1
51201,16
51202,17
51204,1
51205,16
51206,16
51207,1
51207,7
51208,16
51209,3
51209,12
51210,1
51210,4
51210,3
51211,1
51211,5
51211,11
51213,16
51214,1
51214,5
51214,3
51215,5
51215,3
51215,11
51217,25
51218,1
51218,5
51219,1
51219,11
51220,1
51220,5
51222,27
51223,1
51223,7
51224,6
51224,3
51225,1
51225,5
51225,3
51227,1
51228,1
51230,5
51231,1
51231,16
51232,16
51235,1
51236,16
51237,8
51237,27
51237,13
51238,16
51239,1
51239,7
51240,16
51240,10
51241,1
51241,11
51243,8
51243,27
51243,13
51244,8
51244,27
51244,13
51245,16
51245,27
51245,10
51246,1
51246,5
51246,3
51247,1
51247,16
51250,1
51250,5
51250,19
51251,1
51251,16
51252,10
51255,1
51255,5
51256,1
51256,5
51256,19
51258,17
51260,1
51260,7
51261,22
51262,3
51263,1
51263,13
51264,1
51264,4
51264,21
51265,16
51265,13
51265,10
51266,1
51266,3
51267,1
51267,14
51268,17
51269,1
51269,5
51269,3
51270,1
51270,6
51270,3
51271,1
51271,5
51272,1
51272,7
51273,16
51274,16
51275,1
51275,7
51278,1
51279,16
51280,1
51280,14
51280,7
51285,16
51290,1
51290,7
51292,1
51292,7
51293,1
51293,16
51294,1
51294,21
51295,1
51295,3
51299,16
51300,1
51300,21
51301,1
51301,16
51303,16
51305,6
51305,7
51305,12
51306,1
51306,7
51307,1
51307,3
51307,19
51308,1
51308,8
51309,1
51309,16
51309,7
51310,25
51311,16
51311,7
51312,3
51313,1
51313,16
51313,5
51314,10
51315,5
51315,11
51316,22
51317,3
51318,1
51318,14
51318,19
51319,5
51319,11
51320,1
51320,7
51321,1
51321,22
51322,1
51322,5
51323,1
51323,16
51325,1
51325,3
51326,1
51326,16
51327,16
51327,6
51328,1
51328,11
51329,1
51329,3
51330,1
51332,1
51332,3
51333,1
51334,1
51334,18
51335,1
51335,7
51336,4
51336,15
51336,2
51337,4
51337,8
51337,15
51337,13
51340,16
51343,15
51343,7
51344,1
51344,16
51345,1
51345,5
51345,3
51347,16
51347,15
51347,10
51348,24
51351,1
51352,1
51352,3
51352,12
51354,1
51354,7
51355,1
51356,1
51356,6
51356,2
51357,1
51357,11
51357,12
51359,1
51359,4
51359,9
51361,5
51361,19
51362,1
51362,7
51363,1
51363,12
51364,1
51364,14
51364,7
51368,22
51369,5
51370,23
51371,5
51373,23
51373,24
51374,22
51375,22
51377,5
51377,3
51378,1
51381,22
51384,1
51384,7
51385,1
51385,7
51386,1
51386,7
51387,1
51387,7
51388,1
51388,21
51389,4
51389,3
51390,1
51391,1
51391,5
51392,1
51392,4
51392,5
51393,4
51393,8
51393,2
51394,1
51394,16
51395,1
51395,14
51396,1
51396,16
51397,1
51397,5
51397,7
51398,1
51398,7
51400,1
51400,7
51401,5
51403,4
51403,5
51403,3
51404,5
51404,3
51405,1
51405,16
51406,1
51406,7
51406,17
51407,1
51408,5
51409,5
51410,1
51410,4
51410,21
51411,1
51411,21
51411,9
51414,1
51414,5
51414,19
51415,5
51415,3
51415,9
51416,1
51418,4
51418,2
51418,3
51419,8
51419,13
51420,1
51421,1
51421,5
51424,16
51424,3
51424,11
51425,1
51425,7
51426,1
51426,5
51426,7
51427,1
51427,7
51428,16
51429,1
51429,3
51433,1
51433,7
51433,17
51437,1
51437,5
51437,11
51438,16
51438,14
51438,7
51440,16
51443,1
51443,7
51445,1
51445,5
51447,1
51447,7
51447,11
51448,1
51448,10
51448,7
51449,16
51450,1
51450,8
51450,2
51451,24
51451,17
51452,1
51452,7
51453,1
51453,16
51453,7
51457,16
51457,11
51458,16
51460,1
51460,5
51460,11
51461,1
51461,5
51461,11
51462,25
51462,22
51463,6
51463,12
51464,1
51464,16
51464,7
51465,1
51466,1
51466,7
51466,17
51468,21
51468,17
51469,23
51471,4
51471,15
51471,2
51473,16
51473,7
51475,1
51475,7
51475,17
51476,16
51476,7
51478,27
51478,13
51479,27
51480,1
51480,16
51480,7
51481,1
51481,21
51481,11
51482,1
51482,11
51483,1
51483,11
51484,16
51484,7
51485,1
51485,7
51485,11
51487,1
51487,17
51488,22
51489,23
51490,23
51491,23
51492,23
51493,23
51494,23
51496,16
51497,1
51497,16
51497,7
51498,1
51498,3
51500,1
51500,7
51501,1
51501,7
51502,1
51502,7
51503,1
51503,7
51504,1
51504,7
51510,16
51511,27
51512,27
51513,1
51513,5
51514,1
51514,8
51514,17
51515,27
51516,1
51517,1
51517,16
51518,13
51518,3
51518,12
51519,1
51519,21
51519,17
51520,1
51520,6
51520,12
51521,1
51521,4
51521,12
51522,1
51522,7
51522,22
51523,24
51523,22
51524,1
51524,16
51525,1
51525,17
51526,1
51526,13
51527,1
51527,16
51527,7
51528,1
51529,5
51529,11
51530,1
51530,22
51531,1
51532,1
51532,11
51533,1
51533,7
51534,5
51534,17
51537,10
51539,1
51539,4
51539,3
51540,1
51540,7
51541,16
51541,28
51542,13
51542,3
51543,4
51543,15
51543,6
51543,11
51544,1
51544,15
51544,12
51545,4
51545,15
51545,13
51545,2
51546,1
51546,16
51546,7
51547,1
51547,3
51548,1
51548,5
51548,3
51549,1
51549,3
51550,16
51551,16
51552,8
51552,24
51554,23
51555,24
51557,5
51558,1
51558,17
51559,1
51560,1
51560,16
51560,7
51563,16
51564,1
51565,16
51567,16
51567,2
51567,11
51568,1
51568,13
51568,17
51569,24
51571,1
51571,13
51571,2
51572,1
51572,16
51572,2
51576,4
51576,8
51576,12
51577,1
51578,23
51579,25
51580,1
51582,1
51582,5
51583,1
51583,16
51585,1
51585,17
51586,1
51586,17
51587,1
51589,16
51589,27
51592,1
51592,5
51593,1
51594,1
51595,1
51595,16
51595,7
51596,1
51596,7
51596,11
51597,16
51597,7
51597,22
51598,1
51598,7
51600,1
51600,16
51601,24
51603,24
51604,1
51604,5
51606,16
51607,1
51607,16
51607,6
51608,1
51608,4
51609,1
51609,3
51610,1
51610,7
51611,1
51611,5
51611,11
51612,8
51612,24
51613,1
51613,7
51614,16
51614,28
51615,1
51615,5
51615,17
51616,1
51616,16
51616,5
51618,1
51618,7
51620,1
51620,18
51621,5
51622,25
51623,1
51623,4
51624,1
51624,5
51624,11
51625,1
51625,7
51626,1
51626,14
51626,7
51627,1
51627,14
51628,1
51629,1
51629,4
51629,21
51630,1
51630,18
51631,16
51633,27
51633,10
51634,1
51634,7
51634,28
51635,1
51635,16
51636,1
51636,16
51637,1
51637,11
51638,1
51638,5
51638,3
51639,16
51639,28
51640,1
51640,5
51641,1
51641,16
51641,6
51642,16
51642,11
51642,17
51644,16
51644,7
51645,1
51645,5
51645,25
51648,1
51648,4
51648,5
51649,4
51649,5
51649,3
51653,1
51653,3
51653,11
51654,16
51654,13
51656,1
51656,5
51657,11
51658,1
51658,3
51659,1
51659,5
51660,1
51660,16
51663,24
51664,1
51664,5
51664,11
51665,1
51665,5
51665,11
51666,1
51666,3
51667,1
51667,3
51667,28
51668,1
51668,6
51669,5
51669,3
51669,11
51670,1
51670,15
51670,13
51670,7
51671,1
51671,7
51672,1
51672,7
51673,1
51673,4
51673,17
51674,1
51674,7
51674,3
51675,1
51675,5
51675,3
51676,1
51676,3
51677,1
51677,14
51679,21
51679,17
51680,16
51680,8
51680,27
51681,27
51683,1
51683,5
51684,1
51684,5
51684,11
51686,1
51687,1
51687,7
51689,1
51689,7
51690,1
51691,1
51691,16
51692,1
51692,17
51693,16
51693,7
51694,1
51694,13
51695,1
51695,5
51696,1
51696,16
51697,1
51697,18
51698,1
51698,16
51698,11
51699,1
51699,5
51700,1
51701,1
51701,7
51702,5
51705,1
51705,16
51705,7
51706,1
51708,8
51708,14
51708,13
51709,1
51709,4
51709,7
51710,1
51710,4
51710,7
51712,1
51713,16
51714,1
51714,13
51715,1
51715,7
51716,1
51716,14
51717,1
51718,1
51718,17
51720,7
51721,1
51721,10
51721,7
51722,28
51723,24
51723,26
51725,1
51725,22
51726,4
51726,3
51726,12
51727,1
51728,1
51728,7
51729,16
51729,7
51730,5
51731,24
51732,1
51732,13
51732,7
51733,1
51733,7
51734,4
51734,5
51734,3
51735,1
51735,5
51735,11
51736,25
51738,1
51738,7
51738,17
51739,25
51742,1
51742,16
51743,1
51743,7
51743,11
51744,1
51746,4
51746,15
51746,7
51748,1
51748,11
51748,12
51749,1
51749,15
51749,7
51750,1
51750,18
51751,1
51751,13
51751,7
51752,1
51752,7
51753,1
51753,11
51757,1
51757,7
51759,1
51759,16
51760,1
51760,16
51761,1
51761,3
51762,15
51762,12
51763,1
51763,4
51763,3
51764,1
51764,7
51765,1
51765,7
51766,1
51767,1
51767,7
51767,2
51768,1
51768,21
51768,17
51769,16
51769,11
51770,8
51770,13
51770,10
51772,1
51772,7
51773,1
51773,7
51774,1
51774,7
51774,11
51775,1
51776,5
51777,8
51777,2
51778,16
51778,7
51780,22
51782,10
51784,1
51784,22
51785,1
51785,16
51785,2
51786,1
51786,7
51787,1
51788,16
51788,7
51788,28
51789,5
51789,7
51789,3
51790,1
51790,10
51790,7
51791,1
51791,7
51792,1
51793,1
51793,16
51793,27
51794,1
51794,16
51794,7
51795,1
51795,7
51796,16
51798,1
51798,7
51801,27
51804,24
51805,1
51805,11
51808,18
51809,16
51809,4
51809,27
51811,1
51811,11
51813,1
51813,16
51813,11
51814,1
51815,1
51815,4
51815,9
51817,1
51817,7
51818,1
51818,7
51820,16
51820,7
51821,17
51823,19
51824,1
51825,1
51826,1
51826,7
51827,1
51827,5
51830,17
51831,1
51831,7
51831,11
51832,1
51832,19
51833,16
51833,5
51833,11
51834,16
51834,7
51835,1
51835,4
51835,8
51837,8
51837,11
51837,24
51838,5
51839,1
51840,1
51841,1
51842,1
51842,7
51843,10
51843,24
51844,1
51844,7
51846,1
51846,16
51847,4
51847,21
51847,9
51848,1
51848,18
51849,8
51849,14
51849,13
51850,4
51855,1
51855,5
51855,3
51857,1
51857,8
51858,16
51858,13
51860,21
51860,17
51861,22
51864,1
51864,16
51864,15
51864,7
51866,14
51867,16
51867,27
51870,7
51871,16
51871,7
51871,28
51872,1
51872,16
51872,7
51873,7
51875,16
51876,22
51878,22
51879,5
51880,1
51880,15
51880,14
51880,17
51881,1
51881,5
51882,1
51883,4
51883,8
51883,15
51884,17
51885,1
51885,7
51886,16
51886,14
51887,1
51888,1
51888,16
51888,7
51893,8
51893,25
51896,22
51897,1
51897,5
51898,1
51898,7
51899,1
51900,22
51901,19
51902,5
51904,1
51904,3
51905,1
51905,7
51906,1
51906,7
51908,1
51908,16
51908,7
51910,16
51912,11
51913,1
51914,1
51914,5
51914,12
51915,16
51916,16
51917,1
51917,2
51918,4
51918,6
51918,2
51919,8
51919,24
51921,10
51922,15
51922,2
51923,1
51924,11
51925,1
51925,7
51925,18
51926,1
51926,11
51927,2
51927,25
51928,10
51929,16
51930,1
51932,1
51932,23
51933,1
51933,7
51934,1
51934,4
51934,7
51935,1
51935,7
51935,11
51937,10
51937,11
51938,8
51938,13
51939,11
51940,1
51940,14
51941,23
51942,16
51942,7
51942,12
51943,1
51943,5
51943,3
51944,8
51944,27
51946,1
51946,16
51946,7
51948,16
51948,7
51950,10
51952,1
51952,3
51953,1
51953,5
51953,3
51954,1
51957,11
51958,24
51958,17
51961,16
51963,1
51963,3
51965,1
51965,5
51965,3
51966,1
51966,16
51966,7
51967,1
51967,7
51967,3
51968,1
51968,12
51969,1
51969,13
51969,7
51971,1
51971,10
51971,7
51972,1
51975,23
51976,1
51976,12
51977,16
51978,16
51982,17
51983,17
51984,1
51984,16
51985,16
51985,4
51985,8
51986,17
51987,16
51989,1
51989,17
51990,23
51990,10
51991,1
51991,16
51991,7
51992,18
51994,5
51996,1
51997,1
51997,11
51998,1
51998,5
51998,22
51999,10
52000,1
52000,7
52001,16
52001,15
52001,7
52002,1
52002,7
52003,15
52003,7
52003,28
52004,17
52005,21
52005,17
52007,1
52007,16
52007,7
52010,1
52010,16
52012,16
52013,1
52013,2
52014,23
52014,7
52016,1
52018,22
52019,1
52019,8
52019,15
52019,2
52020,11
52020,17
52021,1
52021,4
52021,8
52023,16
52025,18
52026,8
52026,15
52026,13
52026,7
52027,1
52027,16
52027,7
52028,17
52029,16
52031,1
52031,16
52031,7
52032,1
52032,11
52032,17
52034,1
52034,4
52034,5
52035,16
52035,7
52038,16
52039,1
52039,7
52040,1
52040,16
52040,15
52040,7
52041,15
52041,22
52042,1
52042,16
52042,15
52042,7
52043,23
52043,24
52044,16
52045,10
52046,1
52046,16
52047,1
52047,7
52048,16
52048,7
52049,1
52049,7
52050,24
52051,1
52051,3
52053,27
52054,27
52055,23
52056,1
52056,11
52057,1
52057,7
52059,1
52062,1
52062,3
52064,4
52064,5
52065,8
52065,15
52065,2
52066,16
52066,14
52067,1
52067,7
52068,1
52068,3
52069,16
52070,1
52070,22
52071,17
52072,1
52072,7
52073,1
52073,7
52074,1
52074,14
52074,7
52075,16
52075,4
52075,15
52076,24
52077,1
52077,23
52078,1
52078,17
52080,16
52080,8
52080,27
52082,23
52083,16
52083,4
52083,11
52084,16
52085,1
52085,5
52085,3
52086,1
52086,4
52086,5
52087,1
52087,16
52087,3
52088,1
52088,10
52088,7
52089,1
52089,3
52089,12
52090,1
52090,16
52090,4
52091,15
52092,1
52093,2
52093,3
52093,11
52094,11
52095,11
52096,1
52096,16
52096,7
52098,1
52098,5
52098,3
52099,10
52100,25
52101,1
52101,5
52102,16
52102,8
52102,24
52103,1
52103,16
52104,1
52104,7
52104,17
52105,1
52105,16
52106,1
52106,3
52106,11
52107,4
52107,5
52107,3
52108,1
52108,3
52108,11
52109,1
52109,5
52109,19
52110,1
52110,16
52111,16
52112,1
52112,7
52113,23
52113,25
52114,17
52115,1
52116,1
52116,7
52117,1
52117,3
52118,16
52118,4
52118,5
52119,1
52119,16
52119,8
52121,1
52121,7
52123,4
52123,2
52124,16
52124,7
52125,14
52127,1
52127,5
52128,1
52128,5
52129,1
52129,2
52130,5
52130,3
52130,11
52131,16
52131,4
52131,5
52133,27
52135,17
52136,16
52136,24
52137,23
52138,1
52139,1
52140,1
52140,11
52141,5
52142,1
52142,17
52143,16
52143,22
52144,1
52144,7
52147,1
52148,4
52148,2
52149,11
52150,1
52150,7
52150,12
52151,1
52151,13
52151,7
52152,1
52152,4
52152,3
52154,16
52156,16
52157,1
52158,16
52158,7
52159,5
52159,3
52159,11
52165,1
52165,4
52165,17
52166,16
52166,7
52168,5
52169,12
52172,1
52172,14
52172,7
52173,16
52173,4
52173,8
52173,15
52174,4
52174,8
52174,14
52176,1
52177,1
52177,7
52178,15
52178,2
52179,10
52179,3
52180,3
52181,1
52181,8
52181,11
52183,1
52183,5
52183,7
52184,1
52184,4
52185,1
52185,16
52187,1
52187,16
52187,4
52188,16
52188,7
52189,16
52190,16
52190,13
52190,7
52191,16
52191,13
52191,11
52193,16
52194,16
52195,16
52196,1
52196,7
52197,1
52197,18
52198,16
52200,1
52200,5
52201,1
52201,16
52202,1
52202,5
52203,6
52203,3
52203,12
52204,16
52205,1
52205,5
52205,3
52206,16
52207,4
52207,2
52207,3
52208,1
52208,5
52208,11
52209,1
52209,16
52209,17
52210,1
52210,3
52210,11
52211,6
52211,11
52212,1
52212,16
52212,14
52214,1
52214,16
52215,5
52217,23
52218,1
52218,7
52219,16
52219,7
52220,1
52220,5
52220,7
52221,16
52221,5
52221,7
52222,16
52222,7
52223,16
52223,7
52224,16
52224,7
52225,1
52225,12
52226,1
52226,5
52226,3
52227,1
52227,5
52228,16
52228,5
52229,4
52229,5
52229,3
52230,1
52231,1
52231,8
52231,13
52232,1
52232,5
52232,3
52233,1
52233,5
52233,7
52234,1
52234,7
52234,11
52235,1
52235,16
52235,7
52236,1
52236,7
52237,16
52237,7
52238,16
52238,24
52239,1
52239,5
52239,7
52240,4
52240,5
52240,7
52241,25
52241,24
52242,25
52243,1
52243,4
52243,8
52244,5
52245,17
52246,16
52246,2
52247,8
52247,15
52247,13
52248,13
52248,7
52248,17
52249,1
52249,14
52249,7
52251,1
52252,1
52252,7
52252,11
52253,27
52254,1
52254,7
52254,11
52256,22
52257,16
52258,1
52258,4
52258,5
52259,16
52259,8
52259,13
52260,4
52260,8
52260,2
52261,16
52261,5
52263,1
52263,7
52265,25
52268,5
52269,23
52270,4
52270,8
52270,15
52270,13
52271,1
52271,5
52271,11
52272,5
52277,1
52277,7
52279,8
52279,15
52279,13
52279,7
52280,1
52282,1
52282,7
52283,1
52283,14
52283,7
52284,1
52284,16
52285,1
52285,5
52285,3
52288,8
52288,23
52288,24
52291,1
52291,7
52292,1
52292,5
52292,11
52293,1
52293,16
52293,5
52294,1
52294,5
52294,11
52296,18
52297,1
52297,16
52297,7
52298,8
52298,27
52298,2
52301,27
52302,16
52302,15
52302,13
52303,16
52304,24
52304,17
52305,1
52306,1
52306,16
52306,7
52307,5
52308,1
52308,3
52308,9
52310,16
52310,7
52310,22
52311,8
52311,25
52312,16
52312,14
52315,1
52315,5
52316,16
52317,1
52317,7
52317,11
52318,16
52319,1
52319,5
52319,3
52320,5
52322,1
52322,16
52324,1
52324,16
52324,14
52325,16
52325,5
52327,1
52327,16
52327,23
52328,16
52328,14
52328,7
52329,16
52329,7
52330,16
52330,27
52330,14
52331,1
52331,11
52333,25
52336,6
52336,2
52336,3
52339,2
52339,3
52339,11
52340,4
52340,15
52340,2
52341,2
52341,3
52341,9
52343,4
52343,8
52343,2
52344,25
52346,1
52346,13
52346,7
52347,1
52347,5
52347,7
52348,1
52348,7
52349,16
52349,4
52349,8
52351,16
52351,8
52351,2
52352,4
52352,2
52352,9
52353,11
52353,25
52353,12
52355,16
52355,14
52358,2
52359,16
52359,27
52359,13
52360,16
52360,8
52360,14
52361,16
52361,8
52361,14
52363,16
52363,14
52363,22
52365,8
52365,25
52366,25
52367,8
52368,25
52368,24
52370,1
52370,7
52371,1
52372,25
52373,1
52373,7
52373,17
52374,15
52375,4
52375,8
52375,15
52375,13
52376,1
52376,14
52376,7
52377,1
52379,1
52379,5
52379,3
52380,1
52382,23
52383,17
52387,8
52387,11
52387,17
52388,5
52389,5
52392,4
52392,8
52392,15
52392,2
52393,7
52395,8
52395,23
52395,24
52396,8
52396,24
52397,1
52397,16
52400,1
52400,13
52400,11
52402,16
52402,27
52403,1
52403,7
52403,11
52404,25
52406,8
52406,15
52406,2
52411,3
52411,9
52412,1
52412,13
52412,7
52413,1
52413,7
52414,16
52414,7
52415,1
52415,5
52415,14
52416,1
52416,3
52416,11
52417,25
52418,1
52418,16
52418,7
52419,1
52419,5
52419,11
52420,16
52420,10
52421,1
52421,7
52423,14
52424,1
52424,27
52424,13
52425,23
52425,24
52426,1
52426,16
52427,1
52427,6
52427,11
52428,4
52428,8
52428,13
52429,4
52429,8
52429,12
52430,16
52433,16
52434,16
52434,10
52435,16
52436,1
52436,8
52436,14
52437,1
52437,8
52437,14
52438,1
52438,7
52439,1
52439,6
52440,1
52440,7
52441,1
52441,7
52442,16
52443,10
52445,1
52445,16
52447,5
52448,1
52448,16
52450,4
52450,7
52450,22
52451,1
52451,4
52451,3
52452,1
52452,16
52452,13
52454,1
52454,2
52454,3
52456,4
52456,15
52456,13
52459,1
52459,7
52461,5
52462,4
52462,8
52463,22
52464,16
52465,23
52466,23
52467,23
52468,21
52468,17
52469,1
52469,13
52472,5
52472,17
52474,5
52474,17
52475,1
52475,16
52475,7
52476,1
52476,7
52476,11
52479,1
52479,7
52480,16
52481,1
52481,4
52481,8
52482,16
52482,19
52483,16
52484,1
52484,2
52485,1
52485,3
52486,1
52486,3
52489,1
52489,16
52490,1
52490,3
52491,15
52491,13
52492,1
52492,7
52494,25
52495,1
52497,1
52497,4
52497,8
52498,10
52499,1
52499,12
52501,1
52503,1
52504,22
52505,16
52506,1
52506,16
52507,16
52510,1
52510,3
52510,28
52511,1
52511,3
52512,8
52512,25
52513,10
52513,17
52514,1
52514,7
52515,25
52515,22
52516,24
52516,17
52518,24
52521,10
52521,17
52522,5
52523,4
52523,8
52523,2
52524,1
52524,7
52525,1
52525,7
52526,1
52526,16
52526,28
52527,14
52527,10
52529,16
52530,22
52531,1
52532,4
52532,15
52532,13
52532,28
52535,16
52535,13
52537,1
52537,7
52538,1
52538,7
52538,3
52539,1
52539,3
52540,16
52540,2
52541,1
52541,16
52543,17
52544,24
52545,1
52547,1
52547,7
52548,16
52548,6
52549,1
52549,3
52549,11
52550,16
52552,1
52552,27
52554,1
52554,7
52554,11
52555,1
52555,3
52555,11
52556,1
52556,17
52557,4
52557,15
52557,13
52557,11
52558,1
52559,16
52559,7
52560,24
52561,1
52561,7
52562,1
52562,7
52563,11
52563,12
52565,1
52565,17
52569,23
52570,1
52570,16
52570,5
52571,1
52571,14
52571,11
52572,1
52572,3
52573,1
52573,5
52575,22
52576,16
52576,15
52576,13
52577,1
52577,7
52578,16
52578,13
52578,11
52579,4
52579,8
52580,16
52580,7
52582,5
52582,3
52582,11
52583,23
52584,1
52584,7
52585,1
52585,5
52585,11
52588,1
52588,4
52589,2
52590,23
52590,24
52591,11
52591,9
52592,1
52592,16
52592,7
52593,1
52593,5
52593,11
52594,1
52594,4
52594,7
52595,1
52595,4
52595,7
52596,4
52596,8
52596,13
52597,1
52597,7
52598,1
52599,16
52599,5
52600,1
52600,16
52600,7
52601,16
52602,25
52603,25
52605,16
52606,16
52607,1
52607,14
52607,7
52608,1
52608,7
52609,1
52609,5
52609,11
52610,1
52610,3
52610,11
52611,1
52611,4
52611,7
52612,1
52612,5
52612,3
52613,1
52613,4
52613,7
52614,1
52614,5
52614,2
52615,23
52616,16
52616,4
52617,16
52618,16
52619,4
52619,8
52619,5
52620,4
52620,8
52621,1
52623,4
52623,8
52624,16
52625,1
52626,1
52626,5
52627,23
52628,16
52628,14
52629,27
52629,10
52630,1
52631,1
52632,1
52632,7
52633,23
52635,1
52635,8
52635,13
52636,16
52637,1
52637,16
52639,22
52640,1
52642,8
52642,27
52642,13
52643,16
52644,1
52644,7
52645,1
52648,10
52648,17
52649,28
52650,27
52651,1
52651,17
52652,17
52653,1
52653,5
52653,3
52654,4
52654,8
52655,5
52656,1
52656,16
52656,5
52657,1
52657,7
52659,16
52659,14
52660,16
52660,5
52661,17
52662,1
52663,5
52663,11
52665,1
52665,7
52666,16
52666,15
52666,13
52667,1
52667,13
52667,7
52668,1
52668,16
52669,1
52669,13
52670,1
52670,3
52670,11
52671,1
52671,5
52671,3
52672,16
52672,15
52672,13
52673,1
52673,4
52673,5
52674,1
52674,16
52674,14
52675,16
52675,8
52675,5
52676,24
52677,1
52677,7
52678,1
52678,7
52680,1
52681,1
52681,5
52681,13
52682,1
52682,16
52682,14
52683,25
52684,8
52684,27
52685,1
52685,5
52685,3
52686,16
52687,1
52687,14
52687,17
52688,1
52688,3
52689,1
52689,4
52689,5
52690,16
52691,16
52692,1
52692,3
52692,11
52693,1
52694,1
52694,4
52694,5
52695,16
52695,7
52696,1
52696,7
52697,5
52698,1
52698,16
52698,7
52699,1
52700,1
52700,7
52700,21
52701,16
52702,1
52702,4
52702,5
52703,16
52703,7
52704,1
52705,1
52705,3
52705,11
52706,16
52708,5
52710,16
52710,10
52711,3
52711,21
52711,9
52712,1
52712,16
52712,7
52715,4
52715,8
52715,2
52716,1
52716,16
52716,7
52717,16
52718,16
52719,1
52719,16
52719,7
52720,1
52720,21
52721,1
52721,8
52721,14
52722,1
52722,4
52722,5
52723,8
52723,24
52723,17
52724,16
52724,8
52724,15
52724,2
52725,1
52727,1
52727,4
52727,7
52728,1
52728,7
52729,1
52729,16
52729,5
52730,1
52730,16
52730,4
52731,4
52731,15
52731,2
52732,1
52732,5
52732,11
52733,1
52733,16
52733,18
52734,16
52734,8
52734,15
52734,22
52735,5
52736,1
52737,16
52739,1
52740,16
52740,4
52740,15
52740,2
52741,1
52741,5
52741,3
52742,1
52742,7
52743,1
52743,4
52743,5
52744,11
52746,1
52746,6
52748,16
52748,27
52749,17
52750,16
52750,8
52750,27
52751,16
52751,27
52752,16
52752,27
52753,16
52754,16
52754,27
52755,16
52755,4
52755,2
52756,27
52757,25
52758,1
52758,16
52758,7
52759,1
52759,16
52760,16
52760,8
52760,15
52760,13
52761,16
52762,1
52762,3
52762,11
52763,16
52763,7
52764,5
52766,1
52769,1
52769,13
52769,11
52770,1
52770,4
52770,5
52771,16
52771,27
52771,13
52772,5
52775,1
52775,4
52775,15
52777,4
52777,15
52777,2
52778,1
52778,16
52779,27
52779,2
52780,16
52780,13
52780,7
52781,1
52781,16
52781,7
52782,1
52782,16
52782,7
52783,15
52783,13
52784,16
52784,13
52784,7
52785,22
52786,1
52786,5
52787,4
52787,8
52787,15
52787,13
52788,17
52789,26
52791,16
52791,15
52791,13
52793,1
52793,3
52795,4
52795,8
52795,2
52796,1
52796,2
52797,1
52797,7
52798,23
52799,5
52799,2
52799,11
52800,5
52801,1
52801,7
52802,25
52803,8
52803,24
52804,17
52806,1
52806,16
52806,8
52808,23
52809,1
52809,7
52810,1
52810,16
52810,7
52811,16
52811,8
52811,15
52811,13
52812,10
52813,6
52814,16
52814,7
52815,1
52815,15
52815,10
52815,2
52817,5
52818,23
52819,8
52819,25
52820,1
52821,16
52823,23
52824,25
52825,23
52826,15
52826,10
52827,24
52830,22
52831,1
52831,16
52833,1
52833,7
52838,16
52838,7
52839,26
52840,26
52841,16
52841,10
52843,1
52843,4
52843,5
52844,1
52844,16
52844,10
52849,16
52849,7
52851,16
52851,7
52852,1
52852,4
52852,5
52853,1
52853,8
52853,10
52854,1
52855,5
52856,5
52857,5
52859,1
52859,7
52860,8
52860,13
52860,2
52861,16
52861,24
52862,1
52863,1
52863,5
52863,3
52865,1
52865,7
52865,11
52866,4
52866,5
52866,3
52867,11
52867,17
52868,16
52869,4
52869,15
52869,12
52871,4
52871,15
52871,12
52872,16
52872,15
52873,8
52873,15
52874,4
52874,15
52876,1
52876,5
52876,3
52877,16
52877,5
52883,1
52883,5
52883,3
52884,1
52884,5
52892,1
52892,7
52893,1
52893,5
52894,22
52895,4
52895,21
52897,16
52898,1
52898,7
52898,17
52899,16
52901,1
52901,7
52902,16
52904,1
52904,16
52904,7
52905,1
52907,1
52907,17
52908,16
52909,16
52910,1
52910,5
52910,19
52911,1
52911,16
52911,4
52912,16
52912,15
52912,2
52913,1
52913,7
52915,21
52915,17
52916,1
52916,4
52916,5
52917,1
52917,8
52917,7
52918,1
52918,10
52918,17
52919,1
52919,16
52919,8
52921,16
52921,5
52922,1
52922,7
52923,16
52926,1
52926,16
52927,5
52927,3
52927,11
52928,1
52928,8
52928,13
52929,16
52929,27
52930,1
52930,16
52930,7
52931,1
52931,16
52933,10
52935,1
52936,1
52936,7
52937,1
52937,7
52937,17
52939,5
52941,21
52941,17
52942,1
52943,23
52944,24
52944,17
52946,22
52947,1
52947,5
52947,3
52948,23
52949,1
52949,7
52950,1
52950,7
52951,10
52952,24
52953,5
52953,17
52954,1
52955,1
52955,5
52957,16
52959,1
52959,5
52959,3
52960,1
52960,7
52961,1
52961,6
52961,17
52962,1
52962,2
52963,10
52964,1
52964,7
52964,18
52965,1
52965,3
52965,11
52967,1
52967,7
52969,8
52969,27
52972,1
52972,5
52974,1
52974,7
52976,1
52976,16
52976,7
52977,10
52979,16
52980,2
52980,3
52981,1
52981,7
52982,23
52983,16
52983,27
52984,16
52985,1
52985,10
52985,7
52986,23
52987,16
52988,1
52988,7
52989,22
52990,16
52991,16
52992,16
52992,4
52992,5
52993,16
52994,1
52994,15
52994,22
52995,1
52995,4
52995,5
52996,16
52997,5
52998,1
53000,14
53000,7
53001,1
53001,5
53001,3
53002,10
53003,16
53005,10
53005,17
53006,1
53006,16
53006,7
53007,1
53007,16
53007,7
53008,1
53008,16
53008,13
53009,1
53009,7
53010,1
53010,7
53011,16
53011,7
53013,1
53013,7
53014,16
53014,7
53015,16
53015,7
53016,1
53016,16
53016,7
53018,5
53019,12
53021,25
53022,1
53022,7
53023,4
53023,5
53023,7
53026,4
53026,7
53026,12
53028,1
53029,1
53029,7
53030,1
53030,4
53030,7
53031,16
53031,14
53032,1
53035,22
53037,1
53037,5
53039,4
53039,8
53039,2
53040,1
53040,13
53040,11
53041,5
53044,1
53044,3
53045,16
53045,8
53046,8
53047,22
53048,1
53050,1
53050,7
53050,17
53051,15
53052,15
53053,1
53053,5
53053,3
53055,10
53056,17
53057,1
53057,8
53058,1
53058,16
53058,7
53059,16
53059,15
53062,25
53063,1
53063,4
53063,13
53064,10
53065,27
53066,16
53066,15
53066,10
53067,16
53067,3
53068,1
53068,16
53068,7
53069,25
53072,1
53072,4
53072,5
53073,16
53073,12
53074,27
53075,1
53075,5
53076,1
53076,3
53076,11
53078,1
53078,7
53079,1
53080,23
53082,13
53082,7
53082,17
53083,1
53084,21
53084,17
53085,16
53086,16
53087,5
53088,10
53089,22
53090,1
53090,5
53090,3
53091,1
53091,4
53091,21
53092,1
53092,16
53092,7
53093,1
53093,16
53093,7
53094,1
53094,7
53099,25
53100,10
53101,1
53101,16
53102,1
53102,4
53103,25
53104,1
53104,17
53105,16
53106,1
53106,7
53107,1
53107,11
53109,16
53109,7
53110,16
53110,7
53111,1
53111,5
53112,1
53112,16
53114,16
53114,5
53114,11
53116,23
53116,24
53117,1
53117,7
53118,1
53118,16
53118,4
53119,16
53119,8
53119,13
53120,16
53120,11
53121,16
53122,16
53125,16
53127,1
53127,2
53127,3
53128,1
53128,21
53128,17
53129,1
53129,16
53129,6
53130,28
53131,1
53131,7
53132,1
53132,7
53135,1
53135,3
53135,12
53136,23
53137,1
53137,5
53137,11
53139,10
53140,26
53141,28
53142,1
53142,5
53142,3
53143,1
53143,3
53144,1
53144,7
53145,1
53147,1
53147,5
53147,3
53148,4
53148,3
53148,11
53150,1
53150,7
53151,18
53152,5
53152,3
53152,11
53154,23
53155,1
53155,11
53156,16
53156,8
53156,27
53157,16
53157,7
53158,1
53158,7
53160,1
53160,7
53160,2
53161,16
53161,4
53161,2
53162,4
53162,8
53162,15
53163,7
53164,16
53166,4
53166,8
53166,13
53167,1
53167,7
53168,1
53170,1
53170,5
53171,16
53172,23
53173,5
53174,4
53174,15
53174,2
53175,1
53175,3
53176,7
53177,16
53178,1
53178,5
53179,16
53179,4
53179,13
53180,16
53182,1
53183,21
53183,17
53184,26
53185,1
53185,16
53185,8
53186,22
53188,27
53189,1
53189,7
53191,16
53191,2
53192,1
53192,16
53192,7
53194,24
53196,1
53196,16
53198,1
53198,5
53199,27
53200,1
53200,21
53200,17
53201,1
53201,5
53203,1
53203,7
53204,1
53205,25
53208,16
53209,16
53210,16
53211,4
53211,17
53212,1
53212,5
53213,16
53213,7
53215,27
53216,1
53217,1
53217,7
53218,5
53219,1
53220,1
53221,1
53222,1
53223,1
53226,7
53227,16
53228,1
53228,5
53228,11
53229,1
53229,7
53230,16
53230,4
53230,8
53231,16
53231,7
53233,1
53234,1
53234,7
53235,1
53235,18
53236,1
53236,16
53236,7
53237,16
53237,27
53238,1
53238,16
53238,14
53239,22
53241,1
53241,4
53242,16
53242,8
53242,27
53243,1
53243,7
53244,1
53244,7
53245,1
53247,1
53247,22
53250,1
53250,18
53251,1
53251,8
53251,11
53252,1
53252,7
53253,1
53253,7
53254,16
53255,1
53255,5
53257,8
53257,24
53258,16
53261,1
53261,16
53261,22
53262,8
53262,13
53264,16
53266,1
53266,10
53266,3
53267,1
53269,1
53269,16
53269,7
53271,16
53271,10
53272,16
53274,1
53274,22
53275,16
53275,8
53275,2
53276,1
53277,1
53277,2
53277,3
53278,1
53278,5
53278,11
53279,16
53279,2
53281,1
53281,7
53284,1
53286,1
53286,13
53286,12
53287,1
53288,1
53288,16
53288,22
53290,1
53290,7
53292,16
53293,1
53293,16
53293,7
53297,1
53297,7
53298,16
53298,7
53299,16
53299,23
53299,7
53300,1
53300,4
53300,5
53301,16
53303,25
53304,5
53305,8
53305,13
53306,14
53307,16
53307,12
53308,16
53308,27
53308,2
53309,1
53309,17
53310,1
53310,5
53311,1
53311,7
53312,1
53312,7
53313,16
53314,4
53314,8
53314,13
53315,1
53315,5
53316,1
53316,5
53316,11
53320,5
53321,16
53321,22
53325,8
53325,24
53326,5
53327,1
53327,8
53327,20
53328,1
53329,25
53330,16
53330,27
53331,16
53331,27
53331,11
53332,16
53332,8
53332,11
53333,3
53333,17
53333,9
53334,1
53334,14
53335,1
53335,7
53336,1
53336,5
53336,11
53337,1
53337,11
53338,1
53338,16
53339,21
53339,17
53341,1
53341,7
53342,16
53342,8
53342,12
53344,21
53344,17
53345,8
53345,24
53346,1
53346,8
53346,13
53348,1
53348,7
53349,1
53349,7
53350,1
53350,7
53351,16
53352,1
53352,7
53353,3
53353,11
53353,18
53354,1
53354,3
53355,16
53356,5
53356,17
53357,16
53357,8
53357,27
53358,16
53358,8
53358,27
53359,16
53359,8
53359,27
53360,16
53360,27
53360,10
53361,16
53361,8
53361,27
53362,16
53362,27
53363,8
53363,27
53364,8
53364,27
53364,2
53365,16
53365,7
53366,16
53366,27
53367,1
53368,1
53368,7
53369,27
53370,4
53370,8
53370,27
53371,4
53371,8
53371,27
53372,4
53372,8
53372,2
53373,1
53373,5
53373,3
53375,27
53375,14
53375,10
53377,16
53377,27
53378,4
53378,8
53378,27
53379,16
53379,8
53379,27
53380,5
53382,16
53382,27
53384,27
53385,8
53385,27
53386,4
53386,8
53386,27
53387,27
53387,2
53388,8
53388,27
53389,1
53389,4
53389,8
53391,16
53391,27
53391,5
53392,16
53392,4
53392,27
53393,16
53393,8
53393,27
53394,16
53394,8
53394,27
53395,16
53395,27
53395,13
53396,4
53396,8
53396,27
53397,8
53397,27
53397,2
53398,16
53398,14
53398,10
53401,1
53402,14
53403,10
53404,16
53404,6
53406,1
53406,16
53406,7
53407,1
53407,15
53407,10
53408,1
53408,5
53408,7
53409,16
53410,1
53410,5
53410,17
53411,16
53411,27
53413,16
53414,1
53414,14
53414,7
53416,10
53417,1
53417,5
53418,14
53418,10
53419,14
53419,10
53421,16
53422,16
53424,22
53425,16
53426,1
53426,5
53430,1
53430,3
53431,1
53432,27
53433,8
53435,1
53435,4
53435,3
53436,25
53437,7
53437,28
53438,1
53438,4
53438,8
53439,1
53440,10
53441,1
53441,3
53441,11
53443,1
53443,7
53444,23
53444,24
53445,1
53445,16
53446,1
53447,22
53449,1
53449,16
53449,7
53451,1
53452,5
53453,1
53454,8
53454,24
53455,1
53456,1
53456,17
53458,16
53459,16
53460,16
53461,1
53461,7
53462,1
53462,8
53462,3
53463,14
53463,24
53464,24
53465,5
53465,11
53466,27
53467,16
53467,27
53468,26
53469,1
53469,27
53469,14
53470,4
53470,8
53470,2
53472,16
53473,16
53474,16
53474,2
53478,16
53479,7
53482,25
53483,5
53484,16
53484,7
53485,1
53485,3
53485,17
53486,1
53487,1
53487,7
53488,1
53488,16
53488,7
53489,1
53489,5
53490,4
53490,8
53490,27
53491,1
53491,27
53493,26
53494,16
53494,27
53496,4
53496,15
53497,1
53497,7
53498,1
53499,27
53500,16
53500,15
53500,10
53501,27
53502,16
53502,27
53503,16
53503,27
53503,13
53504,22
53505,16
53505,4
53505,27
53506,16
53506,27
53507,8
53507,27
53507,13
53508,16
53511,8
53511,15
53511,13
53512,1
53512,16
53512,3
53513,16
53513,8
53514,8
53514,27
53515,1
53519,7
53519,24
53520,5
53521,27
53521,23
53522,17
53522,12
53523,1
53523,21
53523,17
53524,10
53525,1
53525,5
53526,1
53526,17
53529,1
53529,17
53530,16
53531,1
53531,16
53531,13
53532,1
53532,21
53533,1
53533,5
53533,3
53534,5
53534,11
53535,1
53535,7
53536,1
53536,11
53537,1
53537,11
53538,16
53538,6
53538,3
53540,1
53540,7
53540,28
53541,1
53541,16
53541,4
53542,1
53543,1
53543,11
53545,27
53546,16
53546,27
53548,15
53550,1
53550,7
53557,16
53557,27
53558,27
53560,4
53560,8
53560,2
53564,1
53564,7
53567,16
53567,27
53569,16
53569,27
53570,16
53570,27
53570,2
53571,16
53571,14
53572,1
53572,7
53573,1
53574,1
53575,7
53576,21
53576,17
53577,4
53577,8
53577,17
53578,1
53579,22
53580,1
53580,16
53581,16
53581,14
53581,10
53582,1
53582,11
53583,16
53584,1
53584,16
53585,16
53586,17
53587,16
53587,27
53589,1
53589,8
53589,13
53590,1
53590,7
53591,4
53591,5
53591,3
53592,1
53593,1
53593,16
53593,7
53595,5
53596,25
53597,8
53597,24
53599,8
53599,27
53600,16
53600,27
53601,1
53601,7
53602,1
53602,16
53604,14
53605,16
53605,27
53606,1
53606,16
53606,7
53607,1
53607,22
53608,16
53608,15
53608,5
53609,1
53609,3
53611,1
53611,16
53611,13
53612,16
53612,27
53615,16
53619,1
53619,7
53619,11
53620,1
53621,16
53622,16
53622,15
53622,6
53622,12
53623,1
53623,7
53624,1
53624,18
53626,1
53626,5
53627,8
53627,13
53627,11
53628,16
53629,1
53629,4
53629,5
53631,1
53631,16
53631,3
53632,5
53633,4
53633,8
53633,15
53633,13
53634,1
53634,5
53634,11
53635,1
53635,5
53635,11
53638,1
53639,8
53639,24
53640,16
53640,7
53640,3
53641,25
53642,16
53644,1
53644,5
53644,11
53645,1
53645,5
53645,11
53647,16
53647,11
53647,12
53648,8
53648,14
53648,2
53649,7
53650,4
53650,2
53650,20
53654,1
53654,20
53655,1
53655,5
53655,3
53657,16
53658,16
53658,22
53659,1
53659,5
53660,16
53660,7
53662,10
53665,22
53666,25
53667,13
53668,1
53668,16
53668,23
53669,1
53670,1
53670,7
53670,17
53674,10
53675,7
53676,11
53677,1
53677,7
53677,20
53679,5
53680,16
53681,1
53681,22
53683,1
53683,3
53685,7
53686,16
53686,10
53687,25
53688,16
53688,7
53689,4
53689,15
53689,13
53690,2
53691,5
53692,8
53694,16
53695,4
53695,8
53695,20
53696,16
53697,1
53697,16
53697,7
53698,1
53698,7
53699,16
53700,16
53702,1
53702,7
53706,16
53707,16
53708,8
53711,16
53712,16
53712,11
53714,3
53714,11
53714,12
53717,16
53718,1
53718,11
53720,16
53721,16
53722,1
53722,7
53722,17
53723,27
53723,10
53725,16
53727,7
53730,1
53731,1
53732,1
53732,13
53734,1
53735,1
53737,1
53737,16
53738,1
53738,5
53738,3
53739,17
53740,24
53741,4
53741,8
53741,15
53742,1
53742,16
53742,7
53743,1
53743,16
53743,7
53745,22
53746,26
53747,6
53747,3
53747,17
53748,1
53748,5
53748,11
53749,5
53750,1
53750,5
53751,3
53755,1
53755,16
53756,16
53756,14
53756,13
53758,1
53759,16
53760,1
53760,16
53760,3
53761,5
53762,16
53762,27
53763,16
53767,16
53767,10
53768,1
53768,5
53768,11
53769,1
53769,16
53769,7
53771,16
53772,16
53774,1
53774,17
53775,16
53777,1
53778,2
53779,1
53779,7
53781,4
53781,5
53782,16
53782,27
53783,1
53783,16
53783,8
53788,14
53788,17
53790,1
53790,22
53791,1
53791,7
53791,11
53792,1
53793,1
53793,7
53794,1
53794,11
53794,12
53795,4
53795,8
53795,15
53795,2
53797,16
53798,1
53798,2
53799,14
53799,10
53800,10
53801,1
53801,16
53802,16
53803,16
53804,16
53805,1
53806,8
53806,11
53806,17
53808,23
53808,24
53809,6
53809,3
53809,12
53812,15
53812,2
53813,1
53813,16
53818,22
53819,3
53821,1
53821,7
53823,1
53823,7
53824,1
53824,14
53824,7
53826,16
53826,7
53827,1
53827,16
53828,3
53828,11
53828,19
53829,13
53829,10
53829,7
53830,22
53835,1
53836,16
53837,1
53837,7
53838,8
53838,14
53838,13
53840,16
53840,27
53841,1
53841,3
53841,11
53844,25
53845,16
53846,1
53847,1
53847,4
53847,9
53848,21
53848,17
53849,1
53849,7
53849,17
53850,24
53850,17
53851,23
53852,1
53852,16
53853,15
53853,2
53853,11
53854,1
53854,16
53854,7
53855,4
53855,11
53856,1
53856,7
53857,1
53857,7
53858,1
53858,7
53861,1
53861,3
53862,16
53863,1
53863,16
53863,4
53865,16
53865,4
53865,5
53866,16
53867,5
53872,16
53872,4
53872,15
53874,1
53874,11
53874,12
53875,5
53876,1
53876,3
53877,5
53878,22
53880,1
53881,1
53882,3
53883,16
53883,2
53884,1
53884,16
53885,14
53888,16
53888,10
53888,24
53889,5
53889,6
53890,6
53894,1
53894,22
53896,22
53897,3
53898,1
53898,14
53900,1
53900,13
53900,7
53901,16
53902,1
53902,2
53902,3
53903,11
53904,10
53905,16
53905,8
53905,14
53911,16
53914,1
53914,7
53915,1
53915,5
53915,3
53917,6
53919,24
53919,17
53921,16
53921,18
53922,11
53923,1
53923,16
53923,22
53924,16
53924,7
53930,1
53930,4
53930,3
53935,1
53935,5
53935,3
53936,1
53936,4
53938,1
53938,7
53940,1
53940,14
53940,2
53941,1
53941,7
53944,16
53945,1
53946,1
53946,6
53946,11
53951,5
53955,1
53955,5
53956,1
53956,3
53956,11
53957,1
53957,7
53958,1
53958,7
53961,1
53961,4
53961,15
53961,2
53962,11
53964,16
53965,5
53966,23
53970,1
53970,16
53970,7
53972,16
53972,8
53972,15
53972,13
53974,6
53976,1
53976,7
53977,1
53977,7
53978,1
53978,7
53979,1
53979,7
53980,1
53980,7
53981,1
53981,7
53982,1
53982,7
53983,11
53984,1
53984,5
53985,8
53987,16
53988,14
53990,23
53992,1
53992,5
53994,5
53997,5
53997,3
53998,15
54000,25
54000,24
54000,17
54002,16
54002,8
54002,15
54002,13
54003,16
54004,1
54004,7
54005,16
54005,2
54006,1
54008,1
54009,8
54009,24
54010,4
54010,8
54010,2
54013,4
54013,15
54013,17
54014,16
54015,1
54016,1
54019,1
54019,7
54020,16
54021,16
54021,22
54033,4
54033,8
54033,15
54033,13
54038,16
54038,7
54038,2
54039,16
54040,1
54040,13
54040,7
54041,27
54045,1
54045,2
54048,16
54048,12
54049,1
54049,7
54050,1
54050,11
54051,1
54051,16
54051,7
54052,1
54052,7
54052,22
54053,1
54053,18
54054,5
54055,5
54055,3
54056,22
54058,15
54060,1
54060,5
54061,1
54062,7
54065,23
54067,1
54068,23
54069,5
54070,25
54074,1
54074,19
54078,16
54078,23
54079,4
54079,8
54079,13
54082,26
54085,2
54087,22
54089,7
54089,11
54092,1
54093,1
54093,5
54093,11
54094,1
54094,16
54095,1
54095,7
54096,23
54102,17
54104,5
54104,22
54105,22
54106,1
54106,7
54107,1
54107,7
54108,1
54108,7
54109,1
54109,5
54109,3
54112,16
54112,27
54112,10
54113,1
54113,16
54113,7
54115,16
54115,10
54119,3
54119,11
54122,6
54122,3
54123,23
54123,24
54124,5
54124,7
54124,3
54126,1
54127,1
54127,12
54128,1
54128,5
54128,11
54129,1
54129,7
54130,1
54130,16
54132,23
54134,4
54134,6
54134,3
54135,8
54135,14
54135,13
54136,4
54136,5
54136,3
54139,23
54141,1
54141,5
54141,11
54142,16
54146,1
54146,13
54146,7
54147,7
54148,16
54148,27
54149,16
54149,10
54149,7
54150,16
54150,7
54151,1
54151,16
54151,7
54158,1
54158,4
54158,7
54161,5
54166,4
54169,1
54169,8
54169,14
54170,25
54171,23
54172,1
54172,7
54175,1
54175,4
54175,5
54176,1
54176,7
54178,1
54178,7
54181,15
54182,15
54183,16
54187,25
54188,8
54188,13
54189,13
54191,1
54192,26
54197,1
54197,16
54197,7
54198,1
54198,16
54198,23
54200,16
54201,1
54201,7
54203,1
54203,6
54206,1
54206,20
54207,1
54207,4
54208,1
54208,11
54209,3
54210,1
54210,7
54211,1
54211,16
54211,8
54215,1
54215,16
54215,7
54216,1
54217,1
54217,5
54218,10
54218,17
54219,1
54219,16
54220,1
54220,7
54221,1
54221,7
54222,1
54222,7
54223,1
54223,17
54224,1
54224,5
54224,3
54228,16
54229,16
54230,16
54230,24
54233,1
54233,16
54239,21
54240,16
54240,22
54241,16
54243,1
54243,7
54244,1
54244,11
54244,12
54246,25
54246,24
54246,17
54247,16
54250,1
54250,16
54250,7
54251,23
54251,24
54253,1
54254,16
54254,4
54254,8
54258,3
54258,17
54262,1
54262,16
54262,15
54262,22
54265,1
54265,16
54265,15
54265,7
54266,1
54266,7
54268,1
54268,14
54268,7
54269,15
54272,1
54272,16
54272,7
54274,16
54274,7
54275,1
54277,1
54277,13
54277,7
54279,1
54279,5
54279,11
54284,1
54284,22
54285,1
54285,16
54286,1
54286,5
54286,11
54287,1
54287,7
54288,5
54289,1
54289,16
54290,1
54290,7
54290,17
54292,1
54292,7
54293,17
54293,9
54295,16
54296,1
54297,1
54297,17
54298,1
54299,1
54299,5
54299,3
54302,16
54302,7
54302,12
54303,14
54303,7
54304,1
54304,7
54304,17
54309,1
54310,15
54310,13
54313,1
54313,16
54313,7
54315,1
54315,20
54315,17
54316,1
54316,7
54316,11
54317,1
54317,7
54319,16
54319,10
54319,24
54322,16
54324,23
54328,1
54328,7
54329,16
54329,15
54329,13
54330,1
54330,3
54330,11
54334,8
54334,15
54334,17
54335,1
54335,16
54335,2
54336,1
54336,3
54337,16
54338,16
54338,8
54338,15
54338,13
54339,1
54339,12
54342,16
54342,15
54342,7
54344,15
54345,15
54346,15
54347,1
54347,15
54347,7
54348,15
54349,16
54349,15
54349,11
54350,15
54350,13
54350,7
54353,4
54353,15
54353,13
54355,4
54355,6
54355,11
54357,1
54357,27
54357,14
54360,1
54360,2
54360,3
54362,16
54363,16
54364,8
54364,13
54364,7
54368,4
54370,16
54371,1
54371,5
54372,16
54373,1
54374,16
54375,16
54380,16
54380,7
54382,1
54382,14
54383,1
54383,16
54383,7
54385,1
54387,16
54389,16
54389,7
54390,1
54391,16
54392,1
54392,3
54393,1
54393,16
54394,1
54394,2
54394,11
54395,16
54395,3
54395,11
54397,1
54397,7
54399,16
54401,1
54401,5
54402,1
54402,5
54403,1
54403,3
54404,5
54404,6
54404,3
54405,3
54406,1
54406,10
54407,3
54407,12
54409,1
54409,10
54410,1
54410,8
54411,16
54411,10
54412,10
54413,16
54413,2
54415,5
54416,1
54416,5
54416,11
54417,1
54418,6
54418,12
54419,5
54420,1
54420,16
54421,16
54422,16
54423,16
54424,16
54424,7
54425,8
54425,13
54426,1
54426,7
54427,1
54427,7
54429,16
54429,4
54429,8
54431,16
54431,17
54432,1
54432,17
54434,16
54436,1
54436,5
54437,1
54437,10
54437,7
54439,1
54439,5
54439,11
54440,1
54440,8
54440,11
54442,5
54442,17
54443,1
54443,7
54444,11
54445,4
54445,8
54445,15
54447,1
54447,16
54448,16
54449,16
54449,8
54449,7
54450,1
54451,1
54452,1
54452,4
54452,7
54453,10
54454,16
54454,8
54458,1
54459,1
54460,17
54461,11
54464,15
54465,1
54465,16
54465,15
54465,7
54469,16
54469,7
54470,1
54471,14
54472,21
54472,17
54473,5
54474,1
54474,4
54474,5
54478,16
54478,6
54479,7
54481,1
54481,11
54482,4
54482,8
54482,15
54482,13
54488,1
54488,16
54492,16
54493,16
54494,16
54498,10
54507,1
54507,7
54512,1
54512,16
54512,7
54514,16
54514,7
54515,27
54515,25
54516,1
54516,18
54518,1
54518,5
54518,11
54520,1
54524,1
54524,7
54524,11
54527,1
54527,7
54529,16
54530,10
54531,5
54532,1
54532,16
54533,1
54534,1
54534,16
54538,1
54540,1
54541,8
54541,15
54541,13
54544,1
54544,7
54546,16
54546,14
54547,16
54549,15
54553,16
54555,4
54555,8
54559,21
54559,17
54561,1
54561,27
54561,14
54563,16
54563,7
54564,16
54564,7
54564,17
54565,1
54565,7
54568,8
54575,1
54575,7
54576,1
54576,14
54576,7
54577,1
54577,7
54579,16
54579,15
54579,2
54579,22
54580,1
54580,16
54581,1
54581,7
54582,1
54583,16
54584,1
54584,4
54585,16
54585,4
54585,14
54587,5
54589,1
54590,16
54590,25
54591,1
54591,7
54593,1
54601,24
54602,1
54603,16
54603,7
54603,22
54604,16
54604,7
54604,17
54605,4
54605,13
54605,7
54606,1
54606,7
54607,1
54607,7
54607,17
54608,1
54609,4
54609,8
54610,15
54610,13
54610,7
54611,23
54611,17
54613,3
54614,1
54615,8
54615,27
54617,23
54622,7
54623,1
54624,1
54625,16
54625,7
54627,5
54628,1
54628,2
54629,1
54629,3
54631,3
54631,11
54632,1
54632,7
54633,1
54633,5
54635,23
54636,1
54637,4
54638,17
54639,16
54640,1
54640,7
54641,16
54641,7
54642,6
54644,1
54644,7
54651,16
54652,15
54653,1
54653,3
54654,17
54657,16
54657,24
54657,22
54658,16
54662,1
54662,5
54664,1
54665,10
54667,1
54667,16
54667,13
54668,1
54668,7
54669,16
54671,24
54672,1
54674,16
54676,15
54678,16
54681,10
54684,5
54684,19
54685,26
54686,23
54687,16
54689,16
54691,22
54692,8
54695,16
54695,27
54695,14
54696,16
54696,27
54696,14
54699,16
54699,22
54700,16
54701,1
54701,27
54701,14
54702,16
54703,8
54703,25
54703,24
54705,16
54706,8
54706,25
54708,1
54709,16
54710,23
54711,16
54712,16
54712,11
54713,17
54714,16
54718,1
54718,11
54720,16
54722,1
54722,3
54722,11
54723,1
54723,6
54723,2
54724,16
54731,17
54732,1
54732,2
54733,10
54734,1
54734,3
54737,1
54738,14
54739,7
54740,17
54741,16
54744,1
54744,16
54749,16
54749,23
54750,16
54751,1
54751,7
54752,16
54753,1
54757,1
54760,1
54760,13
54760,7
54761,1
54762,1
54762,13
54763,1
54766,16
54766,3
54766,11
54771,1
54771,14
54772,3
54773,4
54773,5
54773,11
54774,1
54774,15
54774,2
54776,4
54776,11
54777,1
54777,7
54778,1
54778,16
54779,5
54780,16
54780,5
54780,11
54782,1
54783,1
54783,4
54783,8
54784,1
54784,8
54784,3
54785,22
54786,1
54786,2
54787,1
54787,4
54787,5
54789,22
54790,1
54790,7
54791,5
54792,1
54792,16
54792,7
54793,26
54796,16
54796,7
54799,16
54800,16
54804,1
54805,1
54808,16
54808,7
54809,3
54809,11
54809,12
54810,22
54811,11
54812,1
54812,16
54815,1
54816,1
54817,16
54819,12
54822,5
54823,5
54823,17
54825,5
54827,4
54827,8
54827,13
54828,16
54828,2
54828,12
54829,1
54829,5
54829,3
54830,1
54832,4
54832,5
54832,3
54834,16
54835,1
54835,16
54835,2
54837,1
54837,7
54838,1
54839,16
54839,27
54840,4
54840,8
54841,5
54841,3
54841,11
54842,5
54843,14
54843,10
54844,8
54844,14
54844,13
54845,1
54845,5
54846,1
54846,8
54846,17
54847,1
54847,17
54848,1
54848,7
54850,16
54851,1
54851,3
54851,11
54852,1
54853,1
54853,7
54854,15
54856,1
54856,7
54859,15
54860,1
54860,8
54860,27
54861,16
54865,1
54865,16
54865,7
54866,1
54867,1
54867,4
54870,5
54871,16
54872,16
54872,11
54873,1
54874,1
54874,7
54875,13
54876,22
54877,16
54877,27
54878,5
54879,16
54879,13
54879,7
54880,1
54880,7
54882,4
54882,8
54882,15
54882,2
54883,16
54884,1
54884,16
54886,1
54886,7
54887,16
54888,1
54888,7
54889,6
54890,16
54893,24
54894,4
54894,8
54894,15
54894,13
54895,24
54896,1
54896,7
54896,11
54901,16
54901,15
54901,7
54902,1
54902,16
54904,22
54905,16
54907,23
54907,7
54908,1
54908,5
54908,3
54909,16
54909,8
54909,14
54910,16
54914,1
54914,16
54914,7
54915,1
54915,5
54916,1
54916,5
54917,1
54917,3
54919,14
54920,14
54927,1
54927,5
54927,11
54929,5
54929,3
54930,1
54930,7
54931,10
54931,17
54932,1
54932,7
54943,3
54943,11
54944,1
54944,11
54945,1
54945,11
54946,1
54947,1
54947,17
54950,1
54950,16
54950,7
54951,1
54951,5
54951,7
54952,8
54952,15
54952,13
54953,1
54953,5
54953,3
54954,1
54954,27
54955,27
54955,14
54957,1
54957,7
54959,1
54959,7
54960,15
54960,27
54963,17
54964,1
54964,2
54964,3
54967,1
54967,7
54968,11
54969,1
54969,16
54969,7
54972,25
54976,15
54976,10
54977,1
54981,1
54981,5
54981,12
54982,1
54982,11
54982,9
54984,16
54984,15
54985,1
54985,13
54985,7
54988,8
54988,14
54988,11
54989,1
54989,7
54990,1
54990,5
54995,16
54995,13
54995,7
54999,1
54999,19
55000,16
55000,7
55001,1
55001,4
55001,3
55004,4
55004,8
55004,3
55005,15
55006,1
55006,7
55006,12
55007,1
55007,2
55011,1
55011,4
55011,15
55011,5
55012,1
55012,6
55013,1
55013,16
55014,10
55014,7
55016,15
55017,15
55018,1
55018,7
55019,8
55019,15
55019,13
55021,1
55021,13
55021,7
55022,1
55022,3
55023,5
55023,11
55023,17
55024,1
55024,16
55024,14
55025,1
55025,11
55026,1
55026,7
55029,16
55030,1
55031,1
55033,8
55033,25
55043,4
55043,15
55043,13
55044,7
55048,16
55049,27
55050,15
55050,13
55051,1
55051,4
55051,8
55054,17
55055,1
55055,7
55056,15
55058,1
55058,19
55059,1
55059,16
55059,7
55060,1
55060,7
55061,1
55061,28
55061,9
55062,4
55062,15
55062,2
55063,11
55064,1
55064,4
55064,5
55066,1
55066,7
55067,1
55067,7
55068,16
55068,7
55069,1
55069,22
55071,5
55074,1
55076,1
55076,11
55077,1
55077,3
55078,22
55079,1
55079,14
55079,7
55081,1
55081,4
55081,5
55082,16
55082,23
55082,7
55083,1
55084,21
55084,17
55085,1
55085,5
55086,16
55086,15
55086,7
55086,17
55087,4
55087,15
55087,13
55087,17
55088,24
55089,16
55092,8
55092,15
55092,11
55092,12
55093,16
55094,8
55094,5
55094,20
55095,1
55095,7
55098,1
55098,15
55099,16
55099,15
55100,1
55100,22
55101,22
55103,1
55103,3
55103,11
55106,1
55106,7
55107,2
55108,1
55108,6
55109,10
55110,16
55110,27
55111,1
55111,7
55113,1
55113,7
55114,1
55114,7
55114,21
55115,1
55115,7
55117,1
55117,7
55117,11
55118,1
55118,16
55119,1
55119,4
55119,15
55119,13
55121,1
55121,16
55121,2
55122,13
55124,1
55125,16
55127,7
55130,1
55130,10
55130,7
55131,16
55131,10
55131,7
55133,1
55133,7
55134,4
55134,15
55134,13
55135,11
55136,1
55136,7
55136,11
55138,4
55138,8
55138,13
55139,5
55139,3
55140,1
55140,7
55141,4
55141,15
55141,13
55141,17
55143,17
55144,1
55144,16
55144,7
55145,4
55145,5
55145,17
55146,5
55147,10
55150,24
55153,1
55153,10
55153,7
55154,1
55156,16
55158,16
55159,16
55159,24
55160,1
55160,10
55161,8
55161,14
55162,1
55162,7
55166,22
55169,5
55176,1
55176,5
55177,23
55177,24
55178,25
55182,1
55183,1
55183,7
55183,3
55186,4
55186,2
55189,11
55191,1
55191,7
55192,10
55194,16
55194,8
55194,11
55195,1
55195,7
55196,1
55196,5
55196,14
55198,10
55199,27
55202,1
55202,7
55202,11
55203,16
55203,13
55203,7
55205,1
55205,7
55206,24
55208,5
55210,1
55210,5
55211,10
55213,1
55213,21
55215,1
55215,20
55217,1
55219,2
55219,3
55220,8
55222,16
55224,1
55224,16
55224,2
55225,5
55229,15
55231,1
55231,16
55231,15
55232,8
55232,15
55232,2
55233,4
55233,8
55233,15
55234,1
55234,16
55234,15
55235,4
55235,8
55235,15
55236,15
55236,27
55237,8
55237,15
55237,13
55237,7
55240,1
55240,2
55241,1
55241,4
55242,16
55242,15
55242,13
55243,1
55243,15
55243,7
55244,16
55244,15
55244,27
55245,16
55245,15
55245,2
55248,1
55248,5
55248,3
55250,1
55250,7
55251,1
55251,5
55252,1
55252,3
55253,1
55253,7
55254,11
55255,4
55255,15
55255,2
55256,15
55256,2
55258,1
55258,16
55259,16
55259,15
55259,2
55260,4
55260,8
55260,15
55260,13
55261,8
55261,14
55261,11
55263,16
55263,15
55263,22
55264,16
55264,15
55264,7
55265,16
55265,15
55265,13
55266,15
55266,13
55266,12
55267,1
55267,4
55267,15
55268,16
55268,15
55268,7
55269,10
55270,8
55270,15
55271,1
55271,15
55271,7
55272,1
55272,16
55272,15
55273,4
55273,8
55273,15
55274,15
55274,2
55275,1
55275,15
55275,7
55276,8
55276,15
55276,12
55277,5
55278,16
55279,1
55279,3
55282,23
55283,10
55284,1
55284,7
55285,1
55285,16
55285,7
55286,1
55286,13
55287,1
55287,7
55289,13
55289,7
55291,1
55291,21
55292,16
55292,4
55292,15
55293,1
55293,15
55293,12
55294,16
55294,15
55294,7
55295,16
55295,4
55295,15
55296,16
55296,15
55297,4
55297,15
55297,2
55298,4
55298,8
55298,15
55298,13
55299,4
55299,15
55299,22
55300,1
55300,8
55300,15
55301,4
55302,1
55302,15
55303,4
55303,8
55303,15
55304,8
55304,15
55304,27
55305,4
55305,15
55306,1
55306,11
55307,1
55307,4
55307,5
55309,1
55309,20
55310,1
55310,2
55316,8
55316,25
55318,1
55318,15
55318,6
55320,1
55320,15
55320,13
55321,16
55321,15
55321,13
55322,16
55322,15
55322,13
55323,8
55323,15
55323,2
55324,1
55324,15
55324,7
55325,1
55325,4
55325,15
55326,4
55326,8
55326,15
55327,1
55327,15
55327,12
55328,16
55328,15
55329,8
55329,15
55329,13
55330,1
55330,5
55331,16
55331,15
55332,16
55332,15
55332,7
55333,4
55333,8
55333,15
55334,4
55334,8
55334,15
55335,16
55335,15
55335,7
55336,8
55336,15
55336,22
55337,16
55337,4
55337,15
55338,16
55338,4
55338,15
55339,1
55339,16
55339,15
55340,1
55340,16
55340,15
55341,16
55341,15
55341,7
55342,16
55342,15
55342,2
55343,1
55343,15
55343,7
55344,1
55344,16
55345,15
55346,1
55346,16
55346,15
55346,11
55347,15
55349,17
55350,16
55351,1
55351,16
55351,14
55352,16
55352,8
55354,16
55357,15
55359,16
55360,18
55365,8
55365,27
55366,1
55366,3
55369,1
55369,16
55370,16
55370,4
55370,15
55371,1
55374,10
55375,17
55377,15
55379,1
55380,1
55380,7
55382,1
55382,14
55382,22
55383,7
55384,10
55386,16
55386,13
55387,1
55387,5
55387,3
55388,1
55388,6
55388,11
55392,1
55393,1
55394,1
55394,4
55394,8
55396,16
55399,1
55400,1
55401,1
55401,16
55402,1
55402,7
55403,16
55407,21
55407,17
55408,1
55408,8
55408,12
55409,21
55410,8
55410,27
55414,4
55414,8
55414,2
55415,1
55415,4
55415,5
55416,1
55416,10
55417,6
55417,11
55417,12
55419,14
55419,10
55420,26
55422,16
55423,1
55423,5
55423,19
55424,1
55424,5
55424,3
55425,10
55426,23
55427,10
55428,10
55430,1
55430,7
55430,12
55431,16
55433,1
55433,10
55434,1
55434,4
55434,3
55436,1
55436,16
55437,25
55438,16
55440,2
55440,3
55440,11
55441,1
55441,7
55442,1
55443,1
55444,1
55444,7
55445,5
55445,3
55445,11
55446,15
55447,16
55451,1
55451,7
55452,1
55452,11
55452,19
55453,1
55453,7
55459,1
55459,5
55460,1
55460,3
55472,6
55473,16
55474,1
55474,3
55476,16
55476,18
55478,16
55479,25
55480,16
55480,3
55483,1
55483,21
55483,17
55484,23
55486,15
55487,16
55487,7
55488,16
55488,4
55488,5
55489,1
55490,1
55490,4
55490,5
55491,4
55491,8
55491,5
55494,23
55495,1
55497,1
55497,16
55498,16
55498,7
55500,16
55500,14
55501,16
55501,27
55501,2
55502,16
55502,27
55505,16
55505,7
55506,1
55506,5
55506,3
55507,1
55507,4
55507,5
55509,1
55509,11
55510,11
55511,1
55511,7
55512,1
55512,7
55513,1
55513,7
55515,5
55515,3
55515,11
55517,8
55518,16
55518,8
55520,16
55520,7
55521,1
55523,4
55523,8
55524,1
55524,5
55524,3
55525,1
55525,16
55526,4
55526,8
55526,5
55529,16
55529,7
55530,1
55530,7
55533,17
55535,17
55536,1
55536,16
55536,22
55538,1
55538,14
55539,5
55541,21
55541,17
55543,1
55544,25
55545,16
55546,23
55546,24
55547,24
55548,1
55548,17
55550,16
55551,10
55552,5
55553,1
55553,16
55554,1
55555,16
55555,17
55556,16
55556,4
55557,16
55557,7
55558,16
55558,7
55559,1
55559,16
55559,7
55560,1
55560,16
55560,7
55561,1
55561,5
55563,1
55563,5
55563,3
55564,1
55564,5
55564,3
55566,28
55567,1
55567,4
55567,3
55568,1
55568,7
55572,23
55575,1
55575,5
55576,1
55576,2
55577,1
55577,10
55578,16
55578,27
55579,13
55580,1
55580,7
55581,1
55583,16
55583,15
55583,13
55584,27
55584,10
55584,26
55585,16
55586,16
55587,5
55589,1
55589,16
55591,16
55591,14
55597,1
55597,16
55597,7
55599,1
55599,7
55603,1
55603,7
55604,1
55604,7
55608,1
55608,7
55613,7
55613,3
55613,11
55614,4
55614,5
55617,27
55618,1
55619,23
55620,1
55621,16
55621,4
55621,5
55622,4
55622,2
55623,16
55623,4
55624,1
55624,5
55625,1
55625,7
55627,1
55627,16
55627,2
55631,4
55631,5
55631,3
55633,1
55633,3
55634,1
55636,1
55636,4
55638,16
55638,11
55638,12
55640,4
55640,6
55640,2
55641,4
55641,2
55645,4
55645,13
55646,2
55646,3
55647,2
55648,2
55651,1
55651,7
55655,1
55655,5
55656,1
55656,16
55656,7
55657,25
55658,1
55658,5
55658,19
55659,1
55659,4
55659,3
55660,1
55660,5
55660,3
55661,1
55661,16
55661,4
55663,16
55664,1
55664,7
55664,3
55665,25
55674,1
55674,15
55674,11
55676,1
55677,1
55679,10
55683,1
55683,5
55689,1
55689,3
55691,17
55692,1
55692,16
55694,1
55694,16
55694,7
55695,22
55697,15
55698,25
55699,1
55699,5
55699,3
55700,16
55701,1
55703,16
55703,7
55703,2
55704,4
55704,5
55704,12
55705,1
55706,1
55708,16
55709,1
55709,10
55710,16
55710,5
55710,11
55711,7
55712,1
55712,5
55713,16
55713,7
55714,16
55714,22
55715,1
55715,4
55715,17
55716,1
55716,7
55717,1
55717,7
55719,1
55719,7
55720,1
55720,16
55721,27
55722,7
55723,1
55723,21
55723,17
55724,27
55725,16
55725,3
55725,11
55726,16
55727,16
55727,14
55728,1
55728,16
55730,16
55731,16
55731,14
55731,10
55732,23
55733,1
55733,13
55737,16
55738,22
55740,1
55740,16
55740,7
55741,1
55743,1
55743,21
55743,17
55744,1
55744,5
55745,1
55745,5
55746,16
55747,16
55747,22
55751,15
55753,1
55753,5
55753,3
55754,4
55754,3
55754,11
55755,10
55756,5
55758,16
55758,15
55759,8
55759,15
55759,13
55760,1
55760,7
55761,1
55761,16
55761,6
55763,1
55764,1
55764,7
55765,1
55765,16
55765,13
55766,5
55767,8
55768,16
55768,7
55768,2
55769,1
55770,1
55770,7
55771,1
55771,7
55772,1
55772,7
55773,1
55774,16
55775,16
55776,15
55776,13
55776,7
55776,11
55777,4
55777,8
55782,6
55782,11
55782,12
55783,4
55783,5
55783,3
55784,16
55784,28
55787,1
55787,16
55787,7
55789,1
55789,16
55789,7
55792,22
55793,8
55793,27
55796,16
55801,16
55802,15
55803,15
55804,1
55804,21
55805,8
55805,27
55805,13
55806,1
55806,7
55808,10
55809,1
55809,16
55810,22
55813,15
55813,13
55814,15
55816,1
55816,5
55816,11
55820,1
55820,16
55820,7
55822,16
55822,27
55826,27
55826,14
55829,21
55829,17
55830,4
55830,8
55830,15
55830,13
55831,15
55831,6
55831,2
55832,16
55832,13
55833,16
55833,8
55837,17
55840,1
55840,7
55841,16
55841,22
55844,1
55844,7
55845,1
55845,7
55846,7
55847,16
55847,10
55848,1
55848,7
55849,18
55850,1
55850,14
55851,16
55853,1
55853,16
55853,10
55854,16
55854,7
55855,1
55855,5
55855,3
55856,1
55856,16
55857,1
55857,7
55861,16
55861,27
55863,15
55866,1
55866,16
55867,17
55869,16
55869,17
55870,4
55870,8
55870,15
55882,1
55882,3
55884,4
55885,1
55885,16
55886,1
55886,5
55886,3
55887,16
55890,16
55891,1
55891,16
55891,4
55892,1
55892,16
55893,1
55893,4
55894,1
55894,5
55894,11
55895,1
55895,3
55895,11
55896,1
55900,1
55900,14
55901,1
55901,15
55901,13
55901,3
55902,1
55902,7
55903,5
55904,1
55905,1
55905,6
55905,11
55906,23
55910,23
55912,5
55916,16
55919,1
55919,16
55919,27
55920,1
55921,1
55921,7
55922,1
55923,1
55923,7
55924,1
55924,7
55924,11
55925,7
55927,1
55927,16
55928,1
55928,5
55928,3
55929,1
55929,4
55929,8
55931,5
55932,1
55932,7
55933,16
55934,21
55934,17
55935,1
55935,16
55935,5
55938,4
55938,8
55938,15
55938,2
55939,23
55942,23
55943,1
55943,3
55943,11
55946,28
55950,23
55954,10
55955,2
55958,5
55959,4
55959,11
55960,1
55961,27
55963,22
55964,16
55965,10
55965,17
55966,16
55966,27
55967,1
55967,13
55967,7
55971,10
55973,15
55975,23
55976,1
55976,14
55976,7
55977,16
55977,7
55980,1
55980,7
55981,1
55981,7
55982,7
55983,16
55983,6
55983,11
55986,24
55988,16
55988,27
55992,1
55992,16
55993,16
55993,27
55994,4
55994,8
55994,15
55996,4
55996,8
55996,2
55998,1
55998,3
56000,16
56013,1
56014,16
56015,16
56015,8
56015,15
56015,13
56020,7
56022,4
56022,15
56022,2
56022,11
56027,1
56031,17
56033,7
56034,5
56034,17
56038,1
56038,5
56039,5
56039,2
56039,3
56043,16
56043,8
56044,16
56045,5
56045,11
56046,12
56047,1
56047,16
56048,1
56051,8
56051,25
56058,7
56059,7
56060,25
56062,1
56068,7
56069,16
56069,8
56069,13
56070,16
56070,8
56070,27
56071,16
56071,4
56071,8
56072,1
56072,7
56073,16
56073,7
56074,1
56074,4
56075,14
56076,16
56076,7
56078,1
56078,8
56079,5
56081,3
56082,16
56082,15
56082,7
56083,16
56083,8
56083,15
56083,13
56084,8
56084,15
56084,13
56085,1
56085,7
56088,4
56088,3
56088,9
56089,4
56089,5
56089,9
56090,1
56090,16
56090,7
56093,1
56093,12
56094,25
56096,5
56099,1
56099,5
56099,11
56101,1
56101,13
56101,7
56102,1
56102,16
56102,10
56103,1
56103,5
56104,6
56109,15
56111,27
56112,16
56112,7
56112,17
56113,1
56113,7
56114,1
56114,5
56116,16
56122,1
56122,5
56122,11
56123,5
56124,16
56125,1
56125,3
56125,11
56129,27
56133,5
56135,1
56135,3
56137,22
56138,16
56138,4
56138,8
56140,17
56141,1
56141,16
56143,1
56143,16
56144,1
56144,4
56144,7
56145,16
56146,16
56146,7
56148,1
56148,7
56149,16
56149,8
56149,11
56150,6
56150,12
56151,27
56152,17
56154,1
56154,16
56155,16
56156,1
56156,16
56157,23
56159,1
56159,16
56160,16
56161,16
56161,27
56162,16
56162,27
56163,5
56164,1
56164,7
56166,1
56166,16
56166,3
56168,1
56168,16
56168,5
56169,16
56169,5
56170,1
56170,4
56170,5
56172,1
56172,3
56172,11
56173,4
56173,8
56173,13
56174,1
56174,3
56174,11
56176,5
56176,17
56178,1
56178,3
56181,16
56187,1
56187,5
56187,3
56188,16
56189,1
56189,3
56190,1
56190,5
56190,11
56197,5
56197,3
56198,4
56198,3
56198,9
56199,1
56199,5
56201,17
56201,22
56202,1
56202,7
56205,8
56205,24
56206,23
56207,5
56210,10
56222,5
56225,16
56227,17
56229,16
56231,14
56234,8
56234,12
56237,13
56237,6
56238,10
56239,16
56239,8
56239,12
56241,5
56241,11
56246,1
56246,4
56246,5
56247,8
56247,24
56248,8
56248,24
56251,4
56251,8
56251,25
56252,5
56253,16
56253,10
56255,11
56255,25
56255,17
56256,15
56257,4
56257,7
56263,4
56263,13
56263,7
56264,16
56264,7
56265,10
56266,1
56267,8
56267,2
56268,1
56268,16
56268,7
56270,1
56270,7
56272,7
56273,1
56273,7
56275,1
56275,4
56275,18
56278,1
56278,7
56280,16
56283,20
56284,1
56285,16
56289,1
56289,5
56289,11
56290,7
56291,16
56293,10
56293,17
56295,8
56295,15
56295,13
56296,16
56296,8
56296,27
56298,8
56298,25
56301,16
56301,8
56301,27
56302,23
56303,25
56304,23
56306,27
56306,23
56309,1
56309,7
56310,1
56310,7
56312,1
56312,3
56312,11
56319,1
56319,7
56319,3
56321,16
56321,13
56321,7
56322,3
56322,11
56323,1
56323,7
56324,1
56324,7
56325,5
56325,3
56325,11
56330,15
56332,13
56332,7
56332,11
56334,1
56334,7
56334,12
56335,1
56335,16
56335,7
56337,1
56337,7
56338,1
56338,13
56338,17
56339,1
56339,7
56340,1
56340,7
56341,1
56342,16
56342,2
56343,1
56343,16
56345,4
56345,8
56345,2
56346,6
56348,1
56349,25
56350,15
56353,10
56353,17
56354,23
56355,26
56358,16
56362,1
56362,10
56362,7
56365,27
56366,16
56367,17
56368,22
56369,16
56370,8
56370,24
56371,8
56371,24
56371,17
56373,5
56374,4
56374,8
56374,13
56375,1
56375,16
56376,23
56379,5
56380,17
56381,1
56381,5
56384,16
56384,7
56384,18
56385,16
56385,10
56386,1
56386,16
56387,22
56388,4
56388,15
56388,2
56391,5
56398,27
56398,24
56399,16
56399,8
56399,2
56400,1
56400,16
56400,14
56402,10
56405,16
56407,1
56407,17
56409,1
56409,16
56409,9
56410,16
56410,17
56416,1
56416,16
56416,7
56420,1
56420,5
56420,11
56421,10
56422,1
56422,7
56422,11
56423,26
56424,26
56425,16
56426,1
56426,16
56427,25
56432,1
56432,16
56432,5
56433,16
56434,1
56434,5
56434,3
56435,16
56435,8
56435,25
56438,25
56440,25
56441,3
56441,11
56441,12
56442,21
56442,17
56444,1
56444,7
56444,12
56446,7
56447,5
56447,18
56448,4
56448,15
56448,2
56449,21
56449,17
56450,2
56451,15
56456,16
56464,1
56464,7
56466,16
56466,14
56466,7
56469,3
56474,5
56474,11
56475,23
56476,27
56476,10
56477,1
56477,16
56477,3
56493,14
56493,13
56496,1
56496,7
56496,11
56499,16
56501,1
56501,16
56504,1
56504,5
56504,3
56505,16
56505,6
56507,16
56512,4
56512,3
56512,11
56514,17
56519,1
56519,23
56519,7
56520,1
56520,16
56521,1
56521,7
56521,17
56525,16
56526,1
56526,4
56526,5
56529,22
56531,16
56531,8
56531,13
56532,1
56532,6
56532,3
56533,1
56533,3
56533,11
56535,1
56535,16
56535,7
56536,16
56537,16
56542,4
56542,5
56542,3
56544,1
56544,17
56545,26
56546,27
56546,13
56547,16
56550,1
56550,7
56550,3
56552,1
56552,16
56552,2
56558,16
56558,22
56559,1
56560,16
56563,5
56564,16
56565,24
56567,1
56567,3
56567,22
56568,1
56568,16
56568,12
56572,27
56575,1
56577,1
56577,2
56577,11
56578,23
56578,24
56579,16
56579,4
56579,27
56580,8
56580,24
56581,1
56581,16
56582,16
56582,7
56583,23
56584,1
56584,5
56586,16
56586,4
56586,7
56589,16
56589,7
56592,4
56592,15
56593,16
56594,17
56595,5
56596,1
56596,7
56597,1
56597,18
56598,1
56598,5
56600,10
56601,27
56602,1
56603,16
56604,1
56604,4
56604,7
56605,1
56607,16
56607,27
56609,1
56609,16
56609,7
56610,1
56610,16
56610,13
56611,20
56612,16
56613,16
56613,7
56615,17
56617,1
56617,5
56617,11
56618,16
56622,5
56622,3
56622,11
56624,24
56625,1
56625,7
56626,16
56626,15
56626,7
56627,16
56627,4
56627,5
56628,1
56628,5
56628,7
56629,1
56629,5
56629,11
56633,1
56633,3
56634,22
56635,1
56635,16
56635,5
56636,1
56636,5
56636,3
56637,1
56637,16
56639,20
56640,16
56641,16
56641,14
56644,1
56644,16
56645,13
56645,6
56645,3
56646,16
56647,16
56652,16
56653,1
56656,1
56656,8
56656,17
56657,1
56657,16
56658,1
56659,16
56659,27
56659,2
56660,23
56662,8
56662,24
56664,1
56667,16
56667,7
56669,1
56669,16
56670,1
56670,21
56670,17
56671,5
56672,1
56672,5
56672,17
56673,1
56673,17
56675,1
56675,16
56676,16
56677,17
56678,16
56679,16
56680,1
56680,16
56681,16
56682,1
56683,22
56684,1
56684,5
56687,16
56690,23
56691,1
56691,16
56691,7
56692,4
56692,15
56692,2
56693,6
56693,3
56693,11
56694,1
56694,3
56696,23
56700,16
56701,5
56707,17
56710,1
56711,1
56711,3
56711,11
56714,1
56714,16
56715,1
56715,7
56716,1
56716,2
56716,11
56721,16
56727,4
56727,8
56727,15
56727,2
56728,1
56728,3
56734,1
56734,8
56734,11
56738,16
56740,1
56740,11
56741,22
56747,1
56747,16
56747,7
56748,1
56751,1
56751,16
56752,1
56752,5
56752,3
56753,1
56753,5
56755,21
56755,17
56756,16
56758,1
56758,4
56758,5
56762,3
56762,11
56763,1
56763,7
56763,11
56765,1
56765,7
56768,26
56772,1
56772,4
56772,13
56776,16
56776,8
56776,5
56777,11
56777,18
56778,1
56778,16
56778,5
56782,16
56782,15
56782,12
56784,5
56786,1
56786,7
56786,17
56789,16
56790,1
56790,16
56790,7
56791,8
56791,27
56791,10
56792,25
56799,16
56799,27
56799,14
56800,23
56800,7
56800,11
56801,5
56805,16
56805,7
56805,19
56807,16
56812,23
56814,16
56816,1
56816,16
56816,7
56817,1
56817,7
56825,1
56825,5
56825,11
56826,1
56826,16
56827,10
56835,8
56835,11
56835,17
56836,16
56836,8
56836,10
56842,1
56842,4
56842,21
56844,16
56845,1
56845,16
56846,1
56846,16
56847,2
56848,1
56848,7
56853,1
56853,16
56855,5
56855,2
56855,11
56857,6
56857,3
56858,1
56858,3
56858,11
56860,16
56860,4
56860,8
56861,1
56861,22
56862,1
56862,7
56864,15
56865,1
56867,24
56867,17
56868,1
56868,17
56869,16
56869,27
56870,16
56871,16
56872,1
56872,7
56875,1
56876,1
56876,3
56877,17
56883,1
56883,16
56883,5
56896,1
56896,17
56896,9
56897,1
56903,1
56904,4
56904,13
56904,2
56908,27
56909,5
56909,11
56912,1
56912,4
56913,1
56914,1
56914,16
56914,10
56915,24
56916,1
56916,16
56923,1
56923,7
56925,1
56925,5
56925,3
56928,16
56929,1
56929,7
56930,16
56931,1
56931,16
56932,1
56932,17
56936,1
56937,1
56938,1
56938,7
56939,1
56939,16
56939,15
56939,7
56940,1
56941,25
56942,1
56942,6
56942,12
56943,5
56944,16
56945,10
56946,1
56946,27
56947,16
56948,1
56948,16
56949,16
56950,16
56955,15
56956,1
56956,5
56956,3
56957,16
56957,13
56957,7
56958,1
56958,7
56958,17
56963,1
56963,27
56963,12
56964,1
56966,1
56966,10
56967,1
56967,7
56968,1
56968,16
56968,2
56970,1
56973,5
56973,11
56974,17
56975,1
56975,16
56975,7
56976,1
56977,1
56978,1
56978,17
56979,16
56980,16
56981,1
56981,2
56981,3
56982,1
56982,2
56982,3
56984,16
56984,8
56984,27
56985,16
56985,8
56985,27
56987,16
56987,27
56990,1
56990,8
56991,1
56991,7
56992,1
56992,16
56993,5
56994,23
56998,1
56998,5
56998,3
57000,10
57001,5
57001,10
57001,3
57002,1
57002,7
57002,25
57005,16
57005,14
57009,1
57009,5
57009,3
57010,10
57011,17
57013,1
57014,1
57014,19
57015,16
57017,25
57025,5
57029,16
57029,27
57030,16
57030,27
57031,1
57031,14
57036,17
57037,27
57039,5
57044,1
57044,16
57044,5
57046,16
57046,14
57046,13
57048,16
57048,22
57055,4
57055,5
57055,7
57056,5
57056,19
57060,15
57060,2
57060,28
57061,17
57063,1
57063,16
57063,7
57066,8
57066,25
57067,14
57067,25
57068,27
57070,27
57072,5
57073,26
57079,5
57081,23
57083,5
57083,11
57084,22
57087,16
57088,27
57088,25
57089,16
57089,27
57089,14
57090,27
57090,14
57091,16
57091,27
57091,25
57092,16
57096,14
57098,25
57099,24
57102,1
57102,16
57103,1
57103,5
57106,23
57110,1
57118,23
57119,22
57121,1
57123,1
57123,5
57123,3
57125,1
57125,5
57126,10
57128,23
57129,16
57129,3
57130,8
57132,1
57132,7
57137,1
57137,5
57139,16
57140,22
57141,16
57142,1
57142,5
57142,2
57143,16
57143,8
57143,10
57144,1
57144,16
57144,22
57145,16
57145,22
57158,1
57158,4
57159,22
57160,16
57160,24
57161,14
57162,16
57163,22
57164,16
57164,15
57164,7
57165,1
57165,5
57166,1
57166,22
57168,16
57169,17
57170,1
57170,13
57174,23
57175,1
57175,8
57175,15
57175,13
57178,16
57180,24
57182,25
57183,22
57184,22
57187,22
57188,22
57189,22
57191,22
57192,22
57193,22
57194,1
57195,5
57196,16
57196,27
57197,1
57197,16
57197,7
57198,25
57202,1
57204,15
57205,16
57205,27
57206,1
57207,10
57209,1
57209,21
57209,17
57211,1
57211,16
57211,5
57213,1
57215,1
57215,7
57218,1
57218,5
57219,1
57219,5
57219,3
57220,4
57220,5
57220,14
57221,18
57224,1
57224,14
57225,14
57231,1
57231,7
57231,11
57233,1
57233,7
57234,16
57234,14
57235,1
57235,7
57235,11
57237,1
57237,5
57239,16
57239,27
57240,16
57241,27
57241,22
57242,27
57242,22
57243,17
57244,1
57245,16
57245,10
57245,26
57247,16
57247,8
57247,27
57248,5
57250,1
57250,16
57250,7
57251,1
57251,7
57251,12
57252,1
57252,7
57255,1
57255,7
57255,17
57256,1
57256,16
57257,1
57257,16
57258,1
57258,7
57259,1
57259,7
57260,1
57260,7
57263,1
57263,17
57264,1
57264,16
57265,1
57265,13
57271,22
57274,1
57274,5
57274,3
57275,27
57276,1
57276,16
57276,7
57277,1
57277,17
57278,1
57280,19
57281,23
57282,1
57282,14
57286,18
57287,4
57287,8
57289,1
57289,5
57289,3
57291,16
57292,1
57292,11
57293,1
57293,16
57294,1
57294,5
57294,11
57295,1
57295,14
57295,7
57298,1
57298,16
57301,5
57302,1
57302,7
57303,16
57303,7
57303,12
57304,16
57304,7
57307,1
57307,4
57307,15
57307,2
57308,8
57309,1
57309,7
57310,25
57311,10
57313,28
57317,5
57317,2
57317,3
57318,1
57318,16
57318,7
57319,16
57319,5
57320,1
57320,5
57320,11
57322,5
57323,1
57323,3
57323,11
57325,1
57325,16
57328,23
57330,1
57331,3
57331,12
57332,10
57333,1
57333,18
57334,16
57334,18
57336,1
57336,16
57336,7
57337,1
57337,3
57337,11
57338,1
57338,7
57340,1
57340,16
57340,17
57341,11
57342,8
57344,27
57345,17
57347,26
57351,1
57351,4
57351,17
57355,16
57355,7
57355,12
57356,16
57357,1
57357,5
57357,2
57358,22
57359,23
57361,24
57363,1
57363,16
57363,19
57364,1
57365,1
57365,4
57365,5
57366,1
57367,1
57367,7
57368,16
57368,12
57369,4
57369,8
57370,16
57370,2
57371,16
57371,8
57372,1
57372,4
57372,5
57373,22
57374,25
57375,16
57375,7
57376,16
57376,27
57377,1
57377,10
57378,1
57378,16
57379,16
57380,16
57380,23
57381,1
57381,5
57382,1
57382,5
57382,3
57383,1
57385,16
57385,23
57385,26
57386,1
57387,1
57387,17
57389,1
57389,5
57390,27
57391,25
57392,25
57393,1
57393,16
57393,5
57395,1
57395,16
57395,7
57396,1
57396,11
57397,1
57397,7
57398,16
57398,27
57399,1
57399,3
57399,11
57400,6
57400,11
57400,12
57402,1
57402,5
57402,13
57403,1
57403,3
57404,10
57405,24
57406,16
57407,1
57408,5
57409,16
57410,1
57410,16
57410,7
57412,1
57412,7
57413,1
57413,4
57413,8
57415,1
57415,4
57415,5
57416,1
57416,11
57417,1
57417,7
57418,1
57419,1
57419,7
57420,1
57420,7
57421,1
57421,16
57421,4
57422,8
57422,27
57423,1
57423,7
57424,1
57424,7
57425,1
57425,8
57425,13
57426,5
57428,16
57429,1
57429,10
57430,1
57431,10
57432,1
57433,1
57433,16
57434,16
57435,1
57435,21
57435,17
57436,16
57437,1
57437,7
57438,16
57439,16
57440,1
57440,7
57441,1
57443,10
57444,23
57445,10
57446,3
57446,11
57447,1
57447,20
57449,16
57450,16
57450,28
57451,16
57452,5
57452,11
57453,11
57454,5
57454,19
57455,1
57455,7
57455,17
57458,16
57459,16
57459,4
57461,8
57461,27
57462,27
57463,27
57463,14
57465,1
57466,1
57466,3
57467,16
57467,27
57468,25
57469,1
57469,3
57470,16
57470,4
57470,9
57471,1
57471,5
57471,17
57472,26
57473,1
57473,5
57474,5
57474,11
57475,26
57476,24
57478,27
57480,5
57480,11
57483,1
57483,16
57484,1
57484,7
57485,1
57485,5
57485,11
57486,16
57486,14
57487,1
57487,4
57487,5
57488,18
57490,1
57490,23
57491,11
57491,17
57492,16
57493,8
57493,2
57494,16
57495,16
57495,7
57496,16
57496,7
57497,16
57497,4
57497,2
57498,16
57498,2
57499,1
57499,16
57500,17
57500,22
57501,18
57502,1
57503,1
57503,7
57504,1
57504,5
57505,1
57505,16
57506,1
57506,7
57507,1
57507,18
57508,1
57508,7
57509,1
57509,7
57510,1
57510,7
57511,1
57511,7
57512,5
57513,16
57513,13
57515,7
57516,8
57516,24
57519,21
57519,17
57520,4
57520,8
57520,27
57522,1
57522,5
57522,11
57523,21
57523,17
57524,17
57525,27
57527,16
57528,1
57528,5
57528,19
57529,1
57529,5
57530,1
57530,16
57531,16
57532,16
57533,1
57533,5
57535,16
57536,16
57537,16
57538,16
57538,5
57539,16
57539,22
57540,16
57541,1
57541,16
57542,16
57543,1
57543,8
57543,13
57544,16
57544,22
57546,16
57547,4
57547,5
57547,11
57551,1
57551,8
57551,14
57552,1
57554,1
57554,3
57555,1
57555,20
57556,4
57556,15
57556,13
57557,10
57558,10
57562,1
57562,16
57562,7
57563,16
57564,16
57565,16
57566,16
57566,22
57567,16
57569,1
57569,7
57571,5
57572,16
57573,1
57575,8
57575,13
57575,7
57576,1
57576,16
57576,7
57578,10
57580,1
57580,5
57580,3
57581,1
57583,1
57583,4
57583,5
57586,16
57586,4
57586,5
57587,1
57587,4
57587,8
57588,16
57589,1
57590,16
57592,1
57592,5
57593,13
57594,16
57594,22
57596,13
57599,16
57601,5
57604,1
57604,16
57605,17
57607,16
57607,5
57608,1
57608,22
57609,4
57609,8
57610,10
57610,24
57613,1
57613,4
57613,5
57614,10
57615,1
57615,7
57616,5
57619,1
57619,16
57619,13
57627,1
57627,7
57628,1
57628,7
57629,1
57629,7
57630,1
57630,7
57631,1
57631,7
57632,4
57632,8
57633,16
57636,1
57636,7
57637,1
57637,7
57638,1
57638,7
57643,1
57643,8
57645,3
57645,11
57648,11
57649,1
57649,7
57650,16
57652,27
57653,22
57654,1
57654,17
57655,16
57655,2
57656,17
57657,5
57664,16
57671,24
57672,1
57672,3
57672,11
57676,1
57677,1
57677,4
57677,7
57678,8
57678,27
57678,14
57679,1
57679,14
57680,1
57680,4
57680,5
57682,1
57682,7
57682,18
57684,1
57684,7
57685,1
57685,16
57685,10
57686,1
57687,1
57687,5
57687,3
57690,23
57693,15
57697,14
57698,22
57699,25
57700,1
57700,3
57701,1
57701,7
57702,16
57703,5
57703,11
57704,16
57705,1
57705,4
57705,11
57707,1
57707,13
57707,7
57708,1
57708,7
57708,3
57710,21
57711,1
57711,7
57711,17
57713,1
57713,16
57714,1
57714,7
57715,8
57715,17
57716,16
57716,14
57722,16
57734,17
57736,1
57740,26
57744,1
57744,3
57745,16
57748,1
57748,7
57749,1
57749,10
57750,1
57750,16
57750,4
57751,4
57751,8
57751,5
57753,1
57753,15
57753,7
57754,11
57755,8
57755,13
57758,4
57758,15
57758,2
57759,4
57759,15
57759,13
57760,1
57760,15
57761,23
57762,15
57762,6
57762,12
57763,15
57764,15
57766,15
57766,13
57770,24
57771,1
57771,7
57775,1
57775,10
57775,7
57776,1
57776,7
57777,25
57778,21
57778,17
57780,18
57783,1
57783,19
57787,1
57788,10
57789,23
57790,16
57792,4
57792,8
57792,13
57794,22
57796,16
57796,10
57797,5
57797,11
57798,5
57798,3
57800,8
57800,27
57800,13
57801,16
57801,4
57801,8
57803,1
57803,5
57803,3
57804,16
57805,1
57805,16
57805,7
57806,19
57807,5
57808,11
57808,12
57810,1
57810,10
57812,1
57813,17
57817,16
57819,24
57820,1
57820,3
57820,18
57821,1
57821,7
57822,23
57823,16
57823,27
57823,10
57824,8
57824,25
57828,17
57829,1
57829,14
57830,8
57830,27
57835,18
57837,15
57838,3
57839,16
57839,27
57840,23
57840,5
57841,5
57844,7
57854,10
57856,10
57858,22
57859,16
57859,10
57860,10
57861,10
57862,16
57862,10
57863,16
57863,27
57863,18
57864,16
57864,10
57866,23
57868,14
57869,1
57869,15
57869,13
57871,16
57873,22
57874,27
57875,16
57875,7
57876,1
57876,7
57879,21
57879,17
57880,1
57880,5
57881,1
57881,7
57882,16
57882,7
57883,1
57883,23
57883,7
57892,1
57892,7
57892,18
57893,1
57893,14
57894,15
57898,16
57898,10
57898,2
57900,25
57901,1
57901,7
57904,5
57904,11
57905,25
57907,4
57907,8
57907,15
57907,13
57909,24
57910,1
57910,16
57910,7
57917,1
57917,16
57922,16
57922,7
57923,15
57926,1
57926,4
57926,2
57928,1
57928,5
57929,16
57929,22
57930,1
57930,7
57930,11
57931,1
57931,7
57933,25
57937,5
57938,23
57939,10
57940,1
57940,10
57940,7
57943,1
57943,16
57944,1
57944,16
57944,11
57945,16
57946,1
57946,5
57946,7
57948,23
57949,22
57950,10
57951,8
57951,23
57951,25
57953,10
57954,27
57954,23
57957,15
57958,1
57958,16
57958,7
57959,1
57959,16
57959,7
57960,16
57961,16
57961,7
57963,1
57963,16
57964,1
57964,16
57970,16
57970,5
57970,3
57971,1
57971,5
57972,1
57972,4
57972,5
57973,1
57973,14
57973,7
57974,1
57975,1
57979,27
57979,14
57980,8
57980,27
57981,1
57981,3
57981,11
57982,1
57982,10
57984,5
57986,1
57987,2
57989,1
57989,11
57990,1
57990,13
57990,11
57991,1
57991,4
57991,15
57993,1
57993,5
57993,11
57995,1
57995,16
58000,1
58005,22
58007,1
58007,16
58007,5
58014,1
58014,3
58017,1
58017,7
58018,1
58018,7
58019,1
58019,7
58020,16
58020,14
58020,13
58021,19
58022,5
58023,16
58023,8
58024,1
58024,19
58026,1
58026,5
58026,3
58027,16
58027,4
58027,3
58028,4
58028,13
58028,3
58037,1
58037,16
58039,1
58039,5
58039,11
58042,4
58042,8
58042,15
58042,2
58045,1
58045,21
58046,1
58046,16
58046,3
58051,1
58051,7
58054,11
58055,1
58055,7
58055,17
58062,15
58064,1
58064,7
58065,15
58066,5
58066,19
58068,6
58075,1
58075,5
58075,3
58077,7
58079,7
58079,11
58079,12
58081,16
58086,8
58086,25
58087,22
58091,6
58091,3
58092,16
58093,1
58093,16
58094,7
58096,1
58096,7
58097,17
58102,1
58116,17
58117,1
58117,7
58119,16
58120,11
58121,1
58121,7
58123,16
58123,27
58123,13
58130,7
58135,15
58136,1
58136,7
58136,28
58141,23
58143,1
58143,7
58144,1
58144,7
58145,15
58148,15
58149,5
58151,1
58151,22
58152,16
58154,1
58154,16
58154,7
58159,16
58162,3
58164,16
58164,10
58164,7
58165,23
58166,1
58166,6
58167,1
58167,16
58167,7
58168,16
58168,4
58168,13
58169,1
58169,16
58170,16
58170,27
58171,16
58171,27
58171,10
58172,1
58173,1
58173,3
58176,16
58176,27
58177,4
58177,8
58177,3
58178,4
58178,6
58178,3
58180,1
58180,16
58180,15
58181,1
58181,2
58182,16
58182,24
58184,1
58184,3
58184,11
58186,16
58187,15
58188,1
58188,7
58188,3
58189,23
58190,16
58190,27
58191,5
58191,11
58192,22
58193,1
58194,24
58199,16
58199,7
58201,1
58201,7
58201,18
58202,1
58202,14
58202,10
58203,1
58203,16
58204,1
58204,7
58205,4
58205,8
58205,15
58205,13
58206,4
58206,15
58206,13
58206,2
58207,4
58207,8
58211,17
58213,1
58213,4
58213,8
58215,1
58215,3
58217,1
58217,16
58217,17
58219,1
58219,16
58225,16
58231,21
58232,1
58232,5
58232,18
58233,1
58233,11
58233,12
58237,23
58240,1
58240,15
58240,7
58241,5
58241,11
58241,17
58242,25
58243,16
58243,7
58258,17
58260,24
58262,10
58268,16
58268,5
58270,16
58270,7
58274,11
58277,16
58277,4
58277,27
58278,1
58278,19
58282,5
58283,1
58284,16
58285,5
58286,1
58286,3
58287,16
58291,23
58291,24
58292,23
58292,24
58293,23
58293,24
58294,23
58294,24
58295,23
58295,24
58297,16
58297,8
58297,12
58299,15
58299,12
58302,15
58303,5
58303,3
58308,1
58308,7
58311,1
58311,7
58316,1
58316,16
58318,25
58319,1
58319,7
58323,16
58327,10
58329,16
58329,18
58331,1
58331,8
58331,13
58332,22
58333,15
58335,1
58335,16
58335,7
58336,16
58336,7
58337,1
58337,16
58337,7
58338,4
58338,8
58338,13
58342,5
58342,11
58344,1
58344,4
58344,5
58345,1
58345,4
58351,1
58351,7
58353,1
58353,7
58355,23
58357,25
58359,16
58359,13
58359,11
58360,16
58360,5
58361,1
58361,7
58361,11
58363,16
58363,7
58370,11
58374,1
58374,7
58377,17
58379,6
58379,12
58380,18
58381,17
58382,1
58382,8
58382,17
58386,1
58386,7
58386,17
58387,10
58389,1
58389,7
58389,11
58391,16
58392,16
58393,1
58393,5
58393,3
58397,1
58397,5
58399,16
58404,16
58405,1
58405,16
58405,7
58407,4
58407,5
58416,16
58416,8
58416,23
58420,16
58423,16
58424,16
58427,1
58427,13
58427,7
58431,1
58432,16
58436,1
58436,16
58438,5
58438,19
58442,1
58442,5
58442,11
58445,11
58446,1
58446,7
58451,11
58452,23
58453,7
58456,10
58457,16
58457,14
58462,1
58462,7
58463,1
58463,7
58465,23
58466,5
58470,16
58473,5
58474,1
58474,5
58474,3
58475,10
58477,22
58485,1
58485,8
58485,3
58486,1
58486,7
58496,21
58497,16
58497,27
58497,14
58498,27
58498,10
58499,16
58499,27
58501,27
58501,14
58502,27
58502,10
58503,10
58504,1
58504,27
58504,5
58505,22
58506,10
58507,16
58508,27
58508,14
58508,25
58510,22
58511,14
58512,10
58512,25
58514,16
58515,1
58515,7
58516,16
58516,7
58516,17
58519,23
58521,1
58521,3
58531,16
58532,23
58535,1
58535,4
58535,5
58539,1
58539,3
58542,16
58542,27
58543,7
58543,17
58544,11
58545,8
58545,27
58549,20
58552,1
58552,7
58553,1
58553,7
58554,1
58554,7
58555,1
58555,7
58556,1
58556,7
58557,1
58557,7
58560,1
58560,7
58561,1
58561,16
58561,13
58565,1
58565,16
58565,7
58566,1
58567,1
58567,16
58567,3
58568,1
58568,5
58568,3
58569,16
58570,16
58571,1
58571,27
58571,14
58574,1
58574,4
58574,5
58575,10
58576,16
58578,23
58580,1
58580,7
58581,1
58581,16
58581,5
58582,25
58588,16
58588,13
58588,6
58591,1
58591,5
58591,11
58595,16
58596,16
58597,16
58598,14
58603,5
58604,11
58605,16
58605,3
58605,11
58612,15
58612,7
58612,28
58613,1
58613,16
58614,1
58614,7
58616,1
58617,16
58618,1
58620,16
58620,10
58621,25
58622,7
58623,7
58624,1
58624,11
58625,1
58626,1
58628,15
58628,13
58628,7
58628,28
58629,4
58629,7
58629,3
58630,16
58630,18
58631,16
58631,27
58634,1
58634,7
58635,10
58636,10
58638,16
58638,5
58641,23
58641,24
58645,5
58645,11
58646,1
58646,16
58647,4
58647,8
58647,13
58648,1
58648,7
58649,1
58650,1
58650,9
58652,1
58652,7
58653,1
58654,15
58654,7
58654,28
58655,10
58656,1
58656,5
58657,1
58657,7
58658,22
58659,5
58659,3
58659,9
58660,1
58661,1
58663,1
58665,1
58666,16
58667,16
58670,1
58673,1
58673,7
58674,1
58674,13
58674,10
58677,16
58677,7
58681,28
58682,3
58682,11
58683,16
58685,16
58685,7
58687,5
58689,1
58689,7
58689,2
58691,1
58691,16
58692,5
58692,11
58693,23
58694,1
58694,16
58695,16
58695,7
58696,1
58696,7
58697,1
58697,7
58698,1
58701,1
58701,5
58703,16
58703,27
58706,7
58707,23
58708,1
58709,16
58709,24
58710,23
58711,1
58711,5
58711,7
58712,5
58712,11
58713,1
58713,5
58713,11
58716,27
58716,10
58717,1
58717,5
58719,27
58719,10
58722,14
58723,22
58725,17
58726,22
58728,26
58730,23
58731,23
58733,1
58734,1
58735,1
58735,17
58739,26
58740,16
58742,1
58742,5
58744,1
58744,3
58745,1
58745,4
58745,15
58747,15
58747,28
58749,1
58750,1
58751,16
58752,4
58752,21
58752,17
58756,16
58756,27
58757,1
58757,7
58758,26
58761,5
58761,11
58764,1
58764,7
58765,1
58765,16
58765,5
58766,1
58766,16
58766,7
58767,10
58767,7
58769,6
58769,12
58771,16
58772,16
58772,14
58772,10
58773,1
58773,10
58775,5
58775,7
58776,1
58776,4
58776,5
58779,1
58779,5
58780,7
58781,1
58781,7
58782,1
58782,7
58782,12
58783,11
58784,5
58785,1
58786,13
58786,12
58787,1
58787,13
58787,7
58788,1
58788,7
58793,5
58796,1
58796,3
58796,11
58798,1
58798,16
58798,7
58799,1
58799,5
58799,11
58800,10
58801,5
58801,11
58802,1
58802,10
58802,7
58803,10
58804,16
58804,5
58805,1
58805,7
58806,3
58807,11
58808,1
58808,16
58809,16
58809,3
58810,1
58810,7
58814,16
58814,27
58814,10
58815,1
58820,1
58822,1
58822,14
58822,7
58823,1
58823,10
58823,7
58824,1
58824,2
58825,1
58825,3
58825,11
58826,1
58826,7
58828,7
58830,16
58831,1
58831,7
58833,1
58833,5
58834,1
58835,25
58837,25
58838,1
58838,3
58838,11
58840,1
58840,18
58842,1
58842,7
58842,21
58843,1
58843,27
58844,16
58844,6
58846,1
58846,5
58846,11
58850,11
58850,17
58852,7
58854,23
58855,24
58856,1
58856,3
58857,23
58858,23
58859,7
58860,1
58860,16
58860,10
58862,1
58864,5
58865,10
58866,1
58866,7
58866,11
58875,1
58875,7
58875,17
58876,4
58876,3
58876,12
58878,16
58878,15
58879,8
58879,15
58879,2
58880,1
58880,5
58889,8
58889,25
58890,27
58890,13
58891,16
58891,15
58891,13
58892,11
58894,1
58894,5
58894,3
58895,25
58896,8
58896,24
58897,25
58903,24
58906,5
58907,1
58907,7
58908,1
58908,12
58914,1
58914,7
58914,3
58915,5
58918,16
58919,16
58920,5
58920,11
58922,4
58922,15
58922,2
58924,5
58924,11
58925,1
58925,7
58926,25
58926,24
58927,1
58927,3
58927,11
58933,1
58933,3
58935,16
58936,1
58936,16
58937,5
58937,3
58937,11
58938,3
58940,1
58941,16
58941,11
58942,1
58942,16
58942,11
58945,14
58945,7
58946,1
58946,7
58946,11
58947,1
58947,18
58948,16
58948,4
58948,2
58949,6
58949,2
58950,1
58950,2
58951,4
58951,2
58952,4
58952,2
58955,22
58957,5
58958,8
58958,2
58959,16
58961,16
58963,1
58963,8
58963,13
58964,1
58964,7
58965,1
58965,7
58965,11
58966,16
58966,27
58966,14
58968,1
58969,1
58969,7
58970,1
58973,23
58975,16
58976,16
58978,1
58978,7
58979,7
58980,7
58985,7
58985,3
58985,11
58987,1
58987,16
58988,5
58989,15
58989,7
58989,28
58990,15
58991,17
58992,1
58992,15
58992,28
58994,5
58995,5
58998,1
58998,16
58998,7
59003,1
59003,5
59003,3
59005,27
59005,14
59008,7
59011,1
59011,7
59014,1
59014,7
59016,1
59016,5
59017,24
59019,1
59019,16
59019,14
59021,24
59022,23
59024,10
59024,17
59025,1
59025,15
59025,13
59032,21
59032,17
59035,23
59040,16
59041,20
59043,23
59044,1
59045,16
59048,16
59048,3
59049,1
59049,7
59053,1
59053,7
59054,1
59054,16
59057,1
59057,5
59063,1
59063,4
59063,5
59065,5
59065,11
59066,22
59067,16
59067,4
59067,5
59068,1
59068,4
59068,3
59070,15
59072,1
59072,3
59074,1
59075,21
59075,17
59077,1
59077,7
59080,17
59081,5
59088,1
59088,11
59090,1
59090,7
59091,13
59091,7
59093,1
59093,7
59094,16
59094,10
59094,7
59097,16
59098,16
59098,15
59099,16
59099,15
59099,2
59102,1
59102,8
59102,2
59103,1
59103,5
59106,15
59107,1
59107,7
59107,17
59108,15
59109,15
59110,15
59111,16
59111,15
59111,13
59114,23
59117,1
59119,1
59119,21
59119,17
59130,22
59132,21
59132,17
59138,1
59138,4
59138,11
59139,16
59141,1
59141,7
59146,5
59149,17
59154,1
59156,16
59160,5
59161,11
59161,24
59169,1
59169,16
59169,8
59171,1
59171,5
59171,11
59172,1
59172,5
59173,1
59173,11
59176,4
59176,8
59176,6
59178,5
59180,5
59181,1
59181,11
59182,1
59183,25
59184,2
59185,1
59185,7
59187,1
59187,5
59188,1
59189,1
59190,1
59191,1
59192,16
59193,16
59193,10
59195,23
59198,22
59199,16
59199,27
59200,1
59201,16
59201,5
59202,1
59202,16
59202,3
59203,1
59203,13
59204,16
59204,5
59204,11
59205,1
59205,16
59205,12
59206,16
59206,10
59207,1
59207,16
59210,16
59211,14
59212,27
59214,5
59217,26
59218,10
59220,5
59223,1
59223,7
59226,16
59227,1
59228,1
59228,27
59229,23
59229,24
59231,1
59231,16
59231,22
59234,1
59234,10
59235,1
59235,5
59237,23
59238,22
59240,16
59241,4
59241,5
59241,3
59242,1
59243,1
59243,7
59244,1
59244,5
59244,3
59245,1
59245,11
59245,17
59246,1
59246,16
59248,1
59248,3
59248,11
59249,1
59249,13
59249,12
59250,1
59250,16
59251,16
59251,14
59251,7
59252,7
59252,2
59252,11
59253,1
59253,16
59253,7
59254,1
59254,3
59255,1
59255,7
59255,12
59256,16
59256,7
59257,1
59257,7
59258,16
59258,7
59258,12
59259,1
59259,7
59259,12
59260,1
59260,7
59261,16
59262,1
59262,5
59262,7
59263,1
59263,7
59264,1
59264,7
59264,22
59265,16
59265,7
59266,1
59266,23
59266,7
59267,16
59267,5
59267,7
59268,1
59268,7
59268,12
59269,1
59269,7
59270,16
59270,10
59270,7
59271,16
59271,7
59272,1
59272,7
59272,12
59273,1
59273,7
59275,1
59275,22
59281,16
59281,7
59283,1
59283,11
59284,1
59284,7
59285,23
59286,1
59286,3
59289,23
59292,1
59292,16
59292,7
59296,8
59296,27
59297,1
59297,6
59297,3
59299,16
59299,5
59300,1
59300,16
59300,10
59302,8
59302,13
59302,12
59304,16
59304,7
59305,1
59307,1
59307,5
59307,3
59308,5
59313,1
59313,7
59314,1
59316,4
59316,3
59316,17
59317,1
59317,16
59317,14
59320,1
59321,1
59323,4
59323,11
59324,5
59327,1
59327,4
59327,5
59328,16
59332,4
59332,2
59332,21
59333,1
59333,3
59333,11
59335,5
59336,4
59336,8
59336,2
59338,13
59338,18
59340,16
59344,1
59344,16
59344,5
59348,11
59349,5
59353,1
59353,7
59354,1
59354,3
59355,16
59355,8
59356,11
59357,1
59357,7
59358,1
59358,5
59358,3
59359,1
59359,5
59360,1
59360,7
59364,10
59366,17
59368,23
59370,1
59370,5
59371,1
59371,5
59372,1
59372,16
59372,7
59373,16
59375,1
59375,5
59375,11
59376,16
59377,16
59379,20
59380,17
59383,1
59383,17
59384,8
59384,27
59384,13
59385,1
59387,16
59387,27
59389,23
59390,1
59390,16
59390,22
59391,10
59393,1
59393,3
59394,27
59396,5
59399,1
59399,7
59400,1
59400,3
59400,11
59403,1
59403,7
59403,17
59404,1
59404,5
59405,16
59405,4
59405,13
59406,1
59406,7
59406,3
59408,16
59409,1
59409,7
59409,11
59412,16
59412,15
59412,7
59413,15
59414,15
59415,1
59415,4
59415,5
59416,1
59416,5
59416,11
59418,1
59418,11
59419,16
59421,16
59422,21
59422,17
59423,1
59426,23
59429,16
59430,8
59430,25
59431,1
59431,27
59431,14
59432,10
59433,1
59435,7
59437,23
59437,24
59438,1
59440,5
59442,14
59442,22
59443,7
59444,11
59445,15
59445,7
59446,5
59447,1
59447,7
59447,3
59449,15
59449,13
59449,7
59450,15
59451,15
59452,15
59453,15
59454,16
59454,14
59454,7
59455,5
59455,3
59455,11
59456,1
59456,7
59457,1
59457,7
59457,11
59458,11
59459,1
59459,7
59459,2
59460,1
59462,1
59463,1
59463,5
59463,19
59464,16
59465,15
59466,15
59466,13
59467,15
59468,1
59468,16
59468,7
59470,22
59471,7
59473,12
59475,10
59476,18
59478,1
59478,3
59478,11
59480,8
59480,14
59480,24
59481,16
59482,16
59482,7
59483,7
59484,16
59484,8
59484,27
59485,1
59485,19
59488,1
59488,16
59489,1
59489,16
59490,1
59490,16
59491,5
59492,1
59492,4
59492,2
59494,27
59494,14
59495,27
59495,14
59496,8
59497,1
59497,7
59498,1
59498,7
59499,11
59500,25
59502,16
59502,27
59503,1
59503,7
59504,1
59505,16
59505,5
59506,1
59506,7
59508,1
59508,16
59509,8
59509,13
59509,7
59510,10
59511,23
59512,16
59514,1
59514,4
59515,21
59516,16
59516,15
59516,7
59517,1
59517,13
59519,1
59519,5
59519,3
59520,23
59521,27
59522,1
59522,11
59523,16
59525,16
59526,22
59527,1
59527,16
59527,14
59528,7
59529,15
59529,7
59531,24
59534,16
59536,1
59536,17
59537,16
59537,27
59538,16
59541,1
59541,5
59542,1
59543,1
59543,3
59543,9
59546,16
59549,17
59550,1
59550,5
59552,13
59552,7
59552,12
59553,17
59554,23
59557,1
59557,4
59557,5
59559,16
59560,16
59560,27
59561,1
59561,7
59562,1
59562,5
59569,11
59570,1
59570,7
59573,8
59573,24
59581,5
59583,13
59583,11
59585,1
59585,5
59585,11
59586,1
59587,7
59588,23
59589,25
59590,5
59597,13
59597,3
59598,1
59598,17
59600,16
59600,8
59600,27
59601,25
59602,21
59602,17
59603,1
59612,16
59615,1
59615,5
59616,4
59616,2
59617,8
59617,24
59619,1
59619,3
59619,11
59620,8
59620,24
59622,14
59627,8
59627,24
59639,27
59639,10
59640,8
59640,24
59643,1
59643,5
59643,3
59644,1
59644,7
59645,1
59645,5
59645,3
59646,1
59646,16
59646,13
59647,1
59647,17
59649,10
59650,16
59651,16
59651,4
59652,1
59652,16
59652,7
59655,8
59655,13
59656,1
59657,5
59659,25
59660,5
59661,1
59661,16
59661,7
59662,1
59662,17
59663,21
59663,17
59664,1
59664,16
59665,1
59665,7
59666,1
59666,22
59667,16
59667,8
59667,15
59667,13
59670,15
59678,16
59678,15
59678,13
59678,7
59679,16
59680,1
59680,3
59683,1
59683,13
59683,7
59684,1
59684,7
59686,1
59689,1
59689,17
59690,1
59690,7
59692,16
59693,23
59694,16
59694,27
59696,16
59696,27
59697,1
59697,7
59698,16
59698,4
59698,15
59698,9
59699,22
59702,5
59705,25
59706,1
59707,23
59708,16
59708,7
59709,1
59709,5
59710,1
59710,7
59712,1
59712,5
59712,11
59713,1
59713,16
59714,16
59715,16
59717,16
59717,27
59718,1
59718,7
59719,1
59719,11
59722,1
59722,21
59723,1
59723,7
59724,7
59725,1
59725,7
59726,1
59726,5
59727,24
59728,1
59728,7
59729,1
59731,8
59734,1
59734,4
59734,6
59735,1
59735,16
59737,5
59739,1
59739,5
59739,11
59740,1
59740,5
59740,11
59741,1
59742,22
59743,16
59744,1
59744,16
59745,1
59745,7
59746,1
59746,7
59746,17
59747,8
59748,1
59748,3
59749,1
59751,16
59751,4
59751,2
59752,16
59754,1
59754,16
59755,1
59755,16
59755,7
59756,16
59756,22
59757,16
59757,10
59758,1
59758,15
59758,22
59759,10
59760,16
59760,15
59760,22
59764,16
59764,5
59769,10
59770,16
59770,27
59771,4
59771,15
59771,13
59771,7
59772,1
59772,5
59772,3
59773,16
59774,1
59775,16
59776,16
59776,7
59777,1
59777,11
59778,5
59779,1
59779,11
59781,25
59782,4
59782,8
59782,15
59784,1
59784,5
59784,3
59785,1
59785,5
59785,3
59786,1
59786,5
59786,3
59787,1
59787,7
59788,1
59788,16
59788,7
59792,1
59792,5
59792,7
59793,16
59793,7
59799,23
59801,1
59801,5
59801,3
59807,4
59807,8
59807,27
59815,5
59817,1
59817,7
59818,22
59819,1
59819,16
59819,14
59821,1
59821,10
59822,4
59822,8
59822,13
59823,1
59823,7
59823,17
59824,1
59824,16
59824,7
59825,5
59825,3
59825,17
59827,1
59827,13
59827,7
59829,23
59830,23
59831,1
59831,16
59832,1
59833,1
59833,5
59833,3
59837,1
59837,15
59837,7
59837,28
59839,1
59841,1
59841,16
59841,23
59846,5
59848,1
59848,16
59848,7
59849,5
59851,1
59851,5
59851,11
59852,7
59853,16
59853,27
59854,16
59854,27
59856,1
59856,16
59856,7
59858,1
59858,5
59859,16
59860,1
59860,13
59861,1
59861,14
59861,7
59862,15
59865,1
59865,16
59865,7
59868,1
59868,5
59869,15
59871,1
59872,16
59872,4
59872,22
59873,1
59873,13
59874,1
59874,13
59874,7
59876,16
59877,1
59877,4
59880,16
59881,16
59882,1
59882,7
59884,16
59884,7
59884,11
59885,23
59886,26
59887,11
59888,1
59888,14
59889,16
59890,1
59894,10
59895,5
59895,3
59895,11
59896,4
59896,8
59896,7
59897,1
59897,16
59897,7
59898,10
59898,7
59899,16
59899,22
59900,16
59901,10
59904,1
59904,11
59908,16
59909,1
59909,7
59910,1
59910,7
59910,17
59912,1
59912,5
59912,11
59916,1
59916,16
59916,18
59918,1
59918,7
59919,1
59919,5
59920,1
59920,10
59923,1
59923,18
59924,1
59925,1
59925,16
59925,12
59927,16
59927,7
59928,1
59928,7
59929,16
59929,13
59929,7
59930,1
59930,27
59931,16
59931,27
59934,1
59934,5
59934,3
59935,24
59946,1
59946,18
59947,1
59949,1
59949,7
59950,1
59950,7
59955,17
59956,1
59956,5
59956,11
59958,1
59958,2
59958,11
59960,1
59960,7
59961,23
59964,5
59965,16
59965,7
59966,1
59967,16
59970,1
59971,13
59971,7
59972,1
59972,21
59972,17
59973,16
59973,5
59973,11
59974,1
59974,5
59976,1
59976,4
59976,7
59978,1
59978,3
59979,1
59979,16
59979,7
59981,16
59981,27
59982,1
59982,21
59983,25
59984,24
59985,1
59985,2
59985,3
59989,5
59990,26
59992,22
59993,26
59995,15
59996,16
59997,1
59997,4
59997,5
59999,22
60000,5
60000,11
60000,9
60001,4
60001,7
60001,17
60002,23
60002,7
60003,1
60004,1
60004,5
60006,8
60006,5
60006,11
60009,16
60011,16
60011,15
60011,7
60012,16
60013,1
60013,7
60014,1
60014,5
60015,1
60016,1
60016,7
60016,11
60017,11
60020,1
60020,5
60020,3
60022,1
60022,5
60022,11
60023,1
60023,23
60023,7
60024,1
60024,7
60025,1
60025,7
60028,1
60028,13
60028,7
60030,16
60030,8
60030,14
60031,5
60032,24
60034,16
60034,27
60036,5
60039,1
60040,2
60041,5
60042,1
60042,11
60043,1
60043,16
60045,1
60045,3
60046,16
60047,16
60048,16
60049,5
60049,3
60049,11
60051,16
60052,10
60053,18
60054,18
60055,16
60057,16
60058,3
60059,1
60059,7
60060,16
60061,1
60061,5
60062,16
60063,16
60065,16
60066,1
60066,7
60067,16
60068,1
60068,5
60070,1
60070,5
60070,3
60071,8
60071,13
60071,7
60072,1
60072,7
60073,24
60074,1
60074,22
60075,1
60075,7
60076,16
60077,16
60078,25
60078,24
60080,4
60080,8
60082,23
60084,1
60084,14
60085,7
60086,4
60086,2
60087,16
60088,5
60089,1
60089,16
60089,7
60090,4
60090,8
60090,2
60091,16
60093,5
60094,5
60094,11
60096,18
60097,17
60098,17
60099,11
60100,1
60100,16
60100,7
60102,1
60102,16
60102,7
60103,27
60103,13
60104,5
60105,1
60105,5
60106,16
60107,1
60107,17
60108,1
60109,1
60109,7
60111,16
60112,1
60114,1
60114,7
60116,1
60116,8
60116,7
60119,4
60119,5
60119,11
60121,1
60121,7
60122,1
60122,7
60122,22
60123,1
60123,7
60124,1
60124,7
60125,1
60126,1
60126,7
60127,1
60127,5
60127,19
60129,8
60129,6
60129,3
60133,1
60133,16
60133,7
60134,5
60136,1
60136,3
60136,11
60137,16
60137,23
60137,7
60139,22
60140,1
60141,27
60141,11
60142,4
60142,3
60142,11
60143,11
60144,5
60144,3
60145,1
60145,3
60145,12
60146,1
60146,3
60146,11
60147,11
60148,1
60148,11
60149,16
60149,5
60149,11
60150,4
60150,13
60150,11
60151,16
60152,16
60152,4
60152,13
60153,1
60153,4
60153,2
60154,1
60154,11
60155,16
60157,22
60158,1
60158,16
60159,1
60159,5
60159,3
60160,25
60163,1
60163,7
60169,1
60169,5
60169,19
60171,1
60171,4
60171,13
60172,1
60172,3
60172,11
60173,1
60173,7
60173,11
60174,13
60174,7
60174,3
60175,1
60175,5
60175,19
60176,1
60176,7
60176,11
60177,25
60179,1
60179,7
60180,1
60180,16
60180,7
60181,5
60185,1
60185,22
60186,1
60186,16
60188,1
60188,7
60191,1
60191,16
60192,1
60193,1
60193,5
60193,11
60194,5
60196,1
60196,16
60196,5
60197,1
60197,7
60201,1
60201,16
60201,7
60207,1
60207,10
60208,10
60210,1
60210,16
60213,1
60213,3
60217,1
60218,10
60219,22
60221,1
60221,16
60223,4
60223,8
60223,5
60228,23
60229,4
60229,13
60229,7
60230,1
60230,7
60231,1
60231,4
60231,19
60234,1
60236,1
60236,3
60237,1
60237,11
60238,17
60239,1
60239,7
60240,1
60240,16
60244,5
60244,13
60245,23
60245,24
60245,17
60248,16
60249,1
60249,5
60249,11
60251,1
60251,7
60252,1
60252,2
60255,1
60255,3
60255,11
60257,16
60258,16
60258,8
60258,15
60258,13
60259,1
60259,7
60259,12
60260,1
60260,13
60260,7
60261,10
60266,1
60266,16
60267,1
60270,16
60273,5
60277,1
60277,3
60278,1
60278,16
60281,1
60281,5
60281,3
60282,1
60282,16
60284,16
60285,4
60285,3
60285,9
60286,1
60286,16
60286,5
60287,17
60289,7
60290,1
60290,7
60291,1
60291,7
60291,20
60292,1
60293,1
60296,1
60296,7
60297,17
60299,7
60300,1
60300,5
60300,3
60302,1
60302,4
60302,2
60303,8
60305,1
60305,3
60306,1
60310,5
60310,3
60310,19
60311,22
60312,5
60313,10
60315,22
60317,16
60319,16
60319,22
60321,1
60321,5
60323,1
60323,3
60326,1
60326,17
60327,1
60327,16
60330,27
60330,14
60330,10
60333,1
60333,7
60333,22
60335,1
60335,3
60339,1
60339,4
60341,1
60341,5
60342,1
60342,5
60343,16
60343,6
60343,12
60344,16
60344,7
60345,23
60346,1
60346,23
60347,11
60347,12
60349,4
60349,8
60349,25
60352,25
60353,1
60353,11
60354,4
60354,5
60355,5
60355,11
60356,16
60356,23
60356,11
60357,8
60357,5
60357,6
60358,1
60358,18
60359,1
60359,16
60359,11
60360,1
60360,11
60361,8
60361,3
60361,18
60362,1
60362,14
60363,1
60363,3
60364,1
60364,13
60365,1
60365,11
60366,16
60366,23
60366,12
60367,1
60367,16
60367,13
60368,3
60368,11
60368,19
60369,1
60370,1
60370,17
60371,1
60371,11
60372,1
60373,1
60373,3
60373,11
60374,1
60375,16
60375,8
60375,13
60376,17
60380,1
60380,16
60381,1
60381,7
60382,1
60383,15
60383,22
60384,25
60384,22
60385,22
60391,16
60391,27
60391,12
60394,16
60395,24
60397,1
60398,1
60398,16
60398,2
60399,1
60399,7
60400,1
60400,4
60400,3
60401,3
60402,17
60404,1
60405,16
60405,4
60405,2
60406,1
60406,16
60406,7
60408,1
60408,16
60408,5
60409,1
60409,16
60409,3
60410,17
60411,1
60411,11
60412,16
60414,4
60414,2
60414,3
60416,1
60416,5
60417,1
60417,16
60417,7
60418,16
60419,4
60419,5
60420,1
60420,3
60421,1
60421,4
60421,5
60422,1
60422,3
60422,9
60424,5
60425,17
60426,23
60428,27
60429,1
60429,11
60431,16
60433,1
60435,5
60435,3
60435,11
60439,1
60440,1
60441,17
60442,1
60442,5
60443,17
60443,22
60444,1
60444,3
60445,23
60447,16
60450,16
60450,2
60456,1
60456,5
60458,2
60458,3
60461,16
60461,10
60461,7
60462,7
60463,1
60464,16
60464,8
60464,15
60464,13
60466,1
60466,4
60466,7
60467,1
60467,5
60467,11
60470,1
60470,13
60471,1
60471,17
60471,22
60473,10
60475,8
60475,24
60478,16
60479,16
60479,7
60480,16
60480,7
60481,1
60481,7
60481,3
60484,1
60484,7
60485,1
60485,17
60486,1
60486,3
60488,1
60489,16
60490,16
60496,16
60496,13
60496,7
60497,16
60497,13
60497,7
60498,16
60498,22
60500,16
60500,14
60501,1
60502,16
60502,12
60503,17
60506,1
60506,5
60506,3
60507,1
60507,7
60508,16
60509,1
60509,16
60509,7
60512,16
60513,1
60514,16
60515,1
60515,4
60515,5
60516,1
60516,14
60517,16
60517,10
60517,7
60518,16
60520,1
60520,16
60520,7
60521,1
60521,4
60521,2
60522,4
60522,3
60522,9
60523,1
60523,7
60524,1
60524,16
60524,11
60525,1
60526,16
60526,14
60526,13
60527,16
60528,1
60529,1
60529,7
60530,7
60531,1
60531,21
60531,17
60533,16
60533,7
60534,27
60536,18
60537,1
60537,3
60542,16
60546,1
60546,5
60547,1
60547,4
60547,5
60548,1
60548,21
60548,17
60549,1
60549,17
60550,1
60550,20
60551,1
60551,5
60551,3
60552,5
60554,16
60554,6
60557,1
60557,7
60559,1
60559,7
60560,22
60569,8
60570,5
60575,1
60575,7
60576,1
60576,7
60577,1
60578,17
60579,5
60579,3
60579,11
60580,1
60580,7
60581,23
60582,1
60582,16
60583,10
60585,10
60586,8
60587,1
60587,6
60588,5
60591,1
60591,14
60591,13
60592,16
60594,27
60595,16
60600,1
60600,7
60600,22
60603,5
60604,1
60604,6
60604,12
60605,1
60605,5
60605,11
60606,1
60606,17
60607,1
60607,4
60607,2
60608,1
60609,1
60609,8
60609,11
60610,1
60611,4
60611,2
60611,22
60612,1
60612,4
60612,2
60613,1
60613,16
60614,16
60614,5
60614,11
60615,1
60615,3
60615,11
60617,1
60617,5
60618,4
60618,8
60618,5
60619,10
60620,1
60620,23
60620,5
60622,5
60623,1
60623,3
60623,11
60624,16
60624,5
60627,1
60627,5
60627,3
60629,1
60629,7
60630,1
60631,1
60631,16
60632,4
60632,5
60632,3
60633,4
60633,5
60633,11
60635,15
60636,15
60637,15
60638,15
60639,1
60639,7
60640,1
60640,16
60640,7
60641,16
60641,7
60643,4
60643,5
60643,3
60644,8
60644,2
60645,5
60645,3
60645,19
60646,1
60647,7
60648,1
60648,7
60649,1
60649,5
60649,7
60650,1
60651,4
60651,8
60652,1
60652,5
60656,16
60657,21
60662,16
60662,23
60663,8
60663,27
60663,13
60664,16
60665,22
60667,16
60667,5
60667,11
60671,1
60671,7
60672,1
60672,7
60672,3
60676,1
60676,7
60676,21
60679,4
60679,11
60681,1
60681,23
60681,7
60684,16
60684,4
60684,2
60685,1
60685,14
60685,2
60688,1
60688,16
60689,15
60691,1
60691,14
60691,7
60693,16
60693,2
60695,1
60695,5
60695,11
60698,1
60701,1
60701,16
60701,14
60702,1
60702,16
60703,23
60704,1
60704,14
60704,7
60705,1
60705,4
60705,5
60707,1
60707,17
60709,1
60709,5
60709,3
60710,1
60710,16
60710,14
60712,23
60712,24
60713,1
60713,16
60713,7
60714,1
60714,19
60715,16
60715,14
60716,16
60717,23
60718,16
60718,8
60718,14
60720,1
60721,20
60722,16
60722,4
60722,8
60723,5
60725,1
60725,7
60726,6
60726,3
60727,7
60728,16
60729,1
60729,5
60730,11
60731,16
60731,27
60731,10
60733,23
60736,16
60736,7
60737,5
60737,2
60737,3
60739,1
60739,5
60740,1
60740,5
60740,3
60741,16
60741,14
60743,4
60743,13
60743,2
60745,16
60745,8
60745,5
60746,25
60748,1
60748,3
60750,1
60751,1
60751,16
60751,7
60758,1
60758,16
60758,7
60759,16
60759,13
60759,10
60760,16
60760,7
60761,13
60761,6
60761,3
60762,5
60762,11
60765,1
60765,7
60765,11
60766,13
60766,11
60766,19
60767,1
60767,16
60768,1
60768,7
60768,11
60769,1
60769,7
60770,1
60770,7
60772,1
60772,7
60773,16
60773,13
60773,7
60774,1
60774,16
60774,7
60775,16
60775,13
60776,1
60776,7
60779,1
60779,16
60779,5
60781,16
60782,10
60785,1
60785,23
60785,7
60792,1
60792,5
60792,3
60793,23
60796,1
60796,7
60796,3
60797,1
60798,1
60798,16
60798,23
60800,1
60800,7
60801,1
60801,5
60808,16
60808,4
60808,8
60809,24
60811,1
60811,7
60811,11
60813,1
60813,3
60822,26
60823,15
60824,16
60824,8
60824,15
60824,13
60825,16
60825,15
60825,13
60825,7
60827,16
60827,7
60828,1
60828,7
60831,1
60831,7
60832,1
60832,16
60832,7
60834,16
60835,25
60837,16
60837,7
60838,1
60838,16
60838,7
60839,1
60839,7
60840,1
60840,11
60841,1
60841,7
60841,17
60842,25
60843,10
60845,1
60845,5
60854,8
60854,27
60854,14
60857,1
60857,11
60859,5
60860,1
60860,16
60860,15
60860,22
60861,15
60863,15
60866,1
60866,7
60867,1
60867,3
60867,11
60870,1
60870,5
60872,16
60874,14
60876,4
60876,8
60876,15
60876,13
60878,1
60878,16
60879,1
60879,4
60879,6
60882,5
60883,13
60883,7
60883,11
60885,4
60885,13
60886,1
60886,13
60886,11
60887,1
60887,7
60888,16
60888,5
60888,11
60889,1
60889,3
60889,11
60890,16
60891,23
60892,8
60892,25
60896,1
60896,3
60898,3
60903,22
60904,1
60904,5
60905,8
60906,1
60906,7
60908,1
60908,11
60908,12
60909,1
60909,7
60910,4
60910,15
60910,21
60911,15
60912,7
60912,18
60913,1
60913,7
60920,1
60920,5
60921,1
60921,16
60922,5
60922,11
60925,5
60926,7
60928,1
60930,1
60930,7
60931,16
60931,4
60931,7
60932,5
60932,11
60932,17
60933,17
60934,25
60936,10
60938,10
60939,27
60941,22
60942,1
60942,14
60943,1
60943,7
60944,16
60944,8
60944,15
60944,13
60945,16
60945,15
60945,7
60946,16
60946,15
60947,4
60947,8
60947,20
60955,16
60955,13
60960,5
60961,16
60961,8
60962,24
60964,5
60966,7
60967,16
60968,16
60970,1
60970,16
60970,7
60974,1
60974,9
60975,1
60975,5
60975,11
60977,16
60977,7
60987,1
60989,11
60990,11
60994,5
60995,22
60998,23
60999,24
61000,1
61003,16
61004,1
61004,16
61004,7
61005,1
61005,14
61005,13
61006,1
61006,13
61006,2
61007,1
61008,13
61008,7
61008,17
61009,1
61009,7
61018,25
61025,16
61033,16
61033,13
61033,7
61034,4
61034,7
61034,3
61036,22
61038,22
61040,8
61040,24
61041,3
61042,1
61042,3
61043,16
61044,16
61045,1
61045,21
61046,1
61046,5
61046,3
61047,16
61047,10
61047,7
61049,11
61052,7
61054,1
61056,26
61057,5
61058,7
61058,22
61059,1
61059,7
61060,5
61060,3
61060,11
61061,16
61061,3
61062,26
61063,1
61063,3
61063,11
61065,16
61065,27
61066,16
61066,4
61066,28
61070,1
61071,1
61071,5
61073,16
61074,1
61074,7
61077,5
61078,1
61080,22
61081,22
61082,16
61083,16
61084,17
61085,1
61085,7
61088,1
61088,3
61088,11
61089,1
61089,5
61090,8
61090,27
61091,8
61092,16
61092,8
61092,27
61093,1
61093,7
61093,3
61094,5
61094,3
61094,11
61095,16
61095,13
61095,7
61099,18
61103,17
61107,1
61107,5
61108,8
61109,5
61110,16
61112,1
61112,14
61112,7
61113,1
61113,7
61116,27
61116,2
61117,1
61119,1
61119,11
61120,3
61120,11
61121,16
61121,13
61122,1
61122,7
61123,1
61123,7
61124,1
61125,1
61125,7
61127,1
61128,1
61128,16
61129,26
61130,1
61131,1
61131,3
61131,11
61132,1
61132,16
61133,1
61133,16
61133,7
61134,1
61134,16
61134,7
61135,27
61136,1
61136,7
61137,1
61137,16
61137,14
61138,1
61138,7
61138,11
61139,1
61139,7
61140,22
61141,1
61141,4
61141,8
61142,7
61143,1
61143,7
61144,1
61144,4
61144,17
61146,1
61147,1
61147,16
61147,18
61149,17
61150,5
61151,24
61152,22
61153,4
61153,15
61153,13
61153,2
61156,1
61156,7
61158,1
61158,18
61161,1
61161,7
61164,5
61164,19
61165,25
61166,1
61166,17
61167,1
61167,5
61167,19
61168,4
61169,6
61169,3
61169,11
61171,16
61171,7
61172,16
61175,7
61176,1
61176,7
61177,16
61179,23
61181,1
61181,4
61181,8
61182,11
61183,6
61183,10
61183,12
61184,1
61184,7
61185,23
61186,1
61186,16
61187,7
61188,1
61188,3
61188,11
61190,4
61190,8
61190,15
61190,13
61191,1
61191,5
61191,3
61194,1
61194,6
61198,16
61198,7
61198,2
61200,3
61201,2
61201,3
61202,3
61203,16
61204,1
61204,16
61205,1
61206,16
61210,15
61211,16
61211,15
61211,13
61211,7
61212,4
61212,15
61212,13
61213,15
61215,1
61215,17
61216,16
61216,6
61217,1
61217,16
61217,13
61218,1
61218,7
61220,1
61221,5
61223,10
61225,1
61225,3
61225,11
61226,8
61226,17
61227,1
61227,16
61227,14
61228,16
61229,1
61229,7
61230,1
61230,7
61231,1
61231,23
61231,17
61232,1
61233,1
61233,16
61234,1
61235,1
61235,16
61235,3
61236,8
61236,27
61238,7
61240,1
61240,7
61241,1
61242,1
61242,18
61243,16
61245,1
61245,13
61245,7
61247,15
61248,16
61248,27
61249,15
61251,2
61251,22
61252,1
61253,27
61253,11
61253,28
61254,1
61255,16
61255,7
61255,12
61256,7
61256,12
61258,1
61258,16
61258,7
61259,1
61259,5
61260,10
61261,8
61261,24
61264,16
61266,3
61266,11
61267,1
61267,10
61268,3
61269,1
61270,2
61270,3
61270,11
61271,16
61271,13
61271,7
61272,1
61272,4
61272,5
61273,27
61274,27
61275,27
61276,6
61276,12
61278,16
61278,7
61279,16
61279,7
61280,23
61283,1
61283,16
61284,16
61285,27
61286,1
61287,1
61288,24
61289,21
61289,17
61290,16
61290,24
61290,22
61291,17
61292,21
61292,17
61293,25
61294,1
61294,16
61295,1
61295,17
61297,1
61297,11
61297,12
61298,16
61299,1
61300,1
61300,3
61300,17
61302,8
61304,5
61305,16
61305,23
61306,18
61308,1
61308,7
61309,16
61309,4
61309,12
61310,1
61310,5
61311,4
61311,11
61312,5
61312,11
61313,16
61313,27
61315,2
61315,3
61315,11
61316,5
61319,16
61319,14
61319,7
61320,1
61322,16
61324,1
61324,6
61325,16
61328,6
61328,7
61328,12
61329,1
61331,1
61331,16
61331,7
61333,8
61333,23
61334,8
61334,24
61335,5
61336,1
61336,7
61337,6
61337,11
61337,12
61338,8
61338,17
61339,1
61339,5
61339,17
61340,1
61340,7
61340,11
61341,1
61341,16
61342,8
61342,24
61343,1
61343,14
61343,7
61347,1
61348,22
61349,10
61350,1
61350,11
61351,1
61351,15
61351,11
61352,1
61353,17
61354,8
61354,24
61355,1
61355,7
61357,1
61357,16
61357,13
61358,23
61359,24
61361,10
61362,5
61363,11
61364,25
61365,1
61365,8
61366,7
61368,5
61368,3
61368,11
61369,16
61369,15
61369,13
61370,22
61372,1
61372,16
61373,3
61373,11
61374,1
61374,15
61374,3
61374,11
61375,15
61375,22
61376,1
61376,15
61376,22
61378,16
61378,5
61380,1
61380,7
61381,16
61381,14
61381,7
61382,1
61382,11
61383,16
61383,13
61383,7
61385,15
61386,1
61386,14
61387,15
61388,16
61388,14
61389,1
61389,16
61389,15
61389,10
61390,15
61391,15
61392,22
61398,1
61398,17
61399,16
61399,22
61401,1
61401,13
61403,27
61404,25
61404,17
61405,16
61405,23
61406,1
61406,16
61406,14
61407,7
61408,1
61409,1
61409,16
61409,23
61410,1
61410,7
61410,12
61411,16
61412,17
61413,15
61414,22
61416,5
61419,1
61419,3
61419,22
61420,1
61422,1
61423,26
61424,1
61424,13
61424,7
61425,7
61426,26
61427,16
61429,16
61429,4
61429,8
61429,15
61430,5
61432,1
61432,16
61432,7
61433,16
61433,17
61434,1
61435,16
61436,1
61436,4
61436,3
61437,1
61438,1
61438,7
61439,1
61439,21
61439,17
61442,17
61443,25
61444,1
61444,7
61446,1
61446,7
61449,22
61450,1
61450,6
61450,3
61451,3
61454,5
61459,1
61460,1
61460,4
61460,15
61460,13
61461,1
61461,4
61461,5
61462,16
61462,8
61462,27
61463,1
61463,4
61463,21
61464,7
61466,10
61467,25
61468,1
61468,7
61468,11
61470,1
61470,23
61470,7
61473,5
61474,7
61475,14
61475,7
61476,7
61478,1
61478,2
61478,3
61479,1
61479,16
61480,1
61480,4
61481,1
61482,1
61482,16
61484,1
61484,16
61485,1
61485,13
61485,11
61486,8
61486,22
61487,16
61489,2
61489,3
61489,11
61490,16
61491,16
61492,5
61493,16
61494,7
61494,17
61495,1
61495,7
61496,1
61496,16
61496,27
61497,23
61498,8
61498,25
61499,1
61499,17
61500,1
61500,8
61500,17
61502,1
61502,5
61506,15
61507,1
61507,10
61508,21
61511,27
61513,16
61514,16
61514,14
61514,7
61515,10
61516,1
61516,3
61516,18
61517,7
61517,18
61517,12
61519,1
61519,16
61520,10
61521,25
61521,17
61522,23
61523,26
61524,18
61525,10
61526,5
61526,11
61527,16
61528,1
61529,16
61529,7
61529,12
61530,16
61530,10
61530,2
61531,16
61532,16
61532,6
61532,2
61533,1
61533,5
61533,3
61534,1
61534,16
61534,14
61535,3
61535,11
61536,1
61536,7
61536,11
61537,1
61537,11
61537,12
61538,16
61538,6
61538,12
61539,1
61539,7
61539,3
61541,5
61542,4
61542,11
61545,13
61545,7
61547,1
61547,11
61549,1
61549,11
61549,19
61550,7
61551,16
61551,14
61551,7
61552,16
61552,7
61552,11
61553,16
61554,1
61554,14
61554,7
61555,8
61555,23
61555,7
61556,11
61557,1
61557,7
61558,1
61558,14
61558,7
61559,1
61559,8
61559,13
61560,1
61560,4
61560,8
61561,1
61561,16
61562,1
61562,7
61563,10
61563,7
61564,1
61565,1
61565,7
61565,11
61566,6
61566,2
61566,3
61571,25
61572,1
61572,7
61574,11
61578,5
61581,17
61582,16
61582,27
61583,8
61583,24
61584,1
61584,3
61584,11
61586,10
61587,24
61588,1
61588,7
61589,1
61591,16
61592,6
61592,3
61593,1
61593,16
61593,7
61594,8
61594,6
61594,12
61595,16
61595,5
61595,3
61596,26
61597,1
61597,5
61597,3
61598,1
61598,16
61598,14
61602,10
61604,24
61604,22
61606,15
61607,25
61608,8
61608,27
61611,17
61611,9
61612,16
61612,27
61613,27
61614,16
61615,27
61615,2
61617,1
61617,16
61618,1
61618,5
61618,3
61621,16
61621,10
61623,1
61623,5
61623,3
61624,16
61624,8
61624,2
61625,16
61627,1
61627,5
61627,3
61629,1
61629,10
61631,24
61632,16
61632,7
61633,1
61633,3
61634,16
61635,1
61636,5
61638,1
61638,16
61638,11
61639,13
61639,7
61640,7
61641,7
61642,23
61642,7
61644,16
61644,13
61644,7
61645,1
61645,7
61646,16
61646,7
61647,1
61647,7
61648,16
61648,7
61649,5
61650,1
61650,16
61650,13
61651,5
61652,1
61652,16
61652,7
61653,1
61653,3
61653,11
61657,5
61658,22
61659,25
61660,1
61660,3
61660,11
61661,1
61662,18
61663,1
61663,7
61664,1
61664,7
61665,1
61665,7
61666,1
61666,7
61667,1
61669,21
61669,17
61670,16
61670,5
61671,1
61671,14
61672,1
61672,14
61673,16
61673,7
61674,7
61675,8
61675,27
61680,1
61680,16
61680,7
61681,1
61681,13
61681,7
61682,14
61682,2
61684,4
61684,8
61684,27
61701,1
61701,16
61701,5
61702,16
61702,5
61702,3
61703,1
61703,16
61703,7
61704,1
61704,19
61706,16
61706,7
61707,7
61708,8
61708,25
61708,17
61709,22
61710,1
61711,1
61712,1
61712,16
61712,7
61713,1
61713,16
61713,10
61714,4
61714,8
61714,15
61714,13
61715,1
61715,4
61715,3
61717,22
61719,1
61719,5
61720,16
61721,8
61721,27
61722,27
61723,16
61724,13
61724,7
61726,18
61728,7
61728,11
61729,16
61729,7
61730,1
61733,10
61734,1
61734,16
61734,13
61735,1
61735,7
61735,3
61736,16
61736,7
61736,17
61737,1
61737,13
61737,7
61738,27
61739,3
61740,1
61740,5
61743,1
61743,5
61747,16
61747,11
61747,12
61748,16
61748,7
61749,16
61749,13
61749,7
61750,13
61750,7
61750,2
61751,1
61751,7
61752,1
61752,4
61752,5
61755,1
61755,7
61756,1
61756,23
61756,17
61758,1
61758,4
61758,17
61759,16
61759,7
61760,16
61761,5
61762,1
61762,17
61763,10
61764,25
61765,17
61766,1
61766,27
61767,16
61770,1
61770,3
61771,16
61771,17
61772,1
61772,16
61773,17
61774,1
61774,16
61774,2
61777,1
61777,7
61777,18
61778,16
61779,16
61779,2
61780,1
61780,19
61781,24
61783,1
61783,16
61784,1
61784,28
61785,16
61785,27
61785,14
61786,1
61786,16
61786,7
61788,6
61789,1
61789,10
61789,7
61790,25
61791,16
61792,8
61792,25
61793,16
61793,7
61795,21
61795,17
61796,1
61796,17
61797,1
61798,8
61798,27
61799,1
61800,26
61801,1
61801,16
61801,7
61802,1
61802,4
61802,8
61803,1
61803,14
61803,22
61804,16
61805,4
61805,8
61805,13
61807,1
61807,21
61807,17
61808,22
61809,5
61811,1
61812,1
61812,7
61813,16
61813,8
61813,27
61817,23
61818,4
61818,15
61820,1
61820,5
61821,1
61821,7
61822,1
61822,5
61822,3
61823,1
61823,16
61823,22
61827,1
61827,11
61827,17
61828,1
61828,16
61828,22
61829,1
61832,24
61833,1
61833,16
61835,1
61835,7
61836,1
61836,7
61837,1
61837,11
61838,1
61839,23
61839,24
61842,10
61843,20
61844,1
61844,16
61844,7
61845,1
61845,22
61846,1
61846,16
61847,1
61847,3
61848,1
61849,1
61850,1
61850,7
61851,16
61851,23
61851,3
61852,1
61852,16
61854,1
61854,13
61855,5
61855,11
61855,12
61857,27
61860,1
61860,5
61861,27
61862,16
61863,14
61863,7
61864,1
61864,14
61865,1
61866,11
61867,1
61867,8
61867,7
61868,1
61868,4
61868,7
61873,1
61873,16
61874,26
61876,16
61877,7
61879,1
61879,3
61879,18
61880,1
61880,3
61880,11
61881,1
61881,16
61883,1
61883,7
61883,17
61885,23
61886,8
61886,2
61889,1
61889,21
61890,1
61890,5
61891,3
61891,9
61892,16
61892,4
61895,25
61896,10
61897,17
61898,25
61899,1
61899,21
61900,1
61900,7
61900,11
61902,16
61902,22
61904,5
61906,7
61907,16
61907,27
61908,16
61908,27
61909,16
61909,27
61910,16
61910,8
61910,27
61913,1
61913,14
61913,7
61914,4
61914,21
61914,17
61915,1
61915,7
61916,1
61916,17
61917,1
61917,14
61918,16
61918,14
61918,7
61919,11
61919,19
61920,1
61921,21
61921,17
61922,1
61922,3
61923,1
61923,19
61925,16
61927,1
61929,1
61929,16
61929,7
61930,13
61930,7
61931,1
61931,14
61932,16
61933,24
61934,16
61934,12
61935,8
61935,24
61936,16
61936,7
61938,1
61938,7
61938,21
61939,16
61939,7
61939,17
61940,14
61940,7
61941,4
61941,21
61942,1
61942,17
61943,1
61943,14
61944,7
61945,1
61945,5
61945,11
61948,5
61948,3
61952,17
61953,1
61953,21
61953,9
61954,5
61956,16
61957,23
61957,24
61958,1
61958,7
61959,1
61959,7
61960,1
61960,5
61960,17
61963,27
61964,22
61966,1
61967,1
61968,5
61969,5
61972,17
61973,1
61974,1
61974,7
61975,1
61975,7
61976,11
61977,1
61978,1
61978,7
61979,16
61980,1
61980,21
61981,25
61982,5
61986,1
61986,7
61987,13
61987,6
61987,2
61988,1
61988,5
61990,16
61990,13
61990,17
61993,1
61993,16
61993,7
61997,16
61997,7
61998,1
61999,1
61999,3
61999,11
62000,1
62000,13
62000,7
62001,16
62001,27
62001,10
62002,17
62004,5
62005,5
62006,5
62007,5
62008,23
62008,24
62010,16
62010,4
62010,22
62012,16
62013,1
62013,11
62016,7
62017,23
62017,24
62022,10
62023,16
62023,14
62024,26
62025,25
62026,1
62026,14
62026,17
62027,1
62027,5
62027,3
62028,21
62028,17
62029,1
62029,16
62029,14
62033,1
62033,7
62037,1
62037,11
62038,1
62038,16
62038,3
62039,1
62039,16
62040,25
62043,16
62043,27
62044,16
62044,27
62045,16
62045,14
62045,18
62046,7
62047,8
62048,22
62049,8
62049,24
62050,8
62052,16
62052,8
62052,14
62054,1
62054,5
62055,1
62057,1
62058,16
62059,1
62060,16
62060,23
62060,7
62061,1
62061,7
62062,16
62062,7
62063,1
62063,7
62064,1
62064,7
62065,1
62065,7
62066,1
62066,5
62066,7
62067,1
62067,7
62068,1
62068,5
62069,15
62070,27
62072,1
62073,8
62074,21
62074,17
62076,25
62077,1
62077,21
62077,17
62078,1
62078,17
62079,1
62079,5
62079,10
62080,1
62080,5
62080,12
62081,1
62081,4
62081,5
62083,1
62083,16
62085,1
62085,16
62085,5
62086,6
62087,1
62087,4
62087,3
62089,17
62091,1
62091,27
62091,13
62092,17
62093,16
62093,4
62093,11
62094,11
62095,1
62095,7
62095,17
62096,4
62096,15
62096,7
62096,17
62102,1
62102,7
62105,17
62105,12
62106,1
62107,1
62108,1
62108,5
62108,7
62109,16
62112,27
62113,1
62113,5
62113,11
62114,1
62114,16
62114,7
62115,5
62115,3
62115,11
62116,23
62117,22
62120,16
62120,22
62121,16
62121,24
62121,22
62122,1
62122,7
62123,16
62124,1
62124,16
62125,1
62125,7
62127,22
62128,8
62128,25
62131,6
62131,3
62131,11
62132,22
62133,1
62133,16
62133,5
62134,1
62134,5
62134,3
62136,5
62137,5
62137,17
62139,4
62139,8
62140,16
62140,7
62143,4
62143,8
62143,15
62143,13
62144,5
62145,8
62145,24
62146,1
62146,16
62146,7
62147,25
62149,23
62150,1
62150,7
62152,1
62152,10
62153,1
62153,27
62153,13
62159,7
62161,1
62162,16
62163,24
62163,26
62165,23
62166,1
62166,5
62167,1
62167,5
62168,1
62169,1
62169,5
62169,11
62170,1
62171,12
62172,1
62172,7
62173,16
62174,1
62174,17
62175,16
62176,1
62176,3
62178,26
62179,23
62180,23
62181,23
62182,23
62182,24
62183,10
62185,1
62185,16
62185,7
62186,27
62186,10
62188,4
62188,8
62188,15
62189,16
62189,11
62190,26
62191,26
62192,23
62193,1
62194,23
62195,23
62196,4
62196,8
62196,15
62196,13
62197,22
62200,15
62201,15
62202,1
62202,7
62203,7
62204,26
62205,7
62206,27
62207,8
62207,27
62208,8
62208,27
62212,27
62212,25
62214,1
62214,7
62216,5
62216,7
62216,3
62217,1
62217,5
62219,1
62219,7
62219,22
62221,1
62221,3
62221,19
62222,3
62222,11
62223,5
62224,1
62224,7
62227,5
62228,5
62229,16
62229,8
62229,27
62230,1
62233,7
62235,7
62238,1
62238,5
62239,16
62239,7
62239,12
62240,27
62240,2
62241,26
62244,24
62247,16
62248,4
62248,13
62248,7
62249,1
62249,16
62249,7
62250,1
62252,25
62253,10
62254,17
62255,16
62255,11
62256,21
62257,1
62257,7
62258,1
62258,16
62258,7
62261,1
62261,4
62262,1
62262,14
62263,6
62263,3
62263,11
62265,16
62266,1
62266,3
62266,11
62267,1
62267,3
62267,22
62268,7
62269,27
62270,5
62271,4
62271,8
62271,2
62273,15
62274,1
62274,16
62274,7
62275,22
62276,1
62276,16
62276,7
62277,1
62277,11
62278,7
62279,1
62279,7
62280,1
62280,7
62282,1
62285,1
62285,4
62285,5
62286,1
62286,16
62288,14
62289,1
62289,16
62290,1
62290,16
62291,16
62291,3
62295,4
62296,8
62296,27
62296,2
62297,20
62299,5
62302,1
62302,5
62303,25
62304,25
62306,27
62306,14
62308,1
62308,5
62310,4
62310,8
62310,15
62311,25
62316,17
62317,4
62317,5
62317,3
62318,1
62321,5
62321,17
62321,19
62322,16
62322,7
62323,1
62323,5
62323,11
62324,8
62324,20
62325,5
62325,3
62326,16
62328,1
62328,7
62331,1
62331,7
62332,16
62332,7
62333,1
62333,8
62334,1
62334,16
62337,1
62337,7
62338,8
62338,13
62343,16
62344,25
62346,1
62347,4
62347,3
62347,11
62348,10
62349,5
62352,16
62353,16
62353,4
62353,7
62355,27
62355,14
62356,1
62356,2
62357,1
62357,19
62359,1
62359,5
62362,25
62365,17
62367,1
62367,4
62369,1
62369,3
62370,1
62372,16
62373,1
62373,4
62373,3
62374,16
62377,10
62378,1
62378,5
62379,15
62380,11
62381,5
62382,1
62383,1
62383,16
62384,1
62384,7
62384,17
62385,5
62386,16
62386,7
62387,1
62387,16
62387,7
62389,1
62389,4
62389,3
62390,1
62390,7
62393,16
62396,15
62397,16
62397,15
62398,16
62398,7
62400,1
62400,5
62400,3
62401,16
62407,1
62407,7
62409,23
62410,6
62410,3
62410,12
62411,16
62411,7
62411,22
62412,16
62414,18
62415,1
62415,7
62417,16
62418,16
62419,1
62419,4
62419,2
62422,27
62423,1
62423,16
62423,7
62424,27
62425,1
62425,16
62427,16
62427,13
62427,11
62429,1
62431,16
62431,25
62432,1
62432,7
62433,1
62434,1
62435,1
62435,3
62436,16
62437,4
62437,8
62437,15
62437,13
62441,1
62441,7
62442,23
62443,1
62443,7
62446,1
62446,5
62446,3
62447,1
62447,7
62448,1
62448,10
62448,7
62449,16
62451,21
62451,17
62453,5
62454,17
62455,1
62458,1
62458,16
62459,1
62459,10
62459,7
62462,1
62462,16
62462,13
62463,5
62463,2
62463,11
62465,17
62470,1
62470,7
62471,1
62472,7
62473,23
62474,8
62474,24
62474,22
62479,27
62479,14
62482,16
62482,15
62482,13
62483,13
62483,6
62483,12
62484,4
62484,13
62488,16
62488,8
62488,23
62489,27
62489,13
62491,1
62491,5
62491,3
62494,10
62495,17
62496,17
62497,24
62498,8
62498,24
62501,1
62501,16
62502,25
62503,1
62503,16
62503,7
62504,1
62504,7
62505,8
62505,24
62506,17
62507,24
62508,16
62514,5
62515,1
62515,3
62515,11
62516,1
62516,7
62517,23
62518,22
62519,11
62521,5
62522,23
62524,10
62526,27
62527,17
62528,1
62528,4
62528,8
62529,1
62530,1
62530,5
62532,1
62532,5
62533,1
62534,27
62534,14
62534,13
62535,1
62535,4
62536,1
62536,4
62537,5
62537,3
62539,23
62541,16
62541,27
62542,27
62543,8
62543,14
62543,13
62544,21
62544,17
62545,21
62545,17
62546,21
62546,17
62547,21
62547,17
62548,21
62548,17
62549,21
62549,17
62550,16
62551,1
62553,1
62553,22
62554,1
62554,4
62554,2
62556,1
62556,11
62556,12
62557,1
62557,22
62560,1
62560,5
62560,3
62561,4
62561,8
62561,15
62561,2
62562,22
62563,1
62563,7
62564,1
62564,3
62564,11
62566,1
62566,16
62566,7
62567,21
62567,17
62568,21
62568,17
62569,4
62569,2
62572,4
62572,8
62572,2
62573,8
62573,27
62575,21
62575,17
62577,1
62577,14
62577,7
62578,1
62578,16
62578,7
62579,1
62579,7
62580,21
62580,17
62581,22
62584,1
62584,10
62584,11
62585,16
62585,6
62588,1
62588,14
62589,1
62589,3
62590,1
62590,5
62591,24
62592,17
62593,21
62593,17
62596,1
62597,1
62597,5
62597,3
62599,1
62599,8
62599,17
62601,3
62601,11
62601,12
62602,1
62602,16
62602,3
62603,5
62605,17
62606,25
62607,25
62608,1
62608,3
62608,11
62609,1
62609,16
62609,7
62610,7
62611,1
62611,7
62611,22
62612,1
62613,1
62613,16
62613,7
62614,4
62614,8
62614,20
62615,1
62615,7
62615,17
62616,4
62616,8
62617,5
62621,1
62621,7
62622,16
62622,27
62622,13
62623,21
62623,17
62623,9
62624,1
62624,7
62625,1
62625,7
62625,11
62626,1
62626,7
62627,1
62627,7
62628,5
62628,3
62629,1
62629,3
62629,11
62630,5
62631,1
62632,1
62632,7
62633,15
62633,13
62633,10
62634,4
62634,8
62634,15
62634,13
62635,1
62635,7
62636,1
62636,7
62637,15
62637,27
62638,27
62639,27
62640,27
62641,1
62641,2
62643,16
62643,27
62645,1
62645,7
62647,1
62647,11
62648,1
62648,11
62650,5
62651,14
62652,10
62654,16
62656,23
62656,24
62657,22
62658,1
62658,3
62660,1
62660,5
62661,10
62662,1
62662,14
62662,7
62663,21
62663,17
62664,1
62664,5
62664,11
62666,22
62670,16
62670,7
62671,1
62671,7
62672,1
62672,7
62673,1
62673,7
62675,4
62675,5
62675,11
62676,1
62677,16
62677,7
62679,5
62681,25
62683,10
62684,16
62684,8
62684,13
62685,16
62685,4
62685,5
62687,18
62688,16
62690,4
62690,8
62691,1
62696,1
62696,4
62696,5
62697,1
62697,14
62697,7
62698,21
62698,24
62699,10
62700,11
62701,16
62702,24
62702,17
62703,1
62703,3
62704,8
62704,24
62705,1
62705,5
62706,1
62706,3
62707,1
62707,7
62711,1
62711,7
62712,10
62715,16
62715,4
62715,15
62716,16
62717,23
62718,10
62720,22
62722,1
62722,16
62723,16
62723,7
62724,16
62725,1
62725,4
62725,8
62727,25
62728,1
62728,13
62728,2
62729,1
62729,4
62729,8
62730,4
62730,2
62730,3
62731,25
62733,26
62734,1
62736,1
62736,16
62736,7
62737,5
62739,17
62741,1
62741,17
62742,5
62743,10
62743,17
62744,8
62744,15
62744,13
62745,4
62745,15
62745,13
62745,7
62747,4
62747,15
62747,13
62748,15
62749,15
62749,7
62753,26
62754,28
62757,1
62757,3
62757,11
62758,1
62758,16
62758,7
62760,15
62760,2
62760,11
62761,15
62762,1
62763,1
62763,23
62763,5
62764,16
62764,13
62764,17
62765,1
62765,7
62766,1
62766,14
62766,13
62768,23
62768,25
62771,5
62771,3
62773,18
62774,1
62774,5
62775,1
62775,4
62775,5
62776,16
62776,27
62777,15
62779,4
62779,15
62779,13
62779,7
62780,16
62781,15
62782,16
62782,7
62783,15
62784,15
62784,13
62784,18
62788,16
62795,5
62796,12
62797,5
62798,5
62799,5
62799,3
62800,25
62801,1
62801,7
62802,1
62802,3
62802,11
62803,1
62804,1
62804,7
62806,1
62806,4
62806,8
62807,1
62807,13
62809,6
62809,12
62810,1
62810,5
62813,25
62815,1
62815,3
62816,1
62816,5
62816,11
62818,22
62821,5
62822,1
62822,16
62822,7
62825,10
62827,23
62827,25
62827,24
62829,1
62829,11
62833,3
62833,11
62834,1
62834,19
62835,3
62836,7
62837,1
62837,19
62838,1
62838,7
62840,1
62842,16
62844,27
62844,25
62845,25
62847,1
62847,5
62849,23
62853,5
62854,1
62854,3
62854,11
62855,13
62855,7
62856,1
62856,5
62857,16
62857,15
62858,16
62858,8
62858,13
62860,16
62860,7
62861,17
62862,1
62863,1
62863,5
62863,11
62864,16
62864,7
62865,27
62866,1
62866,16
62866,18
62867,1
62868,1
62868,16
62869,28
62869,26
62870,5
62871,23
62872,26
62875,16
62875,27
62876,15
62877,15
62878,16
62878,5
62879,23
62880,1
62880,11
62890,1
62890,16
62890,5
62891,1
62891,5
62892,1
62892,11
62892,19
62896,5
62897,17
62898,15
62898,7
62898,28
62899,7
62900,25
62902,24
62903,1
62903,5
62905,1
62905,14
62906,1
62906,16
62907,1
62908,1
62908,16
62908,7
62909,15
62912,15
62913,4
62913,15
62913,13
62913,17
62916,5
62917,16
62918,17
62919,18
62920,23
62921,15
62922,15
62924,16
62924,7
62925,5
62926,24
62927,25
62928,10
62929,1
62929,16
62930,16
62933,23
62933,24
62934,1
62934,5
62938,1
62938,16
62942,1
62942,14
62942,17
62946,1
62947,1
62947,22
62948,13
62949,16
62952,25
62953,27
62954,11
62954,12
62955,25
62955,24
62956,1
62957,5
62958,1
62958,21
62959,6
62959,3
62959,11
62960,16
62960,8
62960,27
62961,5
62961,11
62962,1
62963,16
62964,1
62965,1
62965,8
62965,14
62966,1
62966,7
62967,1
62967,5
62967,3
62968,1
62968,16
62968,18
62971,16
62971,22
62973,1
62973,16
62973,3
62974,1
62974,16
62974,21
62975,16
62976,1
62976,16
62976,7
62977,12
62980,7
62981,8
62981,25
62981,22
62982,8
62982,25
62984,27
62985,1
62985,7
62985,2
62986,1
62987,1
62990,22
62991,22
62992,16
62995,1
62995,7
62996,1
62997,17
62998,16
62998,4
62998,2
63001,1
63002,1
63002,4
63002,17
63003,27
63004,16
63005,4
63005,8
63005,13
63007,1
63007,4
63010,16
63011,19
63012,16
63013,16
63013,24
63014,1
63014,3
63014,12
63015,10
63016,15
63018,21
63018,17
63019,1
63019,7
63022,16
63022,10
63022,7
63023,1
63023,23
63023,7
63025,7
63026,1
63026,5
63026,11
63027,18
63030,24
63031,1
63032,1
63032,5
63032,2
63034,26
63035,1
63035,5
63036,16
63036,10
63037,1
63039,17
63041,1
63041,7
63042,1
63042,16
63044,1
63044,17
63051,23
63052,3
63053,17
63053,22
63055,3
63055,11
63056,7
63058,16
63059,6
63059,2
63060,1
63060,7
63061,15
63062,1
63062,7
63063,15
63064,7
63065,15
63067,15
63068,4
63068,15
63068,13
63069,15
63070,15
63071,5
63071,17
63072,1
63072,4
63073,1
63073,16
63074,1
63074,5
63074,11
63075,1
63076,3
63076,11
63077,1
63077,14
63078,7
63078,19
63079,1
63080,1
63083,1
63083,16
63084,1
63084,5
63084,3
63087,7
63091,23
63092,1
63092,7
63094,16
63094,14
63094,7
63095,1
63095,22
63096,16
63096,3
63100,1
63100,17
63101,16
63105,27
63105,14
63108,15
63109,5
63110,16
63110,8
63110,27
63115,27
63117,7
63119,16
63119,13
63120,16
63126,1
63126,11
63127,16
63131,1
63131,16
63135,1
63135,16
63137,16
63139,16
63141,16
63142,16
63143,15
63144,1
63144,14
63144,7
63145,1
63145,14
63145,7
63147,25
63148,5
63148,11
63150,18
63151,1
63151,5
63152,23
63152,24
63156,1
63156,7
63157,1
63157,11
63159,7
63161,22
63162,1
63162,16
63163,5
63163,6
63163,11
63164,1
63164,7
63164,11
63165,27
63166,8
63166,24
63167,25
63168,23
63168,7
63169,16
63169,5
63170,18
63170,17
63172,12
63173,24
63175,4
63175,8
63175,2
63176,1
63176,16
63177,1
63177,13
63177,7
63178,6
63179,1
63179,5
63179,11
63183,1
63183,16
63183,14
63185,5
63188,16
63191,8
63191,27
63191,11
63192,1
63192,4
63192,5
63193,7
63194,1
63194,16
63194,7
63198,1
63198,5
63202,23
63202,24
63203,1
63203,7
63204,16
63205,3
63206,1
63206,5
63206,3
63207,17
63209,16
63211,1
63211,16
63212,16
63214,1
63215,1
63215,7
63216,1
63216,3
63221,1
63221,5
63221,19
63223,16
63223,13
63223,10
63225,4
63225,5
63227,25
63228,5
63229,5
63230,5
63231,25
63232,25
63233,6
63233,3
63234,1
63234,4
63234,2
63235,25
63236,4
63236,15
63236,13
63237,4
63237,15
63237,13
63239,1
63241,27
63245,27
63245,14
63246,1
63246,5
63246,3
63247,5
63248,5
63249,1
63249,5
63250,1
63250,18
63251,16
63252,1
63252,4
63252,5
63253,16
63253,7
63255,1
63255,10
63256,1
63256,5
63257,10
63258,16
63258,7
63259,8
63259,24
63259,17
63260,1
63260,19
63261,1
63261,4
63261,17
63262,4
63262,8
63263,1
63263,5
63263,3
63264,1
63264,7
63264,17
63266,16
63267,1
63267,16
63268,1
63268,16
63268,5
63269,16
63270,27
63272,1
63273,1
63273,18
63274,23
63274,24
63276,27
63277,27
63278,27
63281,27
63282,5
63282,11
63283,3
63283,11
63283,12
63284,1
63285,7
63285,11
63286,1
63286,4
63286,7
63287,27
63288,11
63288,12
63290,1
63290,5
63290,7
63292,1
63292,16
63293,10
63294,4
63294,8
63294,20
63295,1
63295,3
63297,1
63297,16
63297,7
63298,1
63298,8
63299,2
63299,9
63301,16
63302,16
63302,22
63303,8
63303,13
63303,17
63304,1
63304,7
63304,17
63305,1
63305,14
63305,17
63306,1
63306,7
63307,23
63312,4
63312,8
63312,25
63313,8
63313,11
63315,27
63315,12
63319,16
63319,2
63322,1
63327,10
63329,1
63329,16
63329,10
63330,16
63330,4
63330,27
63331,16
63333,1
63333,16
63335,16
63335,8
63338,8
63338,25
63340,9
63341,1
63341,4
63341,9
63344,18
63345,27
63346,1
63346,7
63347,1
63347,14
63347,7
63349,4
63349,8
63349,15
63350,16
63350,4
63350,13
63351,1
63351,4
63351,13
63352,13
63352,3
63353,1
63353,5
63355,17
63356,22
63357,4
63357,2
63357,11
63358,16
63358,5
63359,22
63361,18
63362,22
63363,1
63363,13
63363,12
63364,23
63367,15
63369,1
63369,3
63369,9
63370,7
63371,1
63371,7
63372,16
63372,22
63373,1
63373,11
63381,15
63383,1
63383,15
63384,5
63386,1
63386,8
63386,7
63387,21
63389,8
63389,27
63390,16
63390,27
63391,7
63392,27
63392,14
63393,1
63393,16
63393,11
63394,17
63395,1
63396,7
63398,3
63398,12
63400,1
63400,7
63401,1
63401,7
63402,27
63403,1
63404,1
63404,5
63404,3
63406,1
63408,1
63408,7
63408,22
63410,16
63410,14
63412,1
63412,7
63412,22
63414,1
63414,16
63414,4
63415,16
63415,27
63419,15
63421,23
63424,25
63429,1
63429,16
63429,5
63432,1
63432,16
63433,17
63435,5
63435,19
63436,15
63437,1
63438,16
63439,16
63440,1
63440,7
63441,23
63441,25
63441,17
63442,5
63442,18
63443,1
63443,13
63443,17
63445,22
63449,1
63449,6
63450,7
63451,15
63451,6
63451,12
63452,1
63452,3
63454,23
63454,24
63455,16
63455,27
63455,23
63457,1
63458,22
63461,22
63462,23
63466,1
63466,16
63467,1
63467,16
63470,15
63471,1
63473,1
63473,3
63473,11
63474,5
63475,21
63475,9
63476,5
63476,3
63478,16
63478,15
63479,4
63479,8
63479,15
63480,23
63481,23
63482,25
63483,23
63484,23
63485,23
63486,23
63487,1
63487,12
63488,3
63489,26
63490,4
63490,8
63490,13
63491,4
63491,8
63491,13
63493,25
63493,24
63493,17
63495,5
63495,10
63496,1
63496,10
63497,1
63497,17
63498,16
63498,18
63500,25
63501,16
63502,16
63503,16
63503,27
63504,10
63506,18
63507,16
63508,1
63508,11
63508,12
63509,1
63509,5
63509,3
63510,1
63510,5
63510,11
63511,1
63511,16
63511,5
63512,16
63513,26
63514,1
63514,5
63515,16
63515,7
63517,5
63517,11
63518,22
63519,5
63519,19
63520,1
63520,7
63521,1
63521,7
63522,16
63522,24
63523,16
63525,5
63528,1
63528,4
63528,17
63530,1
63530,5
63531,8
63531,27
63532,23
63533,27
63534,7
63537,1
63537,5
63537,3
63538,1
63539,8
63539,15
63539,13
63540,1
63540,4
63540,13
63542,16
63544,25
63545,1
63547,1
63549,1
63551,1
63551,16
63552,17
63554,27
63557,25
63558,25
63559,23
63560,23
63561,15
63561,6
63565,27
63565,25
63567,8
63567,6
63567,11
63568,27
63568,13
63569,1
63570,8
63571,22
63572,1
63572,7
63572,12
63573,6
63573,2
63573,3
63576,1
63576,3
63576,11
63577,8
63577,24
63577,17
63584,5
63584,7
63584,3
63585,15
63586,15
63587,15
63590,16
63590,13
63590,6
63592,1
63592,14
63592,7
63595,1
63596,16
63596,17
63597,23
63599,22
63601,17
63603,27
63604,1
63604,5
63604,3
63608,16
63608,10
63610,23
63611,23
63612,23
63613,23
63614,23
63615,25
63618,17
63619,23
63620,28
63622,7
63623,1
63623,16
63623,7
63625,17
63627,25
63629,1
63629,7
63629,12
63630,16
63630,7
63631,1
63631,13
63631,21
63632,16
63632,7
63634,16
63635,1
63635,7
63636,16
63636,7
63637,10
63638,1
63639,1
63639,18
63640,16
63641,16
63642,16
63643,16
63644,26
63645,16
63646,25
63647,4
63647,20
63648,1
63648,5
63649,6
63654,27
63654,2
63657,1
63658,4
63658,5
63658,3
63660,1
63660,7
63661,8
63665,5
63666,1
63666,16
63666,11
63672,1
63672,16
63673,8
63673,27
63673,14
63674,1
63674,5
63675,16
63676,4
63676,8
63685,25
63687,10
63693,17
63697,1
63697,14
63699,5
63701,4
63701,6
63701,2
63703,16
63705,5
63706,1
63706,5
63707,5
63708,18
63709,16
63714,8
63715,16
63718,1
63718,7
63719,4
63719,8
63719,15
63724,23
63726,25
63726,22
63727,4
63727,22
63728,1
63728,16
63728,14
63729,1
63729,4
63729,3
63731,7
63731,11
63734,16
63736,16
63737,1
63739,8
63739,24
63740,1
63740,16
63741,23
63741,24
63741,17
63742,23
63743,22
63748,8
63748,15
63748,6
63749,1
63749,11
63749,19
63750,1
63753,16
63754,1
63754,5
63754,11
63755,14
63755,26
63756,23
63757,26
63758,23
63762,17
63766,17
63768,23
63768,24
63769,1
63769,7
63770,16
63771,23
63772,6
63773,6
63774,16
63774,27
63774,2
63775,1
63775,10
63776,16
63776,15
63776,13
63776,7
63777,1
63777,27
63777,14
63778,1
63778,7
63779,5
63782,27
63782,2
63783,8
63783,2
63783,11
63784,16
63786,1
63786,17
63787,18
63788,16
63788,25
63789,5
63789,3
63789,9
63791,27
63791,17
63792,27
63792,10
63793,5
63794,22
63795,25
63797,5
63798,1
63798,7
63799,1
63799,7
63800,1
63800,4
63801,1
63801,5
63801,11
63802,25
63803,2
63803,3
63804,8
63804,2
63805,16
63806,5
63809,16
63810,1
63810,4
63810,13
63812,5
63814,25
63816,7
63818,23
63819,18
63820,25
63823,1
63823,7
63824,16
63824,13
63824,7
63825,7
63826,16
63826,7
63827,13
63827,7
63832,7
63832,24
63833,1
63833,5
63834,1
63834,4
63834,5
63836,5
63836,19
63837,1
63837,5
63837,3
63838,1
63838,7
63838,11
63839,1
63839,4
63839,7
63840,1
63840,7
63841,1
63841,4
63841,21
63842,1
63842,7
63843,27
63843,10
63844,1
63845,1
63845,4
63845,5
63846,22
63847,5
63848,1
63848,7
63849,4
63849,8
63849,24
63850,1
63852,10
63853,1
63853,7
63855,16
63855,5
63856,1
63856,5
63856,11
63857,1
63857,7
63858,10
63859,8
63860,22
63861,1
63861,16
63863,10
63864,1
63864,4
63864,7
63865,16
63865,4
63865,8
63865,15
63866,22
63867,1
63867,10
63868,1
63868,13
63868,11
63869,1
63869,7
63870,1
63870,4
63870,5
63872,1
63872,5
63872,14
63873,16
63874,1
63874,4
63874,8
63875,10
63876,26
63877,23
63878,16
63878,5
63878,3
63879,1
63879,16
63879,7
63881,16
63882,1
63883,16
63883,13
63883,7
63884,4
63884,8
63884,15
63885,1
63885,16
63885,17
63887,1
63887,8
63887,11
63888,16
63888,8
63888,10
63889,27
63890,16
63892,1
63892,2
63892,3
63893,1
63893,13
63893,7
63895,25
63896,23
63896,24
63898,23
63899,16
63900,16
63900,24
63900,17
63907,26
63908,1
63908,7
63909,2
63909,3
63909,12
63910,16
63911,1
63911,22
63912,1
63912,16
63912,7
63913,1
63915,16
63917,16
63917,23
63918,16
63919,22
63920,1
63921,1
63921,7
63922,16
63922,13
63922,6
63923,1
63923,7
63923,17
63924,1
63924,22
63925,5
63927,1
63927,16
63929,23
63930,1
63930,16
63930,7
63931,16
63935,24
63936,8
63936,25
63937,1
63937,16
63937,7
63938,8
63939,1
63940,4
63940,8
63940,15
63940,13
63941,1
63941,19
63942,1
63943,22
63944,1
63944,2
63945,1
63945,16
63946,1
63946,5
63947,1
63947,16
63947,14
63948,8
63949,5
63949,3
63950,23
63951,2
63951,20
63954,1
63954,17
63955,1
63955,7
63955,11
63957,5
63958,1
63958,3
63961,16
63963,5
63964,1
63964,13
63964,7
63966,16
63969,1
63970,16
63970,23
63973,1
63973,7
63973,3
63974,1
63974,18
63975,1
63976,1
63976,7
63978,1
63978,3
63979,10
63980,11
63981,8
63981,27
63981,10
63983,1
63983,7
63984,5
63985,21
63985,17
63986,1
63986,2
63986,9
63987,16
63987,8
63987,13
63988,26
63990,1
63990,16
63990,7
63991,1
63991,7
63992,19
63993,17
63994,1
63994,15
63994,13
63994,11
63995,5
63997,17
63997,22
63998,23
63999,8
63999,15
63999,13
64001,15
64001,2
64002,1
64002,5
64003,7
64005,4
64005,8
64005,15
64005,13
64006,16
64006,15
64006,13
64007,1
64007,15
64007,7
64008,1
64008,16
64008,15
64008,7
64009,16
64009,15
64009,13
64009,7
64010,4
64010,8
64010,15
64010,13
64011,16
64011,8
64011,15
64011,13
64012,15
64012,7
64014,8
64014,11
64015,1
64015,4
64016,16
64016,22
64017,1
64017,7
64018,1
64018,16
64018,7
64019,16
64019,7
64021,7
64022,1
64022,4
64022,5
64023,4
64023,5
64023,3
64024,1
64025,7
64026,4
64026,15
64026,13
64026,2
64027,1
64027,5
64027,3
64028,1
64028,5
64029,5
64030,1
64030,11
64031,1
64031,7
64032,1
64033,4
64033,5
64034,1
64034,3
64035,5
64036,5
64037,1
64037,17
64045,17
64046,16
64050,1
64056,1
64056,7
64057,1
64057,7
64058,18
64061,25
64063,1
64063,7
64066,1
64066,7
64068,23
64069,16
64070,1
64071,1
64072,1
64072,17
64073,16
64074,1
64074,16
64076,5
64076,18
64079,16
64079,5
64079,11
64080,1
64080,5
64081,16
64081,7
64082,1
64082,16
64082,7
64083,1
64083,3
64083,11
64084,11
64086,16
64086,13
64086,7
64087,1
64087,16
64087,7
64088,11
64088,17
64089,1
64089,7
64089,17
64091,5
64092,1
64092,4
64093,1
64094,1
64094,7
64095,1
64095,4
64096,1
64096,7
64097,16
64098,16
64098,27
64098,14
64099,1
64099,7
64099,17
64100,1
64101,1
64101,7
64102,1
64102,7
64104,1
64104,10
64107,1
64108,16
64108,7
64109,1
64110,1
64111,1
64111,4
64111,13
64112,5
64113,1
64113,7
64114,1
64114,7
64114,12
64115,16
64115,10
64116,16
64116,14
64117,1
64119,1
64119,7
64120,1
64120,7
64121,1
64121,16
64121,15
64122,1
64122,16
64122,7
64123,1
64123,5
64124,17
64126,27
64127,27
64129,27
64129,10
64130,16
64130,8
64130,27
64131,21
64131,17
64133,16
64135,22
64136,1
64136,5
64136,3
64137,1
64137,22
64140,1
64140,21
64140,17
64142,22
64143,1
64143,4
64143,8
64144,26
64146,17
64149,16
64149,7
64151,10
64152,16
64152,27
64152,10
64153,7
64154,27
64154,13
64154,10
64155,3
64155,11
64156,1
64156,13
64156,7
64157,16
64157,22
64159,1
64159,14
64159,7
64160,1
64160,8
64160,9
64161,1
64161,16
64162,1
64162,7
64162,2
64163,1
64163,13
64163,18
64164,1
64165,1
64165,7
64167,1
64167,3
64167,12
64171,16
64171,11
64173,1
64173,7
64174,10
64175,16
64175,15
64175,7
64176,1
64176,4
64176,7
64178,11
64178,24
64178,17
64180,1
64180,7
64182,1
64182,7
64183,1
64183,6
64183,11
64184,1
64184,7
64185,16
64187,27
64187,12
64191,7
64194,1
64194,16
64194,7
64195,1
64195,7
64197,1
64197,13
64197,7
64202,1
64202,7
64202,17
64203,1
64203,10
64203,7
64204,8
64204,23
64205,7
64206,18
64207,1
64208,16
64208,13
64209,1
64211,1
64211,16
64211,7
64213,7
64215,24
64216,16
64216,7
64218,1
64218,16
64218,7
64220,16
64220,13
64220,3
64221,1
64221,7
64222,1
64222,18
64223,1
64224,1
64224,13
64224,6
64226,5
64226,3
64226,11
64227,1
64227,16
64227,7
64228,1
64228,16
64228,7
64229,5
64229,13
64229,7
64230,16
64230,7
64231,16
64231,7
64232,1
64232,16
64232,7
64233,1
64233,7
64234,1
64235,16
64235,7
64237,1
64237,7
64239,1
64239,7
64241,21
64241,17
64242,10
64243,10
64248,21
64248,17
64250,1
64250,27
64250,12
64251,1
64251,16
64251,11
64252,1
64252,7
64254,2
64254,3
64257,8
64257,24
64258,1
64259,17
64260,6
64260,2
64261,18
64262,13
64263,1
64263,16
64263,24
64264,1
64266,5
64267,1
64268,1
64268,3
64269,1
64269,16
64269,7
64270,1
64270,24
64272,16
64273,27
64273,10
64275,1
64275,4
64275,3
64276,1
64276,4
64276,5
64278,11
64279,16
64279,7
64282,16
64282,15
64282,2
64283,1
64284,16
64284,27
64285,16
64285,27
64285,12
64286,1
64286,16
64286,5
64287,16
64287,5
64289,27
64290,14
64291,1
64291,7
64291,12
64292,16
64292,27
64293,1
64293,7
64294,1
64294,16
64297,1
64299,1
64299,11
64302,16
64302,7
64303,1
64305,16
64308,5
64308,3
64308,11
64309,4
64309,2
64309,3
64310,1
64310,8
64310,9
64311,15
64312,11
64313,16
64313,27
64315,1
64315,3
64319,16
64319,15
64322,6
64323,16
64323,27
64323,23
64328,6
64328,3
64328,11
64333,1
64333,7
64334,1
64336,23
64336,24
64337,6
64338,15
64339,1
64339,3
64344,1
64346,22
64348,24
64348,22
64349,1
64349,7
64352,16
64352,7
64359,17
64360,1
64360,4
64360,5
64364,16
64364,7
64366,26
64367,1
64367,16
64367,27
64369,1
64369,4
64369,6
64370,16
64370,27
64375,1
64376,1
64377,16
64377,15
64378,10
64379,16
64379,21
64383,1
64383,7
64386,2
64387,22
64388,10
64389,1
64389,16
64390,27
64392,7
64392,24
64395,16
64395,5
64397,16
64397,8
64397,13
64398,4
64398,8
64398,27
64399,5
64400,5
64402,16
64402,15
64402,13
64405,25
64405,22
64406,5
64413,22
64416,1
64416,16
64416,11
64418,17
64419,1
64419,4
64419,5
64422,5
64427,17
64428,1
64428,16
64434,1
64434,5
64434,3
64435,4
64435,8
64435,15
64436,1
64437,26
64438,1
64438,3
64438,11
64439,23
64441,16
64447,1
64447,7
64449,16
64450,12
64451,4
64451,15
64451,13
64451,21
64452,16
64452,15
64452,7
64452,2
64453,5
64454,16
64454,11
64456,1
64459,1
64459,19
64460,1
64461,5
64461,17
64461,19
64462,1
64462,6
64463,1
64463,7
64464,1
64464,16
64466,1
64466,7
64467,8
64469,1
64469,22
64471,1
64472,1
64474,24
64475,1
64475,14
64475,7
64476,5
64480,25
64482,19
64483,16
64484,16
64484,7
64485,1
64485,5
64486,1
64486,7
64487,1
64489,26
64491,17
64493,16
64497,1
64497,16
64498,4
64498,8
64498,13
64499,1
64501,1
64501,4
64501,6
64503,3
64503,11
64504,1
64504,4
64504,6
64505,6
64506,25
64507,1
64507,11
64507,18
64509,23
64510,27
64512,1
64512,11
64513,1
64513,3
64513,11
64514,1
64514,16
64514,7
64515,16
64515,3
64516,1
64516,7
64517,1
64517,11
64517,18
64519,1
64519,6
64519,11
64521,1
64521,5
64521,11
64522,16
64525,10
64527,1
64527,11
64529,1
64536,1
64536,8
64536,7
64539,1
64539,15
64540,1
64540,4
64540,5
64542,25
64545,17
64546,26
64549,1
64549,16
64550,26
64551,8
64551,25
64551,24
64552,21
64552,17
64553,17
64555,4
64555,8
64555,13
64556,1
64556,16
64556,7
64557,10
64559,1
64562,16
64562,2
64563,1
64563,7
64564,5
64565,16
64567,1
64567,16
64569,1
64569,7
64570,5
64571,5
64573,5
64574,16
64575,16
64578,17
64580,8
64582,16
64582,4
64582,8
64583,1
64583,11
64584,5
64587,1
64587,5
64587,3
64588,1
64588,5
64590,18
64592,16
64592,15
64592,14
64593,1
64593,7
64596,22
64598,22
64599,1
64599,11
64600,11
64601,11
64604,23
64604,24
64606,16
64606,7
64606,2
64607,16
64607,4
64607,5
64608,1
64608,5
64609,8
64609,25
64610,1
64610,5
64611,2
64611,11
64612,1
64612,16
64612,7
64613,17
64615,8
64615,15
64615,13
64617,5
64618,3
64618,11
64619,1
64619,10
64620,4
64620,3
64621,1
64622,1
64626,1
64626,4
64626,5
64627,1
64627,4
64627,20
64628,16
64628,10
64628,7
64629,1
64629,4
64629,8
64630,8
64630,13
64631,4
64631,13
64631,2
64632,4
64632,15
64632,13
64634,16
64634,4
64634,7
64638,1
64638,16
64639,16
64639,15
64639,11
64640,1
64640,3
64641,1
64641,5
64644,1
64644,16
64644,2
64646,6
64646,2
64646,11
64648,1
64648,11
64650,16
64650,15
64651,1
64651,7
64651,11
64653,1
64654,5
64655,5
64655,11
64658,1
64658,16
64658,7
64660,17
64662,16
64662,7
64664,1
64664,16
64664,27
64665,1
64666,16
64667,1
64668,1
64668,5
64669,1
64669,11
64670,16
64670,11
64671,7
64673,1
64673,7
64675,8
64675,27
64675,12
64676,22
64677,16
64677,8
64677,2
64678,16
64678,23
64678,10
64679,1
64680,10
64684,1
64684,7
64686,5
64688,7
64690,16
64690,6
64691,23
64691,22
64692,1
64695,8
64696,1
64696,7
64696,12
64697,1
64697,7
64698,1
64698,7
64698,17
64699,26
64700,1
64700,16
64700,14
64701,10
64705,1
64705,11
64706,24
64707,22
64708,5
64709,23
64711,1
64711,7
64712,1
64712,4
64712,2
64714,16
64717,16
64717,27
64719,16
64719,10
64720,24
64721,16
64721,10
64723,16
64724,5
64724,19
64728,27
64731,25
64732,18
64734,1
64734,18
64736,5
64736,11
64738,1
64738,5
64739,1
64740,21
64740,17
64741,1
64741,22
64742,17
64743,22
64744,18
64745,25
64746,8
64746,21
64747,1
64747,19
64748,1
64748,4
64748,5
64749,1
64749,7
64750,2
64750,25
64752,16
64752,10
64753,1
64753,3
64756,1
64756,5
64756,11
64757,24
64761,16
64762,1
64762,18
64763,16
64764,6
64765,25
64766,15
64767,23
64768,11
64769,11
64772,1
64772,7
64775,23
64778,27
64783,27
64783,12
64784,4
64784,8
64785,1
64785,7
64786,16
64786,6
64786,11
64789,22
64791,1
64795,17
64795,19
64796,1
64796,16
64796,7
64797,4
64798,1
64798,7
64799,1
64799,16
64799,7
64800,16
64800,7
64803,5
64804,1
64804,5
64805,1
64805,7
64806,22
64807,7
64808,1
64808,17
64809,1
64809,5
64809,11
64810,23
64811,25
64813,16
64813,8
64813,27
64815,1
64815,5
64815,11
64816,24
64819,1
64819,7
64819,3
64823,1
64823,10
64824,1
64824,5
64824,11
64826,15
64826,6
64829,17
64830,8
64830,27
64831,21
64831,17
64832,1
64832,17
64833,16
64834,5
64834,3
64834,11
64835,1
64835,3
64837,3
64838,10
64839,4
64839,3
64839,11
64841,1
64841,7
64842,7
64843,1
64843,17
64844,1
64844,5
64845,5
64845,3
64845,11
64846,13
64846,7
64847,1
64847,7
64848,13
64849,13
64849,7
64850,1
64850,13
64850,7
64853,16
64853,7
64855,1
64855,5
64855,10
64856,27
64857,25
64858,14
64858,2
64858,11
64860,16
64860,7
64861,5
64862,1
64862,5
64865,1
64865,17
64866,1
64866,5
64867,16
64868,1
64868,18
64869,16
64872,4
64872,8
64872,2
64873,16
64875,16
64877,16
64878,16
64879,24
64880,16
64881,24
64882,21
64882,17
64883,10
64885,16
64885,24
64886,21
64886,17
64887,21
64887,17
64889,24
64891,8
64891,24
64892,8
64892,24
64894,21
64894,17
64898,8
64898,24
64899,8
64899,24
64900,8
64900,24
64903,16
64903,13
64907,5
64907,17
64907,22
64908,27
64908,13
64908,2
64909,4
64909,8
64909,2
64911,16
64912,17
64913,8
64913,24
64917,16
64920,11
64921,11
64922,7
64924,16
64925,16
64925,12
64926,1
64926,5
64928,16
64928,4
64928,5
64933,1
64935,1
64935,11
64936,15
64937,11
64938,16
64939,4
64939,2
64940,16
64940,7
64940,22
64941,1
64941,8
64941,27
64942,16
64942,21
64943,27
64943,6
64943,12
64944,1
64945,27
64945,23
64945,10
64947,17
64948,1
64948,3
64949,16
64950,4
64950,2
64955,22
64957,1
64957,16
64958,1
64958,5
64959,17
64960,6
64962,16
64963,1
64963,5
64963,22
64964,1
64965,16
64968,16
64968,10
64968,7
64969,1
64969,5
64969,3
64972,1
64972,5
64973,21
64973,17
64974,17
64976,18
64977,3
64978,1
64978,11
64979,13
64979,11
64979,12
64980,1
64980,3
64980,11
64981,1
64982,23
64983,27
64985,27
64987,6
64987,3
64987,12
64988,16
64989,27
64989,23
64991,5
64991,13
64991,3
64992,16
64992,4
64992,5
64993,1
64993,2
64993,11
64994,1
64994,10
64994,17
64996,1
64996,7
64998,1
64998,4
64998,5
64999,1
64999,4
64999,5
65000,1
65000,7
65002,26
65003,1
65003,5
65004,8
65004,25
65005,16
65007,16
65007,27
65007,14
65008,5
65008,11
65008,25
65010,1
65010,5
65015,1
65015,3
65015,11
65017,25
65017,17
65020,1
65020,7
65028,1
65028,7
65029,1
65029,2
65032,16
65033,16
65034,16
65035,10
65036,5
65038,1
65038,2
65039,15
65039,2
65040,16
65041,1
65041,4
65041,5
65042,1
65042,4
65042,13
65044,5
65045,22
65046,17
65047,5
65049,7
65050,1
65050,3
65051,1
65053,5
65053,3
65053,11
65054,1
65054,16
65055,15
65056,1
65056,27
65056,12
65060,1
65063,5
65063,11
65067,11
65072,16
65073,24
65073,18
65074,24
65075,17
65076,24
65077,24
65078,24
65079,21
65079,24
65080,16
65080,21
65081,21
65081,24
65082,13
65082,7
65082,11
65083,1
65083,5
65085,22
65086,1
65086,22
65087,1
65087,5
65088,16
65088,19
65089,16
65089,22
65090,1
65090,14
65091,5
65091,11
65092,16
65094,22
65097,16
65097,10
65098,27
65099,27
65099,25
65103,17
65104,16
65104,10
65107,16
65108,1
65108,7
65109,1
65109,5
65109,3
65110,16
65111,1
65112,16
65116,17
65118,5
65119,23
65120,1
65120,7
65122,1
65122,6
65122,2
65123,1
65123,17
65125,1
65125,16
65125,14
65126,4
65126,11
65131,1
65132,1
65132,2
65133,16
65135,1
65135,8
65135,17
65138,1
65138,16
65138,3
65140,1
65140,11
65141,23
65144,5
65146,5
65147,11
65147,17
65147,12
65148,1
65148,16
65148,10
65149,8
65149,27
65150,10
65151,1
65151,8
65151,7
65152,16
65153,16
65153,8
65153,13
65155,23
65155,24
65157,3
65157,18
65158,23
65159,1
65159,7
65159,18
65160,1
65160,16
65160,10
65163,16
65164,16
65165,16
65167,25
65167,17
65168,26
65169,20
65170,1
65170,21
65171,1
65172,16
65173,1
65174,16
65175,16
65177,16
65178,22
65179,5
65181,1
65181,16
65181,5
65182,25
65183,7
65184,26
65185,23
65186,16
65187,23
65188,28
65188,18
65189,16
65190,16
65190,11
65192,17
65193,16
65195,16
65198,16
65198,8
65198,23
65200,16
65201,26
65202,25
65204,17
65205,1
65205,13
65205,7
65206,16
65206,23
65209,22
65210,27
65211,1
65211,7
65212,1
65212,7
65213,16
65213,7
65214,1
65214,7
65215,1
65215,5
65217,7
65217,28
65218,1
65218,4
65218,17
65219,16
65220,16
65221,1
65223,11
65225,16
65225,27
65225,10
65227,7
65228,27
65229,16
65229,23
65234,7
65235,16
65235,8
65236,16
65237,5
65237,11
65238,27
65242,16
65243,16
65245,1
65250,16
65252,22
65253,13
65253,10
65253,7
65254,7
65255,1
65255,13
65255,7
65257,16
65257,15
65257,27
65257,13
65258,5
65259,23
65260,16
65260,5
65260,11
65261,16
65262,1
65262,5
65262,11
65263,22
65264,16
65264,7
65266,1
65266,7
65267,1
65267,7
65268,1
65268,7
65269,7
65270,5
65270,11
65271,1
65273,1
65273,22
65279,16
65279,22
65281,16
65282,1
65284,1
65285,1
65285,16
65286,1
65286,7
65286,28
65287,4
65287,8
65287,13
65289,16
65290,7
65292,16
65295,1
65296,1
65298,16
65298,8
65298,11
65299,16
65300,1
65300,5
65301,16
65301,11
65305,1
65305,7
65305,11
65306,16
65308,1
65310,1
65311,1
65311,4
65312,1
65315,16
65317,16
65318,22
65319,5
65319,3
65320,16
65320,13
65320,7
65321,23
65322,1
65322,11
65323,5
65323,11
65325,5
65327,1
65327,7
65327,11
65329,1
65329,7
65330,1
65330,7
65331,16
65331,13
65331,7
65333,5
65333,3
65333,11
65335,16
65335,18
65336,16
65337,16
65338,1
65338,13
65338,7
65341,5
65343,8
65343,24
65343,17
65345,6
65345,3
65346,16
65346,7
65347,1
65347,7
65349,1
65349,4
65349,5
65350,16
65350,7
65351,1
65351,7
65352,1
65352,7
65353,16
65353,23
65353,7
65354,1
65354,7
65355,1
65355,7
65356,1
65356,7
65357,1
65357,7
65358,16
65358,7
65359,1
65359,7
65360,1
65360,7
65361,16
65361,13
65361,7
65362,1
65362,12
65363,1
65363,16
65363,7
65364,1
65364,7
65365,1
65365,16
65365,5
65366,1
65366,7
65367,1
65367,7
65368,1
65368,7
65370,1
65370,7
65371,1
65371,7
65372,1
65372,7
65373,1
65373,4
65379,1
65379,14
65379,7
65380,1
65380,8
65380,11
65382,1
65382,7
65383,16
65383,7
65384,1
65384,7
65384,11
65385,5
65385,11
65386,1
65386,4
65387,1
65387,10
65389,1
65389,7
65391,15
65395,5
65396,16
65396,24
65398,16
65398,27
65400,1
65400,5
65401,27
65401,14
65403,10
65408,1
65408,5
65410,1
65410,16
65410,14
65412,1
65417,16
65417,27
65418,1
65418,5
65419,23
65419,7
65420,1
65420,7
65421,8
65421,23
65421,24
65425,22
65426,16
65426,8
65426,10
65427,16
65427,8
65429,1
65430,1
65430,3
65433,13
65433,7
65434,1
65434,13
65434,7
65435,1
65435,16
65437,16
65442,5
65445,7
65447,16
65447,15
65447,13
65447,7
65448,4
65448,8
65448,13
65449,22
65450,1
65450,14
65454,16
65454,27
65454,13
65455,18
65457,16
65459,10
65460,16
65461,16
65461,11
65464,1
65464,16
65464,7
65465,7
65466,15
65468,10
65471,7
65471,28
65472,5
65472,3
65472,11
65476,8
65476,24
65477,13
65477,7
65478,24
65480,1
65480,7
65485,24
65486,5
65487,18
65488,21
65489,15
65489,27
65490,1
65490,17
65491,3
65492,23
65494,17
65495,25
65500,4
65500,5
65500,3
65502,1
65502,3
65502,11
65504,7
65504,17
65506,23
65506,25
65506,24
65508,1
65509,16
65509,7
65510,1
65510,7
65511,16
65512,1
65512,7
65513,23
65516,4
65516,8
65516,13
65517,10
65518,1
65518,3
65520,16
65521,16
65522,16
65523,16
65524,1
65524,16
65524,7
65526,1
65526,4
65527,1
65527,16
65528,1
65528,16
65530,16
65532,1
65532,7
65534,16
65534,8
65534,13
65535,16
65535,7
65540,1
65540,16
65541,16
65542,1
65542,13
65543,1
65543,8
65544,1
65544,8
65545,1
65545,16
65545,13
65549,1
65551,25
65551,24
65551,17
65552,1
65552,11
65555,1
65555,13
65555,7
65556,25
65556,17
65557,1
65558,16
65559,16
65559,14
65560,1
65560,8
65560,14
65562,11
65563,8
65563,27
65565,1
65565,2
65565,11
65567,1
65568,15
65569,16
65570,16
65570,15
65570,13
65571,6
65571,2
65571,3
65573,16
65574,16
65576,1
65576,22
65577,1
65577,4
65577,20
65579,15
65580,1
65580,17
65583,25
65584,1
65584,3
65586,5
65589,16
65591,1
65592,5
65592,11
65594,4
65594,5
65594,11
65595,1
65595,4
65595,5
65596,1
65596,16
65597,1
65597,7
65597,18
65604,16
65605,1
65605,19
65606,16
65607,16
65610,16
65610,7
65611,16
65616,10
65617,1
65618,1
65618,5
65619,1
65619,16
65619,7
65621,5
65621,18
65623,1
65624,1
65624,23
65624,7
65626,7
65627,16
65627,5
65627,14
65628,16
65628,2
65629,1
65629,7
65630,1
65631,27
65631,13
65631,10
65632,5
65634,16
65634,11
65635,16
65635,4
65635,14
65636,16
65636,23
65637,23
65638,1
65638,14
65639,16
65639,23
65643,25
65647,10
65647,7
65648,1
65648,5
65649,1
65649,5
65650,22
65651,1
65651,13
65651,7
65652,1
65653,1
65653,17
65654,16
65656,11
65656,24
65656,17
65657,5
65657,3
65661,16
65662,1
65662,16
65662,7
65664,1
65664,7
65666,16
65668,16
65669,27
65673,25
65674,17
65676,21
65676,17
65679,16
65680,1
65680,3
65680,11
65681,1
65681,7
65682,16
65683,1
65683,18
65684,5
65684,3
65684,17
65687,1
65687,3
65690,16
65693,16
65696,27
65698,16
65698,13
65698,7
65699,16
65699,13
65699,7
65701,1
65701,5
65701,3
65702,4
65702,5
65702,3
65703,1
65704,16
65704,13
65704,7
65705,16
65705,13
65705,7
65706,1
65706,16
65706,15
65707,16
65710,15
65712,1
65713,8
65713,21
65713,17
65714,16
65714,15
65714,13
65714,7
65715,1
65715,21
65715,17
65716,1
65716,16
65716,7
65719,16
65719,4
65719,15
65720,4
65720,8
65720,13
65721,16
65724,11
65724,12
65726,1
65726,3
65727,16
65727,14
65727,13
65728,1
65728,5
65728,18
65730,1
65731,1
65731,5
65732,16
65733,16
65734,16
65734,14
65735,5
65737,4
65737,8
65737,15
65739,8
65739,27
65740,16
65741,16
65751,1
65755,22
65757,13
65757,7
65759,16
65760,27
65761,7
65761,28
65762,16
65762,5
65762,11
65763,16
65765,1
65766,15
65766,13
65767,15
65768,15
65769,4
65769,15
65769,13
65769,7
65770,15
65771,16
65771,8
65771,2
65772,15
65773,15
65774,16
65774,3
65777,16
65777,14
65778,16
65779,27
65780,16
65781,23
65782,1
65782,5
65782,22
65787,24
65788,16
65788,7
65790,1
65790,3
65790,25
65791,1
65791,4
65792,1
65792,7
65793,1
65794,1
65796,1
65796,16
65796,7
65801,5
65802,1
65802,7
65805,5
65806,4
65806,8
65806,13
65807,1
65807,7
65808,1
65808,5
65808,7
65810,4
65813,17
65817,22
65820,26
65823,16
65823,14
65824,1
65824,3
65825,16
65827,1
65827,16
65827,13
65828,4
65828,8
65828,13
65829,16
65830,1
65830,5
65831,10
65832,1
65832,5
65832,7
65835,4
65835,8
65836,4
65836,15
65836,13
65837,16
65838,21
65838,17
65839,1
65839,7
65839,11
65840,1
65840,22
65844,23
65845,23
65846,13
65846,11
65846,12
65847,1
65852,16
65852,13
65852,7
65854,7
65856,1
65856,5
65858,1
65858,5
65858,3
65859,5
65859,3
65859,11
65860,1
65860,5
65860,3
65862,17
65863,23
65864,5
65865,22
65866,22
65867,5
65868,5
65870,1
65870,17
65872,5
65873,1
65873,7
65876,1
65876,4
65876,15
65876,13
65878,16
65882,16
65886,6
65886,11
65887,1
65887,17
65889,17
65891,25
65891,18
65892,1
65892,3
65893,25
65894,1
65894,13
65894,7
65895,8
65895,15
65895,13
65896,1
65896,18
65897,7
65898,4
65898,8
65901,1
65903,1
65903,6
65903,7
65904,22
65905,7
65907,1
65907,3
65911,1
65914,7
65915,1
65918,7
65918,22
65919,16
65919,2
65923,16
65923,5
65923,3
65925,1
65925,16
65925,3
65927,16
65927,15
65927,7
65928,1
65928,5
65928,11
65929,14
65930,1
65930,5
65930,3
65931,7
65931,3
65935,1
65935,16
65935,7
65936,13
65936,7
65937,1
65937,7
65938,1
65938,7
65939,7
65940,16
65940,7
65941,1
65941,7
65942,1
65942,7
65943,5
65944,7
65945,7
65946,7
65947,1
65947,7
65947,12
65948,1
65948,7
65949,7
65950,7
65953,16
65953,4
65953,9
65954,4
65954,8
65954,2
65955,14
65956,1
65956,7
65963,22
65967,16
65968,1
65968,7
65969,1
65969,7
65969,12
65971,16
65973,7
65974,5
65974,3
65976,1
65976,16
65977,1
65977,22
65978,1
65978,11
65979,1
65979,3
65980,1
65980,7
65980,11
65982,1
65982,7
65987,16
65993,23
65995,1
65995,7
65997,16
65997,23
66000,23
66001,15
66002,1
66002,7
66004,5
66004,3
66004,11
66006,15
66007,15
66008,1
66008,16
66008,2
66009,3
66009,11
66009,12
66010,1
66010,16
66010,7
66013,1
66014,8
66014,15
66014,14
66016,8
66017,1
66017,7
66018,1
66018,16
66018,7
66019,1
66021,16
66022,1
66023,16
66023,5
66024,16
66024,4
66024,8
66026,16
66026,5
66026,7
66027,17
66027,19
66028,16
66029,15
66029,7
66033,1
66033,14
66033,7
66034,16
66035,16
66036,4
66036,8
66037,16
66038,1
66039,17
66041,1
66041,7
66042,1
66042,7
66044,2
66044,3
66044,11
66046,5
66046,11
66050,16
66050,27
66051,23
66052,1
66052,7
66054,1
66054,21
66054,17
66055,16
66056,1
66056,22
66057,1
66057,14
66058,15
66059,10
66060,22
66061,24
66062,22
66065,27
66066,16
66066,7
66066,18
66071,16
66072,23
66072,25
66074,24
66075,10
66076,22
66077,1
66077,7
66080,27
66080,14
66081,8
66081,5
66083,1
66083,16
66088,16
66091,15
66093,15
66094,1
66094,7
66095,1
66095,7
66096,3
66097,7
66098,14
66098,2
66099,1
66099,14
66099,2
66100,1
66100,7
66101,16
66101,13
66101,10
66102,1
66102,14
66102,11
66105,1
66105,7
66108,1
66108,7
66110,16
66110,7
66111,23
66113,1
66113,16
66113,7
66114,8
66114,14
66115,1
66116,1
66116,5
66116,14
66117,1
66117,5
66118,1
66119,15
66121,16
66122,1
66122,2
66123,16
66123,14
66124,10
66125,8
66125,13
66125,2
66126,10
66128,16
66128,13
66129,5
66130,4
66130,8
66130,15
66132,16
66133,15
66133,13
66133,7
66135,1
66135,16
66135,14
66136,1
66136,7
66137,5
66138,16
66138,27
66138,13
66140,1
66140,5
66143,1
66143,13
66144,13
66144,7
66145,22
66146,16
66147,16
66148,1
66148,16
66150,16
66151,8
66151,15
66151,22
66152,10
66153,1
66154,1
66154,7
66155,1
66155,13
66155,2
66156,1
66157,15
66158,1
66158,16
66158,15
66158,22
66159,1
66159,8
66159,15
66159,13
66162,1
66163,5
66163,17
66166,7
66166,22
66171,4
66171,8
66171,17
66174,17
66175,1
66175,21
66175,17
66177,1
66177,7
66179,11
66179,17
66180,14
66181,1
66181,7
66182,16
66183,16
66185,1
66185,10
66185,7
66186,13
66190,23
66192,1
66192,7
66193,1
66193,18
66194,1
66194,4
66194,7
66195,1
66195,7
66196,1
66196,16
66197,16
66197,27
66198,16
66199,7
66203,13
66203,7
66206,1
66206,5
66206,3
66207,7
66209,14
66212,15
66213,1
66213,17
66214,1
66214,16
66215,16
66215,7
66216,16
66216,8
66216,27
66217,16
66217,7
66217,11
66218,16
66218,15
66218,7
66219,4
66219,15
66219,13
66220,13
66220,7
66221,13
66221,7
66222,7
66224,1
66224,21
66224,17
66225,5
66227,5
66228,5
66231,1
66231,11
66232,17
66233,1
66233,16
66234,5
66236,16
66236,8
66237,1
66237,5
66238,1
66239,1
66240,1
66240,5
66240,11
66242,1
66242,19
66243,1
66243,5
66243,19
66244,3
66244,11
66248,7
66248,11
66248,12
66249,23
66250,15
66251,16
66252,16
66253,23
66253,24
66254,23
66255,7
66256,13
66256,7
66257,16
66258,16
66259,16
66259,4
66259,8
66260,1
66260,15
66260,2
66261,2
66262,2
66263,7
66264,8
66264,27
66264,14
66265,7
66265,11
66265,18
66268,25
66269,1
66269,10
66269,7
66270,26
66274,1
66274,5
66275,1
66276,10
66277,17
66278,17
66281,1
66281,13
66282,16
66283,14
66283,24
66285,1
66285,16
66285,5
66287,17
66292,1
66292,27
66293,24
66293,17
66295,22
66296,16
66296,13
66296,7
66297,16
66297,10
66298,1
66298,7
66299,1
66302,4
66302,8
66304,7
66305,16
66305,8
66305,24
66307,1
66307,5
66308,1
66308,7
66309,1
66309,5
66309,3
66310,1
66311,1
66311,16
66311,5
66312,1
66312,19
66313,4
66313,8
66313,13
66314,1
66316,1
66316,4
66316,21
66317,22
66318,1
66318,2
66319,16
66320,1
66320,2
66321,10
66324,16
66325,4
66325,8
66325,15
66325,2
66326,1
66326,7
66330,22
66332,7
66333,1
66333,16
66334,27
66334,14
66336,16
66336,27
66336,14
66338,16
66338,5
66345,1
66346,15
66347,1
66347,7
66348,1
66348,4
66348,5
66349,16
66350,16
66350,28
66351,1
66352,16
66352,27
66364,27
66369,1
66372,1
66372,5
66372,3
66373,1
66373,7
66374,1
66374,4
66374,7
66375,16
66375,13
66375,7
66376,16
66376,27
66376,13
66378,18
66379,16
66383,1
66383,7
66384,23
66385,1
66386,1
66387,26
66389,1
66389,16
66389,7
66391,4
66391,5
66391,3
66393,1
66394,4
66394,8
66394,11
66395,1
66395,16
66395,7
66396,1
66396,7
66397,16
66397,8
66397,2
66398,16
66398,2
66399,16
66399,2
66400,16
66400,11
66400,12
66401,1
66401,5
66401,17
66402,16
66402,13
66402,11
66404,1
66404,16
66405,16
66406,1
66406,16
66406,11
66409,1
66409,16
66409,5
66410,16
66410,4
66410,8
66412,1
66412,16
66412,7
66413,16
66413,8
66413,27
66414,7
66414,3
66415,7
66416,1
66416,7
66416,11
66417,16
66417,7
66418,1
66418,8
66418,5
66421,27
66421,14
66422,16
66423,1
66423,11
66424,1
66424,11
66426,13
66426,7
66427,8
66427,14
66427,13
66432,15
66433,4
66433,8
66433,27
66435,1
66435,17
66437,5
66438,26
66440,13
66440,7
66443,16
66444,13
66444,7
66445,16
66446,4
66446,5
66446,3
66447,1
66447,19
66448,1
66448,5
66448,3
66449,16
66449,12
66450,16
66451,16
66451,7
66452,1
66452,16
66452,7
66453,1
66453,21
66455,4
66455,13
66455,3
66456,1
66456,14
66456,7
66457,1
66457,16
66457,7
66458,1
66458,5
66458,11
66459,1
66462,15
66465,1
66465,13
66465,7
66468,15
66471,1
66471,3
66472,1
66472,7
66473,8
66473,24
66477,16
66477,13
66477,7
66478,4
66478,8
66478,13
66479,1
66479,7
66480,1
66480,16
66480,7
66481,16
66482,1
66482,7
66483,16
66483,7
66484,1
66490,1
66490,3
66490,11
66491,7
66491,11
66491,17
66492,1
66492,16
66492,5
66493,4
66493,7
66493,3
66494,5
66495,16
66497,1
66497,7
66497,12
66498,1
66498,13
66499,1
66499,7
66501,1
66501,5
66501,17
66502,1
66503,7
66504,16
66505,16
66505,7
66505,12
66506,1
66506,16
66506,19
66513,7
66516,26
66517,1
66517,16
66517,7
66518,1
66518,7
66520,7
66522,25
66523,27
66525,5
66525,3
66525,11
66527,1
66527,7
66528,16
66528,14
66529,24
66532,1
66532,3
66533,16
66534,23
66537,1
66537,5
66537,3
66539,1
66539,4
66539,3
66540,1
66540,3
66540,11
66541,5
66541,7
66541,11
66542,1
66542,7
66543,15
66543,13
66543,2
66544,1
66544,5
66544,20
66545,13
66545,6
66545,7
66547,22
66553,1
66553,7
66554,1
66554,5
66555,1
66555,5
66555,11
66556,1
66556,4
66556,11
66558,13
66558,7
66559,16
66560,1
66560,16
66560,7
66561,1
66561,7
66562,8
66562,11
66563,4
66563,5
66563,11
66564,1
66564,7
66564,11
66565,16
66566,1
66566,7
66569,1
66569,16
66570,1
66570,16
66571,1
66572,1
66572,7
66574,10
66575,27
66575,10
66576,27
66576,10
66577,10
66578,1
66581,1
66581,7
66582,24
66584,27
66584,22
66586,1
66586,7
66587,1
66587,7
66589,5
66592,16
66592,23
66593,10
66594,1
66594,7
66595,1
66595,16
66595,5
66596,1
66596,5
66596,11
66597,1
66597,5
66597,11
66598,8
66598,27
66598,25
66599,1
66599,16
66599,14
66600,6
66601,16
66603,1
66603,7
66604,1
66604,7
66605,1
66605,7
66608,1
66608,7
66609,24
66612,4
66612,20
66615,25
66616,1
66616,5
66616,11
66617,1
66620,1
66621,1
66621,7
66622,23
66623,4
66623,8
66623,15
66623,13
66625,1
66625,18
66627,7
66629,7
66630,15
66631,1
66631,5
66632,1
66632,28
66633,1
66633,11
66633,17
66636,17
66637,10
66638,1
66638,10
66638,7
66639,16
66641,1
66641,13
66641,7
66644,17
66646,16
66646,7
66647,1
66647,17
66648,1
66648,3
66648,11
66649,1
66650,1
66650,4
66650,11
66651,6
66651,2
66651,3
66652,1
66652,8
66653,1
66653,10
66654,16
66654,5
66655,1
66655,3
66655,11
66657,1
66657,7
66657,2
66658,22
66660,27
66662,16
66663,16
66663,3
66664,25
66665,1
66665,17
66668,1
66668,7
66672,1
66672,7
66673,3
66674,5
66675,16
66677,16
66677,15
66677,7
66679,27
66679,14
66680,16
66681,1
66681,5
66682,1
66682,5
66683,22
66684,10
66690,13
66690,7
66691,25
66691,24
66692,16
66693,23
66693,24
66694,10
66695,5
66695,3
66696,1
66696,16
66697,1
66698,16
66699,7
66700,4
66700,3
66700,9
66701,24
66702,1
66705,24
66706,1
66706,16
66708,1
66709,23
66710,1
66710,7
66711,1
66711,7
66712,1
66713,1
66713,7
66713,21
66714,26
66715,4
66715,15
66715,2
66716,1
66716,3
66717,1
66720,16
66720,21
66721,1
66721,5
66723,1
66723,3
66724,1
66724,3
66724,11
66729,16
66729,13
66729,7
66731,1
66731,5
66731,11
66734,1
66734,2
66734,3
66735,1
66735,16
66735,5
66737,1
66737,14
66738,4
66738,2
66739,4
66739,2
66740,1
66740,13
66740,2
66741,2
66742,13
66743,16
66743,7
66744,1
66744,16
66744,7
66745,16
66746,16
66746,8
66746,7
66749,24
66750,16
66757,23
66763,1
66763,11
66765,7
66765,17
66766,4
66766,5
66766,3
66768,16
66769,16
66769,7
66769,17
66770,1
66770,7
66771,10
66772,7
66773,21
66774,16
66774,5
66774,6
66776,14
66776,18
66777,13
66777,7
66778,16
66778,7
66779,16
66779,8
66779,27
66781,23
66782,22
66783,4
66783,8
66784,23
66785,1
66785,22
66787,1
66787,5
66789,14
66789,18
66792,5
66792,3
66792,11
66795,1
66795,24
66796,1
66796,7
66796,11
66797,5
66798,18
66800,8
66800,17
66801,5
66801,18
66802,23
66802,24
66803,1
66803,4
66803,21
66804,7
66805,1
66805,5
66809,16
66809,7
66809,17
66811,1
66811,5
66811,3
66812,7
66813,1
66815,5
66816,8
66816,27
66816,25
66818,1
66818,7
66819,7
66820,11
66820,18
66821,1
66821,7
66822,23
66824,25
66825,5
66826,16
66826,24
66827,1
66827,4
66827,8
66828,1
66828,7
66829,2
66830,27
66831,18
66832,1
66832,7
66833,1
66833,5
66833,11
66835,1
66836,25
66837,4
66837,8
66839,5
66839,3
66840,1
66840,3
66840,9
66841,5
66841,7
66841,3
66842,1
66842,16
66842,7
66843,21
66845,15
66845,13
66845,7
66845,11
66847,1
66847,17
66848,16
66851,1
66851,16
66852,1
66853,16
66856,25
66858,13
66858,7
66859,16
66860,10
66861,7
66861,3
66861,17
66862,16
66862,13
66862,7
66863,1
66863,16
66866,22
66867,1
66867,17
66868,15
66869,1
66869,16
66869,5
66870,1
66870,7
66871,1
66871,7
66872,1
66872,11
66872,19
66873,1
66873,18
66875,6
66875,12
66877,7
66878,1
66879,10
66880,1
66880,7
66881,1
66881,7
66882,1
66882,7
66883,15
66883,22
66884,1
66884,7
66884,11
66887,8
66887,13
66887,2
66891,1
66893,1
66893,5
66893,3
66894,5
66896,1
66896,3
66896,11
66897,10
66898,1
66898,7
66899,7
66900,8
66900,25
66901,7
66902,5
66902,17
66903,1
66903,3
66903,11
66904,1
66904,7
66905,5
66905,3
66906,1
66906,17
66907,1
66907,7
66908,1
66908,7
66909,1
66909,7
66909,18
66910,1
66910,16
66910,11
66911,21
66913,5
66914,8
66915,16
66915,27
66916,16
66918,23
66918,17
66920,1
66920,3
66921,1
66922,16
66923,1
66923,7
66924,16
66927,1
66927,16
66928,16
66928,14
66929,1
66929,5
66930,1
66930,7
66931,1
66936,26
66937,1
66937,7
66938,1
66939,13
66939,7
66940,1
66940,7
66941,16
66941,7
66942,7
66946,7
66948,1
66948,7
66949,1
66949,7
66951,1
66951,7
66952,7
66953,1
66953,5
66953,3
66954,1
66954,5
66954,11
66955,13
66955,7
66956,21
66956,17
66957,7
66958,13
66958,7
66960,13
66960,7
66961,14
66962,16
66963,10
66965,5
66966,13
66966,7
66967,17
66969,1
66971,7
66973,1
66973,17
66974,16
66974,13
66974,7
66975,1
66977,16
66977,7
66977,17
66978,1
66978,7
66980,1
66981,1
66981,7
66983,1
66983,7
66985,5
66987,13
66987,7
66988,1
66988,14
66989,8
66991,5
66993,25
66993,17
66994,5
66996,1
66996,7
66998,15
66998,2
66998,11
66999,17
67000,24
67001,1
67001,5
67001,3
67003,1
67003,27
67003,22
67007,1
67007,5
67007,3
67010,3
67011,5
67012,25
67013,5
67013,17
67014,16
67014,21
67015,1
67015,17
67016,5
67017,15
67017,7
67017,11
67017,17
67020,22
67022,1
67022,7
67023,24
67028,11
67029,27
67031,1
67031,5
67032,1
67032,3
67032,11
67035,16
67035,8
67037,1
67038,1
67038,5
67039,1
67039,11
67040,16
67040,5
67041,1
67046,5
67046,19
67047,1
67048,1
67048,13
67048,7
67049,1
67049,7
67049,11
67050,1
67051,5
67051,11
67052,5
67052,11
67053,1
67053,21
67054,1
67054,5
67055,3
67055,18
67056,16
67056,13
67056,7
67057,16
67057,24
67057,22
67058,5
67058,17
67059,1
67059,14
67059,7
67061,23
67063,1
67063,5
67063,3
67065,23
67066,11
67067,4
67067,7
67067,21
67068,1
67068,4
67068,5
67069,10
67070,4
67070,8
67070,15
67070,13
67071,13
67071,6
67071,3
67073,16
67075,8
67075,6
67075,12
67077,1
67077,7
67077,22
67078,1
67078,7
67079,1
67079,7
67080,1
67080,7
67084,11
67085,1
67085,21
67086,17
67087,23
67088,1
67088,16
67089,1
67089,5
67089,3
67090,16
67091,1
67091,7
67092,1
67092,21
67092,17
67093,1
67094,1
67094,7
67095,8
67095,25
67096,1
67096,11
67098,1
67098,5
67099,1
67099,7
67101,7
67102,16
67102,23
67103,1
67103,4
67105,5
67105,3
67105,11
67107,5
67107,3
67107,11
67108,3
67108,11
67109,5
67111,10
67113,1
67113,7
67114,1
67114,7
67115,1
67115,5
67116,1
67116,7
67117,8
67117,27
67117,14
67120,1
67120,5
67122,10
67123,1
67123,16
67123,13
67124,1
67124,16
67125,1
67125,16
67126,26
67127,1
67127,5
67127,3
67128,1
67128,5
67128,3
67129,16
67131,1
67131,16
67131,7
67132,16
67132,5
67133,17
67134,1
67134,7
67135,13
67135,7
67136,16
67137,1
67137,5
67137,17
67138,22
67139,23
67140,21
67140,17
67141,22
67142,1
67142,16
67142,22
67143,1
67143,13
67143,7
67144,13
67144,7
67145,7
67146,1
67146,5
67147,8
67147,24
67148,1
67148,18
67149,24
67150,15
67151,15
67152,1
67152,7
67152,11
67153,16
67154,1
67154,5
67155,4
67155,8
67155,15
67155,13
67156,8
67156,25
67158,1
67158,7
67159,4
67159,5
67159,11
67160,1
67161,1
67161,7
67162,1
67162,7
67163,1
67163,7
67164,1
67164,7
67165,1
67165,5
67166,7
67167,5
67169,1
67169,5
67169,3
67171,13
67171,7
67172,5
67176,1
67176,7
67177,1
67177,7
67178,1
67178,7
67180,4
67180,7
67180,11
67182,1
67182,5
67182,7
67184,1
67184,5
67186,1
67186,11
67186,12
67187,1
67187,16
67187,7
67188,1
67188,7
67189,25
67190,7
67191,5
67192,21
67192,17
67194,16
67194,5
67195,16
67195,15
67195,7
67196,1
67197,14
67198,16
67198,3
67198,11
67201,7
67202,16
67204,24
67204,17
67205,24
67205,17
67209,16
67209,8
67209,27
67213,15
67214,10
67217,6
67218,16
67218,8
67219,5
67221,13
67221,7
67221,17
67222,1
67222,5
67222,11
67223,23
67225,5
67226,26
67228,1
67228,16
67228,7
67229,1
67230,17
67231,1
67231,15
67231,7
67232,15
67235,1
67235,5
67236,1
67236,7
67239,1
67239,5
67239,3
67240,22
67241,16
67241,7
67243,8
67243,24
67245,1
67245,7
67246,1
67246,7
67247,1
67247,16
67247,7
67248,4
67248,3
67251,8
67251,27
67251,13
67252,4
67252,3
67252,9
67253,4
67253,3
67253,9
67254,4
67254,3
67254,9
67255,4
67255,8
67256,5
67257,1
67259,1
67259,3
67260,5
67260,14
67260,11
67261,1
67261,16
67261,7
67263,5
67264,5
67265,17
67267,1
67268,1
67268,7
67271,3
67272,22
67275,7
67276,1
67277,18
67280,4
67280,15
67280,13
67281,1
67281,7
67282,1
67282,5
67282,11
67283,1
67283,3
67283,11
67284,1
67284,5
67284,3
67286,16
67286,3
67286,11
67287,22
67288,16
67288,2
67290,7
67291,1
67291,28
67294,5
67295,1
67296,5
67297,23
67297,24
67298,1
67298,11
67299,26
67302,1
67303,25
67304,5
67305,25
67307,1
67307,16
67307,7
67308,1
67310,1
67310,17
67311,1
67311,7
67312,4
67312,2
67313,1
67314,1
67314,5
67315,3
67316,1
67316,5
67316,11
67317,25
67318,1
67318,5
67319,16
67319,23
67319,14
67320,16
67320,14
67320,10
67323,5
67323,3
67323,11
67324,23
67327,1
67327,27
67328,26
67329,13
67329,7
67331,1
67331,16
67333,1
67334,5
67335,17
67336,25
67337,23
67338,24
67338,17
67340,26
67341,1
67341,5
67342,1
67342,5
67342,11
67343,1
67343,7
67344,26
67345,22
67346,1
67348,15
67349,15
67350,15
67351,16
67351,15
67351,7
67353,1
67353,14
67353,7
67354,1
67354,14
67354,7
67357,16
67358,10
67359,25
67359,18
67361,1
67361,16
67361,5
67362,1
67362,21
67362,17
67365,5
67365,3
67365,18
67367,16
67367,19
67368,16
67370,1
67370,7
67376,1
67376,7
67377,1
67377,7
67381,1
67382,1
67382,5
67383,1
67383,3
67383,11
67384,1
67384,7
67384,22
67388,1
67388,4
67389,1
67389,7
67390,5
67391,1
67391,13
67391,7
67392,17
67393,1
67393,16
67394,15
67395,4
67395,3
67396,4
67396,15
67396,13
67398,16
67399,5
67400,7
67400,3
67401,13
67401,7
67403,7
67404,16
67406,5
67408,4
67409,16
67409,15
67409,7
67410,10
67411,14
67411,7
67412,8
67412,15
67412,2
67413,5
67414,13
67414,7
67415,1
67416,10
67417,8
67417,24
67419,15
67419,10
67420,1
67420,7
67420,22
67421,16
67424,1
67426,16
67426,7
67426,11
67427,1
67427,7
67427,3
67430,24
67431,16
67432,1
67432,7
67432,11
67433,27
67441,1
67441,16
67441,4
67447,1
67447,5
67447,3
67449,1
67449,16
67449,14
67451,10
67453,6
67455,5
67455,11
67456,1
67456,7
67457,1
67458,1
67458,5
67458,3
67459,1
67459,15
67459,13
67459,12
67460,24
67462,22
67463,8
67463,13
67464,4
67464,8
67464,15
67464,13
67466,25
67468,7
67468,3
67469,1
67470,1
67470,16
67470,7
67471,1
67471,7
67472,21
67472,17
67473,23
67474,8
67475,24
67477,1
67477,16
67477,7
67478,1
67478,16
67478,14
67481,24
67484,1
67484,16
67487,5
67489,1
67489,16
67489,13
67491,1
67491,5
67491,3
67493,8
67493,7
67494,1
67494,7
67495,1
67495,7
67498,25
67500,16
67500,15
67500,7
67501,5
67502,15
67502,13
67503,1
67503,16
67503,7
67504,1
67504,7
67506,16
67506,7
67508,3
67508,11
67509,10
67510,1
67510,7
67511,7
67512,23
67512,24
67514,23
67516,1
67516,5
67516,11
67517,8
67517,11
67518,1
67518,7
67519,1
67519,11
67520,16
67523,16
67523,14
67524,8
67525,16
67527,23
67527,14
67527,7
67529,26
67531,1
67531,7
67532,4
67532,8
67532,13
67534,1
67534,5
67534,3
67536,23
67539,1
67539,16
67539,7
67540,10
67541,16
67543,1
67543,13
67543,3
67544,1
67544,7
67550,16
67550,27
67550,14
67551,7
67553,14
67554,1
67554,2
67555,10
67561,23
67561,24
67562,1
67562,4
67562,5
67563,1
67564,8
67564,13
67564,2
67565,7
67566,16
67567,1
67567,10
67571,1
67571,5
67572,16
67573,1
67573,5
67577,27
67577,14
67578,16
67578,7
67582,1
67582,7
67583,1
67584,1
67584,4
67585,1
67585,7
67587,16
67587,7
67588,8
67588,14
67590,6
67590,3
67591,10
67594,1
67594,5
67594,17
67595,25
67595,22
67599,5
67600,1
67600,14
67600,7
67601,2
67601,3
67601,11
67602,16
67604,1
67604,7
67605,16
67605,17
67606,1
67607,1
67608,5
67608,3
67608,21
67609,17
67610,1
67610,5
67610,11
67611,5
67612,1
67612,3
67612,11
67613,1
67613,17
67614,1
67614,7
67615,1
67615,11
67616,25
67618,5
67618,11
67621,1
67622,1
67623,1
67624,5
67625,5
67625,17
67626,1
67626,7
67626,11
67627,3
67630,5
67630,6
67630,3
67631,7
67631,11
67631,12
67632,4
67632,2
67632,3
67633,1
67633,7
67634,13
67634,7
67634,11
67635,1
67635,15
67635,13
67635,11
67636,1
67636,11
67637,4
67637,15
67637,17
67638,1
67638,4
67638,13
67640,4
67640,15
67640,13
67640,7
67642,1
67642,5
67642,11
67643,25
67643,22
67644,22
67645,1
67645,19
67647,16
67647,14
67649,1
67650,7
67650,17
67653,5
67653,11
67654,7
67654,3
67654,11
67656,26
67657,1
67657,7
67657,2
67658,1
67658,22
67660,5
67661,16
67661,15
67661,7
67662,3
67663,16
67663,7
67666,4
67668,1
67668,7
67669,10
67670,17
67671,5
67671,3
67671,11
67675,1
67675,22
67676,1
67676,7
67677,4
67677,8
67677,13
67678,1
67678,7
67678,11
67680,16
67680,4
67680,8
67681,7
67681,11
67682,2
67682,3
67682,11
67684,13
67684,7
67684,17
67686,1
67687,1
67687,4
67688,7
67689,24
67690,8
67690,25
67691,1
67691,7
67693,8
67693,25
67695,16
67697,17
67698,1
67698,28
67699,7
67701,1
67701,7
67702,1
67702,7
67704,1
67704,7
67705,16
67705,10
67705,7
67706,1
67706,5
67706,3
67707,11
67708,1
67708,16
67711,16
67713,1
67714,17
67715,1
67715,3
67716,1
67716,11
67717,15
67719,1
67719,16
67724,7
67725,3
67726,1
67726,5
67726,11
67728,16
67729,5
67729,3
67729,11
67730,16
67730,23
67730,13
67731,1
67731,11
67732,1
67732,7
67733,16
67733,3
67733,11
67734,1
67734,7
67734,2
67735,1
67735,16
67736,16
67736,17
67737,1
67737,22
67738,16
67739,1
67739,16
67739,4
67740,1
67740,16
67741,1
67741,10
67741,11
67743,25
67744,4
67744,2
67745,22
67748,16
67748,7
67749,27
67751,1
67751,11
67752,1
67753,1
67753,16
67753,7
67754,5
67755,5
67757,4
67757,5
67757,17
67762,1
67762,5
67762,7
67763,1
67763,27
67763,5
67765,1
67765,4
67765,3
67766,1
67766,3
67767,1
67767,7
67768,13
67768,6
67768,3
67769,16
67769,7
67769,17
67772,5
67772,6
67774,1
67774,16
67775,1
67775,4
67775,7
67776,1
67776,7
67776,3
67777,1
67778,7
67778,3
67779,1
67779,7
67780,1
67780,3
67784,16
67784,7
67785,4
67785,15
67785,13
67786,7
67786,17
67787,7
67787,17
67788,1
67788,22
67789,1
67789,7
67790,25
67790,17
67791,1
67791,5
67791,3
67792,25
67793,4
67793,5
67793,3
67794,16
67794,4
67794,15
67795,1
67795,7
67795,3
67796,1
67796,13
67796,7
67797,1
67798,1
67798,7
67799,1
67799,16
67800,7
67800,11
67800,26
67801,13
67801,7
67804,1
67804,7
67805,1
67805,3
67805,19
67806,7
67807,1
67807,7
67807,17
67808,13
67808,17
67812,16
67815,8
67815,10
67816,1
67816,5
67816,11
67819,1
67819,14
67819,7
67820,16
67820,6
67820,11
67821,13
67821,7
67821,17
67823,1
67823,7
67824,1
67824,7
67825,1
67825,13
67825,7
67829,5
67830,1
67830,7
67830,11
67831,16
67832,5
67832,3
67832,11
67834,1
67834,5
67835,5
67836,7
67836,17
67837,1
67837,7
67837,17
67839,1
67839,7
67841,8
67841,14
67841,13
67842,1
67842,4
67842,5
67845,1
67845,7
67847,23
67847,24
67848,1
67848,11
67850,1
67850,7
67851,1
67852,1
67852,7
67854,1
67854,7
67856,7
67856,17
67856,12
67859,23
67862,16
67862,13
67862,7
67864,1
67864,7
67864,17
67865,22
67866,10
67867,1
67867,7
67867,11
67868,10
67870,1
67870,16
67871,1
67871,7
67871,17
67872,8
67872,14
67872,13
67873,1
67873,7
67874,8
67874,14
67874,13
67875,22
67876,8
67876,14
67876,13
67877,16
67877,7
67877,11
67878,16
67878,13
67878,7
67879,1
67880,13
67880,7
67881,16
67881,13
67881,7
67883,1
67883,7
67883,3
67884,1
67884,18
67885,13
67885,7
67885,18
67887,5
67891,5
67892,25
67893,16
67893,7
67894,1
67894,7
67894,17
67895,16
67895,13
67895,7
67899,22
67908,1
67908,4
67908,7
67910,1
67910,7
67910,2
67911,23
67912,23
67913,16
67913,7
67913,17
67914,23
67915,25
67916,3
67916,11
67917,23
67918,1
67918,3
67918,17
67919,3
67920,16
67920,7
67920,17
67921,7
67921,11
67921,12
67922,16
67922,10
67922,24
67923,1
67924,1
67924,7
67925,1
67926,16
67926,13
67926,7
67927,1
67927,7
67928,1
67930,10
67931,16
67931,7
67931,12
67932,16
67933,1
67933,9
67934,5
67934,3
67934,11
67935,16
67935,13
67935,7
67937,7
67942,1
67942,7
67943,1
67943,7
67944,5
67945,1
67945,13
67946,1
67946,5
67946,11
67947,1
67947,7
67948,1
67949,1
67950,1
67950,7
67951,10
67952,4
67952,8
67952,27
67955,16
67955,7
67956,16
67956,7
67956,17
67957,16
67957,7
67957,17
67958,22
67959,1
67959,7
67960,13
67960,7
67960,17
67961,18
67962,25
67963,1
67963,4
67963,5
67964,1
67965,24
67965,17
67967,16
67967,7
67968,16
67970,1
67970,7
67971,11
67972,1
67972,14
67972,7
67973,1
67973,18
67974,16
67974,10
67977,1
67979,22
67981,1
67981,16
67981,7
67982,1
67982,7
67983,1
67983,8
67983,2
67984,1
67987,23
67988,13
67988,7
67989,16
67989,13
67989,17
67990,25
67991,24
67992,24
68003,21
68003,17
68007,11
68007,17
68007,12
68009,1
68009,4
68009,11
68010,16
68010,7
68011,16
68011,14
68011,7
68012,1
68012,13
68012,7
68015,1
68020,16
68020,13
68020,7
68023,16
68023,4
68023,5
68027,21
68027,17
68028,26
68029,18
68030,25
68031,19
68032,1
68032,3
68032,11
68034,1
68034,7
68035,8
68035,25
68036,1
68036,6
68036,7
68038,1
68042,7
68045,27
68045,26
68046,16
68046,13
68046,7
68047,13
68047,7
68048,1
68048,7
68049,1
68049,5
68049,11
68050,1
68051,7
68053,1
68053,16
68054,1
68054,7
68056,1
68056,7
68057,1
68057,7
68058,16
68058,7
68058,17
68059,1
68059,5
68060,1
68062,8
68062,25
68065,19
68069,1
68069,17
68072,24
68073,27
68073,10
68074,27
68074,26
68076,16
68076,4
68076,8
68077,1
68077,7
68078,1
68078,7
68079,1
68080,7
68080,3
68080,11
68081,16
68081,7
68082,1
68082,7
68084,1
68084,21
68084,17
68085,16
68085,13
68085,12
68087,24
68088,1
68089,1
68094,1
68094,21
68094,17
68097,1
68098,5
68098,22
68099,1
68099,7
68100,15
68101,15
68102,16
68102,7
68103,16
68105,10
68106,1
68106,7
68107,7
68108,1
68108,13
68108,7
68110,10
68111,1
68111,7
68111,11
68112,5
68113,1
68113,7
68114,1
68114,7
68114,11
68115,1
68115,7
68116,10
68117,1
68117,5
68118,14
68121,5
68122,13
68123,22
68125,16
68126,16
68127,16
68127,7
68128,16
68128,7
68129,1
68129,7
68131,1
68131,17
68134,7
68134,25
68135,1
68135,7
68138,1
68138,13
68138,7
68139,4
68140,1
68140,10
68143,5
68144,1
68144,7
68145,7
68146,1
68146,7
68147,1
68147,7
68155,17
68156,1
68157,16
68157,10
68161,1
68161,7
68162,1
68162,11
68164,1
68164,7
68165,16
68165,23
68165,7
68166,1
68166,16
68167,7
68168,16
68168,7
68169,16
68169,7
68170,7
68171,1
68171,7
68172,1
68172,7
68173,3
68173,11
68176,15
68177,15
68178,15
68181,15
68182,15
68183,16
68183,13
68183,7
68184,13
68184,7
68186,7
68186,3
68187,1
68188,5
68188,3
68189,1
68189,16
68189,5
68190,1
68192,16
68193,1
68193,5
68193,3
68194,5
68196,19
68197,16
68198,1
68198,5
68198,11
68200,10
68201,1
68209,1
68209,7
68216,8
68217,1
68217,16
68218,24
68219,24
68220,1
68220,7
68222,1
68222,16
68223,1
68223,3
68223,9
68226,1
68226,7
68227,5
68229,15
68230,15
68231,24
68232,15
68236,17
68237,6
68237,2
68237,12
68238,24
68239,1
68239,7
68240,1
68240,7
68241,1
68241,7
68242,1
68247,16
68247,23
68248,15
68249,5
68251,15
68251,7
68253,22
68255,5
68259,16
68259,13
68259,7
68260,22
68261,13
68261,7
68261,3
68263,1
68263,13
68263,3
68266,16
68268,1
68268,5
68268,11
68269,14
68269,3
68269,11
68271,1
68271,7
68271,11
68272,5
68273,3
68273,19
68274,15
68275,1
68275,3
68276,16
68276,7
68277,1
68277,7
68279,25
68280,7
68280,21
68280,17
68281,7
68282,16
68283,5
68283,11
68283,12
68285,1
68285,7
68287,1
68287,7
68288,1
68288,7
68288,17
68289,16
68289,8
68289,13
68290,1
68290,7
68291,15
68293,1
68293,14
68293,10
68294,1
68294,14
68294,7
68297,4
68297,8
68297,27
68298,13
68298,7
68300,1
68300,7
68306,1
68306,16
68306,7
68307,5
68307,3
68307,11
68308,1
68308,21
68309,1
68309,5
68314,17
68315,3
68317,15
68318,1
68319,1
68319,14
68320,25
68320,24
68331,16
68331,15
68334,21
68334,17
68335,1
68335,3
68335,11
68336,16
68336,7
68338,1
68338,16
68338,22
68339,23
68340,5
68340,11
68342,1
68342,7
68344,17
68352,2
68354,2
68358,1
68358,7
68358,11
68362,25
68369,1
68369,5
68370,5
68372,23
68375,1
68376,1
68380,10
68381,1
68381,11
68382,1
68382,3
68383,1
68383,7
68384,4
68384,15
68384,13
68384,7
68385,1
68385,21
68390,1
68390,2
68390,3
68391,22
68392,1
68392,7
68393,1
68393,17
68394,1
68394,16
68397,5
68401,4
68402,16
68402,10
68404,1
68405,1
68405,7
68406,2
68407,1
68407,3
68407,9
68408,1
68408,5
68408,3
68409,1
68409,16
68410,1
68410,16
68411,1
68414,27
68415,5
68416,16
68416,8
68416,13
68417,1
68417,16
68417,6
68419,4
68419,8
68419,5
68420,1
68420,17
68421,15
68422,1
68422,16
68422,12
68423,22
68425,16
68425,7
68428,1
68428,4
68428,3
68429,10
68430,1
68430,4
68431,16
68431,27
68432,1
68433,16
68433,27
68433,14
68434,1
68434,7
68435,16
68436,1
68437,16
68439,4
68439,8
68439,13
68440,10
68441,16
68441,15
68441,13
68442,16
68443,1
68443,7
68444,22
68445,1
68445,7
68448,1
68448,5
68449,1
68449,22
68452,7
68454,7
68455,1
68456,1
68456,7
68456,11
68457,1
68457,7
68459,1
68459,7
68463,22
68464,16
68465,21
68465,17
68470,1
68470,7
68471,10
68472,11
68473,1
68473,7
68474,5
68475,1
68475,21
68476,1
68476,16
68477,16
68477,23
68482,5
68483,16
68484,10
68485,16
68486,1
68486,7
68489,5
68490,17
68492,16
68495,5
68498,12
68500,1
68500,7
68502,1
68502,16
68502,7
68503,17
68504,16
68504,27
68504,10
68506,1
68506,7
68507,16
68508,10
68509,7
68514,1
68514,21
68514,17
68515,23
68515,24
68516,1
68516,3
68516,11
68518,1
68518,7
68519,24
68520,1
68520,7
68521,4
68521,13
68523,1
68523,16
68524,1
68524,7
68525,8
68525,24
68526,1
68526,7
68527,1
68527,7
68528,1
68528,7
68529,1
68529,19
68530,1
68530,7
68531,1
68531,7
68532,1
68532,7
68533,1
68533,7
68534,1
68534,7
68535,16
68536,1
68536,16
68536,7
68538,1
68539,14
68539,12
68541,15
68542,15
68542,10
68543,15
68544,15
68545,16
68549,23
68553,1
68555,5
68556,4
68556,5
68557,25
68559,1
68559,7
68561,17
68562,1
68562,3
68562,11
68563,5
68565,1
68565,7
68566,23
68568,1
68568,16
68568,13
68569,16
68569,22
68574,8
68574,24
68575,1
68575,3
68579,22
68580,3
68582,1
68582,7
68583,4
68583,8
68583,2
68584,3
68584,11
68585,1
68585,7
68586,1
68586,5
68588,1
68588,8
68588,14
68589,1
68589,4
68589,7
68590,3
68590,11
68591,7
68593,16
68594,1
68594,7
68598,25
68599,26
68601,16
68601,12
68602,1
68602,16
68602,14
68603,1
68603,14
68604,1
68604,7
68605,1
68605,16
68605,14
68606,1
68606,5
68607,1
68607,16
68608,16
68609,7
68610,23
68611,1
68611,13
68611,7
68612,7
68614,1
68616,16
68616,7
68617,8
68617,11
68617,17
68618,27
68620,5
68623,1
68623,7
68623,11
68624,1
68624,5
68624,11
68625,16
68626,1
68626,5
68626,17
68627,1
68627,16
68630,1
68630,16
68634,16
68634,14
68636,13
68637,1
68637,7
68638,1
68638,7
68641,1
68641,5
68642,22
68644,11
68645,1
68645,7
68645,11
68646,1
68646,16
68646,7
68647,10
68648,16
68649,8
68649,22
68651,23
68652,16
68653,16
68653,8
68653,13
68654,16
68654,27
68655,11
68656,16
68656,10
68657,6
68657,11
68657,12
68658,1
68658,13
68659,16
68659,8
68659,5
68660,22
68661,16
68661,25
68661,24
68663,7
68664,16
68666,1
68666,16
68666,5
68667,16
68667,13
68667,7
68668,7
68670,15
68670,2
68672,23
68674,10
68678,17
68679,23
68680,1
68680,7
68680,3
68681,1
68681,7
68681,18
68682,1
68682,13
68682,11
68683,1
68683,3
68683,11
68684,16
68687,11
68687,17
68687,12
68688,16
68689,1
68689,16
68689,5
68692,1
68692,7
68694,5
68696,25
68697,5
68698,4
68698,8
68699,8
68699,27
68700,1
68700,16
68701,17
68704,27
68705,18
68706,5
68706,3
68706,11
68708,18
68713,16
68713,8
68713,13
68716,5
68717,7
68718,7
68719,1
68719,7
68720,4
68720,8
68721,1
68721,7
68722,1
68722,5
68722,3
68723,1
68723,4
68723,2
68724,1
68724,5
68725,5
68726,3
68726,11
68727,1
68727,13
68727,7
68728,16
68730,1
68733,1
68733,16
68734,1
68734,5
68734,11
68735,14
68736,3
68738,25
68741,7
68742,25
68743,27
68744,1
68744,16
68744,11
68745,1
68745,7
68746,1
68746,4
68746,5
68747,7
68749,1
68750,16
68750,27
68750,10
68752,1
68752,5
68752,11
68753,7
68754,1
68754,3
68754,11
68755,22
68756,16
68757,16
68757,7
68759,7
68759,11
68759,26
68761,5
68761,3
68764,11
68765,8
68765,24
68768,1
68768,7
68773,1
68773,10
68773,7
68775,16
68776,15
68779,1
68779,7
68780,14
68780,7
68781,1
68786,16
68788,1
68788,16
68788,3
68789,24
68791,8
68791,27
68791,13
68793,16
68794,1
68794,5
68800,16
68801,8
68801,13
68803,13
68803,12
68804,16
68804,8
68804,27
68805,1
68806,16
68807,27
68809,16
68810,16
68811,16
68812,1
68812,7
68812,17
68813,4
68813,8
68813,2
68815,16
68815,8
68815,11
68816,23
68818,5
68818,11
68819,16
68820,23
68821,1
68823,1
68823,7
68825,1
68827,1
68827,18
68829,23
68829,24
68830,5
68831,23
68831,24
68832,1
68833,1
68833,5
68833,11
68835,5
68835,11
68842,1
68842,7
68842,17
68843,1
68843,16
68843,7
68844,8
68845,16
68851,19
68854,24
68858,15
68859,23
68860,15
68861,1
68861,7
68862,14
68863,1
68863,7
68866,6
68868,7
68869,5
68870,1
68870,5
68872,1
68872,3
68872,11
68875,14
68876,8
68877,1
68877,4
68877,3
68878,16
68878,14
68879,1
68879,18
68882,23
68883,17
68884,1
68885,1
68885,16
68885,14
68886,1
68886,3
68887,23
68889,27
68889,10
68890,1
68890,7
68891,1
68892,3
68893,15
68894,15
68896,1
68896,15
68896,2
68897,15
68899,3
68899,9
68900,25
68901,1
68901,3
68902,1
68902,16
68903,1
68903,7
68904,8
68904,24
68908,21
68908,11
68908,17
68914,17
68916,1
68917,17
68918,1
68918,16
68918,3
68919,1
68919,16
68919,5
68920,1
68920,16
68921,16
68922,17
68923,16
68925,16
68926,23
68929,5
68929,3
68929,11
68930,7
68931,17
68934,22
68935,23
68935,24
68936,1
68936,16
68936,7
68937,8
68937,15
68937,13
68938,16
68938,15
68938,13
68938,7
68940,5
68947,1
68947,16
68948,17
68951,16
68952,17
68957,17
68958,7
68958,28
68959,7
68959,28
68960,1
68960,5
68960,3
68961,1
68961,3
68965,1
68965,4
68965,5
68967,8
68967,2
68970,16
68970,15
68970,13
68971,8
68971,15
68971,27
68971,17
68972,16
68972,4
68972,15
68973,16
68973,8
68973,15
68973,13
68975,17
68976,5
68978,24
68984,24
68985,24
68987,24
68988,24
68989,24
68992,24
68996,16
68996,10
68997,21
68997,17
69000,16
69000,15
69000,6
69001,25
69001,17
69002,15
69003,1
69004,10
69005,26
69006,4
69006,8
69006,15
69007,4
69007,15
69010,16
69010,5
69012,16
69014,6
69014,3
69014,11
69015,1
69015,16
69015,14
69017,13
69017,7
69018,1
69018,13
69018,7
69021,23
69023,1
69023,17
69024,23
69026,10
69027,16
69027,27
69028,1
69028,16
69028,7
69029,13
69029,7
69033,1
69033,5
69035,1
69035,16
69035,7
69036,16
69037,4
69037,8
69037,13
69038,1
69039,16
69039,7
69040,1
69040,15
69040,2
69042,1
69042,18
69043,1
69043,13
69043,7
69044,16
69045,10
69046,16
69046,4
69046,8
69046,15
69047,26
69053,1
69054,1
69055,1
69055,7
69056,1
69056,7
69057,1
69057,7
69058,1
69058,13
69058,7
69059,14
69059,7
69060,1
69060,7
69061,6
69061,12
69062,7
69064,1
69065,1
69066,18
69069,7
69069,28
69070,23
69070,24
69072,5
69073,1
69073,7
69073,17
69074,22
69075,4
69075,8
69076,4
69076,8
69076,3
69077,1
69077,13
69077,11
69078,1
69078,16
69078,10
69079,1
69079,16
69080,4
69080,5
69080,3
69081,16
69081,15
69081,13
69083,15
69087,22
69088,16
69088,14
69088,7
69090,15
69091,1
69091,17
69094,1
69094,7
69095,1
69095,7
69096,1
69096,4
69096,5
69098,8
69098,24
69099,25
69100,1
69100,5
69101,1
69101,16
69101,7
69102,23
69103,13
69103,7
69104,16
69107,4
69107,5
69107,3
69108,1
69108,3
69108,17
69110,16
69111,21
69111,17
69116,22
69118,16
69119,16
69119,7
69120,16
69121,7
69122,1
69122,16
69122,7
69123,16
69123,15
69123,7
69124,15
69124,13
69124,7
69125,1
69125,7
69126,7
69128,23
69128,24
69129,1
69129,5
69132,16
69136,16
69136,15
69136,7
69137,7
69138,26
69139,1
69139,5
69139,19
69140,8
69140,13
69140,7
69141,1
69141,7
69142,1
69142,13
69142,7
69143,13
69143,7
69144,5
69144,3
69144,11
69145,7
69149,7
69149,11
69150,1
69150,7
69151,1
69151,15
69151,13
69152,11
69153,27
69156,1
69156,14
69158,1
69158,3
69158,11
69159,23
69161,24
69161,17
69162,1
69163,5
69164,8
69164,27
69166,23
69167,1
69167,7
69170,1
69170,16
69170,11
69171,5
69172,1
69172,7
69173,1
69173,16
69174,5
69175,1
69175,5
69175,11
69176,1
69176,14
69177,1
69178,7
69179,1
69179,7
69180,24
69183,24
69187,8
69188,13
69188,7
69190,28
69191,26
69193,1
69193,16
69193,8
69194,18
69196,7
69197,1
69197,13
69197,7
69199,10
69200,22
69205,4
69205,8
69205,2
69206,10
69207,11
69208,1
69208,7
69209,1
69209,11
69210,16
69210,6
69211,1
69211,7
69212,1
69213,7
69214,1
69214,16
69214,7
69215,1
69215,16
69215,5
69217,16
69218,1
69218,7
69219,1
69219,7
69220,1
69220,14
69220,7
69221,1
69221,12
69222,16
69223,11
69224,1
69224,11
69225,16
69226,16
69226,4
69226,11
69228,27
69231,1
69231,7
69232,1
69232,7
69233,1
69234,1
69234,7
69235,1
69238,16
69238,23
69239,16
69241,24
69242,5
69242,3
69242,11
69244,27
69248,1
69248,17
69251,1
69251,5
69252,24
69258,4
69258,2
69259,16
69259,7
69260,16
69260,7
69261,1
69261,7
69262,1
69262,7
69263,1
69263,7
69264,16
69265,1
69265,7
69266,1
69266,4
69266,5
69267,1
69267,5
69267,17
69268,7
69269,8
69269,27
69269,10
69270,21
69270,17
69271,8
69271,13
69272,10
69275,27
69275,10
69276,13
69276,10
69277,13
69277,10
69278,1
69278,3
69280,16
69280,24
69281,27
69282,16
69282,27
69284,16
69284,8
69284,27
69287,1
69287,7
69289,1
69289,5
69290,16
69293,7
69293,11
69293,12
69294,16
69295,13
69295,7
69296,7
69297,1
69298,1
69298,7
69298,3
69300,15
69302,5
69306,5
69307,22
69311,27
69312,1
69312,16
69312,7
69313,1
69313,7
69314,7
69315,5
69316,10
69317,5
69319,25
69320,4
69320,8
69320,2
69321,1
69321,10
69322,23
69323,23
69324,23
69324,24
69325,10
69326,1
69326,16
69327,1
69327,16
69327,3
69328,1
69329,1
69329,7
69333,7
69334,1
69334,17
69337,8
69337,27
69339,5
69340,17
69341,1
69341,16
69341,14
69342,16
69342,7
69343,1
69343,7
69343,17
69344,1
69346,1
69346,16
69348,1
69348,16
69349,23
69352,1
69352,3
69354,23
69355,23
69355,17
69357,1
69357,21
69358,16
69359,10
69361,25
69362,16
69363,16
69364,1
69364,15
69364,7
69365,1
69365,11
69366,1
69366,21
69366,11
69367,7
69367,11
69368,23
69368,7
69371,16
69371,8
69371,15
69373,10
69374,1
69374,8
69374,2
69375,1
69375,10
69377,1
69377,7
69378,16
69378,8
69378,27
69381,27
69383,10
69384,21
69384,17
69385,5
69385,17
69387,16
69389,17
69390,1
69390,23
69391,1
69391,13
69392,1
69392,23
69393,1
69396,27
69397,16
69397,24
69398,1
69398,7
69399,16
69399,5
69400,16
69400,5
69401,16
69402,1
69402,16
69402,12
69403,16
69404,1
69404,17
69406,10
69407,25
69409,1
69409,16
69410,22
69411,17
69414,1
69414,5
69415,16
69415,17
69416,16
69416,8
69416,13
69417,1
69417,5
69420,1
69420,5
69420,3
69421,1
69421,3
69421,18
69422,4
69422,5
69422,3
69427,27
69428,1
69428,7
69429,27
69431,1
69431,7
69432,1
69432,14
69432,7
69434,27
69436,25
69438,5
69438,17
69442,25
69443,23
69444,17
69445,10
69446,16
69446,8
69447,17
69448,1
69448,7
69449,1
69449,7
69450,15
69450,27
69451,24
69451,26
69452,1
69452,16
69453,16
69453,8
69453,15
69453,13
69454,1
69454,4
69454,3
69455,16
69455,4
69455,15
69455,2
69456,27
69456,13
69457,4
69457,8
69457,27
69458,27
69459,27
69460,27
69461,27
69462,1
69462,16
69462,7
69463,1
69463,16
69463,14
69466,26
69467,27
69468,27
69472,1
69472,7
69473,13
69473,7
69473,11
69474,1
69474,7
69475,1
69475,5
69476,1
69476,7
69477,1
69477,7
69478,24
69479,16
69479,13
69480,1
69480,7
69483,16
69483,27
69484,16
69484,27
69485,27
69486,27
69487,27
69487,13
69489,16
69489,27
69490,4
69490,8
69491,4
69491,8
69491,27
69492,27
69493,1
69493,7
69494,27
69495,27
69496,16
69496,14
69496,2
69497,1
69497,3
69498,4
69498,8
69498,2
69499,1
69499,4
69499,7
69503,4
69503,8
69503,27
69504,1
69504,13
69504,7
69505,16
69505,22
69506,4
69506,8
69506,27
69507,27
69507,13
69508,8
69508,27
69509,27
69510,16
69510,4
69510,8
69511,1
69513,22
69515,16
69516,27
69518,1
69518,16
69519,16
69520,10
69521,16
69521,8
69521,27
69522,12
69523,1
69523,7
69524,1
69525,10
69526,1
69526,16
69526,7
69527,27
69529,1
69529,7
69530,8
69530,24
69531,1
69531,14
69531,7
69532,1
69532,5
69532,3
69533,16
69534,1
69534,3
69534,17
69535,1
69535,4
69535,5
69536,1
69536,5
69536,3
69538,16
69538,7
69540,16
69541,1
69541,21
69541,17
69542,1
69542,16
69542,12
69547,7
69548,1
69551,1
69553,1
69553,5
69553,3
69554,17
69555,22
69556,1
69558,5
69561,27
69562,8
69562,27
69563,16
69563,4
69563,5
69564,16
69564,27
69565,27
69565,13
69566,1
69566,16
69567,1
69567,5
69567,3
69568,1
69570,17
69573,16
69573,8
69573,27
69574,16
69575,27
69575,13
69576,27
69579,16
69579,7
69580,3
69581,16
69581,5
69582,27
69583,1
69583,5
69583,3
69584,16
69586,22
69587,8
69587,24
69588,10
69590,14
69592,1
69592,7
69593,27
69594,1
69594,7
69595,1
69595,5
69595,3
69596,7
69597,1
69597,16
69597,7
69598,1
69598,16
69599,7
69600,16
69600,8
69600,15
69600,13
69601,1
69601,13
69601,7
69602,16
69602,5
69604,1
69604,5
69604,3
69605,4
69605,6
69605,12
69606,1
69606,5
69606,3
69607,23
69608,16
69608,5
69609,1
69609,16
69609,15
69609,7
69610,16
69610,4
69610,8
69611,8
69611,24
69613,14
69614,23
69614,24
69615,1
69615,7
69615,11
69616,1
69616,5
69616,17
69617,27
69618,27
69619,1
69619,7
69619,2
69622,16
69622,15
69622,13
69622,7
69623,4
69623,8
69623,15
69623,13
69624,16
69624,4
69624,14
69627,16
69628,8
69628,27
69629,1
69630,1
69630,5
69631,27
69631,13
69632,27
69633,4
69633,3
69633,11
69634,10
69635,8
69635,13
69636,8
69636,27
69637,5
69638,22
69639,27
69640,8
69640,27
69641,8
69641,27
69642,5
69643,17
69645,16
69645,14
69645,7
69649,5
69649,11
69650,15
69651,15
69652,8
69652,24
69654,8
69655,27
69656,13
69656,7
69657,14
69657,13
69658,25
69658,17
69662,25
69663,28
69666,11
69666,17
69667,4
69667,8
69669,25
69671,8
69671,27
69671,13
69672,23
69672,24
69674,16
69675,16
69675,14
69676,1
69676,6
69676,3
69678,15
69679,15
69680,5
69681,8
69681,24
69682,17
69684,4
69684,15
69684,13
69685,16
69686,16
69691,7
69696,4
69696,15
69696,13
69699,16
69699,7
69699,22
69700,17
69706,4
69706,15
69706,13
69708,8
69708,14
69708,13
69711,1
69711,16
69711,8
69712,27
69712,13
69713,16
69713,8
69713,13
69716,5
69716,3
69718,27
69719,13
69719,7
69721,1
69721,4
69721,3
69722,16
69723,1
69723,7
69724,7
69724,2
69725,1
69726,1
69727,1
69727,17
69728,7
69729,16
69729,7
69730,1
69730,13
69730,7
69731,16
69731,10
69731,7
69732,7
69733,25
69733,17
69734,25
69734,24
69735,1
69735,7
69735,11
69737,17
69739,17
69740,1
69740,5
69740,11
69741,1
69741,7
69741,11
69743,16
69744,27
69745,5
69745,11
69746,1
69746,7
69747,16
69747,7
69748,1
69749,1
69749,7
69749,11
69750,1
69750,7
69751,13
69751,11
69752,7
69753,1
69753,7
69754,16
69754,7
69755,8
69755,13
69755,7
69756,1
69756,7
69757,5
69758,5
69760,25
69761,23
69764,1
69764,16
69765,2
69766,1
69767,4
69767,8
69767,2
69768,1
69768,7
69769,7
69772,16
69772,27
69775,1
69775,16
69776,1
69777,27
69777,14
69777,10
69779,1
69779,7
69780,1
69780,7
69781,13
69781,7
69782,7
69783,1
69783,7
69784,17
69785,1
69785,16
69785,7
69786,2
69787,16
69788,1
69788,16
69788,10
69792,1
69792,7
69794,1
69794,8
69794,13
69795,7
69796,1
69796,22
69797,1
69797,5
69798,7
69799,15
69799,10
69800,5
69800,17
69803,1
69803,4
69803,5
69804,1
69805,1
69806,1
69806,21
69807,1
69808,5
69809,5
69810,1
69810,13
69810,7
69811,5
69811,3
69812,1
69812,16
69813,23
69814,23
69817,1
69817,7
69818,1
69818,7
69819,1
69819,7
69820,1
69820,3
69820,11
69823,4
69823,5
69825,10
69826,7
69827,4
69827,8
69827,15
69827,2
69832,16
69833,1
69833,5
69833,17
69834,10
69836,22
69840,1
69840,16
69840,5
69843,16
69843,10
69844,27
69845,13
69845,7
69846,7
69848,1
69848,7
69848,11
69849,16
69850,1
69850,16
69850,15
69851,17
69852,1
69852,16
69852,17
69853,16
69855,5
69856,1
69856,17
69857,27
69858,1
69858,16
69858,3
69860,23
69860,24
69860,22
69861,1
69861,8
69861,27
69862,16
69863,1
69863,7
69864,1
69864,7
69866,16
69866,15
69867,16
69867,15
69867,7
69868,1
69868,16
69869,1
69869,27
69869,2
69870,17
69871,16
69872,27
69873,17
69874,16
69874,8
69874,27
69875,16
69875,4
69875,15
69875,2
69876,27
69878,27
69880,23
69881,23
69882,16
69882,27
69884,1
69884,5
69884,3
69885,4
69885,8
69885,15
69885,13
69886,25
69887,5
69888,27
69889,17
69890,1
69890,17
69892,1
69892,4
69892,21
69894,16
69894,14
69895,1
69895,3
69896,16
69896,15
69897,16
69897,13
69897,11
69898,23
69899,16
69899,27
69900,16
69901,27
69902,16
69902,8
69902,27
69903,16
69906,1
69906,7
69906,22
69907,16
69907,4
69907,15
69907,2
69908,10
69909,13
69909,7
69910,16
69910,4
69910,2
69911,1
69911,7
69912,5
69913,1
69913,16
69913,8
69914,1
69914,7
69915,1
69915,17
69916,27
69917,21
69917,17
69920,5
69921,16
69921,2
69922,1
69922,16
69922,10
69923,16
69923,5
69925,16
69925,7
69926,27
69927,27
69928,8
69928,27
69930,1
69930,4
69930,5
69931,1
69931,4
69931,8
69932,1
69933,25
69935,1
69935,5
69936,22
69937,1
69937,3
69938,10
69939,1
69939,5
69943,23
69946,27
69947,27
69949,16
69950,1
69950,7
69951,1
69951,7
69952,7
69953,16
69953,22
69954,8
69954,27
69954,14
69955,15
69955,13
69956,15
69957,8
69957,15
69957,13
69958,4
69958,15
69958,13
69960,5
69961,18
69962,17
69965,7
69966,16
69966,2
69967,4
69967,3
69968,16
69969,7
69970,15
69971,24
69974,25
69975,1
69975,5
69975,11
69976,5
69978,1
69978,18
69981,1
69981,7
69984,25
69985,25
69986,14
69986,22
69987,27
69987,14
69988,16
69988,14
69988,13
69989,1
69989,7
69990,1
69990,7
69991,7
69992,1
69992,2
69994,21
69995,17
69996,1
69996,13
69996,2
69997,5
69999,1
70000,16
70000,4
70000,8
70003,1
70005,4
70005,15
70006,23
70006,7
70007,1
70007,17
70008,1
70008,7
70009,14
70010,16
70010,15
70012,27
70014,27
70015,22
70022,7
70023,25
70025,5
70027,1
70027,3
70027,12
70028,16
70028,2
70028,3
70029,4
70029,8
70029,27
70033,16
70033,4
70033,5
70035,16
70036,16
70038,24
70044,16
70044,5
70044,11
70045,16
70045,8
70045,13
70046,27
70046,22
70047,15
70048,5
70048,11
70049,7
70050,7
70051,7
70052,23
70052,7
70054,16
70055,1
70055,16
70056,16
70057,1
70057,5
70057,3
70058,7
70059,1
70060,1
70060,7
70061,11
70061,12
70064,4
70064,13
70064,2
70065,16
70065,27
70066,10
70067,16
70067,15
70067,27
70068,4
70068,15
70068,2
70069,4
70069,8
70069,15
70069,2
70070,1
70070,5
70072,4
70073,16
70073,13
70073,7
70074,4
70074,15
70074,13
70075,10
70076,16
70076,4
70076,15
70078,13
70078,6
70085,1
70085,5
70086,10
70087,5
70088,25
70089,1
70089,5
70089,7
70090,14
70090,7
70091,5
70094,1
70094,5
70095,16
70096,1
70096,14
70097,14
70098,1
70100,1
70100,16
70101,1
70102,1
70103,5
70104,1
70104,3
70105,25
70106,1
70107,1
70109,1
70110,1
70112,23
70113,16
70114,1
70116,1
70116,17
70118,16
70118,7
70120,27
70125,27
70126,1
70126,5
70126,3
70127,1
70127,3
70127,11
70128,1
70128,5
70128,17
70129,7
70131,16
70131,7
70132,16
70132,14
70133,27
70134,22
70135,1
70135,7
70136,1
70136,18
70137,23
70138,23
70139,27
70140,27
70141,16
70141,27
70141,23
70142,16
70142,8
70145,1
70145,7
70147,1
70147,7
70147,17
70148,1
70148,2
70149,7
70157,16
70157,27
70168,16
70168,8
70168,14
70172,15
70175,1
70175,16
70177,1
70177,16
70177,5
70180,5
70181,16
70181,4
70181,5
70184,8
70184,25
70185,21
70185,17
70186,3
70190,27
70190,14
70192,22
70193,1
70193,16
70196,16
70196,27
70202,16
70202,27
70205,1
70205,7
70210,27
70211,8
70211,27
70212,1
70212,5
70213,5
70213,3
70215,1
70215,4
70215,13
70216,7
70217,4
70217,8
70224,8
70224,15
70224,13
70225,15
70227,15
70231,7
70232,26
70234,7
70235,1
70235,5
70237,8
70237,24
70239,17
70241,1
70241,7
70242,1
70242,16
70242,17
70243,16
70243,4
70243,13
70245,8
70245,25
70245,24
70246,17
70247,17
70249,1
70249,7
70250,1
70250,16
70250,7
70251,16
70251,8
70251,2
70252,5
70253,27
70256,7
70259,1
70259,17
70261,24
70262,15
70262,2
70263,27
70263,14
70264,16
70264,4
70264,14
70265,16
70266,1
70266,13
70269,4
70269,8
70269,27
70273,5
70274,16
70275,7
70278,16
70278,7
70279,1
70279,5
70279,7
70281,27
70281,10
70286,16
70288,16
70288,8
70288,11
70289,1
70289,5
70289,7
70291,1
70292,1
70292,11
70293,1
70293,7
70295,1
70295,17
70296,8
70296,14
70298,4
70298,8
70298,27
70301,27
70302,1
70303,1
70305,1
70305,14
70306,1
70306,7
70307,8
70307,13
70308,5
70310,1
70311,1
70312,16
70316,15
70320,27
70321,3
70325,22
70327,1
70327,7
70327,11
70328,16
70328,11
70329,27
70330,1
70330,13
70330,7
70331,1
70332,16
70333,23
70335,1
70335,16
70336,10
70337,5
70340,5
70341,22
70342,23
70342,24
70343,16
70344,1
70347,5
70349,1
70349,7
70350,4
70350,8
70352,8
70353,23
70354,22
70355,27
70356,1
70356,7
70357,1
70357,3
70358,8
70359,1
70360,16
70361,16
70362,27
70363,16
70363,8
70363,14
70367,7
70367,2
70368,25
70369,27
70369,17
70370,1
70373,16
70373,13
70377,16
70378,1
70378,16
70378,7
70379,1
70379,7
70379,11
70380,16
70384,1
70384,13
70384,6
70385,1
70385,7
70398,5
70402,1
70402,3
70404,16
70404,7
70405,1
70405,14
70410,1
70410,16
70412,1
70412,14
70413,1
70414,1
70414,7
70418,1
70418,7
70420,1
70421,16
70421,27
70422,1
70422,16
70422,7
70423,1
70423,5
70424,1
70424,3
70424,11
70425,5
70425,3
70426,16
70426,3
70427,16
70427,6
70428,1
70434,8
70434,13
70435,27
70437,1
70437,7
70438,16
70438,27
70439,1
70439,7
70440,1
70440,7
70441,1
70441,13
70441,7
70442,1
70442,14
70442,7
70445,1
70445,5
70446,1
70447,16
70447,14
70449,5
70450,1
70450,5
70450,3
70451,1
70451,7
70452,1
70452,7
70453,16
70462,27
70463,5
70464,17
70468,7
70469,1
70470,7
70473,16
70475,15
70487,27
70493,1
70493,7
70494,1
70495,1
70496,7
70497,1
70497,7
70498,16
70498,5
70498,3
70499,1
70499,7
70500,16
70500,13
70500,7
70506,1
70510,16
70511,1
70511,10
70512,1
70512,16
70513,4
70513,8
70513,15
70514,16
70514,15
70514,7
70515,1
70515,14
70515,13
70516,1
70516,16
70516,13
70517,24
70519,7
70520,1
70520,7
70527,17
70528,1
70532,1
70532,16
70534,17
70534,9
70535,27
70539,8
70539,24
70540,4
70540,21
70541,16
70541,7
70542,15
70542,6
70543,16
70545,16
70546,1
70546,9
70549,16
70551,1
70551,17
70553,7
70554,16
70560,1
70560,7
70561,7
70561,28
70562,26
70563,1
70563,7
70566,7
70567,1
70567,7
70568,4
70568,8
70569,1
70569,16
70569,11
70572,11
70573,16
70574,1
70574,16
70574,7
70576,1
70577,1
70577,16
70580,16
70581,22
70582,1
70582,13
70582,7
70583,1
70583,13
70583,7
70586,7
70589,4
70589,8
70589,13
70591,1
70591,13
70591,3
70593,17
70600,16
70600,27
70606,16
70607,7
70608,7
70608,12
70611,16
70612,5
70612,3
70612,11
70613,1
70613,7
70614,1
70614,10
70617,1
70618,17
70620,25
70621,16
70622,25
70627,15
70627,7
70628,16
70628,7
70630,23
70633,1
70633,3
70633,11
70636,1
70636,21
70636,17
70637,17
70639,22
70640,27
70640,13
70642,16
70643,22
70647,1
70647,3
70647,11
70648,1
70650,16
70650,8
70650,27
70655,10
70657,22
70658,24
70659,17
70662,1
70662,5
70663,1
70663,5
70663,7
70664,16
70665,24
70665,17
70666,5
70666,19
70667,21
70667,17
70668,1
70668,7
70669,25
70673,25
70674,23
70674,24
70675,1
70675,3
70676,1
70676,7
70677,13
70677,7
70677,17
70678,1
70678,7
70679,4
70679,8
70679,13
70680,1
70681,5
70681,11
70682,16
70682,13
70682,7
70683,23
70687,16
70687,7
70689,8
70689,13
70690,16
70690,28
70694,22
70697,25
70698,27
70699,27
70699,18
70701,8
70701,27
70702,1
70702,7
70703,1
70703,7
70704,27
70707,25
70709,1
70709,7
70709,11
70711,22
70716,1
70716,10
70716,7
70717,1
70717,3
70718,1
70719,1
70719,7
70730,16
70730,27
70734,1
70736,1
70736,16
70742,5
70743,1
70743,3
70743,11
70751,16
70751,13
70751,7
70754,1
70757,27
70757,13
70758,1
70758,16
70758,17
70759,1
70761,22
70763,1
70764,4
70764,8
70766,1
70766,4
70766,13
70767,16
70767,13
70767,7
70770,4
70770,2
70771,24
70776,16
70778,23
70778,24
70780,5
70784,1
70784,3
70787,2
70789,1
70789,16
70789,7
70792,24
70795,16
70795,22
70796,1
70796,5
70796,7
70797,5
70798,1
70800,5
70801,16
70802,7
70804,21
70804,17
70805,8
70805,27
70807,1
70807,7
70808,1
70808,16
70809,7
70810,1
70810,7
70811,1
70812,1
70812,7
70813,1
70813,7
70815,10
70816,10
70822,15
70823,23
70825,25
70826,1
70826,5
70827,23
70830,1
70830,7
70831,1
70831,7
70833,27
70834,23
70835,1
70835,14
70839,24
70839,17
70840,10
70843,5
70844,1
70845,1
70846,1
70846,4
70847,1
70847,3
70848,1
70848,5
70849,7
70851,16
70851,7
70853,1
70855,1
70855,7
70856,1
70856,7
70857,1
70857,5
70858,1
70858,5
70858,3
70859,1
70861,7
70862,13
70862,7
70863,4
70863,15
70863,13
70864,4
70864,8
70864,15
70864,13
70868,15
70869,15
70875,1
70875,10
70877,3
70877,21
70877,17
70887,4
70887,8
70887,7
70888,4
70888,8
70888,13
70889,1
70889,5
70889,3
70890,1
70891,1
70891,7
70896,1
70896,5
70896,11
70899,7
70900,23
70904,1
70904,13
70904,7
70905,1
70905,10
70906,1
70906,7
70909,1
70910,1
70910,7
70912,4
70912,8
70912,13
70913,1
70913,5
70914,17
70915,27
70919,10
70922,23
70923,1
70923,3
70923,11
70924,16
70926,1
70926,16
70926,11
70928,1
70928,7
70929,16
70929,23
70929,7
70930,1
70930,16
70930,7
70931,16
70935,15
70936,16
70938,5
70938,7
70939,27
70939,18
70941,5
70942,16
70943,1
70943,19
70945,15
70945,13
70945,2
70946,16
70947,1
70947,5
70947,11
70948,1
70948,16
70948,15
70950,1
70950,4
70950,15
70951,7
70953,16
70954,1
70954,7
70956,27
70956,25
70958,5
70958,3
70958,11
70959,10
70961,1
70962,16
70962,14
70962,13
70963,16
70963,6
70964,16
70964,15
70965,4
70967,3
70980,1
70980,4
70980,3
70981,1
70981,16
70983,16
70986,1
70986,16
70987,16
70987,4
70987,5
70988,27
70989,4
70989,8
70989,13
70991,1
70991,5
70992,1
70992,3
70993,1
70993,3
70993,11
70994,16
70995,1
70995,16
70997,1
70997,13
70997,17
70998,1
70998,5
70999,1
70999,15
70999,7
71000,1
71000,7
71003,16
71004,16
71004,4
71004,15
71005,1
71005,7
71008,10
71009,4
71009,8
71009,15
71010,16
71010,7
71011,1
71011,5
71011,7
71012,7
71013,1
71013,14
71015,5
71018,15
71020,1
71020,16
71022,23
71023,1
71024,16
71026,1
71026,5
71028,15
71028,2
71028,3
71029,8
71029,7
71029,11
71030,1
71030,14
71030,7
71031,7
71031,22
71037,11
71038,1
71038,7
71039,23
71039,24
71040,13
71040,7
71041,16
71041,7
71045,16
71045,7
71046,5
71047,16
71047,13
71047,7
71048,1
71048,16
71048,7
71050,26
71051,1
71051,3
71053,16
71053,4
71054,1
71054,7
71057,8
71057,13
71058,1
71058,16
71059,16
71059,14
71059,7
71060,23
71060,24
71061,1
71061,16
71062,1
71063,5
71066,22
71067,23
71067,24
71069,1
71069,7
71069,17
71070,22
71072,1
71072,7
71073,1
71073,13
71073,17
71074,1
71074,16
71076,1
71076,13
71076,7
71082,1
71082,16
71083,1
71083,7
71084,1
71084,7
71085,1
71085,7
71086,4
71086,8
71086,13
71087,1
71087,5
71087,3
71088,13
71088,10
71088,7
71089,16
71089,8
71089,27
71090,16
71090,2
71091,1
71092,1
71092,7
71092,3
71093,5
71094,1
71094,5
71094,11
71095,1
71095,16
71096,22
71098,17
71099,25
71100,27
71100,13
71107,17
71111,16
71112,23
71112,24
71113,16
71113,7
71116,6
71116,3
71117,16
71117,27
71118,16
71120,11
71120,25
71122,1
71123,16
71124,16
71124,14
71124,10
71125,5
71126,4
71126,5
71126,11
71129,16
71130,10
71131,1
71132,16
71132,14
71134,1
71134,16
71134,5
71136,25
71138,1
71138,7
71141,1
71141,16
71143,1
71143,7
71145,16
71146,1
71148,1
71148,5
71148,11
71149,1
71149,7
71149,11
71150,1
71150,7
71152,1
71152,8
71152,7
71153,1
71153,7
71154,1
71154,7
71155,1
71155,14
71155,7
71156,1
71156,7
71157,14
71157,11
71158,16
71158,13
71158,2
71159,1
71160,1
71160,7
71161,1
71161,7
71163,1
71163,7
71168,1
71170,1
71171,1
71171,7
71172,1
71172,7
71173,1
71173,3
71173,11
71174,1
71174,5
71174,11
71175,1
71176,16
71177,1
71177,7
71179,25
71181,18
71183,5
71183,3
71183,11
71184,1
71184,7
71185,16
71185,7
71187,24
71191,16
71192,5
71193,1
71193,16
71193,14
71194,25
71195,1
71195,16
71195,7
71197,1
71197,7
71198,1
71198,13
71198,7
71199,1
71199,18
71202,1
71202,7
71203,5
71203,25
71206,16
71207,1
71207,16
71207,5
71209,19
71211,1
71211,7
71212,1
71212,13
71212,7
71213,1
71213,5
71213,3
71214,11
71214,17
71215,6
71215,12
71216,16
71217,5
71217,3
71217,11
71218,16
71219,7
71220,1
71220,7
71221,1
71221,3
71221,11
71222,17
71222,22
71223,22
71225,16
71226,5
71227,16
71228,5
71229,1
71229,7
71230,1
71230,7
71230,19
71231,16
71231,8
71231,12
71232,1
71232,7
71232,3
71233,8
71233,24
71234,12
71235,27
71237,1
71237,16
71238,1
71238,16
71238,5
71239,1
71239,4
71239,5
71240,16
71240,12
71241,6
71242,1
71242,7
71244,1
71246,7
71247,7
71248,1
71249,3
71249,17
71251,16
71252,27
71253,1
71253,4
71253,3
71255,1
71255,17
71256,16
71258,1
71258,4
71258,5
71261,4
71261,13
71261,2
71263,3
71263,11
71264,1
71264,3
71264,9
71265,1
71265,7
71265,11
71266,1
71266,17
71267,16
71267,7
71268,5
71269,1
71269,5
71269,3
71270,16
71271,1
71271,7
71272,16
71275,1
71275,16
71276,23
71276,24
71277,24
71278,23
71279,22
71280,17
71282,16
71289,8
71289,27
71297,27
71297,10
71305,27
71306,1
71306,7
71306,3
71307,15
71307,13
71308,1
71308,13
71308,7
71309,1
71309,3
71310,1
71310,7
71313,16
71313,27
71315,5
71315,3
71315,11
71316,16
71318,16
71318,6
71322,1
71322,7
71323,8
71323,27
71323,13
71324,1
71324,11
71325,1
71325,17
71326,16
71327,1
71327,7
71328,1
71328,7
71329,1
71329,7
71330,14
71330,7
71331,1
71331,4
71334,5
71335,1
71335,7
71336,16
71336,15
71336,13
71337,5
71338,1
71338,3
71339,25
71340,1
71340,16
71340,11
71341,16
71342,5
71343,16
71344,16
71344,24
71344,17
71347,7
71353,4
71353,5
71353,3
71356,16
71356,8
71358,22
71359,8
71359,11
71361,1
71361,7
71362,1
71365,1
71365,16
71365,7
71366,1
71366,7
71367,1
71367,7
71367,11
71368,16
71368,15
71369,15
71370,15
71371,15
71372,4
71372,15
71372,22
71373,15
71376,16
71377,1
71377,7
71378,1
71378,7
71379,16
71380,4
71380,15
71382,1
71382,28
71383,1
71383,5
71383,3
71384,1
71384,7
71384,17
71385,1
71385,5
71387,5
71391,1
71391,7
71392,1
71392,19
71393,6
71393,3
71393,12
71395,15
71397,1
71397,5
71397,3
71398,10
71399,8
71400,7
71402,10
71403,17
71403,12
71409,7
71410,13
71410,7
71412,1
71412,16
71413,16
71413,15
71414,10
71415,5
71415,11
71416,1
71416,6
71416,12
71417,19
71419,1
71420,10
71421,1
71421,4
71421,17
71422,1
71422,3
71423,1
71423,5
71423,3
71424,1
71425,10
71427,1
71427,16
71428,15
71429,17
71431,5
71432,12
71433,15
71433,13
71434,3
71435,16
71438,7
71438,11
71438,12
71439,16
71440,1
71441,23
71442,4
71442,8
71442,15
71442,13
71443,1
71443,16
71444,1
71444,5
71445,22
71446,1
71446,3
71448,1
71448,7
71449,4
71449,3
71451,4
71451,5
71452,4
71452,8
71454,15
71454,10
71455,1
71456,1
71456,7
71457,1
71457,14
71457,7
71459,23
71462,1
71462,22
71465,25
71467,4
71467,8
71467,15
71467,13
71468,7
71469,1
71469,16
71469,10
71470,1
71470,5
71470,3
71472,4
71472,8
71472,13
71473,1
71473,7
71476,1
71476,7
71477,1
71477,16
71478,7
71480,1
71480,5
71481,1
71481,7
71482,22
71483,1
71483,16
71483,7
71484,1
71485,2
71486,1
71486,7
71487,7
71488,1
71489,1
71490,1
71490,14
71491,1
71491,11
71496,1
71496,17
71501,16
71501,8
71501,13
71502,3
71502,12
71503,1
71503,4
71503,5
71504,1
71504,16
71505,1
71505,7
71506,1
71506,5
71507,1
71507,3
71507,11
71508,1
71508,7
71509,5
71521,1
71521,7
71521,21
71522,5
71525,8
71525,13
71525,11
71526,1
71526,14
71527,1
71528,1
71529,4
71529,13
71529,6
71530,4
71530,8
71530,13
71532,7
71533,7
71534,7
71536,1
71539,11
71540,11
71541,5
71541,3
71542,11
71543,1
71543,2
71544,1
71544,4
71544,13
71545,1
71545,4
71545,21
71546,1
71546,16
71546,7
71547,1
71547,16
71548,27
71561,11
71561,12
71562,16
71562,5
71562,22
71567,1
71567,3
71567,9
71571,25
71572,21
71572,17
71573,16
71573,27
71573,13
71574,26
71579,1
71580,27
71581,1
71581,14
71582,7
71583,1
71583,7
71584,1
71584,13
71584,7
71585,1
71586,1
71586,16
71588,17
71596,1
71596,4
71596,8
71597,1
71597,8
71597,14
71598,1
71598,14
71600,1
71600,7
71601,8
71601,24
71602,1
71604,1
71605,1
71605,16
71606,5
71607,5
71608,4
71608,8
71608,7
71609,1
71610,16
71610,7
71611,23
71613,5
71614,7
71615,13
71615,7
71616,1
71616,16
71617,10
71619,1
71619,10
71619,17
71621,7
71626,27
71628,7
71631,3
71631,11
71633,7
71633,28
71636,5
71637,16
71637,4
71638,8
71638,13
71638,10
71639,16
71639,4
71639,8
71640,5
71641,25
71642,16
71643,5
71643,11
71646,8
71646,14
71648,27
71650,27
71651,27
71652,14
71654,4
71654,8
71654,13
71655,4
71655,8
71655,13
71657,1
71657,7
71659,1
71659,14
71659,7
71660,1
71660,7
71661,13
71661,7
71661,11
71662,1
71662,5
71664,16
71665,8
71666,16
71671,23
71676,7
71677,7
71678,1
71678,7
71679,1
71679,16
71681,22
71683,5
71685,4
71685,15
71685,13
71686,1
71686,16
71688,1
71688,7
71689,23
71690,23
71690,24
71692,26
71693,16
71697,16
71697,27
71697,6
71698,1
71698,16
71698,7
71699,1
71699,5
71699,3
71700,23
71702,1
71702,7
71703,16
71704,16
71705,23
71706,11
71706,17
71706,12
71707,5
71708,7
71710,15
71711,4
71711,8
71711,15
71711,13
71712,27
71713,27
71719,27
71720,8
71720,15
71720,2
71721,1
71721,16
71721,7
71722,1
71722,7
71723,16
71723,7
71724,1
71724,7
71725,1
71725,7
71726,7
71726,12
71727,7
71729,1
71729,16
71729,10
71731,1
71731,7
71732,1
71732,7
71733,16
71734,16
71737,8
71737,24
71739,1
71739,3
71740,16
71740,8
71741,15
71742,8
71742,27
71742,14
71743,10
71743,24
71744,1
71744,7
71744,11
71745,1
71745,7
71746,21
71746,17
71747,1
71747,16
71748,1
71748,3
71749,5
71749,3
71750,4
71750,13
71751,8
71751,27
71752,1
71752,7
71755,4
71755,8
71756,5
71757,5
71758,1
71758,7
71758,3
71760,1
71760,7
71760,11
71761,1
71761,8
71761,11
71767,12
71769,17
71770,7
71771,1
71771,7
71771,3
71773,5
71774,7
71776,1
71776,7
71777,14
71777,10
71779,1
71788,16
71789,27
71789,2
71796,17
71798,18
71798,19
71799,5
71801,7
71803,4
71803,5
71803,3
71807,1
71809,1
71809,16
71809,7
71817,1
71817,7
71817,12
71818,1
71818,7
71819,5
71823,1
71823,16
71823,7
71824,1
71824,16
71826,8
71826,13
71826,7
71827,1
71827,5
71827,11
71828,23
71829,1
71829,14
71829,7
71830,1
71830,13
71830,7
71831,5
71833,1
71833,13
71833,7
71835,16
71835,7
71835,2
71836,1
71836,7
71837,6
71837,3
71837,12
71838,1
71838,7
71839,16
71839,2
71841,10
71842,17
71843,25
71845,1
71845,10
71847,13
71847,7
71849,27
71851,7
71852,7
71853,7
71854,1
71854,14
71854,7
71855,1
71855,4
71855,5
71856,5
71858,5
71859,1
71859,16
71859,7
71861,12
71863,1
71863,5
71864,10
71865,5
71868,5
71870,5
71872,23
71873,1
71873,7
71874,1
71874,7
71875,1
71875,7
71876,1
71876,7
71881,5
71882,16
71882,7
71883,1
71883,5
71884,1
71884,5
71884,11
71885,7
71886,7
71888,1
71888,5
71889,1
71890,1
71890,7
71891,8
71891,13
71891,11
71892,1
71892,13
71892,7
71894,1
71894,16
71896,17
71896,26
71897,8
71897,3
71899,1
71899,13
71899,7
71901,1
71901,5
71902,14
71902,2
71902,11
71903,1
71903,16
71903,8
71906,5
71906,11
71907,11
71907,19
71908,1
71908,5
71909,16
71909,7
71910,5
71910,3
71912,1
71912,16
71912,5
71913,1
71913,5
71914,1
71914,5
71915,27
71916,4
71916,8
71916,13
71921,18
71924,23
71928,1
71929,16
71930,1
71930,7
71931,1
71931,7
71932,21
71932,17
71934,1
71934,5
71935,1
71936,15
71937,16
71937,7
71940,5
71943,8
71943,14
71945,11
71945,12
71951,5
71952,1
71953,1
71953,7
71954,1
71954,13
71954,7
71955,21
71955,17
71956,21
71956,17
71957,8
71957,27
71958,1
71958,5
71958,7
71959,16
71959,4
71959,5
71960,10
71966,18
71969,8
71969,3
71969,11
71971,8
71971,17
71973,1
71973,7
71974,4
71974,8
71974,13
71975,1
71975,7
71975,17
71977,1
71977,5
71978,22
71981,15
71984,1
71984,16
71984,7
71985,1
71985,7
71986,1
71986,7
71987,16
71987,7
71988,1
71988,7
71989,1
71989,7
71990,16
71990,14
71990,12
71991,16
71991,7
71992,1
71992,7
71992,12
71993,1
71993,5
71993,7
71994,1
71994,7
71995,1
71995,7
71995,18
71996,1
71997,16
71997,7
71998,16
71999,7
71999,24
72000,1
72000,2
72000,3
72004,26
72005,1
72005,16
72005,7
72006,25
72006,24
72007,16
72008,1
72008,16
72008,7
72009,16
72014,1
72014,8
72014,27
72016,16
72016,27
72017,25
72017,24
72019,4
72019,8
72019,13
72020,1
72020,7
72022,4
72022,8
72022,17
72023,16
72024,1
72024,16
72024,8
72025,15
72026,5
72027,1
72027,5
72030,1
72030,7
72031,1
72031,4
72031,7
72032,16
72033,1
72033,13
72034,24
72036,15
72038,8
72038,24
72039,1
72041,1
72041,17
72041,22
72042,5
72043,1
72043,7
72044,1
72044,7
72048,1
72049,1
72049,16
72049,6
72050,1
72050,3
72053,16
72053,6
72054,1
72055,1
72055,13
72055,7
72056,1
72056,4
72056,21
72057,4
72057,5
72057,11
72058,16
72058,8
72058,2
72059,4
72059,8
72059,15
72059,13
72060,1
72060,16
72060,11
72061,1
72061,16
72061,7
72062,1
72062,7
72063,17
72064,1
72064,5
72065,1
72066,8
72066,15
72066,13
72066,7
72067,4
72067,15
72067,13
72068,16
72068,27
72069,1
72069,7
72071,1
72071,7
72071,11
72072,16
72074,1
72074,5
72076,4
72076,8
72076,13
72079,1
72079,7
72080,1
72080,7
72081,3
72082,7
72082,2
72091,4
72091,8
72091,15
72091,13
72092,1
72093,1
72093,5
72093,11
72097,1
72097,13
72097,7
72098,2
72099,16
72099,13
72099,7
72100,22
72101,1
72101,11
72102,1
72103,8
72103,13
72103,7
72105,1
72105,21
72105,17
72106,6
72106,11
72107,5
72108,1
72108,7
72109,1
72110,16
72110,18
72111,8
72112,7
72114,7
72115,1
72115,13
72115,3
72116,27
72116,12
72117,1
72117,5
72117,3
72118,16
72118,8
72118,13
72127,1
72127,23
72127,7
72128,16
72128,6
72129,1
72129,4
72129,13
72130,26
72131,13
72131,7
72132,13
72132,7
72135,7
72136,5
72138,5
72140,16
72140,14
72143,26
72148,23
72151,26
72152,1
72152,7
72152,11
72153,1
72153,7
72154,1
72154,18
72155,4
72155,8
72156,1
72156,23
72157,1
72157,22
72158,1
72158,5
72158,11
72162,1
72162,17
72163,1
72163,3
72164,5
72165,7
72166,1
72166,16
72166,13
72167,1
72167,7
72169,16
72169,14
72170,1
72170,4
72170,8
72171,1
72171,5
72173,1
72173,7
72174,1
72174,17
72175,1
72176,5
72176,3
72177,16
72178,1
72178,5
72181,16
72182,7
72182,2
72184,25
72185,1
72185,16
72185,5
72188,16
72188,27
72188,14
72191,8
72191,24
72192,11
72192,17
72193,1
72193,7
72194,1
72195,7
72196,5
72196,17
72197,16
72198,16
72199,16
72200,1
72200,5
72201,1
72201,16
72202,1
72202,16
72203,5
72204,22
72205,5
72209,24
72210,4
72210,3
72213,15
72216,1
72219,16
72219,5
72219,3
72220,1
72220,4
72223,27
72226,15
72226,13
72227,1
72227,5
72228,7
72229,10
72231,1
72231,17
72232,5
72233,10
72235,16
72236,23
72237,25
72240,1
72240,16
72241,3
72241,11
72242,10
72243,16
72246,6
72246,7
72248,16
72249,6
72249,2
72252,17
72252,22
72253,15
72254,16
72254,27
72255,10
72256,1
72260,1
72261,6
72263,1
72266,17
72268,1
72268,13
72268,7
72269,1
72269,7
72270,1
72270,7
72271,1
72271,7
72273,1
72273,7
72273,18
72278,16
72280,16
72280,2
72281,7
72282,16
72283,5
72284,17
72285,5
72286,12
72287,1
72287,13
72287,7
72288,16
72291,16
72291,7
72292,21
72292,17
72312,23
72330,7
72331,1
72332,16
72332,6
72332,12
72333,1
72333,4
72333,8
72334,5
72334,19
72336,21
72336,17
72337,1
72337,5
72337,11
72338,1
72338,8
72338,2
72339,1
72341,25
72342,23
72343,1
72343,16
72343,5
72344,1
72344,13
72344,7
72345,7
72348,1
72348,5
72348,3
72349,3
72351,5
72352,11
72352,17
72354,1
72354,7
72354,22
72355,7
72356,1
72358,1
72358,4
72359,1
72359,10
72362,26
72363,27
72363,14
72366,27
72366,13
72374,1
72374,16
72375,16
72376,16
72376,7
72377,5
72379,1
72379,13
72379,7
72380,1
72380,6
72380,20
72381,16
72382,1
72383,23
72385,7
72385,3
72385,11
72386,23
72387,5
72388,1
72388,16
72388,2
72389,16
72389,11
72390,5
72390,3
72390,11
72391,16
72391,5
72392,1
72393,10
72394,1
72394,7
72395,1
72395,21
72396,13
72396,7
72396,17
72397,21
72397,17
72398,16
72399,24
72400,16
72400,10
72401,16
72405,16
72405,17
72406,8
72406,13
72407,7
72409,16
72409,8
72409,14
72410,16
72411,25
72412,5
72413,16
72414,1
72415,1
72415,7
72416,1
72416,5
72416,14
72425,23
72426,23
72426,24
72427,1
72427,3
72430,1
72430,5
72430,3
72431,1
72432,1
72432,16
72432,7
72433,1
72433,7
72435,4
72435,8
72436,1
72437,16
72437,23
72438,1
72438,7
72438,11
72439,21
72440,16
72440,27
72440,13
72441,27
72441,10
72444,27
72446,16
72446,21
72447,5
72448,8
72448,24
72450,5
72450,11
72451,17
72455,1
72455,5
72456,8
72460,1
72463,1
72465,1
72468,16
72468,27
72468,2
72470,1
72470,19
72481,12
72482,7
72484,1
72484,16
72484,4
72485,1
72485,10
72486,1
72486,7
72488,21
72488,17
72489,8
72489,27
72489,13
72491,1
72491,7
72494,5
72495,16
72495,27
72495,2
72496,27
72496,23
72503,13
72503,17
72504,2
72504,3
72504,11
72508,5
72508,3
72508,11
72510,1
72510,13
72510,7
72511,1
72511,5
72511,11
72512,13
72512,7
72513,16
72513,7
72514,5
72514,18
72517,23
72520,5
72522,1
72522,13
72523,23
72523,13
72525,1
72525,3
72526,7
72527,1
72527,16
72527,7
72528,1
72528,10
72528,7
72529,25
72530,16
72530,5
72533,16
72533,5
72533,11
72534,27
72536,1
72536,16
72541,23
72543,5
72543,3
72546,1
72546,7
72548,5
72548,3
72548,11
72549,16
72549,10
72551,8
72551,13
72553,17
72555,1
72555,16
72556,1
72556,3
72557,16
72557,5
72558,1
72558,13
72559,1
72561,3
72561,11
72562,22
72566,23
72567,16
72571,1
72571,7
72572,1
72572,7
72573,16
72573,7
72575,1
72575,5
72575,11
72576,1
72576,7
72577,16
72578,7
72580,15
72582,22
72583,1
72583,16
72584,1
72584,7
72586,5
72586,18
72586,19
72590,1
72590,16
72591,1
72591,7
72594,16
72595,27
72595,17
72601,1
72602,5
72602,11
72603,1
72603,16
72604,5
72605,1
72605,5
72605,11
72614,1
72614,7
72615,11
72615,17
72615,12
72616,5
72616,3
72616,11
72617,1
72617,7
72618,1
72618,7
72619,1
72619,4
72619,17
72620,8
72620,14
72621,16
72621,8
72621,24
72630,1
72630,3
72630,17
72631,1
72631,4
72631,8
72632,1
72632,7
72633,1
72633,5
72633,3
72635,1
72635,16
72636,26
72637,5
72638,1
72638,16
72638,14
72640,5
72647,22
72652,16
72654,1
72654,7
72655,16
72655,17
72656,1
72656,17
72658,1
72659,1
72659,7
72661,16
72661,24
72663,24
72664,24
72665,24
72666,4
72666,8
72666,13
72667,1
72667,7
72670,13
72670,7
72671,1
72671,13
72671,7
72672,21
72672,17
72673,16
72673,21
72674,16
72675,5
72676,10
72677,1
72677,4
72677,3
72678,5
72679,1
72679,5
72679,3
72680,1
72680,5
72680,11
72683,15
72683,13
72683,7
72684,1
72684,5
72684,11
72685,1
72685,11
72687,1
72688,1
72688,16
72689,16
72689,14
72689,20
72690,1
72690,4
72690,8
72691,1
72692,1
72693,1
72693,16
72693,7
72694,1
72694,5
72695,1
72695,16
72697,1
72698,5
72698,13
72698,11
72703,16
72706,16
72708,22
72709,16
72709,7
72710,1
72710,7
72710,11
72712,1
72713,1
72713,5
72715,5
72716,1
72716,13
72717,1
72717,5
72719,7
72719,22
72721,5
72721,7
72721,3
72722,1
72722,7
72723,5
72724,1
72724,8
72724,2
72727,1
72727,7
72728,16
72728,13
72728,7
72730,1
72731,1
72731,13
72732,14
72732,13
72735,1
72738,1
72738,5
72739,16
72740,1
72740,18
72742,1
72742,16
72743,4
72743,8
72743,15
72743,2
72744,24
72745,21
72746,21
72747,21
72747,24
72748,21
72748,24
72751,5
72752,1
72757,1
72758,16
72759,1
72761,1
72761,3
72761,11
72762,16
72762,5
72763,13
72763,7
72764,1
72764,13
72764,7
72765,5
72765,19
72766,1
72766,16
72771,1
72771,17
72772,1
72772,22
72773,23
72774,16
72776,16
72776,5
72778,16
72780,22
72783,7
72784,1
72785,1
72785,18
72786,25
72788,1
72788,7
72789,1
72789,11
72789,12
72791,7
72791,22
72792,17
72793,11
72797,22
72799,17
72800,1
72800,3
72801,14
72801,13
72801,6
72803,1
72803,3
72803,21
72804,1
72804,16
72804,7
72806,1
72806,5
72806,11
72808,1
72808,16
72814,7
72816,1
72816,7
72816,21
72817,16
72818,1
72818,3
72818,11
72819,5
72819,3
72820,8
72820,14
72821,22
72822,1
72822,14
72822,7
72823,16
72826,5
72827,16
72829,5
72831,1
72831,16
72832,16
72832,5
72832,11
72834,1
72838,10
72841,16
72844,16
72845,1
72845,16
72847,1
72847,3
72852,5
72853,1
72853,5
72855,22
72860,22
72864,1
72864,4
72865,1
72865,3
72866,5
72868,17
72869,17
72870,1
72870,7
72871,16
72871,13
72872,1
72875,1
72875,5
72876,1
72878,27
72887,16
72887,13
72888,16
72888,4
72888,15
72888,2
72891,1
72891,4
72892,1
72892,4
72894,16
72894,7
72895,1
72895,22
72896,16
72896,18
72898,1
72898,16
72898,5
72899,1
72899,16
72899,7
72902,10
72903,17
72904,25
72906,1
72906,7
72908,6
72908,11
72909,1
72911,21
72911,17
72913,25
72920,1
72920,16
72920,5
72921,25
72922,4
72922,8
72922,12
72923,1
72923,5
72923,11
72926,8
72926,27
72926,13
72929,17
72930,14
72930,24
72930,18
72933,23
72934,1
72935,1
72935,13
72935,7
72936,7
72936,17
72940,16
72940,7
72941,1
72941,7
72942,1
72942,7
72943,1
72943,7
72944,7
72945,1
72945,7
72946,1
72946,13
72946,7
72947,1
72947,6
72947,12
72948,15
72949,16
72950,16
72951,1
72951,5
72952,1
72952,16
72953,1
72953,14
72954,1
72954,6
72955,1
72955,7
72955,19
72956,16
72956,13
72957,16
72957,13
72958,15
72958,13
72959,1
72959,4
72959,22
72960,1
72960,16
72960,22
72962,1
72962,7
72963,1
72963,16
72964,1
72964,7
72965,4
72965,2
72967,1
72967,4
72968,1
72968,7
72969,23
72972,4
72972,8
72972,15
72972,13
72974,4
72974,8
72975,16
72975,8
72975,12
72976,1
72976,17
72977,7
72978,1
72978,7
72979,4
72979,8
72979,15
72981,1
72981,16
72983,1
72983,7
72986,1
72986,7
72987,1
72987,7
72988,1
72988,16
72992,1
72992,10
72993,1
72994,1
72994,5
72994,11
72997,24
72998,1
72998,7
72999,16
72999,8
72999,13
73001,5
73002,5
73003,5
73004,1
73004,16
73005,1
73005,7
73007,7
73008,17
73009,1
73009,7
73013,1
73013,5
73014,16
73015,1
73016,24
73017,5
73019,1
73019,3
73019,11
73020,5
73021,16
73021,7
73021,2
73023,4
73023,15
73023,13
73024,1
73024,5
73024,3
73025,1
73025,7
73026,1
73026,16
73026,7
73027,1
73027,13
73027,7
73028,1
73028,16
73029,16
73029,10
73031,1
73031,7
73032,1
73032,17
73033,1
73033,3
73034,1
73034,7
73035,1
73035,22
73036,1
73037,1
73039,1
73039,16
73040,6
73040,7
73040,17
73041,1
73041,16
73042,1
73044,18
73045,1
73045,21
73045,17
73046,16
73046,7
73047,1
73047,7
73048,4
73048,7
73049,5
73049,11
73051,5
73052,8
73052,23
73052,24
73053,21
73053,17
73054,23
73056,1
73057,5
73058,22
73060,1
73061,1
73061,16
73061,4
73062,1
73062,7
73063,1
73063,13
73064,16
73064,13
73064,7
73066,1
73066,19
73067,16
73067,5
73072,1
73074,16
73074,27
73076,16
73079,16
73080,1
73080,16
73080,7
73082,8
73082,24
73083,1
73083,16
73085,1
73085,7
73086,1
73086,7
73090,15
73091,4
73091,22
73092,1
73093,1
73093,16
73098,16
73100,1
73100,7
73103,16
73104,1
73104,3
73106,16
73106,23
73113,10
73122,7
73122,11
73122,12
73123,24
73125,27
73125,14
73126,25
73126,24
73126,17
73127,1
73127,14
73127,20
73130,1
73130,7
73131,1
73131,7
73138,16
73142,10
73144,1
73144,3
73146,16
73147,16
73150,1
73150,16
73151,5
73152,1
73166,16
73166,14
73166,7
73169,7
73170,1
73170,5
73171,7
73171,11
73178,5
73181,1
73181,7
73181,11
73182,1
73182,7
73182,17
73183,4
73183,8
73183,2
73184,16
73184,17
73185,1
73185,16
73186,15
73187,8
73187,27
73190,1
73191,1
73191,13
73191,7
73195,4
73195,15
73195,2
73197,16
73198,16
73198,10
73199,23
73200,16
73203,10
73204,16
73204,13
73204,7
73205,16
73205,23
73205,7
73206,1
73207,10
73208,4
73208,15
73208,13
73208,28
73209,13
73209,7
73211,16
73213,1
73213,16
73216,1
73216,14
73216,13
73220,14
73221,16
73223,1
73223,7
73223,20
73227,26
73228,26
73231,5
73232,16
73232,5
73234,1
73234,8
73234,21
73235,10
73237,1
73237,5
73238,1
73239,27
73239,10
73240,15
73241,16
73241,7
73243,27
73243,2
73245,8
73247,16
73248,7
73249,27
73250,21
73250,17
73251,27
73252,16
73252,27
73253,27
73253,10
73255,1
73255,7
73256,1
73256,14
73256,7
73257,16
73257,15
73257,13
73257,7
73258,1
73258,7
73258,17
73261,15
73261,13
73263,14
73263,2
73264,10
73265,1
73265,7
73266,1
73266,7
73267,1
73267,10
73268,14
73269,7
73270,7
73271,1
73271,17
73272,1
73272,19
73273,10
73274,16
73275,27
73275,23
73277,8
73277,14
73277,13
73279,27
73279,10
73280,8
73280,27
73280,13
73281,8
73281,27
73281,13
73282,16
73282,4
73282,13
73283,16
73283,4
73283,13
73284,1
73288,5
73288,11
73289,27
73290,27
73290,10
73291,21
73291,17
73292,24
73293,15
73293,22
73296,5
73296,3
73297,27
73299,10
73303,1
73303,16
73304,23
73305,16
73307,16
73307,27
73308,10
73309,24
73311,1
73313,8
73313,27
73314,16
73314,27
73315,16
73315,8
73315,15
73315,27
73318,23
73318,24
73320,27
73323,1
73323,5
73323,11
73324,1
73324,8
73324,11
73325,27
73325,10
73326,10
73327,1
73327,16
73328,16
73328,7
73329,5
73329,17
73336,1
73336,15
73336,7
73337,10
73338,16
73338,3
73339,27
73339,10
73340,10
73340,17
73341,23
73344,1
73344,7
73345,1
73345,4
73345,21
73348,16
73348,13
73349,16
73349,22
73350,8
73350,15
73350,13
73351,1
73351,16
73351,7
73352,16
73352,7
73354,10
73355,16
73355,8
73358,16
73360,16
73360,8
73360,12
73361,1
73361,5
73362,4
73362,15
73362,13
73362,2
73363,15
73364,7
73365,1
73365,5
73365,3
73366,27
73367,16
73367,27
73367,10
73368,17
73369,1
73370,27
73370,10
73371,5
73371,3
73373,4
73373,8
73373,27
73374,25
73377,7
73378,14
73378,10
73379,5
73380,22
73381,10
73382,1
73382,7
73383,27
73384,1
73384,7
73385,17
73386,7
73387,7
73388,14
73388,7
73389,14
73390,1
73390,14
73390,7
73391,7
73392,1
73392,7
73393,1
73393,16
73393,7
73398,16
73398,8
73398,27
73399,1
73399,5
73400,16
73400,8
73400,13
73401,1
73401,3
73401,11
73402,16
73403,7
73404,14
73405,14
73406,1
73406,18
73407,7
73408,1
73409,1
73410,23
73410,18
73411,1
73411,19
73412,1
73413,1
73413,5
73413,3
73414,13
73414,7
73415,4
73415,8
73415,2
73416,1
73416,5
73417,1
73417,5
73417,3
73418,15
73419,4
73419,15
73419,13
73420,15
73420,7
73422,16
73422,7
73423,22
73424,16
73424,5
73424,3
73425,1
73425,5
73430,10
73433,10
73437,7
73438,7
73439,10
73440,22
73441,13
73441,7
73442,1
73442,5
73443,1
73443,16
73443,7
73444,22
73445,7
73447,1
73449,7
73451,1
73451,9
73452,1
73452,7
73453,16
73453,4
73453,2
73454,16
73454,14
73455,27
73455,10
73456,16
73457,16
73460,1
73460,7
73461,1
73461,7
73462,10
73464,16
73467,16
73469,15
73470,15
73471,16
73471,15
73471,13
73471,7
73472,15
73473,4
73473,15
73473,13
73474,22
73475,4
73475,15
73475,13
73475,7
73477,16
73477,6
73477,12
73478,15
73481,1
73482,3
73482,11
73482,12
73483,5
73484,1
73485,15
73486,16
73487,16
73489,1
73489,22
73491,1
73491,4
73492,1
73492,3
73492,11
73493,1
73493,12
73494,1
73494,7
73495,1
73495,5
73495,7
73496,7
73497,1
73497,13
73497,7
73498,21
73498,17
73499,1
73499,7
73500,1
73500,7
73501,1
73501,7
73502,22
73505,17
73510,8
73510,15
73510,13
73511,17
73511,9
73513,10
73514,1
73514,10
73514,7
73515,15
73515,13
73515,7
73516,1
73516,17
73517,15
73517,13
73518,4
73518,15
73518,13
73518,7
73519,1
73519,4
73519,9
73520,27
73520,13
73521,15
73525,4
73525,5
73525,3
73527,27
73527,10
73528,16
73530,1
73530,11
73531,15
73531,5
73531,11
73532,1
73532,7
73533,1
73535,1
73535,5
73535,11
73536,1
73536,5
73536,3
73539,16
73541,1
73541,16
73541,10
73542,10
73544,17
73546,16
73546,2
73546,28
73548,1
73548,7
73549,16
73550,16
73550,7
73551,8
73553,7
73555,17
73556,1
73556,7
73556,12
73557,23
73559,10
73562,1
73562,13
73562,7
73563,1
73563,3
73564,7
73565,16
73565,15
73565,13
73568,1
73568,5
73569,3
73569,11
73570,1
73570,16
73570,7
73571,16
73572,6
73573,10
73574,8
73574,27
73574,14
73576,16
73576,10
73579,10
73581,23
73581,24
73581,17
73582,8
73582,24
73582,26
73583,7
73584,16
73584,23
73584,7
73585,7
73586,10
73587,16
73588,23
73588,17
73589,1
73590,16
73591,7
73592,24
73593,16
73593,7
73594,1
73594,7
73595,11
73596,16
73596,14
73597,1
73597,14
73598,15
73599,1
73601,7
73603,10
73605,27
73606,16
73607,1
73607,4
73607,22
73610,4
73610,15
73610,13
73611,8
73611,15
73611,13
73612,1
73612,4
73612,11
73613,16
73613,7
73613,18
73614,22
73618,6
73618,2
73619,16
73627,15
73632,16
73632,10
73632,7
73636,1
73638,1
73638,7
73639,1
73639,7
73640,1
73640,16
73640,6
73641,7
73642,1
73642,13
73642,7
73643,16
73643,7
73644,1
73644,17
73645,16
73645,15
73645,13
73652,1
73652,5
73653,16
73653,15
73653,23
73654,16
73655,16
73655,27
73660,26
73661,7
73662,7
73664,7
73665,1
73665,19
73667,22
73668,1
73669,15
73670,15
73673,27
73673,10
73674,17
73676,26
73677,1
73677,5
73681,1
73681,18
73682,1
73684,7
73685,1
73685,7
73688,1
73688,16
73688,4
73689,1
73689,4
73689,5
73690,5
73691,5
73692,27
73692,10
73693,10
73694,10
73695,25
73696,1
73701,10
73702,10
73703,7
73704,5
73705,1
73705,7
73706,1
73707,1
73707,19
73709,16
73711,3
73711,21
73711,17
73712,16
73712,8
73712,27
73714,17
73716,16
73716,2
73717,26
73718,1
73718,3
73719,3
73720,16
73720,21
73720,17
73722,1
73722,16
73723,16
73725,23
73726,5
73727,4
73727,8
73728,1
73728,6
73729,24
73730,16
73732,8
73733,23
73733,18
73734,5
73735,25
73737,7
73739,1
73739,7
73741,16
73741,7
73742,1
73742,13
73743,1
73744,16
73744,27
73745,16
73745,15
73746,1
73746,3
73749,15
73749,11
73749,12
73752,8
73752,24
73753,16
73755,16
73756,25
73756,24
73757,5
73759,16
73761,1
73761,13
73761,7
73763,1
73763,7
73764,5
73765,10
73766,16
73766,2
73770,5
73772,1
73772,7
73773,1
73773,16
73773,7
73774,5
73774,3
73774,11
73779,1
73779,7
73780,27
73780,13
73780,2
73781,4
73781,15
73783,1
73783,7
73784,6
73784,3
73784,11
73785,16
73787,1
73787,7
73789,1
73789,18
73790,16
73793,16
73793,10
73794,8
73794,27
73794,2
73796,1
73799,1
73799,16
73799,10
73804,8
73804,13
73804,11
73805,1
73805,7
73806,1
73806,7
73807,1
73807,7
73808,1
73808,16
73808,7
73809,1
73809,4
73809,5
73811,1
73811,4
73811,5
73812,22
73813,4
73813,15
73813,2
73814,1
73814,7
73815,22
73816,15
73818,17
73819,1
73819,5
73819,3
73820,17
73821,16
73821,7
73822,1
73822,7
73823,14
73824,16
73824,10
73825,1
73825,21
73825,17
73827,16
73828,16
73829,16
73837,16
73837,15
73838,1
73839,1
73843,1
73849,23
73849,24
73850,17
73861,27
73862,1
73862,14
73865,1
73865,14
73866,15
73869,27
73869,25
73871,16
73871,14
73871,7
73873,16
73873,17
73875,8
73875,13
73876,5
73877,1
73877,5
73878,1
73878,21
73879,21
73879,17
73880,16
73881,1
73881,7
73882,7
73884,1
73884,16
73885,16
73886,1
73886,7
73887,1
73887,4
73887,5
73888,8
73888,27
73888,2
73889,16
73892,4
73892,27
73892,9
73893,1
73893,17
73898,16
73900,1
73900,5
73900,11
73901,22
73902,16
73903,1
73903,4
73903,21
73904,16
73907,19
73908,19
73909,19
73910,19
73911,19
73912,19
73914,16
73918,1
73918,16
73918,7
73919,1
73920,7
73921,5
73921,3
73922,27
73922,25
73923,27
73924,24
73925,26
73928,16
73928,14
73929,13
73931,1
73931,13
73931,7
73934,8
73934,20
73935,16
73935,7
73936,16
73936,27
73937,5
73942,7
73943,7
73944,16
73944,7
73945,1
73946,1
73946,7
73947,1
73947,4
73947,7
73948,7
73950,23
73950,24
73952,1
73953,16
73953,4
73953,13
73954,1
73954,5
73954,3
73955,27
73955,10
73956,15
73958,16
73958,27
73961,1
73961,3
73962,1
73962,5
73968,18
73970,5
73971,1
73971,3
73971,11
73972,1
73972,13
73972,7
73974,1
73974,14
73975,8
73975,11
73976,1
73977,1
73977,7
73978,16
73978,27
73979,5
73980,27
73984,16
73986,27
73987,27
73987,25
73988,27
73990,24
73992,16
73992,8
73992,13
73995,1
73995,16
73995,5
73996,1
73996,4
73997,16
73998,27
73998,12
74002,16
74003,13
74004,8
74004,27
74004,13
74005,27
74005,25
74006,27
74006,25
74008,27
74010,23
74011,5
74013,5
74013,11
74014,1
74014,4
74014,5
74016,1
74016,5
74016,3
74019,1
74019,16
74020,1
74020,2
74023,1
74023,17
74026,1
74026,5
74028,1
74028,16
74028,8
74030,16
74031,16
74035,25
74036,1
74042,1
74042,5
74042,3
74043,5
74043,17
74044,16
74044,7
74045,1
74045,13
74045,7
74046,16
74047,1
74048,1
74048,13
74048,7
74049,27
74051,3
74051,11
74052,16
74052,27
74054,16
74055,1
74055,6
74055,11
74056,1
74056,13
74056,7
74057,1
74057,13
74057,7
74058,1
74058,13
74058,7
74059,1
74059,16
74059,14
74060,8
74063,1
74063,5
74065,1
74065,16
74066,27
74067,16
74067,17
74068,1
74069,7
74070,22
74072,16
74073,3
74073,11
74073,12
74074,16
74075,8
74075,27
74076,16
74077,16
74078,16
74079,1
74079,7
74081,1
74082,1
74082,11
74087,27
74089,26
74091,10
74094,5
74095,16
74096,27
74097,16
74098,1
74098,7
74099,1
74099,13
74099,7
74100,1
74100,7
74103,5
74103,19
74104,4
74104,6
74104,11
74105,27
74106,27
74113,24
74118,14
74119,27
74120,27
74123,1
74124,7
74126,18
74127,1
74127,3
74127,9
74128,1
74128,4
74128,15
74129,5
74129,19
74130,1
74130,16
74131,28
74134,16
74134,7
74135,1
74135,3
74136,1
74136,18
74137,1
74137,7
74140,1
74140,7
74141,4
74141,8
74141,13
74142,4
74142,13
74142,2
74146,6
74147,24
74152,23
74157,16
74158,1
74167,23
74171,1
74171,7
74172,16
74173,1
74174,16
74175,1
74176,1
74176,4
74176,13
74185,1
74187,1
74187,4
74187,3
74189,16
74196,7
74197,4
74197,8
74197,22
74199,8
74199,27
74199,12
74200,5
74201,17
74206,23
74206,7
74207,27
74208,16
74209,1
74209,3
74209,11
74210,1
74210,3
74210,11
74211,5
74212,22
74213,3
74214,1
74214,16
74214,27
74217,1
74218,8
74218,27
74218,13
74220,16
74220,5
74220,7
74225,23
74225,24
74226,1
74226,11
74228,1
74228,7
74229,1
74229,7
74230,16
74231,15
74232,3
74233,24
74234,4
74234,3
74234,11
74236,27
74236,25
74236,24
74237,1
74237,13
74237,7
74238,1
74238,13
74238,7
74239,23
74239,7
74241,16
74247,22
74249,1
74249,7
74250,1
74250,16
74250,21
74251,1
74253,24
74256,16
74260,1
74260,13
74260,7
74261,1
74261,7
74262,8
74263,16
74264,16
74265,1
74265,5
74265,11
74269,1
74269,7
74270,1
74271,5
74271,3
74272,22
74276,5
74277,1
74277,14
74279,16
74279,14
74280,22
74281,1
74281,16
74281,22
74282,1
74282,16
74282,5
74283,1
74283,3
74283,11
74284,15
74287,4
74289,4
74289,3
74292,13
74292,7
74292,11
74294,23
74295,16
74297,8
74298,16
74300,16
74301,4
74301,8
74303,4
74303,8
74303,13
74309,16
74310,1
74310,5
74312,16
74312,27
74314,3
74314,11
74315,16
74317,27
74318,7
74319,1
74320,1
74322,16
74328,16
74330,22
74332,7
74333,16
74336,27
74337,16
74341,1
74341,7
74342,4
74342,8
74342,15
74342,13
74343,23
74344,1
74344,18
74347,1
74347,21
74348,1
74348,7
74348,22
74349,5
74350,1
74350,16
74351,16
74352,4
74352,8
74352,15
74352,13
74354,16
74354,27
74355,17
74357,1
74359,1
74360,16
74360,14
74361,16
74361,14
74363,1
74364,16
74364,14
74365,1
74365,7
74366,1
74367,16
74368,4
74368,13
74368,6
74369,1
74369,4
74369,7
74370,1
74370,10
74371,1
74371,7
74373,6
74374,13
74374,7
74375,1
74375,12
74376,13
74376,7
74377,2
74378,1
74379,16
74381,1
74381,17
74382,1
74382,3
74383,1
74383,16
74386,5
74388,4
74388,5
74388,7
74389,23
74390,4
74390,7
74390,21
74391,17
74393,16
74393,27
74394,7
74394,28
74395,1
74395,17
74396,16
74397,5
74397,13
74399,1
74399,7
74401,16
74401,5
74401,3
74402,22
74404,1
74404,14
74405,16
74405,5
74405,11
74406,1
74406,3
74406,11
74408,25
74409,23
74410,17
74411,21
74411,17
74412,1
74413,27
74414,1
74414,19
74415,5
74415,11
74416,1
74416,17
74417,16
74418,18
74419,16
74419,4
74419,2
74420,16
74420,13
74420,7
74421,1
74421,14
74421,7
74422,13
74422,7
74422,3
74423,16
74423,27
74423,14
74424,1
74424,7
74425,1
74425,17
74427,1
74428,1
74428,16
74428,4
74429,5
74429,3
74429,11
74430,1
74430,16
74431,4
74431,7
74431,17
74432,16
74432,13
74433,1
74433,18
74434,1
74434,16
74436,1
74438,1
74439,5
74440,1
74440,7
74441,1
74441,10
74442,1
74442,16
74443,16
74443,9
74445,1
74447,27
74447,13
74451,16
74452,23
74452,24
74453,1
74453,13
74453,7
74454,5
74454,3
74454,11
74455,22
74456,27
74457,16
74458,23
74458,24
74461,16
74461,4
74461,11
74462,1
74462,7
74463,5
74465,3
74465,11
74466,5
74467,1
74467,16
74467,27
74470,1
74470,16
74471,23
74471,24
74472,16
74475,16
74476,1
74476,7
74479,1
74479,13
74479,7
74480,1
74480,17
74484,17
74485,5
74486,11
74486,17
74487,16
74487,7
74487,17
74489,1
74490,16
74490,4
74490,2
74493,16
74493,27
74493,10
74494,27
74495,16
74495,27
74495,24
74496,23
74497,16
74498,16
74500,5
74501,27
74501,10
74502,7
74502,12
74505,13
74505,6
74505,11
74506,1
74506,5
74508,1
74509,1
74509,5
74510,1
74510,5
74511,1
74511,3
74512,8
74512,27
74512,25
74513,5
74514,4
74514,5
74514,3
74515,1
74515,7
74515,11
74518,27
74518,23
74520,21
74520,17
74522,1
74522,5
74523,1
74523,12
74524,10
74525,5
74526,4
74527,16
74527,8
74527,14
74535,1
74535,4
74535,5
74540,16
74540,19
74543,23
74545,1
74545,3
74545,11
74546,16
74546,8
74546,27
74547,1
74547,7
74548,7
74549,16
74549,6
74550,1
74550,17
74552,24
74553,10
74557,3
74557,11
74558,5
74561,1
74561,16
74561,3
74564,23
74566,8
74566,24
74568,3
74569,1
74569,11
74569,12
74570,1
74570,5
74571,1
74571,16
74571,11
74573,1
74573,7
74575,1
74575,16
74576,1
74576,11
74576,12
74578,8
74578,14
74578,13
74579,8
74579,27
74579,2
74580,21
74580,17
74581,1
74581,22
74587,21
74587,17
74588,1
74588,5
74588,3
74590,27
74591,1
74592,1
74592,16
74593,25
74593,24
74595,5
74597,16
74597,27
74598,1
74598,16
74598,27
74599,1
74600,12
74601,6
74601,12
74602,7
74602,11
74602,18
74603,17
74605,1
74605,16
74605,27
74606,15
74609,1
74609,7
74610,16
74610,27
74613,1
74613,4
74613,3
74616,5
74616,6
74616,12
74619,4
74619,15
74619,7
74620,4
74620,15
74621,27
74622,27
74624,27
74624,10
74625,1
74626,14
74627,27
74629,16
74631,7
74632,1
74632,3
74637,16
74638,16
74639,23
74639,24
74640,1
74640,3
74640,11
74641,25
74642,7
74643,1
74643,7
74644,1
74644,16
74644,7
74645,16
74646,26
74647,1
74647,17
74649,1
74649,7
74650,1
74650,7
74651,1
74651,7
74652,7
74652,17
74656,7
74658,5
74659,27
74665,1
74665,5
74665,11
74666,3
74667,16
74668,16
74669,1
74669,5
74669,17
74670,1
74670,3
74670,11
74672,16
74673,16
74675,27
74676,1
74676,16
74676,5
74677,1
74677,5
74677,11
74678,1
74678,7
74678,22
74679,8
74679,24
74680,5
74682,25
74683,27
74684,16
74686,7
74688,8
74688,6
74688,11
74689,5
74690,1
74690,16
74690,7
74691,16
74692,16
74693,16
74694,16
74695,5
74695,3
74695,11
74697,27
74698,8
74698,24
74699,1
74699,7
74701,1
74701,3
74701,11
74702,1
74703,5
74703,3
74706,1
74707,1
74707,16
74707,7
74708,16
74709,1
74709,7
74709,12
74710,25
74711,16
74712,26
74715,16
74716,16
74717,1
74717,5
74718,8
74718,25
74721,16
74721,27
74721,10
74723,16
74723,20
74724,4
74724,5
74724,3
74725,16
74725,27
74726,1
74727,22
74728,7
74729,1
74729,3
74730,7
74739,8
74739,27
74740,1
74740,7
74741,16
74742,1
74742,7
74743,16
74744,16
74746,1
74747,1
74747,7
74748,16
74749,1
74749,7
74751,16
74751,13
74752,16
74753,5
74753,17
74753,19
74756,16
74757,10
74760,5
74761,21
74761,17
74763,24
74764,13
74764,10
74764,17
74765,16
74766,4
74766,5
74766,11
74767,1
74767,7
74768,5
74768,3
74768,11
74769,1
74769,14
74769,7
74770,1
74770,7
74771,1
74771,7
74772,3
74772,11
74772,12
74773,1
74773,8
74773,13
74774,1
74774,5
74778,16
74778,5
74779,1
74779,7
74782,1
74783,1
74783,21
74784,1
74784,17
74786,1
74786,7
74787,1
74789,10
74793,8
74793,15
74793,28
74794,16
74794,8
74794,27
74795,27
74795,10
74796,16
74797,1
74797,7
74797,11
74803,16
74805,1
74805,3
74806,1
74806,5
74806,3
74807,6
74807,11
74808,1
74808,17
74813,16
74815,1
74815,7
74816,1
74816,7
74817,5
74818,27
74819,16
74819,27
74821,5
74824,5
74825,1
74825,7
74825,3
74826,1
74826,5
74829,1
74829,19
74830,16
74831,1
74831,22
74834,1
74834,16
74834,7
74835,3
74836,1
74836,7
74836,2
74837,2
74837,11
74837,25
74838,27
74839,1
74840,1
74840,16
74840,5
74841,25
74842,10
74843,1
74843,21
74844,17
74845,1
74845,4
74845,21
74847,1
74847,7
74850,25
74850,24
74851,1
74851,7
74852,1
74852,7
74853,1
74853,12
74854,1
74855,17
74856,22
74858,1
74858,7
74860,5
74860,17
74861,1
74861,7
74862,5
74864,5
74865,16
74865,22
74867,1
74867,17
74868,16
74868,27
74869,27
74872,5
74872,11
74873,1
74873,16
74875,27
74876,1
74876,17
74877,16
74878,27
74879,27
74881,4
74882,16
74882,4
74882,12
74883,4
74883,8
74884,13
74884,2
74885,16
74887,8
74889,1
74889,16
74889,5
74894,16
74894,14
74894,7
74895,1
74895,4
74895,7
74897,1
74897,13
74897,7
74902,27
74903,4
74903,8
74905,27
74906,16
74907,16
74907,8
74907,27
74910,27
74911,16
74911,27
74912,16
74912,27
74913,27
74915,5
74916,1
74917,1
74917,7
74917,22
74918,1
74918,7
74919,16
74919,7
74920,1
74920,13
74920,7
74921,13
74921,7
74922,1
74922,7
74923,1
74924,1
74924,16
74925,1
74926,1
74928,15
74929,15
74930,15
74931,15
74934,25
74935,4
74935,5
74936,1
74937,1
74938,24
74938,17
74942,1
74942,4
74942,5
74943,1
74943,7
74943,21
74945,7
74946,1
74946,4
74946,7
74947,16
74949,1
74949,4
74949,8
74950,27
74952,6
74953,27
74953,2
74958,1
74960,1
74961,7
74962,7
74962,11
74963,10
74964,17
74965,8
74965,24
74966,8
74966,27
74969,1
74969,16
74969,22
74972,1
74972,3
74973,1
74974,16
74974,7
74976,25
74977,27
74978,27
74979,16
74980,27
74981,13
74981,7
74981,11
74983,1
74984,1
74984,3
74984,11
74985,1
74985,7
74988,1
74988,8
74988,13
74989,1
74989,3
74989,11
74990,1
74990,5
74990,3
74992,1
74992,10
74993,16
74995,5
74996,1
74996,4
74997,16
74997,15
75001,4
75001,8
75001,15
75002,23
75003,1
75003,27
75003,10
75005,1
75005,7
75006,1
75006,7
75009,16
75009,5
75010,1
75010,5
75011,1
75011,7
75012,1
75012,6
75012,12
75013,16
75014,6
75014,2
75014,3
75015,4
75015,5
75015,3
75016,8
75016,25
75017,1
75017,7
75018,1
75018,16
75019,16
75020,1
75020,2
75020,11
75021,1
75021,16
75025,1
75025,5
75025,3
75026,1
75026,5
75027,10
75029,1
75029,2
75030,1
75030,3
75031,6
75031,3
75032,5
75033,16
75034,16
75034,15
75034,10
75035,20
75036,16
75038,16
75039,23
75040,1
75040,7
75041,1
75041,2
75041,3
75045,20
75046,10
75047,23
75048,23
75049,23
75050,1
75050,3
75050,11
75051,23
75052,5
75052,19
75053,1
75053,18
75054,4
75054,8
75054,25
75056,1
75058,5
75058,11
75060,10
75061,1
75061,7
75062,1
75062,16
75065,1
75065,7
75066,4
75066,8
75066,13
75068,16
75068,14
75070,1
75070,16
75072,16
75074,16
75077,15
75077,13
75077,7
75079,3
75080,1
75080,16
75080,5
75081,1
75081,5
75083,22
75084,16
75084,13
75084,7
75086,1
75088,1
75088,3
75092,1
75092,5
75093,4
75093,15
75094,16
75095,13
75095,7
75096,1
75096,16
75096,13
75097,2
75097,3
75100,16
75102,16
75102,15
75102,7
75104,17
75105,1
75105,7
75106,1
75106,3
75108,1
75109,1
75110,1
75110,5
75111,1
75112,16
75112,7
75113,3
75114,10
75115,15
75116,1
75116,5
75119,1
75119,15
75119,22
75120,1
75120,13
75120,7
75121,16
75121,8
75121,27
75122,1
75122,4
75122,8
75123,27
75124,1
75124,3
75125,17
75126,22
75130,27
75130,11
75132,1
75132,13
75132,7
75134,1
75134,7
75135,13
75135,2
75135,11
75136,4
75137,16
75138,5
75140,16
75142,16
75142,5
75143,18
75144,1
75144,4
75145,1
75145,4
75145,5
75146,1
75146,2
75146,3
75148,1
75148,7
75149,1
75149,7
75151,1
75151,11
75153,1
75153,7
75154,1
75154,7
75155,1
75155,7
75156,1
75156,16
75158,1
75158,7
75159,1
75160,17
75161,1
75161,7
75161,11
75162,16
75162,7
75163,5
75164,1
75164,4
75164,8
75166,5
75166,3
75167,1
75167,16
75167,11
75168,1
75168,5
75169,27
75170,7
75171,16
75171,14
75174,1
75174,7
75175,1
75175,7
75176,8
75176,24
75177,16
75181,5
75181,17
75182,5
75182,17
75183,16
75184,27
75185,1
75185,17
75186,1
75186,16
75187,1
75187,13
75187,7
75188,1
75188,16
75191,1
75194,1
75194,14
75195,3
75195,11
75196,1
75196,16
75196,22
75197,5
75198,1
75198,3
75198,11
75199,1
75199,7
75200,1
75200,21
75200,17
75201,1
75201,11
75202,1
75202,17
75204,10
75205,16
75206,17
75207,20
75207,17
75208,23
75208,24
75210,1
75210,14
75211,1
75211,4
75211,7
75214,1
75215,1
75215,10
75217,7
75218,1
75218,7
75220,22
75222,1
75222,7
75222,3
75223,4
75223,13
75223,11
75224,1
75224,14
75224,7
75225,1
75225,5
75226,11
75226,17
75227,5
75228,1
75228,13
75228,7
75230,1
75231,1
75231,16
75232,27
75232,10
75233,1
75233,7
75234,16
75234,15
75234,14
75235,22
75236,16
75236,8
75236,15
75236,22
75239,5
75239,11
75241,5
75242,5
75244,16
75244,7
75247,10
75248,27
75248,10
75252,16
75252,27
75253,4
75253,8
75253,27
75254,1
75255,27
75256,27
75257,27
75260,16
75262,11
75262,17
75265,1
75265,7
75266,1
75266,7
75267,1
75267,7
75268,1
75268,19
75269,1
75269,7
75270,1
75270,7
75272,23
75273,1
75273,14
75273,7
75275,24
75276,1
75276,16
75276,5
75278,22
75280,16
75280,7
75280,24
75281,1
75281,8
75283,15
75285,24
75286,1
75288,16
75288,4
75288,15
75289,1
75289,16
75289,15
75289,2
75290,1
75290,7
75291,1
75291,4
75291,2
75292,25
75294,1
75294,4
75294,5
75295,1
75295,7
75296,1
75296,16
75300,1
75300,16
75301,1
75301,7
75301,17
75302,1
75302,8
75302,7
75303,18
75304,1
75304,3
75304,17
75306,8
75306,15
75306,13
75306,7
75307,16
75307,15
75307,13
75308,8
75308,15
75308,2
75309,15
75310,1
75310,4
75310,5
75313,16
75313,14
75314,1
75315,1
75315,3
75316,3
75316,11
75317,1
75317,16
75320,1
75320,2
75320,3
75321,16
75322,5
75323,26
75324,27
75325,1
75326,17
75327,16
75327,15
75328,1
75328,7
75329,7
75330,22
75331,4
75332,1
75332,3
75332,11
75334,1
75334,15
75338,16
75338,4
75342,5
75342,3
75342,11
75343,1
75343,4
75343,21
75345,1
75345,14
75345,21
75347,1
75349,1
75349,4
75350,1
75350,7
75352,1
75356,1
75356,16
75358,16
75358,8
75358,27
75360,1
75360,5
75362,1
75363,16
75365,21
75365,17
75366,16
75368,27
75369,10
75370,8
75370,24
75371,16
75371,15
75371,13
75372,4
75372,15
75372,17
75373,16
75373,8
75373,27
75374,23
75375,1
75375,16
75376,1
75377,5
75378,1
75378,16
75378,15
75378,13
75379,4
75379,15
75379,13
75379,7
75380,1
75380,16
75380,15
75380,13
75381,4
75381,8
75381,15
75381,13
75382,1
75382,7
75383,1
75384,1
75385,1
75385,17
75389,27
75389,13
75390,27
75391,27
75391,10
75392,27
75393,1
75393,5
75394,1
75394,7
75395,14
75396,1
75396,16
75397,4
75397,5
75397,11
75398,1
75398,7
75399,7
75400,1
75400,4
75401,15
75402,15
75403,1
75403,11
75405,16
75406,1
75406,5
75406,3
75407,27
75407,10
75410,1
75411,1
75411,17
75412,1
75412,16
75415,16
75416,1
75416,16
75416,7
75417,1
75417,13
75417,7
75422,1
75422,5
75422,3
75423,16
75423,8
75423,2
75424,25
75428,10
75432,1
75432,13
75432,7
75433,1
75433,13
75433,7
75436,21
75436,17
75437,25
75442,5
75447,1
75447,5
75449,1
75449,8
75449,5
75451,23
75452,16
75452,4
75452,8
75453,1
75456,25
75457,1
75457,8
75458,14
75458,25
75459,22
75460,1
75460,3
75461,5
75464,6
75465,1
75465,7
75466,6
75466,3
75466,12
75468,1
75468,8
75468,3
75469,1
75469,16
75471,16
75481,1
75482,1
75486,1
75486,6
75486,3
75487,5
75488,1
75488,5
75489,7
75491,7
75493,1
75493,7
75496,1
75496,17
75497,2
75497,11
75500,15
75503,17
75505,5
75505,18
75505,17
75506,27
75507,1
75507,27
75507,13
75508,1
75508,18
75509,16
75509,14
75510,1
75510,7
75512,15
75512,22
75513,15
75514,1
75514,16
75515,16
75516,1
75516,6
75516,2
75517,16
75517,17
75518,1
75518,5
75519,10
75521,4
75521,8
75522,1
75522,5
75523,26
75525,1
75525,18
75527,16
75528,1
75528,7
75529,1
75529,7
75530,1
75530,5
75531,23
75531,7
75532,4
75532,3
75533,7
75533,28
75533,17
75534,1
75534,5
75534,11
75535,1
75537,16
75538,16
75539,16
75539,10
75541,1
75541,3
75542,1
75542,7
75543,11
75543,17
75544,1
75544,7
75545,1
75545,7
75546,1
75546,7
75549,1
75549,5
75550,4
75550,8
75550,27
75551,1
75551,7
75552,1
75552,7
75553,1
75553,16
75554,1
75557,26
75558,5
75561,5
75562,4
75562,15
75562,13
75562,7
75563,1
75563,15
75563,7
75563,2
75564,1
75565,1
75565,7
75566,4
75566,15
75566,13
75568,1
75571,1
75571,13
75571,7
75572,16
75572,15
75572,22
75573,16
75574,16
75574,14
75575,18
75576,1
75576,7
75577,1
75577,7
75578,1
75578,7
75579,1
75579,7
75580,1
75580,7
75581,1
75581,7
75582,1
75582,7
75583,1
75583,7
75584,1
75584,7
75585,1
75585,7
75586,1
75586,7
75587,1
75587,16
75587,7
75588,13
75589,1
75589,13
75589,7
75590,16
75591,1
75591,13
75591,7
75592,5
75593,1
75594,1
75594,13
75594,7
75595,1
75595,7
75596,1
75597,7
75598,1
75598,11
75599,1
75599,7
75600,1
75600,16
75600,2
75601,1
75601,13
75601,7
75602,1
75602,7
75603,16
75603,4
75604,16
75605,16
75606,23
75607,1
75610,8
75610,24
75611,1
75611,7
75611,11
75612,1
75614,16
75614,27
75614,14
75615,1
75615,16
75615,7
75616,1
75617,1
75617,7
75618,16
75619,27
75620,27
75621,13
75621,6
75621,11
75622,1
75622,7
75622,12
75623,4
75623,13
75624,1
75624,13
75624,7
75625,1
75625,7
75626,1
75626,18
75627,1
75627,2
75628,1
75629,1
75629,19
75630,1
75630,5
75630,11
75631,16
75632,1
75632,18
75633,5
75633,11
75634,1
75634,5
75634,3
75635,1
75635,7
75636,1
75636,21
75636,11
75637,3
75638,1
75638,21
75638,11
75639,1
75641,27
75642,1
75643,16
75643,14
75643,24
75644,1
75644,7
75645,1
75645,7
75646,1
75646,7
75647,1
75647,5
75648,1
75649,16
75649,7
75650,1
75650,7
75651,1
75652,1
75652,16
75652,7
75653,1
75653,16
75654,1
75654,5
75655,1
75655,5
75655,11
75656,1
75656,5
75656,11
75657,1
75659,4
75659,13
75660,16
75661,1
75662,4
75662,8
75662,13
75663,1
75663,7
75664,1
75664,11
75665,1
75665,7
75666,5
75674,16
75676,15
75676,7
75676,28
75677,1
75677,3
75678,18
75679,23
75680,8
75680,24
75682,22
75683,25
75684,1
75684,16
75684,7
75686,4
75686,8
75686,13
75687,1
75687,13
75687,7
75688,4
75688,8
75688,27
75689,1
75689,8
75689,17
75696,16
75698,16
75698,15
75698,13
75698,7
75699,1
75699,16
75700,16
75701,3
75701,11
75702,4
75702,8
75702,13
75703,7
75703,12
75705,1
75705,5
75706,1
75706,16
75706,7
75707,1
75707,7
75708,1
75708,7
75709,1
75709,22
75710,1
75710,15
75710,7
75711,27
75716,16
75716,27
75717,16
75717,27
75718,27
75720,1
75720,4
75721,1
75721,14
75721,7
75722,1
75722,14
75722,7
75723,16
75723,27
75723,13
75726,27
75728,23
75729,15
75729,13
75729,7
75730,1
75730,13
75730,7
75731,1
75731,7
75731,3
75732,21
75733,5
75734,1
75735,21
75736,16
75736,13
75736,7
75737,5
75738,8
75738,13
75738,2
75739,1
75739,13
75739,7
75740,16
75740,13
75740,7
75741,1
75742,27
75742,2
75743,18
75744,1
75744,18
75745,25
75746,1
75746,7
75746,11
75747,1
75747,16
75747,7
75748,15
75749,16
75749,14
75751,16
75752,16
75752,10
75752,7
75753,11
75754,7
75755,1
75756,1
75758,1
75758,7
75759,1
75760,1
75760,7
75761,1
75761,13
75761,7
75764,1
75764,16
75765,1
75767,1
75767,7
75769,1
75769,14
75769,7
75776,7
75777,7
75779,7
75779,11
75780,15
75781,15
75782,1
75782,5
75782,3
75785,27
75786,4
75790,1
75790,16
75790,7
75792,27
75793,1
75793,13
75793,7
75794,7
75795,25
75798,1
75798,7
75799,23
75800,25
75801,16
75802,7
75802,18
75805,21
75805,17
75806,1
75806,7
75807,7
75808,1
75808,7
75809,3
75810,13
75811,1
75812,7
75813,1
75813,7
75814,1
75814,14
75814,7
75815,7
75816,1
75816,7
75817,27
75820,15
75820,2
75827,27
75828,10
75832,7
75833,16
75833,27
75837,10
75839,1
75839,7
75841,22
75847,4
75847,8
75847,13
75848,2
75852,16
75856,1
75856,16
75856,7
75857,1
75858,16
75860,27
75860,23
75861,27
75861,23
75862,15
75862,22
75863,1
75863,7
75864,1
75864,7
75865,21
75865,17
75868,1
75869,1
75870,1
75871,1
75871,2
75871,3
75872,22
75873,16
75875,1
75875,7
75876,4
75876,8
75876,2
75877,16
75880,25
75882,26
75883,7
75885,22
75887,16
75888,1
75888,7
75889,1
75890,1
75891,1
75891,13
75891,7
75892,5
75893,1
75893,7
75894,5
75895,1
75895,8
75896,16
75897,1
75897,13
75897,7
75898,1
75898,13
75898,7
75899,1
75899,11
75900,1
75900,7
75901,14
75901,7
75902,1
75903,7
75904,1
75905,1
75905,13
75905,7
75906,10
75907,8
75907,27
75907,2
75909,16
75914,16
75914,7
75915,17
75916,5
75917,7
75918,6
75918,3
75918,11
75919,1
75919,7
75920,1
75920,7
75922,1
75922,7
75923,1
75923,7
75928,15
75929,1
75930,1
75930,8
75931,8
75939,1
75939,16
75942,27
75943,16
75944,1
75946,1
75946,4
75947,23
75948,14
75949,1
75949,7
75950,1
75951,24
75953,1
75953,16
75953,7
75954,16
75955,1
75955,7
75956,1
75956,7
75956,11
75957,4
75957,8
75957,13
75958,1
75958,7
75961,1
75961,20
75963,22
75964,1
75964,7
75965,1
75965,4
75965,5
75966,16
75966,5
75968,1
75968,16
75969,27
75974,1
75974,5
75977,10
75980,23
75981,21
75981,17
75982,10
75983,1
75983,4
75983,21
75984,1
75984,16
75985,1
75985,7
75986,4
75986,8
75986,13
75987,1
75987,3
75987,11
75988,1
75989,16
75989,8
75989,13
75993,1
75996,1
75997,22
75998,16
75999,1
75999,7
76000,1
76000,16
76000,7
76001,24
76003,5
76004,1
76004,16
76004,3
76005,1
76005,7
76006,4
76006,7
76007,13
76007,6
76007,7
76008,1
76008,7
76009,25
76009,17
76012,11
76012,25
76012,17
76013,7
76016,1
76016,7
76017,1
76017,7
76021,22
76022,17
76023,16
76023,7
76023,12
76024,27
76024,14
76024,10
76025,16
76032,16
76032,5
76033,16
76033,8
76033,13
76037,1
76037,16
76037,11
76038,16
76039,5
76042,5
76042,17
76043,1
76043,4
76043,7
76044,16
76044,7
76045,1
76045,16
76045,7
76046,1
76048,1
76048,21
76048,9
76049,1
76064,5
76065,23
76066,5
76066,11
76067,1
76067,7
76068,7
76069,1
76069,16
76070,1
76071,16
76071,14
76072,5
76073,22
76079,1
76079,5
76080,1
76080,5
76081,1
76081,5
76081,17
76082,7
76083,16
76085,1
76085,7
76086,27
76086,14
76087,16
76088,10
76090,17
76092,10
76093,1
76093,5
76094,5
76095,23
76096,15
76096,13
76096,7
76096,28
76097,1
76097,3
76099,27
76100,16
76100,27
76101,1
76102,1
76102,16
76103,27
76104,11
76105,16
76107,16
76107,4
76107,8
76109,1
76109,4
76109,8
76110,22
76111,22
76112,22
76113,1
76113,16
76114,21
76115,22
76116,4
76116,8
76116,15
76117,1
76117,7
76118,5
76118,11
76119,1
76119,8
76119,13
76120,10
76121,1
76121,16
76123,1
76123,5
76123,3
76125,22
76126,10
76127,1
76127,16
76128,5
76132,17
76133,1
76133,7
76134,1
76134,16
76134,7
76136,16
76140,16
76142,27
76142,2
76144,23
76145,5
76146,23
76147,7
76150,1
76151,27
76151,25
76153,8
76153,2
76155,1
76155,20
76155,17
76156,7
76158,1
76159,1
76163,22
76165,3
76167,16
76168,16
76169,16
76170,16
76171,22
76174,24
76175,1
76175,7
76176,4
76176,8
76177,1
76177,16
76178,1
76178,7
76182,1
76182,14
76182,7
76183,16
76184,1
76185,8
76185,27
76187,16
76188,4
76188,8
76188,13
76190,1
76190,7
76191,1
76191,2
76191,3
76192,1
76192,23
76192,7
76194,1
76194,3
76196,17
76197,18
76198,22
76199,1
76200,4
76200,15
76201,1
76201,4
76201,11
76203,1
76203,14
76203,3
76204,1
76206,1
76206,7
76209,25
76211,18
76212,1
76212,13
76212,11
76218,22
76219,1
76219,3
76221,26
76223,18
76226,7
76227,7
76230,4
76230,8
76230,13
76231,1
76231,7
76232,1
76232,4
76232,17
76233,5
76233,3
76233,11
76234,2
76234,3
76234,11
76235,1
76235,7
76236,1
76236,16
76238,16
76238,27
76240,8
76240,5
76242,4
76242,5
76243,1
76243,7
76244,1
76244,7
76246,11
76249,16
76249,27
76250,1
76250,21
76252,25
76253,27
76253,14
76254,27
76254,14
76255,16
76255,24
76255,22
76256,16
76256,22
76258,8
76258,2
76259,1
76259,7
76260,6
76260,12
76261,1
76262,16
76262,4
76263,1
76263,7
76264,16
76265,16
76266,16
76266,7
76267,16
76267,3
76267,11
76268,16
76268,7
76270,1
76270,7
76271,16
76271,27
76272,14
76272,13
76272,10
76273,16
76276,1
76276,5
76279,10
76280,5
76281,4
76281,15
76282,25
76286,28
76290,4
76296,1
76296,7
76298,27
76298,10
76299,27
76299,23
76300,27
76301,27
76301,25
76303,17
76305,8
76305,24
76309,1
76309,16
76310,23
76313,16
76314,1
76315,16
76316,5
76317,16
76318,16
76319,21
76319,17
76320,5
76321,1
76321,7
76322,23
76323,16
76323,14
76323,7
76324,13
76325,7
76326,1
76326,7
76329,3
76330,16
76330,4
76330,7
76331,1
76331,7
76332,16
76332,7
76333,1
76333,7
76334,1
76334,3
76334,11
76335,1
76335,10
76335,7
76336,16
76336,7
76337,16
76337,7
76337,18
76338,1
76338,3
76338,12
76339,16
76339,7
76340,1
76340,7
76340,17
76345,16
76345,27
76346,1
76346,7
76348,10
76356,5
76357,14
76359,1
76359,5
76360,10
76361,24
76362,16
76363,4
76363,8
76364,1
76364,7
76364,11
76365,1
76365,7
76366,1
76366,7
76367,1
76367,7
76369,7
76370,1
76370,13
76370,7
76371,16
76372,1
76372,7
76373,1
76373,16
76374,16
76374,27
76375,1
76375,7
76376,1
76376,13
76377,1
76377,16
76377,5
76378,16
76378,7
76379,7
76380,16
76380,8
76380,14
76381,16
76381,15
76382,1
76382,9
76383,1
76384,4
76386,10
76387,1
76388,1
76388,7
76389,1
76389,7
76390,1
76390,7
76391,10
76393,1
76393,7
76395,5
76396,1
76396,13
76396,7
76397,25
76398,1
76398,13
76398,7
76399,1
76399,3
76400,1
76400,7
76401,1
76401,11
76402,16
76402,7
76403,1
76403,18
76404,1
76404,7
76405,8
76405,2
76406,1
76406,7
76407,1
76407,19
76408,1
76408,4
76408,5
76413,16
76416,8
76418,16
76420,1
76423,23
76424,20
76425,1
76425,16
76426,1
76426,7
76427,27
76427,25
76428,16
76431,4
76431,8
76431,13
76432,1
76432,7
76433,16
76433,7
76434,5
76435,1
76435,7
76436,1
76437,1
76437,5
76438,1
76438,5
76439,1
76440,1
76441,4
76441,5
76442,1
76442,7
76443,1
76444,19
76446,5
76446,14
76446,7
76448,5
76449,1
76450,19
76451,1
76451,7
76451,11
76452,7
76453,7
76456,17
76461,24
76462,16
76462,15
76462,7
76463,5
76465,7
76467,15
76468,15
76468,2
76470,1
76470,7
76470,17
76471,16
76474,25
76476,16
76478,1
76478,16
76478,5
76484,16
76484,27
76487,16
76488,16
76490,1
76490,21
76494,16
76494,5
76496,26
76497,16
76498,23
76501,1
76501,16
76501,7
76502,16
76506,8
76507,16
76507,22
76508,5
76509,1
76510,14
76510,10
76518,1
76519,22
76520,1
76520,7
76521,16
76521,8
76521,6
76529,1
76529,10
76529,17
76531,16
76531,24
76532,5
76537,1
76537,16
76538,1
76538,4
76538,7
76539,10
76541,1
76541,21
76542,5
76542,22
76543,21
76543,17
76551,16
76551,10
76552,1
76552,4
76552,5
76553,16
76554,1
76555,1
76555,3
76556,23
76557,16
76561,1
76561,16
76562,1
76563,16
76563,7
76565,3
76566,16
76566,14
76567,1
76568,1
76568,5
76570,16
76570,24
76571,16
76571,24
76571,22
76572,3
76573,1
76573,3
76573,9
76575,5
76576,23
76582,7
76584,7
76585,1
76586,5
76586,3
76587,7
76588,1
76588,13
76589,16
76590,16
76590,18
76591,7
76592,18
76593,22
76596,5
76597,23
76604,22
76608,1
76608,7
76609,1
76609,4
76609,5
76610,27
76611,1
76612,22
76613,8
76613,7
76614,7
76615,13
76615,7
76616,16
76616,7
76617,1
76617,5
76621,7
76622,1
76623,7
76624,7
76625,1
76625,14
76626,14
76627,1
76628,11
76629,19
76630,1
76631,1
76632,1
76633,1
76634,1
76637,10
76639,22
76640,5
76640,11
76641,1
76642,1
76643,2
76644,1
76645,16
76646,5
76646,19
76648,5
76650,1
76650,21
76651,11
76652,5
76652,11
76653,5
76653,11
76654,3
76655,8
76655,2
76656,1
76656,13
76656,7
76657,11
76658,22
76662,22
76663,22
76664,23
76664,24
76665,22
76668,24
76669,22
76674,18
76676,18
76677,22
76682,21
76682,17
76683,23
76685,1
76685,5
76685,11
76689,15
76691,1
76691,7
76692,16
76694,1
76694,5
76694,3
76695,17
76695,9
76696,8
76697,16
76697,15
76697,7
76699,7
76700,23
76701,16
76702,22
76705,24
76706,22
76707,23
76715,21
76715,17
76715,9
76717,1
76717,3
76717,11
76718,4
76718,8
76718,13
76719,16
76721,8
76721,13
76721,3
76722,16
76730,1
76730,17
76731,1
76731,3
76731,11
76736,10
76737,16
76741,7
76742,16
76742,27
76746,8
76746,2
76747,23
76748,16
76749,21
76749,17
76750,4
76750,8
76750,13
76751,16
76751,7
76752,23
76752,17
76756,16
76756,7
76757,8
76757,13
76757,7
76758,1
76758,7
76759,15
76759,13
76760,1
76760,4
76761,17
76762,7
76763,10
76764,21
76766,5
76767,1
76767,16
76767,7
76768,16
76768,27
76774,5
76780,1
76780,16
76783,24
76785,27
76788,1
76788,16
76788,7
76789,1
76789,8
76794,1
76802,16
76803,2
76803,3
76804,22
76807,24
76808,1
76808,5
76808,11
76810,23
76810,25
76811,4
76811,8
76811,15
76813,3
76815,25
76816,7
76818,10
76820,4
76821,1
76821,16
76822,1
76823,1
76823,16
76824,7
76825,22
76826,22
76828,14
76830,22
76836,22
76837,22
76838,22
76839,23
76840,17
76841,23
76841,24
76842,27
76843,16
76843,27
76844,1
76844,7
76846,1
76846,17
76849,16
76851,27
76854,5
76854,2
76854,11
76855,1
76855,5
76856,1
76856,16
76856,7
76857,1
76858,1
76858,22
76859,16
76859,7
76865,1
76865,7
76869,1
76870,16
76871,23
76871,24
76871,26
76872,1
76874,1
76874,7
76874,11
76876,16
76876,7
76877,1
76877,19
76879,2
76883,10
76888,16
76889,16
76889,7
76889,24
76890,1
76890,7
76890,11
76891,1
76895,1
76895,7
76897,1
76897,7
76898,1
76898,7
76898,11
76900,1
76900,7
76901,1
76901,8
76901,17
76902,4
76904,1
76905,1
76906,21
76906,17
76907,1
76907,7
76908,1
76908,4
76908,17
76909,1
76909,7
76918,1
76918,7
76919,1
76919,7
76920,1
76920,7
76921,14
76922,1
76922,23
76923,1
76923,7
76924,1
76924,14
76925,1
76926,1
76926,3
76926,11
76933,25
76936,25
76939,7
76941,25
76942,8
76942,24
76944,17
76945,1
76945,3
76945,11
76946,21
76946,9
76947,16
76948,1
76948,16
76950,23
76952,18
76953,24
76953,17
76955,1
76955,7
76956,1
76956,7
76957,16
76978,1
76978,7
76979,1
76991,5
76993,5
76994,16
76995,1
76995,7
76995,3
77001,1
77001,5
77001,3
77003,1
77003,4
77003,2
77004,1
77007,1
77007,17
77008,16
77009,16
77009,18
77010,16
77011,1
77011,16
77012,8
77017,10
77034,22
77035,1
77035,7
77036,16
77036,14
77036,13
77042,7
77045,5
77049,8
77049,17
77055,22
77056,7
77058,1
77058,7
77059,16
77059,22
77060,16
77064,16
77064,22
77065,1
77065,5
77066,20
77067,5
77068,1
77068,13
77068,7
77070,1
77070,16
77070,7
77072,24
77073,4
77073,15
77073,13
77079,5
77081,24
77084,1
77086,7
77087,1
77089,7
77090,1
77090,7
77091,1
77092,1
77092,9
77093,1
77093,5
77094,8
77095,1
77096,1
77097,7
77098,7
77099,7
77107,16
77108,1
77108,7
77109,7
77110,1
77111,4
77111,7
77112,7
77113,1
77113,5
77114,7
77117,11
77119,7
77120,1
77120,11
77122,7
77123,16
77123,7
77125,1
77125,3
77126,1
77126,3
77128,1
77128,4
77128,8
77129,1
77130,1
77132,7
77133,16
77134,2
77134,11
77134,12
77137,23
77137,24
77138,10
77139,6
77139,11
77140,1
77140,16
77140,12
77142,1
77142,7
77143,1
77143,7
77144,1
77144,11
77145,5
77145,3
77146,27
77147,4
77147,7
77147,19
77148,1
77148,7
77148,11
77151,20
77152,1
77152,16
77152,7
77153,1
77153,7
77154,16
77154,8
77154,20
77155,5
77156,1
77156,5
77158,16
77160,1
77160,7
77164,10
77165,15
77166,15
77167,15
77173,1
77175,1
77175,4
77176,1
77178,11
77179,1
77179,7
77180,16
77181,5
77181,11
77182,7
77183,1
77183,11
77186,16
77189,16
77190,1
77190,16
77190,7
77192,1
77192,16
77196,24
77197,1
77213,5
77214,17
77215,8
77222,16
77223,17
77224,17
77225,5
77226,11
77227,8
77228,23
77229,1
77229,7
77230,1
77230,7
77231,11
77232,1
77232,7
77233,1
77236,16
77236,23
77237,1
77237,3
77240,1
77240,5
77240,11
77241,15
77241,6
77241,11
77246,1
77248,26
77249,10
77250,22
77251,5
77252,5
77255,26
77257,13
77257,7
77257,11
77260,27
77261,1
77261,7
77262,22
77266,7
77266,11
77266,12
77267,7
77267,12
77268,1
77268,7
77270,5
77271,7
77271,18
77271,19
77273,23
77274,16
77279,8
77279,24
77281,17
77283,1
77283,7
77284,7
77285,7
77286,7
77287,1
77289,11
77290,1
77291,1
77292,1
77292,14
77293,1
77293,11
77294,1
77295,7
77296,7
77297,1
77297,7
77298,1
77299,26
77300,26
77301,7
77302,1
77303,5
77304,1
77304,5
77305,16
77306,1
77306,7
77306,9
77307,1
77307,14
77308,1
77308,14
77308,12
77312,1
77312,7
77320,1
77320,5
77321,1
77321,15
77321,2
77322,7
77323,21
77323,17
77324,1
77324,7
77325,17
77326,1
77326,7
77327,1
77327,16
77327,11
77328,1
77328,7
77329,17
77330,7
77332,1
77332,7
77333,3
77333,11
77335,22
77336,11
77337,5
77342,22
77344,16
77346,1
77346,7
77347,1
77347,7
77348,1
77348,5
77349,16
77353,10
77355,1
77355,16
77355,7
77356,27
77358,1
77360,6
77360,11
77363,17
77369,7
77370,16
77371,7
77372,7
77373,7
77374,7
77375,7
77376,1
77376,4
77376,15
77376,13
77379,16
77382,7
77383,4
77383,15
77383,5
77383,13
77388,1
77388,3
77389,1
77389,5
77389,3
77391,1
77391,11
77392,4
77392,8
77392,13
77395,1
77395,21
77396,16
77399,10
77403,27
77404,1
77404,16
77405,1
77406,16
77406,2
77408,7
77411,1
77411,7
77412,1
77412,7
77414,1
77414,5
77416,1
77416,5
77417,1
77417,9
77421,1
77421,7
77423,1
77424,1
77424,16
77424,7
77425,23
77427,4
77427,5
77427,11
77429,16
77429,23
77430,1
77431,11
77432,1
77432,7
77433,7
77434,1
77434,14
77435,16
77436,2
77436,11
77438,16
77440,15
77440,7
77441,27
77441,13
77447,5
77451,22
77454,1
77454,3
77455,1
77455,7
77456,3
77458,1
77458,16
77459,16
77460,3
77461,2
77462,1
77462,7
77463,7
77465,1
77465,3
77466,1
77466,4
77466,5
77467,1
77468,16
77469,1
77469,3
77469,11
77471,10
77471,7
77472,1
77473,7
77474,7
77475,16
77475,7
77476,7
77477,1
77477,13
77477,7
77478,7
77479,7
77480,1
77480,7
77481,1
77481,7
77482,16
77483,7
77484,7
77485,27
77486,16
77486,14
77488,27
77489,25
77492,5
77493,5
77493,22
77494,18
77495,5
77496,1
77496,16
77498,1
77498,5
77501,14
77503,1
77503,11
77513,15
77516,6
77516,12
77522,21
77522,17
77529,2
77529,3
77529,11
77531,21
77531,17
77532,8
77532,24
77533,25
77534,10
77535,6
77535,3
77535,12
77536,1
77536,14
77536,7
77537,16
77537,15
77537,7
77539,1
77539,7
77539,17
77546,1
77546,4
77546,5
77548,7
77549,1
77550,11
77551,1
77551,16
77551,13
77552,5
77553,1
77553,7
77558,1
77558,4
77558,17
77559,1
77559,7
77560,16
77561,1
77561,16
77561,7
77562,1
77562,16
77562,14
77563,16
77565,16
77566,1
77566,16
77567,10
77567,25
77569,1
77569,17
77570,1
77570,7
77571,1
77572,1
77572,3
77573,22
77574,6
77578,1
77578,7
77578,11
77579,4
77579,13
77580,14
77581,1
77581,7
77582,7
77583,1
77583,5
77586,4
77586,15
77586,13
77589,7
77590,21
77590,17
77592,16
77592,27
77611,7
77612,16
77613,1
77613,5
77613,3
77614,16
77614,8
77614,13
77616,1
77616,11
77616,9
77617,1
77617,5
77617,3
77620,10
77621,1
77621,7
77624,26
77625,5
77625,3
77627,22
77628,22
77629,10
77630,17
77634,1
77634,11
77638,7
77639,1
77641,7
77641,11
77642,13
77642,7
77644,3
77644,11
77652,1
77652,5
77652,11
77660,16
77661,5
77662,4
77662,8
77662,13
77663,16
77663,7
77665,4
77665,15
77669,1
77669,5
77669,11
77670,10
77672,16
77674,1
77674,2
77674,11
77675,1
77675,5
77675,3
77676,16
77692,25
77692,17
77693,23
77694,5
77695,5
77696,26
77700,16
77702,27
77703,7
77705,3
77706,1
77706,16
77707,1
77707,7
77708,7
77709,4
77709,15
77709,2
77710,16
77710,27
77714,4
77714,27
77714,2
77715,5
77715,17
77716,5
77716,17
77717,1
77717,21
77718,1
77718,7
77719,7
77720,11
77721,5
77723,8
77723,25
77724,5
77724,3
77725,1
77725,5
77725,11
77726,25
77728,16
77732,17
77733,11
77735,1
77735,13
77735,7
77736,1
77737,8
77737,13
77737,7
77738,7
77739,1
77739,7
77741,4
77741,8
77741,13
77742,1
77743,1
77744,16
77744,7
77745,1
77745,7
77746,1
77746,7
77747,1
77747,3
77749,7
77750,1
77750,7
77757,16
77757,24
77759,1
77759,7
77759,11
77760,10
77763,4
77763,9
77764,5
77764,11
77765,17
77767,4
77767,14
77767,2
77768,1
77768,5
77768,19
77769,1
77771,1
77771,7
77772,1
77772,21
77772,17
77773,1
77773,5
77773,3
77774,1
77776,16
77776,7
77777,8
77777,15
77777,13
77778,6
77778,2
77778,3
77780,25
77781,1
77781,3
77781,11
77782,1
77782,16
77785,25
77786,1
77787,5
77787,3
77788,16
77788,11
77789,1
77789,7
77790,1
77790,8
77791,1
77792,4
77792,25
77792,17
77793,16
77793,7
77794,16
77794,14
77796,16
77796,12
77802,1
77803,4
77803,15
77803,13
77804,11
77804,17
77804,12
77805,16
77805,15
77805,7
77806,1
77806,15
77806,11
77809,23
77809,24
77810,6
77811,1
77811,7
77812,1
77812,16
77815,1
77815,5
77815,3
77818,7
77819,13
77819,7
77820,4
77820,8
77820,13
77821,1
77821,7
77822,7
77823,16
77823,5
77823,11
77824,1
77824,5
77825,11
77826,5
77826,11
77827,1
77827,5
77828,8
77828,15
77828,13
77829,16
77829,15
77832,15
77832,17
77833,1
77833,15
77833,11
77834,16
77834,15
77834,7
77835,16
77835,15
77837,27
77838,1
77838,7
77839,7
77840,21
77840,17
77841,5
77841,11
77842,10
77842,7
77843,7
77844,16
77844,5
77845,16
77845,4
77847,16
77847,15
77847,13
77850,16
77850,15
77850,7
77851,16
77851,15
77851,7
77852,15
77852,13
77853,16
77853,15
77855,1
77855,18
77856,1
77856,5
77859,24
77863,1
77863,16
77865,1
77865,7
77866,27
77868,1
77868,3
77869,11
77870,1
77870,7
77871,1
77871,7
77875,1
77875,7
77876,17
77877,1
77877,7
77878,7
77879,7
77880,1
77881,7
77882,1
77883,7
77884,1
77884,5
77885,2
77885,11
77889,14
77889,7
77891,1
77892,1
77892,5
77893,16
77893,14
77893,13
77894,1
77894,7
77897,22
77899,23
77899,24
77901,17
77906,7
77907,10
77911,16
77911,4
77911,8
77912,27
77913,27
77914,27
77915,7
77916,13
77916,7
77917,8
77917,13
77919,1
77919,11
77920,7
77923,16
77924,1
77924,16
77924,14
77926,5
77926,3
77926,17
77930,1
77930,5
77932,16
77932,15
77932,22
77933,10
77934,22
77935,22
77936,22
77937,23
77938,16
77940,10
77941,1
77941,2
77941,11
77943,4
77943,2
77943,9
77948,5
77948,17
77948,9
77949,7
77950,7
77951,1
77951,7
77952,1
77952,16
77953,22
77954,25
77954,17
77956,16
77957,1
77957,27
77958,1
77958,7
77959,1
77959,7
77962,22
77964,26
77968,8
77968,23
77968,13
77969,1
77969,7
77972,7
77974,1
77974,13
77974,7
77977,16
77979,1
77979,3
77980,21
77980,17
77981,23
77981,7
77982,7
77987,1
77988,1
77989,16
77991,1
77991,17
77993,1
77993,11
77994,1
77994,16
77994,7
77995,8
77995,15
77995,13
77997,25
78001,1
78001,16
78003,25
78004,23
78008,1
78008,4
78008,5
78010,1
78010,7
78010,11
78013,1
78013,4
78013,8
78014,1
78014,18
78015,1
78015,5
78017,7
78019,7
78020,1
78020,5
78021,16
78022,16
78022,8
78023,5
78024,7
78025,3
78025,11
78026,11
78028,27
78029,22
78030,1
78030,5
78032,1
78032,5
78033,8
78033,2
78035,13
78035,7
78035,11
78036,1
78036,5
78036,3
78039,1
78039,11
78041,1
78041,16
78041,7
78042,1
78042,5
78044,14
78045,7
78046,4
78046,25
78047,21
78047,17
78049,1
78049,16
78049,14
78050,16
78050,19
78051,1
78051,3
78052,16
78054,21
78055,1
78056,1
78056,7
78057,5
78057,3
78058,1
78061,1
78062,21
78062,17
78063,4
78063,5
78064,1
78065,7
78067,1
78068,1
78068,5
78068,19
78069,1
78070,19
78071,1
78072,11
78073,2
78074,2
78075,2
78076,16
78076,7
78077,1
78078,1
78078,18
78079,1
78079,27
78079,7
78081,24
78083,1
78083,12
78085,1
78087,7
78088,23
78090,16
78090,12
78091,3
78094,16
78095,1
78095,5
78096,5
78097,16
78098,5
78099,16
78099,5
78100,16
78101,3
78102,7
78104,3
78105,5
78105,17
78111,1
78112,1
78112,16
78112,5
78118,1
78118,3
78118,19
78119,16
78119,5
78120,1
78120,5
78120,3
78123,4
78123,5
78123,3
78124,1
78125,16
78125,14
78125,7
78127,1
78127,14
78129,13
78129,7
78130,1
78131,1
78131,7
78132,5
78132,14
78132,11
78133,1
78133,5
78134,1
78134,3
78135,1
78135,16
78136,5
78136,11
78137,1
78137,5
78138,7
78139,5
78139,11
78140,7
78158,7
78163,7
78165,1
78166,16
78166,10
78167,7
78167,22
78169,5
78169,3
78169,11
78170,1
78179,1
78179,8
78179,17
78183,5
78183,3
78183,11
78184,1
78184,16
78186,16
78188,1
78188,27
78191,4
78191,15
78191,7
78195,4
78195,8
78195,13
78200,25
78201,1
78201,5
78202,4
78202,8
78202,13
78203,1
78203,13
78204,1
78205,22
78206,16
78207,1
78207,7
78208,1
78209,1
78209,16
78209,7
78210,14
78211,5
78211,7
78211,11
78213,5
78213,7
78213,11
78214,5
78215,1
78215,16
78217,1
78218,4
78218,22
78219,15
78220,1
78222,5
78223,5
78225,1
78226,1
78227,5
78228,16
78232,17
78233,1
78233,5
78234,16
78241,1
78241,13
78242,16
78251,1
78253,25
78260,16
78262,1
78262,16
78262,7
78263,10
78266,27
78266,25
78267,17
78269,5
78270,25
78279,1
78279,7
78280,1
78280,7
78282,1
78283,1
78283,5
78284,22
78288,8
78288,27
78291,10
78293,16
78293,5
78293,3
78295,1
78295,19
78297,1
78298,1
78298,7
78300,1
78300,19
78302,17
78304,16
78305,1
78305,22
78306,5
78306,7
78306,11
78307,16
78309,1
78309,7
78310,17
78312,25
78314,25
78315,1
78315,7
78316,15
78316,13
78316,7
78318,8
78318,7
78319,1
78320,10
78322,1
78322,17
78322,9
78324,3
78324,19
78325,1
78325,7
78327,16
78327,13
78328,21
78328,17
78332,23
78333,21
78333,17
78334,1
78334,16
78334,5
78335,16
78335,11
78337,17
78341,27
78342,16
78342,15
78342,2
78344,16
78344,27
78345,27
78346,16
78346,14
78348,1
78354,6
78354,11
78355,1
78355,7
78356,1
78356,2
78356,3
78360,1
78361,1
78361,16
78362,1
78362,16
78363,22
78364,23
78364,24
78365,16
78366,7
78368,16
78370,16
78373,4
78373,13
78374,1
78375,16
78375,7
78376,16
78376,14
78376,13
78377,1
78388,5
78389,16
78390,1
78390,3
78393,1
78393,14
78393,7
78394,10
78395,1
78395,7
78396,1
78396,3
78396,19
78397,27
78397,7
78399,5
78399,17
78400,7
78401,1
78401,7
78402,1
78403,16
78403,5
78405,1
78405,16
78407,1
78407,7
78407,11
78412,21
78412,17
78413,1
78413,11
78414,22
78415,1
78415,7
78416,1
78417,1
78417,18
78418,1
78418,16
78419,21
78419,17
78420,16
78421,5
78423,1
78423,7
78424,1
78424,5
78426,5
78427,10
78428,5
78429,5
78430,17
78432,22
78439,1
78439,16
78439,5
78441,18
78442,6
78442,11
78442,12
78443,16
78446,5
78451,1
78451,22
78453,1
78453,16
78453,7
78454,23
78454,24
78455,1
78455,7
78456,17
78457,17
78458,1
78458,7
78459,7
78460,1
78461,1
78461,7
78462,7
78463,7
78464,1
78464,11
78465,5
78467,7
78468,16
78468,23
78469,22
78471,1
78471,20
78472,16
78472,13
78472,7
78473,27
78474,27
78475,27
78476,27
78477,27
78478,16
78479,1
78479,18
78480,5
78482,5
78483,1
78483,5
78484,5
78486,1
78486,5
78487,5
78487,3
78488,5
78488,17
78490,1
78490,7
78492,1
78492,16
78492,11
78494,16
78495,7
78496,7
78497,7
78498,16
78499,7
78501,5
78502,23
78509,16
78510,16
78513,16
78513,14
78514,16
78514,14
78519,1
78522,5
78523,5
78523,18
78524,5
78530,8
78530,13
78530,3
78531,23
78531,7
78532,7
78533,13
78533,7
78534,1
78534,16
78534,7
78535,1
78535,15
78535,13
78536,5
78536,11
78538,5
78538,7
78538,11
78539,5
78539,7
78539,11
78540,15
78540,13
78540,7
78541,24
78542,7
78547,22
78549,1
78549,11
78551,5
78552,1
78553,16
78553,7
78554,16
78554,13
78555,13
78555,7
78556,1
78556,7
78557,1
78557,11
78558,1
78558,7
78559,1
78560,1
78560,7
78561,1
78561,5
78563,7
78564,7
78565,7
78566,1
78566,3
78567,25
78569,1
78569,7
78570,1
78570,5
78571,6
78573,1
78573,16
78573,11
78574,4
78574,8
78574,15
78574,13
78575,5
78578,25
78580,16
78581,27
78582,1
78582,5
78583,1
78583,7
78584,1
78584,7
78585,1
78585,5
78586,1
78586,14
78586,7
78588,10
78589,1
78589,16
78589,7
78590,16
78592,16
78592,27
78593,27
78594,27
78601,27
78605,1
78605,14
78605,7
78606,5
78608,23
78610,1
78610,5
78610,3
78611,1
78611,7
78613,7
78621,6
78621,11
78622,16
78622,2
78623,5
78624,16
78624,12
78625,15
78625,12
78626,16
78627,1
78627,13
78627,21
78628,10
78630,4
78630,8
78630,15
78631,4
78632,1
78633,10
78634,1
78634,5
78634,3
78637,16
78637,7
78638,16
78638,6
78639,22
78640,1
78640,8
78640,2
78641,4
78641,5
78641,3
78642,4
78642,2
78642,11
78643,10
78644,25
78645,1
78645,7
78649,16
78650,17
78651,16
78651,7
78652,14
78655,16
78656,16
78656,15
78656,13
78658,1
78658,7
78659,16
78659,7
78660,5
78662,8
78662,27
78663,5
78664,1
78665,1
78665,5
78665,11
78666,1
78667,4
78672,1
78672,10
78674,1
78675,1
78675,13
78675,7
78676,16
78676,7
78678,5
78679,16
78681,1
78681,16
78682,1
78682,16
78682,14
78683,1
78684,5
78685,1
78685,17
78687,7
78688,8
78688,24
78689,1
78689,14
78689,10
78690,4
78691,11
78693,1
78694,1
78695,1
78695,18
78696,1
78696,12
78698,1
78698,7
78698,11
78704,1
78704,5
78704,11
78705,1
78705,21
78706,7
78709,4
78709,11
78709,17
78710,7
78712,1
78712,5
78713,1
78713,3
78714,27
78714,10
78716,1
78716,7
78717,5
78717,11
78718,17
78719,7
78720,7
78723,4
78723,8
78723,13
78724,1
78724,7
78726,6
78727,1
78727,7
78727,17
78732,1
78732,7
78733,17
78734,5
78734,3
78734,11
78735,1
78736,17
78737,25
78738,4
78738,25
78739,1
78739,7
78741,6
78741,12
78742,7
78743,23
78743,24
78744,1
78744,11
78745,1
78746,22
78749,16
78749,4
78749,8
78751,1
78751,7
78753,22
78754,8
78754,24
78756,5
78758,1
78758,3
78758,11
78768,8
78768,24
78772,1
78772,5
78773,7
78775,5
78776,16
78777,5
78778,5
78780,1
78781,17
78782,1
78782,7
78785,16
78788,16
78788,12
78789,16
78790,8
78790,27
78790,20
78794,22
78796,15
78798,16
78798,15
78798,13
78801,16
78801,22
78802,16
78802,27
78809,10
78810,14
78810,11
78815,25
78816,5
78817,1
78817,7
78819,1
78821,1
78821,7
78822,8
78822,11
78823,16
78827,16
78827,27
78830,25
78831,5
78832,15
78832,22
78847,16
78847,24
78848,16
78851,7
78852,7
78855,1
78856,1
78856,16
78857,16
78858,1
78858,3
78858,11
78859,1
78859,7
78860,23
78863,1
78863,5
78869,16
78869,27
78870,16
78872,1
78872,7
78874,16
78875,21
78875,17
78876,1
78876,7
78877,1
78877,14
78877,7
78878,1
78878,7
78879,22
78880,1
78880,3
78880,9
78884,18
78885,18
78886,5
78887,27
78887,10
78888,1
78888,16
78890,10
78892,16
78895,1
78895,16
78895,10
78896,1
78896,16
78900,1
78900,16
78902,16
78903,16
78903,14
78905,1
78905,4
78905,7
78907,1
78907,3
78907,17
78908,15
78909,1
78911,1
78911,5
78913,16
78914,16
78917,1
78917,16
78917,11
78918,22
78921,1
78921,7
78922,1
78922,16
78922,7
78925,23
78926,22
78927,16
78929,24
78930,1
78930,7
78933,22
78936,1
78936,7
78938,1
78938,8
78939,16
78939,10
78941,1
78941,15
78941,7
78942,1
78942,5
78942,11
78943,1
78943,16
78944,11
78945,16
78946,22
78948,1
78949,17
78950,17
78952,5
78957,4
78957,15
78957,13
78958,17
78961,16
78961,27
78961,25
78962,1
78964,5
78964,18
78965,1
78965,3
78966,22
78967,5
78968,5
78969,5
78969,6
78971,16
78973,7
78977,22
78978,16
78980,16
78980,7
78982,16
78983,16
78983,8
78986,1
78986,3
78987,1
78987,16
78987,7
78988,1
78988,5
78989,16
78990,16
78992,4
78992,13
78993,16
78993,15
78993,7
78994,16
78994,15
78994,7
78995,4
78995,15
78995,13
78995,28
78996,16
78997,24
78999,16
79000,17
79001,7
79002,1
79002,7
79003,23
79003,18
79003,19
79007,16
79007,7
79011,16
79011,17
79012,16
79013,8
79013,25
79014,10
79018,1
79018,16
79019,5
79019,13
79019,19
79020,1
79020,7
79021,1
79024,1
79024,5
79025,22
79027,1
79027,7
79029,5
79032,22
79033,4
79033,15
79033,22
79034,1
79034,7
79036,24
79038,16
79038,22
79040,16
79040,27
79041,1
79042,7
79042,2
79042,11
79043,1
79043,5
79043,3
79044,16
79044,15
79044,7
79045,1
79045,7
79046,1
79046,16
79047,17
79048,17
79049,1
79049,7
79049,11
79050,1
79051,1
79051,16
79052,16
79052,15
79052,17
79053,1
79053,16
79053,8
79055,1
79056,15
79057,1
79057,4
79057,8
79058,1
79058,7
79059,17
79060,7
79065,17
79066,5
79067,23
79071,5
79072,27
79073,14
79073,7
79074,1
79074,5
79075,10
79077,18
79078,5
79083,1
79083,16
79083,5
79084,4
79084,8
79084,2
79085,16
79086,1
79086,7
79087,1
79087,11
79088,23
79089,5
79089,3
79090,1
79090,5
79093,4
79093,8
79093,27
79095,8
79095,27
79098,4
79098,5
79098,3
79100,1
79101,1
79101,5
79101,3
79102,1
79102,5
79106,1
79106,16
79107,1
79107,4
79107,3
79109,16
79111,7
79112,13
79112,7
79113,1
79113,5
79113,11
79121,7
79122,8
79122,27
79122,11
79124,1
79124,7
79124,11
79125,1
79125,16
79126,8
79127,1
79127,5
79127,3
79128,7
79129,1
79129,21
79129,17
79130,16
79131,5
79132,1
79132,3
79132,17
79133,4
79133,8
79133,15
79134,1
79134,15
79134,7
79135,16
79135,15
79135,13
79136,4
79136,15
79136,13
79137,7
79137,11
79138,22
79139,7
79140,14
79143,7
79144,7
79145,1
79145,15
79145,13
79146,8
79146,15
79146,13
79147,15
79147,5
79147,3
79151,16
79151,15
79151,13
79152,1
79152,15
79152,17
79153,16
79153,15
79153,13
79154,16
79155,8
79157,1
79158,4
79158,15
79158,13
79159,15
79160,16
79160,7
79161,16
79161,15
79161,14
79161,7
79162,1
79162,7
79162,11
79163,1
79164,24
79165,25
79173,5
79175,5
79177,1
79178,1
79178,16
79180,1
79182,4
79182,8
79185,3
79185,9
79190,22
79191,1
79191,7
79192,1
79192,3
79192,12
79196,19
79198,5
79200,1
79200,16
79200,2
79201,16
79203,1
79206,23
79207,24
79210,23
79213,23
79213,7
79220,16
79220,27
79221,16
79221,8
79221,28
79222,16
79223,1
79226,10
79227,1
79229,26
79230,25
79231,25
79233,21
79233,17
79234,17
79235,7
79236,22
79240,5
79241,16
79241,7
79242,1
79242,4
79242,8
79243,5
79245,23
79246,10
79247,1
79247,21
79250,7
79251,7
79252,1
79253,7
79255,22
79256,1
79256,7
79258,5
79259,7
79260,1
79260,13
79260,7
79270,16
79273,1
79276,27
79282,24
79285,22
79286,23
79286,24
79287,23
79288,23
79290,10
79291,10
79292,10
79295,1
79295,14
79298,1
79298,5
79299,7
79300,7
79301,25
79302,1
79302,3
79303,20
79304,8
79304,27
79304,25
79305,1
79305,15
79305,22
79306,4
79306,15
79306,13
79307,1
79308,15
79309,1
79309,7
79310,1
79310,7
79311,5
79313,24
79313,17
79315,16
79315,4
79315,15
79315,27
79316,1
79316,16
79316,5
79317,1
79317,16
79317,7
79319,1
79319,7
79323,16
79324,16
79324,3
79324,12
79325,1
79326,1
79326,5
79326,3
79327,22
79328,17
79330,1
79330,17
79331,10
79332,1
79332,7
79332,3
79333,3
79334,1
79339,8
79339,24
79340,7
79341,1
79341,5
79343,1
79343,16
79343,7
79344,1
79344,7
79345,22
79346,21
79347,7
79348,7
79349,7
79350,16
79352,1
79352,7
79354,1
79354,21
79356,5
79356,3
79357,1
79358,1
79358,16
79358,4
79359,16
79360,1
79360,16
79361,1
79361,13
79361,11
79363,10
79364,1
79364,16
79364,7
79365,16
79368,23
79370,23
79371,1
79371,16
79371,10
79372,1
79374,7
79375,4
79375,8
79375,15
79375,13
79379,16
79379,2
79381,10
79382,22
79383,23
79384,23
79385,5
79385,12
79387,7
79388,7
79390,16
79390,6
79390,12
79391,5
79392,5
79392,7
79392,11
79393,5
79393,7
79393,11
79399,1
79399,7
79402,1
79402,16
79402,7
79403,23
79403,24
79404,10
79405,5
79406,1
79406,7
79406,11
79407,1
79407,5
79408,16
79408,11
79410,5
79410,7
79410,11
79412,7
79419,1
79419,8
79420,1
79420,16
79420,3
79421,27
79424,23
79426,1
79426,7
79427,1
79428,7
79429,10
79431,1
79431,5
79431,11
79444,15
79445,1
79445,5
79446,4
79446,3
79446,9
79447,16
79450,1
79452,25
79453,5
79453,7
79453,11
79455,1
79455,16
79455,15
79456,4
79456,15
79456,13
79457,1
79457,7
79459,25
79460,23
79460,24
79463,25
79464,1
79464,10
79464,7
79465,1
79465,10
79465,7
79467,1
79467,10
79467,7
79470,1
79470,5
79472,5
79473,8
79473,7
79475,8
79475,7
79476,8
79476,7
79477,8
79477,7
79478,8
79478,7
79479,1
79479,4
79479,5
79481,1
79481,14
79485,10
79486,1
79486,3
79488,3
79489,1
79489,16
79489,8
79490,8
79490,21
79492,1
79492,7
79493,16
79494,7
79495,4
79495,8
79496,7
79497,25
79498,1
79498,10
79499,22
79500,1
79500,5
79503,1
79503,7
79503,11
79504,8
79505,16
79506,8
79506,27
79506,13
79512,1
79512,4
79512,7
79513,25
79514,21
79514,17
79515,23
79516,22
79517,5
79518,23
79519,8
79520,4
79520,8
79523,7
79524,1
79524,5
79525,1
79526,1
79526,11
79529,8
79529,2
79531,16
79531,8
79531,11
79533,16
79533,15
79537,3
79537,11
79537,12
79538,7
79539,5
79546,11
79547,16
79548,7
79549,1
79549,7
79550,10
79550,17
79551,16
79551,13
79551,17
79552,16
79552,27
79553,5
79554,24
79555,10
79556,1
79556,16
79558,16
79558,5
79562,1
79562,8
79562,5
79563,7
79564,1
79564,4
79565,25
79566,5
79567,1
79567,7
79568,8
79568,27
79568,13
79572,7
79574,7
79575,7
79578,7
79579,1
79580,1
79580,5
79581,20
79583,16
79583,24
79584,17
79586,25
79587,1
79587,16
79589,15
79589,13
79589,7
79591,1
79591,3
79592,1
79592,5
79592,11
79595,1
79595,5
79595,7
79596,8
79596,22
79597,4
79597,8
79598,25
79599,16
79600,1
79600,3
79603,1
79603,27
79604,1
79604,16
79604,5
79605,8
79612,1
79612,16
79614,1
79614,10
79626,16
79628,16
79629,5
79630,22
79631,1
79631,5
79631,11
79632,23
79634,16
79634,12
79636,16
79637,16
79637,8
79637,27
79638,16
79639,8
79639,25
79640,16
79641,1
79641,18
79643,16
79649,5
79650,1
79650,3
79651,16
79652,7
79653,7
79654,1
79658,5
79659,8
79662,5
79662,11
79667,11
79668,22
79669,1
79669,16
79670,7
79671,1
79672,16
79672,4
79672,5
79673,16
79674,1
79674,5
79674,3
79678,3
79680,22
79681,16
79682,1
79682,3
79684,1
79685,1
79685,16
79686,16
79687,1
79687,16
79687,7
79688,5
79691,11
79693,1
79694,23
79694,7
79695,16
79695,14
79696,1
79697,1
79697,16
79698,16
79698,20
79699,20
79700,1
79700,8
79702,1
79702,19
79705,10
79707,16
79708,16
79709,16
79710,1
79711,16
79712,3
79712,9
79713,1
79713,16
79714,5
79715,1
79715,4
79715,8
79718,5
79719,16
79719,6
79722,16
79722,27
79722,22
79723,27
79725,3
79727,20
79730,23
79732,7
79740,25
79741,1
79742,23
79743,3
79743,20
79743,11
79744,1
79744,16
79745,1
79745,10
79745,7
79746,1
79746,10
79746,7
79753,16
79753,27
79756,16
79766,1
79767,23
79769,1
79771,1
79771,16
79774,16
79775,1
79775,18
79776,1
79776,16
79777,22
79778,25
79779,5
79780,8
79780,25
79781,14
79782,5
79784,5
79785,5
79788,8
79790,25
79791,23
79792,16
79793,16
79794,1
79794,16
79795,16
79796,16
79799,1
79800,16
79801,18
79802,1
79803,7
79804,16
79804,8
79805,7
79806,22
79807,1
79807,5
79808,5
79809,16
79812,16
79815,1
79815,7
79816,1
79816,16
79816,18
79818,12
79819,1
79820,16
79821,10
79822,22
79823,16
79826,7
79827,1
79827,7
79828,1
79828,22
79829,7
79830,1
79830,16
79831,22
79832,1
79832,16
79833,1
79833,5
79833,3
79835,1
79835,16
79837,1
79837,7
79838,1
79838,16
79839,23
79840,5
79840,3
79842,1
79844,1
79844,27
79845,7
79846,1
79846,7
79847,4
79847,11
79848,1
79849,16
79850,16
79852,4
79852,13
79852,2
79855,16
79856,16
79860,7
79861,11
79862,1
79863,16
79864,16
79865,16
79866,16
79867,1
79867,5
79867,11
79868,1
79868,16
79868,7
79875,16
79877,16
79878,16
79880,5
79880,11
79881,1
79881,11
79882,16
79883,16
79884,1
79884,5
79885,1
79885,5
79885,3
79886,16
79887,1
79887,4
79887,5
79892,5
79892,11
79893,1
79893,7
79893,11
79895,1
79897,22
79901,23
79902,16
79904,16
79904,17
79905,10
79907,1
79907,16
79908,16
79909,16
79910,7
79911,7
79912,1
79912,7
79913,13
79913,7
79914,5
79914,7
79914,3
79916,6
79916,2
79916,3
79919,5
79920,8
79920,27
79920,13
79921,5
79922,7
79923,8
79924,25
79925,5
79925,18
79926,5
79928,15
79928,7
79929,7
79932,1
79932,7
79937,16
79938,16
79942,1
79942,7
79944,1
79944,7
79945,15
79946,23
79947,1
79947,8
79947,13
79949,10
79950,1
79951,5
79952,16
79952,4
79952,11
79953,22
79954,1
79956,6
79957,23
79959,16
79960,1
79961,1
79962,16
79962,10
79963,1
79963,7
79965,5
79967,13
79967,7
79968,22
79969,1
79973,16
79974,16
79975,16
79980,1
79980,14
79981,1
79981,17
79981,19
79982,5
79984,1
79984,7
79986,5
79987,24
79988,16
79989,16
79992,23
79993,8
79993,25
79997,1
79997,27
79998,7
79999,15
79999,6
79999,2
80001,27
80002,16
80003,1
80003,16
80006,16
80007,16
80008,16
80009,1
80009,2
80010,1
80010,3
80012,27
80014,1
80014,6
80014,3
80016,1
80016,5
80017,7
80018,1
80018,5
80018,7
80019,1
80019,7
80022,16
80023,22
80026,7
80027,1
80028,16
80029,7
80030,1
80031,1
80031,7
80032,1
80033,4
80033,8
80033,13
80034,22
80035,16
80036,22
80037,11
80038,1
80039,5
80040,1
80042,1
80044,23
80046,1
80046,5
80047,16
80047,7
80048,1
80048,7
80049,16
80050,1
80050,4
80050,13
80051,16
80052,1
80052,13
80052,7
80053,1
80053,7
80054,5
80054,3
80054,11
80055,7
80056,7
80057,7
80058,1
80059,1
80059,7
80059,17
80060,7
80062,1
80064,7
80065,16
80069,23
80071,16
80072,16
80073,16
80075,7
80075,17
80078,5
80080,4
80080,8
80080,15
80081,1
80082,22
80083,25
80084,25
80085,25
80086,1
80086,5
80086,11
80088,1
80088,16
80088,5
80090,5
80091,5
80092,5
80093,16
80094,8
80095,1
80095,7
80095,12
80098,25
80101,7
80102,7
80103,1
80104,1
80105,1
80105,7
80106,1
80106,7
80107,1
80107,12
80108,16
80109,1
80114,16
80114,27
80115,1
80115,11
80115,19
80123,1
80125,8
80125,24
80126,1
80126,7
80127,23
80128,7
80129,7
80130,16
80131,16
80131,7
80134,16
80134,11
80135,16
80136,15
80137,15
80138,15
80139,13
80139,7
80140,8
80140,11
80140,17
80141,13
80141,7
80142,1
80142,16
80142,12
80143,22
80146,25
80150,16
80150,7
80151,1
80152,16
80157,23
80165,22
80166,16
80166,23
80168,10
80171,1
80171,7
80173,2
80177,23
80179,27
80179,14
80179,10
80180,4
80180,8
80180,27
80181,23
80182,1
80182,3
80183,1
80183,7
80184,1
80184,7
80187,1
80187,5
80187,10
80188,5
80188,3
80189,1
80189,19
80190,1
80190,22
80191,1
80191,5
80191,11
80193,17
80194,16
80196,4
80196,25
80197,5
80197,7
80198,7
80199,1
80199,7
80200,1
80200,5
80201,1
80201,7
80202,1
80202,7
80203,7
80204,1
80204,4
80204,7
80205,1
80205,7
80206,1
80206,7
80208,1
80208,7
80212,1
80214,16
80215,18
80216,7
80217,5
80218,24
80219,16
80221,1
80221,7
80221,18
80222,16
80225,11
80226,1
80226,7
80228,16
80228,7
80228,2
80229,1
80229,16
80230,1
80232,16
80232,7
80233,16
80234,27
80237,1
80238,7
80239,7
80242,1
80242,16
80244,1
80244,7
80244,22
80247,1
80247,7
80248,7
80248,17
80248,19
80249,1
80249,7
80253,1
80253,14
80253,7
80254,7
80256,1
80256,7
80257,1
80257,7
80260,1
80260,7
80261,1
80261,7
80262,1
80262,21
80263,13
80263,7
80263,11
80267,7
80268,7
80269,7
80270,7
80271,7
80272,1
80272,16
80273,7
80275,1
80276,1
80276,14
80276,2
80279,5
80280,16
80281,1
80281,7
80281,11
80283,1
80283,7
80284,26
80287,1
80287,7
80288,1
80288,7
80288,11
80291,11
80292,16
80292,10
80292,7
80294,5
80295,10
80296,10
80297,23
80298,1
80300,1
80300,7
80302,11
80304,16
80304,27
80306,1
80306,7
80306,11
80307,1
80307,7
80307,11
80308,1
80308,5
80310,1
80310,5
80310,11
80313,16
80313,5
80314,15
80314,2
80314,26
80315,15
80316,1
80316,8
80316,15
80316,13
80319,1
80319,3
80320,7
80320,11
80321,7
80323,16
80324,1
80324,5
80327,1
80327,2
80328,22
80330,10
80331,10
80332,1
80333,5
80333,11
80334,22
80336,10
80338,1
80338,5
80340,1
80341,1
80341,16
80341,7
80342,5
80346,16
80346,7
80348,16
80349,5
80350,16
80351,5
80352,1
80352,5
80352,11
80353,1
80353,7
80354,1
80354,7
80355,1
80355,7
80357,7
80358,16
80358,24
80358,12
80361,4
80363,3
80363,11
80363,18
80365,4
80365,8
80365,13
80366,19
80367,23
80368,5
80369,8
80370,1
80370,5
80370,11
80372,1
80372,5
80375,4
80375,15
80375,13
80375,21
80376,10
80377,8
80377,11
80377,17
80378,1
80379,16
80379,8
80379,27
80382,1
80382,7
80383,1
80383,7
80384,1
80384,16
80385,1
80385,16
80386,4
80386,5
80387,1
80387,7
80388,11
80389,13
80389,7
80390,7
80391,1
80391,7
80391,11
80392,11
80393,16
80394,16
80395,16
80396,16
80397,16
80398,16
80400,7
80401,7
80401,17
80402,1
80402,11
80402,18
80403,1
80403,7
80403,11
80404,22
80405,1
80405,7
80406,16
80410,7
80413,23
80415,27
80415,2
80416,1
80416,7
80416,17
80417,27
80418,23
80419,1
80421,7
80426,11
80427,1
80428,7
80429,23
80429,7
80430,7
80431,11
80432,11
80433,1
80433,5
80433,11
80435,11
80436,11
80437,23
80438,11
80440,23
80441,1
80441,7
80445,7
80446,1
80447,1
80447,7
80448,1
80448,13
80448,3
80450,10
80451,16
80452,16
80452,27
80453,1
80454,25
80455,7
80459,3
80459,11
80459,12
80460,11
80461,4
80461,8
80461,15
80461,13
80462,15
80462,13
80462,6
80462,7
80464,4
80464,15
80464,13
80464,7
80467,15
80468,8
80468,15
80468,13
80469,4
80469,15
80469,13
80470,1
80470,4
80471,1
80472,16
80472,7
80473,16
80474,16
80475,1
80475,16
80476,27
80476,25
80477,12
80479,16
80480,1
80481,7
80484,1
80484,7
80485,16
80486,17
80487,1
80487,5
80487,11
80489,1
80489,16
80489,14
80490,1
80490,10
80491,1
80491,5
80495,4
80495,8
80495,13
80496,16
80496,5
80499,27
80501,1
80501,5
80505,5
80505,11
80506,1
80506,7
80507,1
80508,5
80509,22
80510,7
80511,1
80512,23
80513,11
80514,5
80516,5
80518,1
80518,5
80520,17
80520,19
80521,4
80521,13
80522,1
80522,11
80522,17
80523,1
80523,7
80524,1
80525,1
80525,3
80525,12
80526,21
80526,17
80527,1
80527,4
80527,13
80528,5
80528,3
80528,18
80530,1
80530,7
80531,1
80531,7
80533,1
80533,16
80533,7
80535,7
80536,1
80536,5
80536,11
80537,16
80537,15
80537,13
80539,1
80542,16
80542,27
80542,10
80543,16
80543,10
80543,12
80546,1
80546,5
80546,17
80547,15
80547,7
80547,12
80548,1
80548,16
80548,11
80549,1
80549,11
80550,1
80550,4
80550,11
80551,1
80552,1
80552,17
80553,16
80554,1
80554,16
80555,7
80557,5
80558,1
80558,5
80560,5
80562,1
80562,4
80562,17
80564,1
80565,1
80565,7
80566,21
80566,17
80568,1
80568,7
80569,1
80569,7
80570,1
80570,7
80573,17
80574,1
80574,7
80576,1
80579,23
80580,15
80581,1
80581,16
80582,1
80582,7
80583,13
80583,7
80584,1
80584,17
80585,8
80585,23
80585,24
80587,1
80588,16
80591,1
80591,7
80592,1
80593,21
80593,17
80595,8
80595,24
80597,1
80597,18
80598,23
80600,5
80600,3
80600,17
80603,7
80604,1
80604,16
80605,1
80609,16
80609,4
80609,2
80610,1
80610,16
80611,1
80611,11
80612,10
80615,27
80616,27
80617,1
80617,14
80618,1
80618,17
80619,16
80619,15
80619,7
80620,1
80621,11
80624,27
80626,4
80626,13
80627,1
80628,7
80629,11
80630,1
80630,7
80632,16
80632,7
80633,5
80634,25
80637,4
80638,4
80639,4
80639,5
80640,4
80640,8
80640,15
80641,5
80642,3
80642,11
80643,11
80644,1
80644,5
80645,5
80648,16
80649,16
80649,22
80650,16
80651,16
80654,22
80655,1
80655,17
80656,16
80657,5
80661,3
80662,16
80663,16
80664,1
80664,7
80664,17
80665,16
80667,1
80667,7
80668,16
80668,10
80668,7
80670,1
80670,7
80671,17
80672,1
80673,7
80674,1
80674,7
80675,1
80675,7
80676,1
80676,7
80676,3
80680,4
80680,15
80680,13
80680,18
80681,1
80682,1
80682,3
80683,1
80683,7
80685,1
80685,10
80685,7
80686,16
80687,1
80687,7
80689,7
80690,1
80690,7
80691,1
80691,7
80695,5
80696,1
80697,5
80697,11
80698,1
80698,7
80699,1
80699,14
80700,23
80700,24
80701,10
80702,5
80704,4
80704,13
80704,2
80706,1
80706,4
80707,1
80708,1
80708,11
80712,4
80712,15
80712,13
80712,7
80714,5
80717,16
80720,7
80721,25
80723,24
80724,4
80724,8
80725,1
80725,5
80726,10
80727,1
80728,10
80729,1
80729,3
80730,1
80730,5
80730,11
80731,22
80732,7
80734,7
80737,25
80738,1
80740,16
80740,27
80742,10
80743,1
80743,5
80743,3
80744,16
80744,14
80744,12
80745,27
80747,10
80748,1
80749,1
80749,3
80750,7
80752,1
80752,3
80752,11
80755,11
80757,1
80757,21
80758,27
80759,15
80761,27
80761,10
80762,15
80765,16
80766,1
80766,7
80768,1
80768,7
80773,1
80773,5
80774,1
80775,8
80775,3
80775,11
80776,5
80776,17
80777,16
80777,5
80777,3
80778,1
80780,16
80782,1
80782,7
80783,3
80784,1
80784,11
80785,16
80785,3
80786,16
80786,17
80787,16
80788,1
80788,17
80792,1
80792,18
80793,1
80793,5
80795,16
80797,1
80800,1
80800,3
80802,1
80802,4
80802,7
80803,16
80804,16
80805,16
80806,1
80806,4
80807,1
80808,1
80808,16
80809,16
80810,1
80811,1
80812,16
80813,16
80813,6
80814,1
80814,7
80814,11
80815,16
80816,1
80816,5
80817,1
80817,2
80818,8
80818,24
80823,1
80823,7
80824,1
80824,10
80824,7
80825,10
80826,5
80827,1
80827,16
80827,7
80829,1
80830,1
80830,4
80830,5
80831,14
80831,10
80832,14
80832,10
80835,15
80836,16
80836,5
80837,5
80839,25
80840,23
80841,7
80842,23
80842,24
80843,1
80843,7
80845,1
80845,3
80846,1
80846,14
80847,16
80847,14
80847,7
80848,7
80850,1
80850,7
80851,1
80851,7
80852,14
80853,27
80855,23
80857,1
80857,16
80858,16
80860,16
80862,18
80863,25
80864,5
80867,14
80867,11
80868,1
80869,1
80870,1
80870,16
80870,14
80871,1
80871,16
80871,7
80872,1
80872,7
80872,11
80873,4
80873,15
80873,13
80874,10
80875,1
80876,1
80876,13
80876,7
80877,1
80877,7
80878,1
80878,7
80879,1
80879,16
80880,16
80881,1
80882,1
80882,16
80882,7
80883,1
80883,16
80884,16
80885,16
80885,27
80886,1
80886,7
80887,1
80888,1
80888,14
80888,7
80889,15
80891,1
80891,7
80892,1
80892,16
80893,16
80893,7
80894,1
80895,16
80896,16
80896,18
80897,16
80897,27
80903,1
80904,16
80905,16
80905,7
80907,16
80909,1
80911,16
80911,27
80912,8
80913,1
80914,16
80915,16
80916,1
80916,7
80917,1
80918,17
80922,16
80922,13
80923,1
80923,7
80924,16
80927,1
80927,16
80927,7
80928,15
80928,7
80929,4
80929,2
80929,12
80930,8
80934,7
80934,2
80937,16
80938,1
80938,7
80939,1
80939,19
80940,1
80940,16
80942,16
80943,23
80944,23
80945,5
80946,3
80947,16
80948,23
80949,23
80949,7
80950,27
80951,24
80952,16
80952,7
80953,24
80954,1
80954,7
80955,13
80955,7
80956,1
80956,7
80957,15
80957,7
80958,4
80958,8
80958,13
80959,1
80959,2
80961,1
80961,7
80963,1
80963,2
80966,16
80966,17
80967,1
80967,14
80967,17
80968,24
80969,5
80972,1
80972,16
80972,7
80973,16
80974,14
80976,1
80976,7
80976,11
80978,1
80982,22
80987,5
80990,7
80991,1
80991,5
80992,1
80993,1
80994,1
80995,7
80996,7
80998,1
80999,7
81000,24
81005,5
81005,3
81005,18
81006,1
81007,5
81007,3
81008,1
81008,16
81011,22
81012,16
81012,7
81013,1
81013,7
81014,1
81015,1
81015,11
81016,1
81016,4
81016,21
81017,1
81017,7
81018,1
81018,3
81020,5
81021,1
81021,7
81023,16
81024,1
81025,1
81025,18
81026,1
81026,7
81027,7
81028,1
81028,13
81030,1
81030,5
81030,3
81031,1
81031,3
81032,3
81035,1
81035,7
81036,1
81036,16
81036,7
81037,1
81037,16
81038,1
81038,4
81039,1
81040,1
81040,27
81041,8
81041,27
81042,1
81042,5
81047,1
81047,7
81048,15
81049,25
81049,24
81049,17
81050,27
81052,1
81052,7
81053,1
81053,7
81056,1
81057,10
81061,1
81061,16
81061,7
81062,1
81062,4
81062,5
81064,1
81064,7
81064,11
81066,5
81067,1
81067,7
81068,7
81069,7
81070,7
81071,7
81072,15
81073,15
81074,15
81077,5
81077,7
81077,11
81078,16
81078,7
81078,12
81079,1
81079,7
81080,1
81080,7
81081,16
81081,7
81082,15
81082,23
81082,13
81082,7
81083,1
81083,7
81084,1
81084,7
81085,16
81085,7
81086,7
81086,3
81086,11
81087,16
81087,27
81087,7
81088,1
81088,7
81089,16
81089,7
81089,12
81090,1
81090,7
81091,16
81091,7
81092,5
81092,7
81092,18
81093,16
81093,7
81094,16
81094,5
81094,7
81095,1
81096,1
81096,7
81096,17
81097,1
81097,7
81098,16
81103,24
81104,1
81104,5
81104,3
81105,4
81105,8
81105,13
81106,4
81106,8
81106,13
81107,4
81107,8
81107,13
81108,16
81108,7
81108,3
81109,5
81110,1
81110,5
81110,3
81111,22
81113,1
81113,7
81113,9
81116,22
81120,1
81121,16
81124,1
81124,5
81124,3
81125,22
81128,1
81128,7
81128,11
81130,15
81130,6
81132,8
81132,24
81134,1
81134,7
81135,1
81135,3
81136,11
81137,5
81137,11
81138,1
81141,24
81142,4
81145,7
81146,1
81147,1
81147,14
81148,4
81148,8
81148,5
81149,4
81149,8
81150,8
81151,1
81151,7
81152,5
81153,1
81153,7
81153,21
81155,23
81156,25
81157,25
81158,25
81160,5
81162,4
81162,15
81162,13
81163,4
81163,8
81163,13
81164,11
81165,1
81165,7
81166,4
81166,5
81167,5
81168,4
81168,8
81169,24
81172,7
81176,1
81176,3
81176,11
81179,27
81179,25
81182,16
81185,22
81186,22
81188,15
81188,2
81190,16
81191,7
81192,1
81192,15
81192,22
81193,16
81193,15
81193,7
81194,1
81194,7
81195,7
81195,11
81195,12
81196,1
81196,17
81197,23
81197,7
81198,1
81198,9
81199,1
81199,7
81200,1
81201,21
81201,17
81202,24
81205,22
81206,16
81207,1
81207,7
81209,16
81210,8
81211,1
81211,3
81211,11
81212,1
81214,15
81214,11
81215,7
81216,16
81216,7
81219,23
81220,16
81221,16
81222,16
81222,13
81223,23
81225,1
81225,5
81225,3
81226,15
81227,1
81227,5
81227,3
81228,4
81228,3
81230,13
81230,11
81230,17
81232,1
81233,1
81233,7
81233,11
81234,16
81234,4
81234,13
81235,8
81235,27
81236,1
81237,1
81237,16
81237,8
81238,7
81239,7
81242,16
81242,27
81245,1
81245,16
81248,1
81248,7
81249,22
81250,1
81250,7
81252,27
81253,16
81253,22
81258,27
81259,7
81260,5
81263,7
81264,7
81266,5
81267,27
81270,27
81270,25
81271,23
81273,1
81273,21
81273,17
81274,1
81274,5
81275,1
81275,7
81276,1
81276,16
81276,7
81277,1
81277,5
81277,3
81279,16
81280,1
81280,5
81283,22
81288,23
81289,7
81293,4
81293,8
81294,16
81295,1
81296,1
81296,17
81298,4
81298,21
81298,17
81299,1
81299,16
81300,1
81301,4
81301,15
81303,7
81304,1
81304,3
81305,22
81306,22
81307,7
81308,7
81309,1
81309,16
81310,4
81310,7
81311,16
81311,7
81311,17
81312,1
81312,7
81313,1
81313,7
81315,25
81317,24
81319,1
81319,4
81319,8
81320,4
81320,8
81320,13
81321,3
81326,7
81328,15
81328,7
81329,1
81329,17
81331,16
81332,1
81332,4
81332,13
81333,1
81333,10
81334,4
81334,8
81337,1
81337,17
81338,1
81340,5
81341,5
81342,1
81343,1
81343,16
81343,10
81345,16
81345,15
81345,7
81347,1
81348,4
81348,22
81349,5
81350,18
81351,1
81351,17
81354,22
81355,1
81355,5
81355,7
81357,1
81357,5
81357,3
81358,16
81359,16
81362,7
81363,1
81363,18
81364,15
81365,8
81366,24
81368,1
81368,7
81369,1
81369,7
81370,1
81370,4
81370,3
81371,1
81371,5
81372,1
81372,7
81373,10
81377,1
81377,15
81377,6
81378,22
81379,1
81379,7
81379,11
81382,16
81382,7
81383,11
81384,16
81385,1
81386,16
81386,27
81388,1
81389,1
81390,1
81391,1
81392,1
81393,1
81394,1
81394,21
81395,1
81395,5
81396,14
81397,1
81397,4
81397,5
81398,8
81398,11
81399,1
81399,13
81399,7
81400,7
81401,16
81401,7
81402,4
81402,15
81402,13
81403,18
81404,16
81404,5
81405,1
81405,5
81405,3
81406,8
81406,21
81407,1
81407,16
81408,1
81408,21
81409,1
81409,21
81410,16
81410,4
81411,1
81411,21
81412,1
81413,16
81413,14
81414,1
81414,21
81415,1
81415,21
81416,21
81417,1
81420,7
81421,8
81421,25
81421,17
81422,16
81422,10
81422,17
81423,1
81423,18
81424,21
81426,1
81427,1
81427,7
81428,7
81430,16
81432,1
81432,4
81432,3
81434,1
81434,5
81434,11
81435,1
81437,26
81438,7
81439,5
81439,3
81439,19
81440,1
81440,14
81440,2
81441,17
81441,22
81442,1
81442,7
81443,7
81443,12
81444,7
81445,1
81445,14
81445,7
81446,16
81446,19
81446,12
81449,13
81449,7
81450,7
81451,19
81452,11
81453,16
81454,1
81454,7
81454,11
81455,1
81455,7
81457,1
81457,5
81458,8
81458,25
81458,24
81461,16
81462,25
81464,1
81464,7
81464,11
81465,1
81465,7
81466,3
81466,11
81467,16
81467,13
81467,7
81468,7
81469,4
81469,15
81472,1
81472,3
81473,8
81473,21
81474,5
81475,1
81475,7
81476,7
81476,21
81477,7
81478,1
81478,21
81479,1
81479,21
81480,1
81480,16
81481,1
81482,5
81483,5
81484,16
81485,1
81486,1
81486,16
81487,15
81488,4
81488,15
81488,2
81490,5
81490,7
81491,1
81491,16
81497,16
81497,7
81503,10
81504,16
81504,8
81506,1
81506,5
81508,16
81508,8
81508,2
81509,5
81509,11
81510,7
81511,16
81514,22
81515,1
81515,4
81515,11
81517,16
81517,7
81520,16
81521,5
81521,19
81522,4
81522,8
81522,27
81524,1
81524,5
81525,1
81525,17
81528,7
81529,5
81529,3
81529,11
81530,3
81530,11
81535,1
81535,5
81535,3
81536,22
81537,1
81537,5
81537,22
81542,7
81543,22
81544,1
81544,7
81551,1
81551,3
81551,11
81552,5
81567,16
81567,8
81567,13
81568,16
81568,14
81568,2
81569,3
81569,11
81570,8
81570,2
81573,1
81573,16
81575,1
81576,15
81576,7
81576,17
81579,16
81580,4
81580,8
81580,13
81581,1
81582,24
81583,7
81584,1
81584,5
81585,1
81585,5
81587,22
81589,1
81589,7
81589,17
81591,1
81593,1
81594,1
81595,1
81596,1
81596,7
81596,17
81597,1
81597,5
81597,3
81598,1
81598,5
81599,1
81600,15
81600,7
81601,1
81602,1
81602,5
81602,11
81603,1
81603,4
81603,17
81606,16
81606,5
81608,22
81610,23
81612,1
81613,1
81615,1
81617,1
81621,1
81621,5
81625,3
81625,11
81627,25
81628,1
81628,3
81630,1
81631,1
81632,1
81632,17
81633,7
81634,7
81634,11
81635,16
81636,16
81637,7
81638,16
81640,17
81643,4
81643,8
81643,13
81644,16
81644,7
81644,17
81645,1
81645,19
81646,1
81647,1
81647,7
81647,3
81648,5
81648,3
81648,11
81649,25
81650,1
81650,2
81650,11
81651,1
81651,2
81652,5
81653,16
81656,1
81657,1
81657,13
81657,7
81658,1
81658,7
81659,3
81659,18
81660,16
81661,1
81661,16
81662,1
81662,5
81662,11
81663,1
81663,7
81664,1
81664,7
81666,24
81668,1
81669,1
81669,17
81673,22
81674,7
81675,23
81675,24
81676,17
81680,17
81682,1
81682,4
81682,7
81683,7
81683,17
81684,16
81684,5
81686,15
81687,1
81687,17
81688,1
81688,7
81689,7
81690,7
81691,1
81692,7
81693,1
81694,1
81694,16
81694,7
81695,1
81697,1
81697,5
81697,11
81698,1
81698,4
81698,8
81702,7
81703,7
81705,1
81705,7
81706,11
81707,1
81707,7
81708,1
81708,7
81709,1
81715,22
81716,1
81716,7
81719,5
81719,11
81720,10
81721,1
81721,7
81723,7
81724,1
81724,5
81727,7
81728,1
81728,13
81728,7
81730,25
81731,15
81731,10
81732,11
81733,1
81733,16
81735,4
81735,5
81739,4
81742,15
81742,22
81743,16
81744,1
81744,18
81745,5
81747,1
81747,16
81747,7
81748,1
81748,7
81748,11
81749,1
81749,22
81750,1
81750,5
81755,24
81756,21
81756,17
81766,16
81768,18
81769,5
81770,1
81770,5
81770,3
81771,1
81771,13
81771,7
81772,1
81772,7
81772,12
81773,1
81773,16
81773,13
81774,1
81774,7
81774,2
81777,7
81779,7
81780,21
81780,17
81782,27
81783,16
81784,21
81784,17
81785,17
81785,9
81786,16
81786,10
81787,1
81787,5
81788,1
81788,12
81789,6
81789,12
81790,22
81791,10
81792,16
81792,11
81793,13
81794,1
81794,16
81795,27
81797,1
81797,16
81798,16
81800,1
81800,7
81803,24
81804,1
81804,18
81805,1
81818,8
81819,7
81820,23
81820,24
81821,16
81826,1
81826,16
81826,5
81829,16
81832,1
81833,16
81834,4
81834,15
81834,13
81835,1
81835,16
81837,7
81838,3
81841,15
81841,13
81841,11
81843,27
81844,16
81844,7
81845,1
81845,16
81848,1
81848,27
81848,7
81849,7
81851,22
81852,21
81852,17
81853,1
81853,4
81853,5
81855,23
81856,1
81857,1
81858,7
81859,7
81860,1
81864,5
81864,3
81864,11
81865,5
81868,5
81869,23
81870,22
81871,22
81872,1
81872,14
81872,7
81873,21
81875,16
81875,15
81875,7
81876,1
81876,17
81877,1
81877,13
81877,7
81879,16
81879,5
81880,25
81884,22
81886,1
81886,21
81887,13
81888,1
81889,1
81889,11
81891,1
81891,16
81891,7
81893,7
81894,5
81895,1
81896,7
81897,7
81898,1
81898,7
81900,16
81900,7
81902,21
81902,17
81903,16
81904,22
81905,16
81906,7
81908,16
81908,24
81909,5
81912,1
81912,5
81915,3
81915,11
81918,16
81918,5
81921,1
81921,7
81922,7
81923,5
81924,1
81924,5
81924,3
81925,5
81926,23
81928,1
81928,5
81931,16
81932,23
81932,24
81934,7
81935,1
81935,7
81936,15
81940,5
81940,19
81941,1
81941,7
81942,4
81942,7
81943,1
81943,5
81943,11
81944,11
81945,7
81946,2
81946,3
81947,1
81947,16
81948,1
81949,1
81951,1
81951,16
81952,18
81954,8
81954,15
81954,13
81956,1
81956,17
81957,16
81958,16
81959,16
81963,1
81963,7
81964,1
81964,5
81964,11
81966,1
81968,22
81970,18
81971,23
81973,1
81973,16
81973,7
81974,5
81975,25
81977,18
81982,16
81985,1
81985,7
81988,1
81989,22
81990,22
81995,5
81996,25
81997,16
81999,1
81999,7
81999,11
82002,1
82002,21
82003,24
82005,26
82012,7
82014,25
82018,1
82018,16
82019,22
82023,1
82024,4
82024,15
82024,13
82025,15
82026,1
82026,16
82026,7
82027,1
82027,7
82028,1
82028,7
82029,18
82030,8
82031,1
82032,1
82032,7
82033,7
82034,11
82036,1
82036,17
82037,1
82040,5
82040,3
82041,3
82041,11
82041,12
82044,5
82047,17
82049,1
82049,7
82050,5
82051,14
82051,13
82052,13
82052,7
82053,13
82054,1
82055,1
82055,7
82056,5
82057,1
82057,4
82057,5
82058,1
82058,17
82059,17
82061,24
82062,26
82064,1
82064,21
82065,1
82065,3
82065,11
82066,11
82067,1
82067,14
82068,1
82068,21
82069,14
82070,1
82070,5
82070,3
82072,1
82072,13
82076,7
82080,1
82080,16
82080,7
82081,1
82081,7
82082,1
82082,5
82083,16
82084,5
82088,1
82088,16
82088,7
82089,1
82089,16
82089,2
82090,1
82091,16
82092,1
82095,1
82095,5
82097,7
82098,1
82098,7
82099,16
82100,1
82101,16
82106,1
82107,13
82107,7
82108,10
82108,17
82109,1
82109,7
82113,16
82115,7
82120,7
82120,22
82121,1
82121,16
82131,5
82133,1
82133,4
82134,16
82134,23
82135,1
82135,7
82136,1
82136,7
82137,8
82137,13
82138,10
82140,8
82145,16
82146,1
82146,11
82149,25
82150,23
82154,23
82156,1
82156,7
82157,1
82157,7
82158,1
82158,16
82158,7
82159,24
82164,21
82164,17
82165,1
82166,1
82166,16
82166,7
82168,3
82168,11
82170,5
82176,1
82176,7
82177,1
82177,5
82177,11
82179,5
82179,2
82180,7
82181,1
82181,7
82188,16
82191,7
82192,1
82192,22
82194,21
82194,17
82195,11
82196,1
82196,21
82196,17
82197,11
82197,12
82200,15
82202,27
82203,16
82203,8
82204,8
82204,13
82205,22
82207,23
82207,24
82208,1
82208,16
82208,7
82209,1
82209,5
82210,1
82211,1
82211,5
82214,22
82216,5
82221,5
82222,25
82225,18
82227,16
82227,22
82230,22
82231,1
82233,16
82233,15
82233,13
82235,7
82236,6
82240,5
82240,19
82241,4
82241,13
82241,3
82243,10
82247,26
82249,7
82250,1
82250,5
82251,1
82253,16
82253,4
82254,1
82254,21
82255,16
82255,5
82261,16
82261,14
82262,1
82262,7
82262,11
82264,1
82264,7
82265,1
82265,4
82265,5
82266,1
82266,7
82267,16
82267,2
82270,1
82270,5
82270,7
82275,4
82275,5
82275,11
82276,6
82276,3
82276,11
82277,1
82277,3
82278,16
82278,8
82281,7
82282,4
82282,8
82282,11
82284,8
82284,25
82288,1
82288,14
82289,1
82290,26
82291,7
82292,1
82292,4
82292,5
82293,4
82295,16
82295,28
82297,1
82299,1
82300,1
82300,5
82300,11
82305,22
82306,13
82306,7
82311,11
82312,7
82313,5
82314,1
82314,8
82314,17
82318,5
82319,5
82326,1
82326,7
82327,1
82328,1
82329,16
82330,1
82330,5
82330,11
82341,1
82341,16
82341,8
82342,1
82342,6
82342,12
82343,1
82343,7
82343,17
82344,16
82344,14
82344,7
82345,1
82345,14
82345,20
82346,26
82347,10
82350,1
82350,7
82353,4
82353,8
82353,13
82357,16
82358,5
82358,3
82361,1
82361,4
82361,7
82364,1
82364,16
82365,1
82365,5
82368,16
82369,16
82370,16
82370,14
82370,7
82373,5
82374,1
82374,7
82374,22
82376,16
82377,1
82377,3
82378,22
82379,1
82379,5
82379,11
82381,8
82381,24
82382,5
82388,1
82388,16
82388,7
82389,1
82389,16
82389,7
82390,27
82390,2
82391,1
82391,5
82392,16
82394,1
82394,16
82394,7
82395,16
82397,16
82398,14
82398,7
82400,14
82400,7
82403,4
82403,22
82404,1
82405,16
82405,7
82406,1
82406,7
82408,21
82412,27
82413,1
82413,13
82413,7
82414,23
82414,7
82415,1
82416,1
82416,5
82416,11
82418,16
82418,27
82420,10
82426,5
82426,17
82427,16
82427,24
82428,22
82431,1
82431,16
82431,15
82431,13
82432,1
82433,21
82433,17
82435,2
82436,1
82436,8
82436,17
82439,1
82440,1
82440,5
82442,1
82442,4
82442,5
82443,3
82443,11
82444,1
82444,16
82444,5
82446,15
82447,1
82448,1
82448,7
82451,4
82452,1
82452,7
82454,1
82454,5
82454,7
82455,1
82455,7
82456,10
82457,1
82457,16
82457,5
82459,1
82464,4
82464,3
82465,23
82466,22
82467,10
82469,1
82469,7
82470,1
82470,7
82471,1
82471,7
82472,1
82472,16
82475,7
82476,7
82477,5
82480,16
82480,8
82480,15
82484,16
82485,5
82487,26
82488,22
82489,1
82489,8
82490,7
82490,28
82491,7
82492,7
82493,7
82494,10
82494,7
82495,7
82498,1
82498,16
82498,7
82499,13
82499,7
82500,8
82503,5
82504,22
82505,25
82505,17
82507,17
82510,1
82510,5
82512,1
82513,16
82517,16
82519,7
82521,22
82523,7
82524,7
82525,1
82525,7
82526,1
82526,7
82527,1
82527,3
82528,16
82528,14
82529,26
82530,3
82530,11
82532,16
82533,5
82533,3
82534,1
82536,1
82538,1
82538,5
82541,1
82541,7
82542,1
82542,7
82543,1
82543,17
82544,16
82544,17
82545,16
82545,5
82548,3
82549,22
82550,1
82550,16
82551,1
82551,16
82555,16
82556,16
82556,8
82556,13
82557,5
82557,11
82559,8
82559,7
82563,13
82563,7
82566,5
82566,19
82567,1
82567,3
82570,17
82571,13
82571,3
82571,12
82574,1
82574,17
82575,1
82575,19
82576,3
82577,5
82578,1
82579,1
82579,7
82580,22
82584,3
82585,16
82585,8
82585,27
82586,1
82586,3
82587,1
82587,3
82587,17
82588,1
82588,7
82594,1
82594,17
82595,16
82596,5
82597,5
82598,23
82599,5
82600,25
82602,5
82604,1
82604,3
82606,8
82608,5
82609,1
82609,7
82609,11
82612,7
82613,1
82614,1
82614,7
82615,22
82617,22
82618,3
82619,1
82620,1
82620,7
82622,7
82623,7
82624,17
82626,5
82626,11
82626,9
82627,1
82627,22
82628,1
82628,16
82628,7
82629,16
82632,7
82634,1
82634,7
82635,1
82635,7
82636,1
82636,7
82637,15
82637,3
82637,11
82638,1
82638,16
82638,7
82639,1
82641,1
82641,16
82641,7
82643,16
82643,7
82645,17
82649,1
82650,1
82651,3
82651,11
82663,8
82666,16
82666,4
82666,15
82666,13
82667,5
82667,3
82667,11
82676,1
82679,26
82683,4
82683,8
82683,13
82686,5
82690,7
82691,16
82691,11
82692,5
82693,5
82694,1
82695,16
82695,6
82696,3
82697,17
82698,5
82698,17
82699,7
82700,8
82700,25
82700,24
82701,5
82701,19
82702,1
82702,14
82702,7
82703,1
82703,7
82705,1
82705,5
82706,1
82706,16
82706,7
82707,1
82707,4
82707,3
82710,24
82713,7
82713,22
82714,1
82715,1
82715,16
82715,7
82716,1
82716,5
82716,11
82725,23
82726,16
82726,7
82728,1
82729,23
82730,1
82730,16
82730,5
82733,23
82736,25
82737,25
82737,18
82738,2
82738,3
82738,9
82739,1
82739,5
82740,16
82743,1
82743,5
82744,16
82744,14
82745,16
82746,1
82746,5
82746,7
82747,23
82749,1
82750,1
82750,16
82750,5
82752,17
82753,1
82753,7
82754,16
82756,4
82758,11
82759,1
82759,4
82759,5
82760,16
82763,1
82763,3
82764,15
82764,13
82764,7
82764,28
82767,1
82769,16
82770,16
82770,13
82770,7
82772,16
82772,11
82773,3
82773,11
82775,1
82775,5
82775,11
82779,22
82781,22
82783,16
82784,1
82784,5
82784,3
82785,5
82785,11
82786,1
82786,16
82787,5
82788,1
82788,3
82789,1
82789,7
82790,1
82790,16
82790,7
82791,1
82791,3
82792,1
82792,5
82792,19
82793,15
82793,2
82794,15
82794,2
82795,8
82796,15
82796,2
82797,4
82797,5
82797,3
82798,1
82798,21
82799,16
82799,7
82800,1
82800,22
82809,1
82812,1
82812,6
82817,23
82817,24
82817,17
82819,1
82819,7
82820,8
82820,27
82820,13
82821,4
82821,8
82821,7
82822,27
82825,16
82828,1
82828,7
82830,1
82830,7
82831,5
82831,11
82832,1
82832,18
82839,24
82843,27
82844,16
82844,8
82845,23
82845,24
82846,26
82847,18
82849,24
82850,22
82852,5
82854,1
82854,16
82854,7
82857,1
82857,22
82858,7
82859,1
82859,10
82859,17
82861,1
82862,1
82862,5
82863,1
82863,7
82866,22
82867,1
82868,1
82868,7
82870,22
82871,1
82871,7
82872,22
82873,8
82875,15
82876,8
82877,1
82877,7
82880,16
82881,10
82885,1
82885,16
82885,10
82886,1
82886,16
82886,15
82887,5
82888,1
82889,1
82891,15
82897,23
82899,10
82902,1
82904,1
82904,13
82904,7
82905,3
82907,25
82910,22
82911,1
82911,16
82911,7
82912,6
82912,12
82913,23
82914,16
82914,14
82915,16
82915,5
82915,3
82924,23
82925,27
82930,17
82931,27
82931,14
82932,1
82932,7
82933,5
82934,7
82935,1
82935,7
82937,27
82938,16
82938,15
82939,1
82939,16
82941,10
82942,1
82943,1
82943,7
82944,1
82944,5
82944,11
82945,1
82945,7
82945,17
82946,1
82946,7
82948,22
82949,1
82952,1
82954,25
82955,25
82956,21
82956,17
82959,8
82959,24
82959,17
82960,22
82961,5
82962,5
82962,19
82963,7
82965,1
82965,2
82966,1
82967,16
82967,7
82967,22
82969,1
82969,5
82970,1
82976,15
82985,1
82985,7
82987,3
82994,1
82995,1
82996,1
82996,7
82997,1
82998,1
82998,16
82998,7
83001,1
83001,5
83001,3
83002,1
83002,14
83002,7
83005,7
83005,22
83009,7
83012,1
83012,16
83013,1
83013,16
83015,16
83017,1
83017,7
83017,22
83018,16
83018,11
83018,12
83019,5
83021,5
83023,25
83023,24
83024,24
83026,1
83026,14
83028,22
83030,25
83030,24
83033,16
83034,7
83040,1
83040,7
83040,21
83041,5
83041,11
83042,3
83044,1
83044,7
83045,16
83049,15
83050,16
83050,15
83050,7
83051,15
83052,15
83053,1
83053,5
83053,3
83054,15
83055,16
83057,3
83057,11
83057,17
83058,16
83058,3
83058,17
83060,17
83061,15
83061,7
83062,21
83063,7
83064,7
83065,1
83065,7
83071,1
83072,5
83073,4
83073,8
83074,8
83074,13
83074,7
83075,1
83075,5
83075,3
83076,15
83078,16
83079,16
83079,15
83079,7
83081,7
83083,17
83084,1
83084,4
83084,17
83085,23
83085,13
83085,7
83086,1
83086,7
83087,1
83087,5
83088,16
83088,19
83089,16
83089,8
83090,4
83090,15
83090,2
83091,16
83091,5
83092,16
83092,14
83094,24
83094,17
83095,1
83095,3
83097,5
83098,10
83103,7
83104,1
83104,3
83105,27
83105,11
83106,27
83107,27
83109,7
83110,1
83110,7
83115,17
83115,22
83116,5
83116,11
83117,16
83117,8
83117,13
83118,23
83124,1
83124,7
83125,8
83126,24
83128,1
83128,14
83134,26
83135,1
83135,7
83136,1
83136,7
83137,27
83142,1
83142,17
83143,1
83144,16
83144,14
83146,8
83147,1
83147,7
83148,1
83148,21
83149,1
83149,7
83150,1
83150,15
83150,11
83151,27
83152,1
83152,7
83153,1
83153,7
83155,16
83157,16
83157,5
83158,27
83159,1
83159,16
83159,12
83161,1
83161,7
83162,1
83162,7
83163,1
83163,16
83163,7
83165,1
83165,5
83166,7
83167,7
83169,1
83170,23
83175,27
83177,15
83178,1
83178,7
83179,1
83180,1
83180,7
83181,17
83181,22
83182,13
83182,7
83183,1
83185,25
83186,7
83189,1
83189,3
83190,7
83191,16
83191,14
83191,7
83192,1
83192,6
83192,11
83193,25
83194,16
83195,16
83196,1
83196,7
83199,1
83199,5
83201,1
83201,13
83201,12
83202,1
83202,8
83202,14
83203,8
83203,11
83203,17
83204,11
83205,1
83205,7
83206,6
83207,10
83207,24
83209,1
83209,7
83209,17
83210,1
83211,1
83211,4
83211,5
83212,27
83213,1
83213,7
83214,14
83215,1
83215,7
83216,7
83217,16
83217,22
83218,21
83218,17
83219,16
83219,15
83220,1
83220,6
83220,17
83222,1
83222,7
83224,1
83224,5
83224,3
83225,1
83225,3
83225,11
83226,1
83226,7
83229,5
83230,3
83230,22
83231,1
83231,7
83233,7
83234,1
83234,5
83234,3
83235,7
83237,15
83238,7
83239,1
83239,16
83240,7
83241,17
83242,25
83242,17
83245,17
83246,27
83247,1
83247,7
83248,8
83248,13
83249,4
83249,27
83250,8
83250,27
83251,1
83251,7
83252,1
83252,7
83254,1
83254,7
83256,8
83256,27
83256,25
83257,8
83257,27
83261,1
83261,21
83262,16
83263,1
83263,3
83269,1
83269,7
83270,1
83270,5
83272,1
83272,14
83273,7
83274,16
83274,7
83275,27
83276,1
83278,14
83278,7
83279,16
83279,17
83280,7
83281,1
83281,7
83282,2
83282,3
83282,11
83283,1
83283,6
83283,11
83284,1
83284,5
83284,3
83285,1
83285,5
83285,3
83287,4
83287,5
83287,7
83288,1
83288,7
83289,1
83289,7
83290,1
83290,16
83290,27
83292,7
83293,7
83295,23
83296,1
83296,5
83298,22
83299,22
83301,1
83301,5
83302,16
83303,1
83303,14
83304,1
83304,7
83305,1
83305,7
83306,1
83306,7
83307,1
83308,1
83309,24
83309,17
83316,3
83319,3
83320,1
83320,14
83321,16
83323,17
83324,1
83325,1
83325,3
83325,17
83327,1
83327,3
83328,1
83328,3
83328,17
83329,1
83329,16
83330,1
83331,1
83331,5
83333,1
83333,16
83333,5
83334,1
83334,23
83334,17
83335,7
83336,11
83336,17
83336,12
83337,5
83339,1
83339,5
83339,11
83343,1
83344,1
83344,5
83344,3
83345,5
83347,1
83347,7
83348,1
83348,7
83349,1
83349,4
83350,1
83351,1
83351,5
83351,17
83358,6
83358,3
83359,1
83359,7
83360,16
83360,2
83362,1
83365,1
83366,8
83366,27
83366,13
83367,27
83376,16
83377,1
83377,19
83378,1
83378,4
83382,16
83382,23
83383,16
83386,1
83386,16
83389,1
83389,16
83390,21
83390,17
83391,4
83391,5
83392,1
83392,5
83393,7
83394,1
83394,3
83395,22
83396,1
83396,16
83397,1
83397,17
83398,16
83399,1
83399,7
83400,1
83400,4
83400,5
83401,15
83401,7
83402,1
83402,13
83402,7
83403,1
83403,7
83404,8
83404,15
83404,13
83405,1
83405,3
83406,16
83406,7
83408,10
83410,1
83410,7
83411,1
83411,5
83411,11
83412,16
83412,23
83412,7
83413,1
83413,11
83414,1
83414,5
83416,27
83417,10
83419,1
83419,4
83419,8
83429,4
83429,8
83429,13
83434,15
83435,1
83435,13
83435,7
83436,1
83436,4
83436,15
83436,13
83437,1
83437,4
83437,5
83438,16
83439,16
83440,1
83440,5
83441,25
83442,1
83443,1
83446,1
83446,16
83446,14
83447,5
83448,1
83448,16
83449,1
83449,7
83451,16
83451,7
83452,3
83455,1
83455,16
83456,1
83456,7
83456,12
83457,3
83457,11
83457,12
83459,15
83463,1
83463,4
83463,2
83470,5
83470,3
83470,11
83471,1
83471,16
83475,1
83475,14
83475,7
83476,16
83476,14
83477,16
83477,15
83477,7
83479,16
83479,15
83479,2
83480,1
83480,7
83482,1
83482,11
83482,17
83488,16
83488,13
83488,11
83490,16
83491,5
83492,7
83494,16
83495,1
83495,16
83497,16
83508,17
83510,1
83511,3
83511,11
83512,1
83513,1
83513,7
83514,18
83517,16
83517,5
83521,1
83521,7
83531,1
83531,11
83534,16
83537,27
83542,1
83542,7
83543,1
83543,7
83544,4
83544,5
83544,13
83545,16
83547,17
83548,1
83548,5
83563,23
83565,23
83567,25
83568,23
83568,24
83569,22
83572,14
83573,1
83574,24
83575,1
83580,5
83581,1
83581,7
83582,1
83582,5
83582,3
83584,25
83585,7
83585,3
83585,9
83589,1
83589,3
83590,16
83590,5
83593,1
83594,16
83595,1
83595,8
83595,5
83596,1
83596,16
83596,7
83597,1
83597,17
83599,24
83600,26
83601,1
83601,7
83602,10
83603,1
83603,7
83604,4
83604,8
83604,13
83605,18
83605,22
83606,1
83606,25
83608,11
83618,16
83620,16
83623,1
83623,27
83623,17
83625,1
83625,7
83630,5
83631,7
83632,1
83634,22
83635,5
83635,3
83635,11
83636,7
83637,1
83637,5
83641,1
83641,16
83641,7
83643,1
83643,7
83644,7
83645,5
83646,5
83646,3
83647,1
83649,1
83649,16
83650,16
83650,5
83651,5
83652,1
83652,14
83653,1
83653,16
83654,16
83656,1
83656,16
83657,16
83658,16
83659,16
83660,22
83661,1
83661,13
83661,3
83665,16
83666,10
83667,24
83669,5
83670,4
83670,8
83670,15
83670,13
83671,11
83672,4
83672,15
83672,13
83672,7
83673,27
83676,4
83676,7
83678,23
83681,1
83681,16
83682,1
83682,7
83682,2
83683,15
83685,15
83686,4
83686,8
83686,15
83688,7
83688,28
83690,1
83690,3
83692,16
83693,1
83693,3
83694,10
83696,4
83696,8
83696,13
83697,1
83697,16
83697,7
83698,1
83699,1
83699,7
83701,5
83701,11
83702,7
83703,1
83703,7
83706,1
83706,13
83707,1
83707,7
83708,13
83708,7
83710,1
83710,16
83712,16
83712,27
83714,16
83714,15
83714,13
83716,1
83718,1
83719,5
83719,18
83722,1
83723,7
83727,1
83727,7
83731,27
83733,16
83734,16
83734,10
83735,1
83735,5
83736,16
83738,1
83738,4
83738,13
83739,1
83739,15
83739,13
83739,22
83742,27
83743,27
83747,27
83750,8
83750,27
83751,14
83752,1
83752,7
83753,1
83753,11
83754,1
83754,7
83755,1
83755,7
83756,1
83756,16
83756,7
83757,23
83758,23
83760,15
83760,7
83760,28
83764,27
83765,1
83766,1
83766,3
83767,1
83767,5
83768,1
83768,7
83769,16
83770,16
83771,1
83771,21
83773,1
83774,11
83775,16
83775,27
83776,16
83777,1
83778,14
83780,22
83783,1
83783,13
83783,7
83784,1
83784,7
83785,1
83785,16
83786,1
83786,18
83789,7
83789,28
83790,1
83790,16
83790,7
83791,5
83793,4
83793,8
83793,2
83794,1
83794,16
83796,15
83797,1
83797,23
83797,7
83798,1
83798,4
83798,11
83799,1
83799,7
83800,1
83800,5
83801,1
83801,5
83801,11
83802,1
83802,8
83803,5
83803,11
83803,17
83804,5
83805,1
83805,7
83805,11
83806,1
83806,7
83806,11
83808,7
83809,1
83811,26
83812,1
83812,7
83813,1
83813,7
83814,7
83816,1
83816,7
83817,16
83823,26
83824,16
83828,1
83829,1
83829,5
83829,20
83830,27
83831,1
83832,1
83833,7
83834,7
83835,25
83836,16
83836,27
83836,7
83838,1
83840,1
83840,3
83840,12
83842,5
83843,1
83844,1
83844,11
83845,1
83845,5
83845,3
83848,16
83848,5
83853,1
83854,1
83854,7
83855,24
83856,1
83856,7
83857,1
83857,7
83858,1
83858,17
83859,1
83859,7
83861,1
83861,7
83862,24
83862,17
83864,14
83864,7
83864,22
83868,17
83872,16
83872,4
83872,5
83873,4
83873,8
83873,13
83874,17
83875,16
83875,13
83875,11
83880,13
83880,7
83880,17
83883,16
83883,10
83884,16
83887,1
83887,5
83887,11
83892,5
83893,6
83893,11
83893,12
83894,27
83898,10
83900,27
83908,27
83916,11
83916,25
83916,17
83917,1
83917,16
83918,8
83918,24
83920,22
83922,23
83923,1
83923,7
83924,16
83924,7
83925,22
83930,5
83930,11
83931,1
83931,7
83934,25
83935,1
83935,16
83935,5
83936,1
83936,16
83938,1
83938,7
83940,10
83942,5
83943,4
83943,13
83943,6
83944,4
83944,5
83944,3
83945,6
83945,3
83945,12
83946,16
83947,1
83947,3
83949,2
83949,3
83950,1
83950,5
83950,22
83951,5
83951,3
83951,12
83958,1
83958,16
83958,13
83959,1
83959,7
83960,15
83961,1
83961,3
83961,11
83962,7
83966,1
83966,16
83966,7
83968,8
83968,24
83969,1
83969,7
83970,1
83970,7
83971,16
83971,23
83971,7
83972,1
83972,7
83974,7
83975,16
83976,7
83977,16
83978,1
83978,7
83979,1
83979,7
83981,14
83981,22
83982,1
83982,7
83983,11
83984,8
83984,27
83985,1
83985,7
83986,8
83986,27
83990,1
83990,5
83991,1
83991,5
83991,11
83992,1
83992,7
83993,1
83993,7
83994,1
83994,7
83994,3
83995,7
83996,7
83997,23
83999,22
84000,16
84001,1
84001,7
84005,1
84005,7
84006,24
84008,1
84008,7
84008,17
84010,1
84012,15
84013,15
84015,15
84023,1
84023,7
84028,5
84028,17
84030,1
84030,16
84030,7
84031,1
84031,7
84031,11
84032,7
84034,16
84035,21
84035,17
84038,1
84038,16
84039,16
84039,10
84039,7
84042,13
84043,16
84044,7
84045,7
84046,7
84047,1
84048,7
84049,5
84049,11
84050,5
84050,11
84051,1
84051,4
84051,20
84052,8
84052,13
84053,1
84053,5
84053,3
84054,15
84055,1
84056,1
84056,7
84057,1
84057,7
84058,1
84059,7
84066,15
84067,27
84068,1
84068,7
84069,1
84069,13
84069,7
84070,1
84070,7
84071,3
84071,11
84074,1
84074,16
84074,7
84075,1
84075,17
84076,22
84077,1
84077,7
84078,17
84079,1
84079,13
84079,7
84080,5
84082,7
84084,1
84084,16
84085,1
84085,22
84086,1
84087,9
84088,7
84089,1
84090,21
84090,20
84090,17
84095,13
84095,6
84095,11
84106,1
84106,14
84106,7
84110,1
84110,5
84110,11
84111,4
84111,21
84111,17
84112,5
84112,3
84113,1
84113,7
84114,1
84114,7
84114,11
84116,15
84116,7
84116,28
84119,1
84119,13
84119,7
84121,1
84121,16
84121,7
84122,16
84123,7
84124,7
84125,7
84126,1
84126,7
84128,16
84131,23
84131,24
84132,1
84132,16
84133,4
84133,3
84133,11
84134,1
84134,7
84136,4
84136,15
84136,13
84143,24
84152,3
84152,11
84153,1
84153,14
84153,7
84154,1
84154,7
84156,7
84158,16
84158,27
84159,17
84160,23
84161,1
84163,16
84163,4
84163,13
84164,1
84164,7
84166,1
84166,2
84174,27
84179,1
84179,7
84179,11
84180,5
84180,11
84181,13
84181,7
84181,11
84182,7
84183,7
84186,7
84187,7
84188,17
84189,21
84189,17
84190,2
84193,7
84194,1
84194,11
84195,1
84195,5
84195,11
84196,1
84197,1
84197,5
84197,11
84198,1
84198,21
84199,22
84200,7
84201,16
84202,8
84202,27
84205,1
84205,7
84206,1
84207,25
84208,13
84208,7
84209,16
84214,5
84217,1
84217,7
84218,7
84220,7
84221,1
84221,3
84222,3
84222,11
84223,11
84224,1
84224,7
84226,1
84227,16
84227,11
84228,1
84228,22
84230,1
84230,10
84230,7
84231,16
84231,7
84231,18
84233,1
84233,21
84238,8
84238,25
84240,5
84240,11
84241,8
84245,1
84245,7
84246,1
84246,7
84247,1
84247,7
84248,5
84250,16
84252,21
84252,17
84256,5
84258,1
84259,1
84261,1
84261,4
84261,5
84262,1
84262,3
84264,1
84265,7
84266,1
84266,4
84266,5
84270,5
84272,1
84272,7
84272,17
84274,1
84274,7
84275,7
84276,16
84279,1
84279,4
84280,1
84280,7
84281,1
84281,7
84282,7
84283,1
84284,5
84284,3
84284,11
84285,23
84286,7
84287,1
84287,7
84287,2
84289,7
84291,23
84291,24
84292,1
84292,11
84293,16
84294,25
84299,1
84299,7
84300,1
84300,7
84301,1
84301,7
84302,16
84303,16
84303,10
84305,7
84305,3
84306,7
84306,3
84316,1
84316,7
84316,11
84321,7
84324,5
84328,11
84329,25
84330,5
84333,8
84333,27
84336,1
84336,7
84337,17
84339,25
84340,23
84341,7
84342,7
84344,5
84345,17
84347,26
84348,1
84348,7
84349,16
84349,7
84349,2
84350,1
84354,5
84354,3
84356,1
84356,2
84360,1
84360,7
84361,1
84361,7
84362,1
84363,21
84363,17
84364,1
84364,7
84365,5
84366,1
84366,5
84366,3
84367,5
84368,16
84368,27
84369,1
84369,3
84370,6
84370,3
84371,3
84374,10
84374,17
84377,6
84377,11
84377,12
84378,1
84379,1
84379,19
84380,7
84381,1
84381,7
84383,11
84384,5
84385,16
84385,7
84387,7
84389,1
84389,7
84390,16
84393,1
84394,10
84394,7
84395,1
84397,7
84397,22
84398,1
84399,7
84400,18
84401,1
84401,7
84403,1
84405,1
84405,16
84406,7
84407,7
84408,7
84409,10
84415,1
84417,8
84417,15
84417,13
84420,1
84420,4
84421,16
84421,22
84423,5
84423,3
84423,11
84424,16
84424,28
84426,16
84428,1
84429,1
84429,5
84429,3
84431,25
84432,23
84433,23
84435,4
84435,8
84435,13
84436,5
84436,3
84437,1
84437,7
84438,1
84438,21
84438,17
84439,17
84440,10
84441,5
84441,17
84442,3
84443,23
84444,1
84444,8
84444,5
84445,22
84446,25
84453,1
84453,16
84453,7
84454,21
84454,17
84455,1
84455,21
84457,15
84461,1
84461,7
84461,2
84464,7
84464,24
84465,17
84469,21
84469,17
84470,5
84473,27
84473,17
84474,26
84475,1
84476,1
84476,7
84477,4
84477,6
84477,11
84478,1
84478,7
84479,16
84480,27
84482,7
84484,1
84485,8
84485,13
84485,11
84486,1
84486,16
84488,7
84490,1
84490,7
84491,1
84492,19
84495,1
84495,16
84495,19
84498,1
84498,13
84499,16
84501,27
84503,7
84504,1
84504,5
84506,23
84507,7
84508,1
84508,7
84509,22
84510,6
84511,1
84511,5
84511,17
84513,5
84513,7
84514,5
84515,5
84517,27
84518,16
84518,27
84519,1
84519,7
84519,18
84520,22
84521,5
84521,3
84522,22
84524,3
84524,11
84526,1
84526,5
84526,20
84527,1
84527,16
84527,5
84528,5
84528,3
84529,1
84529,16
84530,1
84530,16
84533,1
84533,5
84534,1
84534,7
84535,1
84535,16
84536,16
84537,1
84537,5
84539,1
84539,20
84540,1
84540,21
84541,8
84541,27
84541,13
84542,1
84542,7
84543,23
84545,1
84545,16
84547,1
84547,7
84548,16
84548,27
84548,7
84551,24
84556,1
84556,16
84556,18
84561,1
84562,16
84562,15
84562,13
84564,1
84566,7
84567,7
84570,7
84571,7
84572,5
84572,3
84574,1
84575,1
84575,7
84576,16
84576,13
84578,16
84579,16
84586,5
84587,1
84587,14
84587,7
84588,5
84589,26
84590,10
84592,1
84595,1
84595,27
84598,1
84598,5
84601,1
84601,5
84601,3
84605,16
84607,1
84607,13
84607,7
84608,1
84608,7
84610,23
84611,16
84614,23
84615,24
84616,1
84616,7
84618,17
84619,5
84622,1
84622,5
84623,5
84624,5
84624,11
84625,5
84626,5
84627,5
84628,1
84632,1
84632,7
84632,11
84633,1
84633,16
84633,3
84634,16
84635,1
84635,5
84636,1
84637,1
84637,21
84640,11
84641,1
84641,16
84641,5
84643,1
84643,7
84644,1
84644,7
84644,12
84645,1
84645,7
84648,27
84649,1
84649,5
84650,1
84651,21
84652,1
84654,1
84654,11
84655,16
84658,16
84658,5
84658,7
84660,1
84662,22
84663,22
84664,1
84664,7
84665,1
84665,7
84666,1
84666,7
84667,7
84668,1
84668,3
84669,4
84669,8
84669,13
84670,1
84670,16
84670,5
84671,21
84671,17
84672,16
84673,15
84675,1
84675,8
84675,27
84676,16
84677,5
84678,1
84678,7
84679,1
84679,5
84680,10
84681,2
84682,25
84685,16
84686,5
84686,3
84686,11
84688,1
84688,16
84688,11
84689,16
84690,1
84690,7
84690,11
84691,25
84694,5
84695,1
84695,7
84696,8
84698,16
84698,25
84699,1
84700,1
84700,7
84701,16
84701,8
84701,27
84702,25
84703,4
84703,13
84703,7
84704,25
84706,25
84708,8
84708,14
84708,13
84711,27
84711,14
84711,17
84713,27
84713,14
84714,14
84714,22
84715,22
84718,1
84718,7
84720,23
84724,16
84724,23
84727,1
84727,7
84729,23
84730,23
84733,5
84734,5
84736,26
84739,1
84739,7
84740,1
84740,7
84741,23
84741,24
84741,17
84742,23
84742,24
84744,22
84745,17
84746,24
84747,1
84748,1
84749,1
84753,1
84753,14
84754,1
84755,10
84755,7
84756,7
84757,1
84757,7
84758,16
84758,7
84760,1
84760,7
84760,11
84761,1
84761,16
84761,7
84762,1
84762,7
84763,13
84763,7
84764,1
84764,7
84765,1
84765,7
84767,16
84772,5
84772,7
84772,3
84773,27
84775,1
84775,5
84775,7
84776,26
84779,7
84781,16
84781,11
84782,24
84783,1
84783,19
84784,1
84784,19
84785,1
84787,1
84787,7
84787,18
84788,23
84789,4
84789,8
84789,13
84790,4
84790,13
84790,7
84791,4
84791,8
84791,13
84793,1
84793,7
84794,7
84795,16
84795,14
84796,16
84796,17
84797,1
84797,5
84799,1
84799,5
84799,11
84800,16
84800,15
84800,23
84801,5
84801,11
84802,11
84803,1
84803,7
84804,1
84804,7
84805,1
84805,7
84807,1
84807,5
84807,3
84814,1
84814,16
84814,7
84815,1
84816,1
84817,7
84818,1
84818,7
84819,7
84822,5
84824,1
84824,5
84825,1
84825,11
84826,1
84826,7
84827,16
84828,1
84828,16
84828,7
84829,25
84829,17
84830,1
84830,7
84831,1
84831,16
84831,22
84832,1
84832,17
84833,16
84834,1
84834,16
84834,7
84836,1
84836,16
84836,18
84837,16
84837,24
84838,1
84838,7
84839,7
84840,1
84840,4
84840,7
84841,1
84841,7
84842,1
84843,1
84843,7
84844,1
84844,7
84845,16
84845,14
84847,1
84847,11
84848,1
84849,7
84851,8
84851,27
84854,16
84855,1
84855,8
84855,27
84857,1
84857,7
84859,1
84859,21
84859,17
84860,11
84862,1
84862,16
84862,14
84863,1
84863,3
84863,11
84864,7
84867,7
84870,1
84870,7
84870,12
84871,1
84871,16
84872,1
84872,7
84873,1
84874,7
84876,1
84876,8
84876,7
84878,4
84878,5
84878,3
84879,1
84879,11
84880,1
84880,5
84881,1
84881,17
84886,16
84888,5
84889,5
84890,1
84890,3
84891,5
84891,3
84891,11
84892,5
84893,1
84893,5
84893,3
84894,1
84894,3
84895,16
84895,15
84895,7
84897,1
84898,1
84898,5
84898,7
84899,16
84899,24
84904,1
84904,5
84904,11
84905,7
84906,5
84907,1
84907,7
84909,11
84910,1
84910,7
84911,1
84911,5
84912,11
84912,19
84913,5
84914,11
84915,5
84916,1
84917,1
84918,1
84919,1
84919,7
84920,1
84924,1
84924,17
84926,1
84926,7
84926,22
84927,15
84928,15
84929,1
84930,1
84930,7
84931,1
84931,7
84932,13
84932,7
84933,14
84933,13
84934,7
84934,11
84935,1
84935,7
84936,13
84936,7
84939,3
84941,1
84941,7
84942,1
84942,9
84953,16
84953,7
84954,14
84954,7
84955,1
84955,3
84955,17
84956,7
84968,1
84968,7
84970,1
84970,14
84970,7
84971,17
84972,1
84972,7
84973,1
84973,7
84974,1
84976,16
84977,1
84977,7
84979,16
84980,7
84981,1
84981,16
84982,7
84983,7
84984,7
84985,1
84986,16
84986,13
84988,4
84988,8
84988,15
84988,2
84989,1
84990,1
84991,22
84992,16
84994,24
84995,7
84996,7
84997,1
84997,7
84997,22
84998,7
84998,20
84999,1
84999,7
85007,1
85007,16
85007,7
85015,1
85016,1
85016,10
85020,16
85021,16
85022,5
85022,11
85023,1
85023,7
85024,1
85028,1
85028,16
85029,7
85030,7
85032,7
85033,23
85033,24
85035,1
85035,7
85036,16
85040,15
85051,1
85051,5
85051,3
85053,1
85054,7
85055,1
85055,7
85058,1
85058,5
85059,5
85059,17
85061,1
85061,21
85061,17
85063,16
85064,1
85064,16
85064,7
85065,16
85065,27
85067,1
85067,16
85067,7
85071,16
85071,22
85072,5
85073,22
85074,22
85078,1
85079,7
85080,7
85081,1
85081,7
85081,18
85082,1
85082,16
85082,10
85086,1
85086,7
85088,16
85089,1
85089,7
85090,1
85090,7
85098,16
85099,1
85099,7
85100,1
85100,11
85104,1
85104,16
85107,22
85108,7
85116,16
85117,4
85117,8
85117,2
85118,3
85119,3
85120,16
85122,16
85123,1
85123,16
85124,1
85125,1
85126,16
85126,27
85127,1
85129,17
85130,27
85132,18
85133,22
85134,10
85135,1
85135,16
85135,10
85136,15
85137,4
85137,3
85139,1
85139,3
85140,1
85140,7
85141,1
85141,7
85143,5
85144,1
85144,7
85145,1
85145,7
85146,1
85146,7
85147,1
85147,7
85148,1
85148,7
85149,1
85149,7
85152,27
85156,8
85156,17
85158,1
85158,7
85159,1
85159,7
85160,16
85163,6
85163,12
85166,18
85168,1
85168,16
85168,7
85169,15
85170,1
85170,7
85174,7
85181,8
85182,1
85182,7
85183,23
85184,25
85185,1
85185,7
85186,7
85187,1
85187,7
85187,18
85192,1
85192,5
85192,11
85193,25
85194,1
85194,16
85195,1
85196,1
85196,8
85197,1
85197,11
85198,1
85198,5
85198,11
85201,1
85201,16
85201,5
85202,1
85202,7
85203,1
85204,1
85204,5
85204,3
85205,5
85209,15
85210,25
85211,4
85211,8
85211,15
85212,16
85212,4
85212,15
85212,13
85213,7
85214,2
85214,11
85214,12
85215,3
85216,1
85216,16
85216,5
85218,5
85221,17
85222,15
85222,7
85223,13
85224,1
85224,7
85225,1
85225,3
85225,11
85226,5
85227,1
85227,16
85228,16
85228,7
85229,1
85229,7
85230,1
85230,7
85231,1
85231,7
85232,1
85232,11
85233,11
85234,8
85234,13
85235,1
85235,7
85236,1
85236,7
85237,1
85237,7
85238,16
85238,10
85240,1
85242,1
85242,11
85242,12
85243,27
85243,23
85244,27
85245,6
85245,11
85247,27
85248,27
85249,16
85251,1
85251,16
85251,7
85252,24
85253,25
85255,16
85255,6
85256,1
85259,1
85259,5
85259,3
85260,16
85260,4
85260,8
85261,1
85261,21
85263,4
85263,8
85263,15
85263,13
85264,15
85266,15
85267,27
85268,1
85268,7
85269,1
85269,7
85269,22
85272,16
85272,22
85274,7
85275,7
85276,22
85277,13
85277,6
85277,3
85278,1
85278,10
85280,1
85280,5
85281,1
85281,7
85282,1
85282,4
85282,5
85284,27
85284,12
85285,7
85287,1
85289,27
85290,1
85290,16
85291,10
85292,5
85292,17
85294,1
85294,7
85295,1
85295,5
85295,3
85296,1
85296,7
85299,16
85300,7
85301,4
85301,7
85301,3
85302,1
85302,5
85302,11
85303,5
85308,5
85310,1
85310,7
85311,18
85312,1
85312,2
85312,18
85313,1
85313,7
85314,1
85314,7
85315,13
85315,7
85316,1
85317,27
85319,16
85319,4
85319,27
85322,10
85325,1
85325,7
85327,8
85327,25
85329,5
85330,22
85331,1
85331,7
85333,22
85335,8
85335,13
85335,7
85336,13
85336,7
85337,7
85338,4
85338,8
85338,2
85339,1
85339,7
85339,11
85340,1
85340,7
85341,16
85343,5
85343,3
85344,8
85344,27
85345,7
85346,1
85346,7
85347,1
85347,6
85348,7
85349,1
85350,2
85351,5
85355,4
85355,8
85355,2
85356,1
85356,4
85356,3
85357,1
85357,7
85357,11
85359,1
85359,23
85359,17
85360,1
85360,17
85362,22
85363,1
85363,7
85365,1
85365,5
85366,13
85366,7
85368,7
85369,11
85370,7
85371,1
85371,7
85372,3
85372,11
85372,12
85373,1
85373,7
85374,1
85374,17
85376,1
85376,16
85376,5
85377,24
85378,5
85378,3
85379,5
85379,3
85380,4
85380,13
85384,1
85384,16
85384,7
85385,10
85386,1
85386,7
85387,1
85387,7
85388,4
85388,13
85390,10
85392,4
85392,11
85393,1
85393,6
85393,11
85394,1
85396,1
85396,7
85397,17
85398,4
85398,13
85398,2
85399,7
85400,1
85400,3
85401,1
85401,16
85405,1
85406,7
85410,15
85411,7
85412,14
85413,14
85413,13
85414,1
85414,14
85414,13
85415,1
85415,13
85415,12
85416,5
85416,11
85417,1
85418,1
85418,14
85420,16
85420,4
85420,15
85421,1
85422,1
85422,3
85423,16
85423,5
85424,1
85424,16
85424,7
85425,7
85425,22
85426,1
85426,7
85427,1
85428,1
85429,1
85429,7
85429,11
85430,1
85431,1
85431,4
85431,7
85432,1
85432,7
85433,5
85434,1
85434,7
85435,16
85435,10
85436,1
85436,7
85439,5
85440,14
85440,22
85442,1
85442,15
85442,13
85443,1
85443,7
85444,1
85444,5
85445,1
85445,17
85446,1
85446,7
85447,1
85447,7
85448,5
85448,11
85450,10
85451,4
85451,5
85453,16
85453,15
85454,15
85454,23
85454,13
85455,16
85455,15
85455,7
85457,1
85457,3
85457,11
85458,1
85458,7
85458,11
85459,16
85460,16
85460,7
85461,7
85461,17
85462,16
85462,15
85463,15
85463,13
85463,2
85464,15
85465,15
85466,15
85467,15
85468,16
85469,16
85470,16
85472,1
85472,16
85473,16
85473,4
85473,8
85474,1
85474,7
85474,17
85475,16
85475,7
85476,1
85476,5
85477,2
85478,25
85481,16
85481,7
85482,1
85482,5
85482,3
85483,2
85484,2
85485,16
85488,1
85489,1
85492,1
85492,7
85493,1
85493,7
85493,11
85494,1
85494,7
85495,7
85496,1
85497,7
85498,1
85498,8
85498,11
85499,13
85499,7
85500,1
85500,3
85501,1
85501,7
85502,1
85502,7
85503,23
85504,13
85504,7
85505,1
85505,13
85506,23
85507,1
85507,13
85507,7
85508,1
85508,4
85508,7
85509,1
85509,13
85509,7
85510,16
85512,1
85512,7
85513,1
85513,7
85514,1
85514,7
85515,25
85516,1
85516,13
85517,1
85517,5
85517,11
85518,8
85518,27
85519,8
85519,27
85519,24
85521,1
85522,1
85522,3
85523,1
85523,7
85528,1
85528,16
85528,7
85532,1
85532,7
85533,4
85533,8
85533,2
85534,1
85535,16
85535,5
85535,18
85536,4
85536,8
85536,15
85536,13
85537,1
85537,13
85537,3
85538,1
85538,5
85538,3
85539,5
85539,7
85542,16
85542,15
85542,7
85543,1
85543,3
85544,21
85544,17
85547,16
85547,22
85550,1
85550,3
85551,4
85551,8
85551,11
85552,1
85552,7
85553,1
85553,5
85555,1
85556,3
85556,11
85556,18
85558,11
85559,1
85559,7
85561,7
85563,1
85563,7
85567,4
85567,8
85568,8
85568,13
85569,8
85569,13
85570,8
85570,13
85571,1
85571,7
85572,1
85573,5
85573,14
85574,11
85575,1
85575,16
85575,7
85576,16
85577,16
85578,1
85578,2
85578,3
85579,1
85580,1
85580,7
85581,1
85582,5
85582,19
85583,3
85584,1
85584,7
85585,1
85585,7
85586,1
85586,7
85587,1
85587,4
85587,3
85588,27
85589,8
85589,13
85589,3
85590,5
85591,18
85592,4
85592,8
85592,13
85593,1
85593,10
85594,1
85594,7
85595,1
85596,6
85596,3
85596,11
85597,7
85598,1
85598,3
85600,16
85600,7
85601,5
85601,3
85602,1
85602,5
85602,3
85603,16
85603,15
85603,28
85605,15
85606,15
85607,16
85607,14
85608,5
85610,1
85610,7
85611,1
85611,4
85611,3
85613,23
85617,16
85623,22
85624,1
85624,16
85625,1
85625,14
85629,1
85630,16
85631,1
85632,22
85634,22
85636,16
85637,10
85640,1
85640,10
85640,7
85641,1
85641,16
85642,1
85642,13
85642,7
85643,16
85643,5
85646,5
85646,3
85649,5
85649,17
85652,7
85653,1
85653,7
85654,7
85655,1
85655,3
85655,11
85656,1
85656,7
85657,1
85657,7
85662,8
85662,22
85663,16
85663,8
85663,5
85665,1
85665,16
85666,23
85667,1
85667,4
85667,3
85668,1
85668,13
85668,7
85669,1
85669,22
85671,1
85671,16
85672,1
85672,11
85675,1
85675,16
85678,8
85678,25
85679,4
85679,13
85680,16
85680,10
85681,1
85681,7
85682,1
85682,16
85682,12
85683,16
85683,13
85683,7
85684,16
85684,13
85684,7
85685,16
85685,13
85685,7
85687,5
85688,1
85691,1
85691,16
85693,1
85693,16
85693,7
85694,16
85694,5
85695,7
85696,1
85697,7
85698,1
85698,7
85699,1
85699,16
85699,7
85700,22
85702,1
85702,7
85704,16
85705,1
85705,16
85705,7
85706,5
85706,3
85707,7
85709,1
85709,3
85709,11
85710,1
85710,4
85710,21
85711,24
85712,1
85712,16
85715,1
85716,1
85716,10
85716,17
85717,16
85719,23
85721,1
85721,16
85722,16
85724,7
85725,25
85727,22
85728,17
85730,7
85731,1
85731,5
85732,16
85733,1
85733,7
85734,11
85735,1
85735,16
85737,15
85737,23
85738,15
85739,7
85741,22
85742,22
85744,8
85744,25
85745,1
85746,4
85746,8
85746,13
85748,16
85748,7
85749,16
85749,4
85750,1
85750,5
85750,11
85751,23
85751,24
85752,23
85754,7
85754,11
85755,3
85755,11
85758,7
85758,22
85759,1
85759,5
85759,3
85761,1
85761,7
85762,13
85763,13
85763,7
85764,5
85765,16
85766,1
85766,5
85766,3
85767,1
85767,3
85770,1
85770,19
85772,1
85772,5
85775,24
85776,5
85776,3
85776,11
85777,8
85777,27
85777,13
85778,7
85782,25
85783,25
85785,4
85785,5
85791,14
85791,2
85792,7
85793,1
85794,14
85795,13
85795,7
85796,1
85796,11
85797,18
85798,16
85798,13
85799,16
85799,5
85800,1
85800,16
85801,16
85807,1
85807,7
85808,1
85808,4
85808,2
85809,13
85810,13
85810,7
85811,24
85812,13
85817,1
85817,4
85817,5
85823,1
85823,7
85824,1
85824,16
85824,22
85825,16
85826,1
85826,7
85827,16
85827,7
85828,1
85828,7
85831,1
85831,7
85832,13
85832,7
85835,7
85836,1
85836,16
85836,7
85837,7
85838,11
85839,16
85839,22
85841,16
85841,2
85845,1
85845,7
85846,1
85846,5
85846,3
85847,1
85847,5
85847,3
85848,5
85850,7
85851,7
85852,7
85853,1
85853,16
85853,7
85854,7
85855,1
85855,7
85856,7
85857,1
85857,7
85858,1
85858,7
85859,22
85860,7
85861,24
85862,1
85862,7
85863,1
85863,7
85864,23
85864,24
85865,1
85865,4
85865,8
85866,27
85866,13
85867,1
85867,7
85868,27
85870,1
85871,7
85872,8
85872,2
85875,22
85876,1
85876,7
85877,7
85879,22
85880,7
85881,1
85882,7
85884,16
85884,5
85885,24
85885,22
85887,1
85887,7
85893,1
85893,7
85894,1
85895,1
85896,1
85896,15
85896,13
85897,13
85897,7
85898,1
85898,7
85899,1
85899,7
85900,7
85901,1
85901,7
85904,1
85905,7
85906,7
85907,17
85908,1
85908,7
85909,1
85912,1
85912,16
85912,14
85919,4
85919,8
85919,13
85922,7
85923,1
85923,7
85924,1
85924,7
85925,1
85926,1
85926,17
85927,17
85929,25
85930,1
85930,7
85933,1
85933,8
85933,13
85934,4
85934,5
85934,11
85935,16
85935,14
85936,1
85936,16
85936,7
85937,1
85942,1
85942,7
85942,24
85945,1
85945,7
85946,1
85946,7
85947,1
85947,7
85949,1
85949,7
85952,6
85952,3
85959,4
85959,3
85959,11
85960,1
85960,7
85961,22
85963,1
85964,10
85966,1
85966,7
85967,1
85967,7
85967,3
85968,1
85968,3
85969,5
85971,2
85971,11
85973,15
85973,13
85973,28
85974,5
85975,7
85976,16
85977,7
85978,6
85978,7
85978,11
85979,16
85980,25
85980,24
85981,1
85981,3
85983,1
85983,16
85983,22
85985,6
85985,7
85985,12
85987,1
85987,5
85988,5
85989,1
85989,3
85991,16
85992,13
85992,7
85995,1
85995,5
85995,3
85996,5
85997,25
85998,17
85999,17
86000,1
86000,6
86001,16
86002,1
86002,3
86003,5
86004,15
86005,1
86005,5
86006,5
86007,22
86008,5
86009,5
86010,1
86010,16
86011,7
86012,1
86012,21
86013,5
86017,6
86018,1
86018,5
86018,3
86019,1
86019,7
86020,22
86021,1
86022,6
86022,7
86022,11
86024,26
86025,1
86026,1
86026,7
86027,7
86028,1
86031,5
86032,4
86032,8
86032,13
86033,1
86033,7
86034,3
86034,11
86034,12
86035,5
86036,24
86037,1
86037,7
86037,11
86038,1
86038,5
86038,11
86039,27
86040,27
86042,16
86042,3
86042,11
86043,16
86043,3
86043,11
86044,1
86044,7
86045,8
86045,27
86045,13
86046,1
86046,7
86047,8
86047,27
86048,17
86049,1
86049,7
86050,1
86050,13
86050,7
86053,1
86053,7
86054,1
86055,22
86056,1
86057,1
86057,16
86057,14
86062,1
86062,16
86062,7
86067,1
86067,5
86067,22
86068,16
86068,6
86068,11
86070,1
86070,5
86070,11
86071,1
86071,16
86071,5
86072,3
86073,3
86074,1
86074,11
86075,3
86076,7
86077,1
86078,1
86080,1
86080,7
86081,1
86081,7
86082,1
86083,1
86083,2
86084,2
86085,1
86086,3
86086,11
86087,1
86087,7
86088,1
86089,1
86090,16
86090,14
86091,1
86091,8
86092,7
86094,4
86094,8
86094,15
86095,21
86095,17
86096,7
86097,7
86098,16
86099,1
86099,5
86100,3
86101,14
86102,25
86103,4
86103,8
86104,1
86104,7
86106,25
86108,5
86111,27
86112,27
86113,27
86114,7
86115,16
86115,5
86116,16
86117,1
86117,5
86117,14
86118,1
86118,11
86118,17
86120,1
86120,3
86120,11
86121,1
86121,17
86124,27
86125,1
86125,7
86126,1
86126,7
86127,1
86127,7
86128,1
86129,1
86129,7
86131,3
86131,11
86132,4
86132,8
86133,18
86134,17
86135,8
86135,15
86135,13
86138,16
86140,22
86141,16
86141,8
86141,27
86142,1
86142,7
86143,8
86143,27
86144,1
86144,8
86144,17
86145,1
86146,1
86147,1
86147,7
86148,7
86149,26
86150,16
86150,2
86153,5
86154,4
86154,2
86155,5
86157,1
86157,5
86158,22
86159,1
86159,7
86160,1
86160,14
86160,7
86161,1
86162,16
86162,26
86164,1
86164,16
86165,17
86167,7
86172,4
86172,28
86173,1
86173,4
86175,1
86175,2
86175,3
86177,16
86178,5
86180,1
86180,7
86182,1
86182,7
86183,1
86183,7
86184,1
86184,7
86185,1
86185,3
86190,1
86193,1
86193,23
86193,7
86196,5
86197,7
86198,1
86198,13
86198,7
86199,21
86199,17
86200,1
86201,1
86201,7
86203,7
86204,1
86205,1
86205,7
86205,11
86207,1
86207,7
86208,13
86208,7
86209,13
86209,7
86214,8
86214,2
86215,1
86216,4
86217,1
86218,7
86219,1
86219,7
86220,1
86220,14
86220,7
86221,5
86221,11
86222,1
86223,1
86223,16
86223,5
86224,3
86225,1
86227,16
86227,10
86227,7
86228,1
86228,5
86229,1
86229,7
86230,7
86231,1
86231,7
86232,4
86233,1
86233,7
86234,7
86235,16
86238,16
86239,1
86239,7
86240,1
86240,7
86240,18
86241,1
86242,16
86242,4
86242,5
86243,1
86243,16
86244,1
86245,1
86246,16
86246,15
86246,7
86248,24
86249,16
86249,27
86253,1
86254,1
86254,7
86255,16
86256,1
86256,7
86257,1
86258,7
86258,3
86259,5
86261,16
86262,16
86262,10
86263,1
86263,7
86264,4
86264,15
86264,2
86266,21
86266,17
86267,1
86267,16
86267,7
86269,22
86270,8
86270,24
86271,8
86271,24
86271,17
86272,7
86273,16
86274,7
86276,11
86276,17
86276,12
86277,5
86277,2
86278,1
86278,7
86279,1
86279,7
86280,1
86281,1
86281,7
86282,13
86283,1
86283,7
86284,7
86287,16
86289,5
86290,5
86292,1
86292,7
86293,1
86293,7
86295,1
86295,7
86297,23
86297,24
86298,1
86298,14
86298,7
86299,1
86299,7
86300,1
86300,7
86301,1
86301,16
86301,13
86302,1
86302,16
86303,1
86304,1
86304,7
86305,16
86305,7
86306,8
86307,1
86307,7
86308,13
86308,7
86309,8
86309,27
86310,1
86310,3
86310,21
86311,8
86311,27
86312,1
86312,16
86312,7
86313,24
86315,5
86316,7
86317,7
86318,17
86319,11
86320,27
86320,13
86323,1
86323,4
86323,21
86324,7
86326,7
86326,3
86329,22
86330,27
86331,1
86331,7
86332,1
86332,7
86333,1
86333,7
86334,16
86336,1
86336,16
86336,7
86338,1
86338,13
86339,4
86339,8
86339,13
86340,1
86341,15
86342,1
86342,3
86344,5
86345,7
86347,1
86347,7
86348,1
86348,7
86349,1
86349,14
86349,19
86350,1
86350,7
86351,7
86352,1
86352,5
86353,1
86353,7
86354,1
86354,16
86355,8
86355,5
86355,11
86356,23
86359,5
86359,3
86359,11
86361,15
86363,1
86363,7
86367,4
86367,3
86368,16
86372,1
86372,5
86373,1
86373,8
86373,27
86374,1
86374,7
86375,27
86376,27
86378,8
86378,7
86380,27
86380,10
86381,27
86381,10
86382,8
86382,14
86383,16
86384,1
86384,7
86385,16
86385,15
86385,13
86386,8
86386,15
86386,13
86387,1
86387,7
86388,1
86388,7
86390,7
86392,1
86392,5
86392,7
86393,1
86393,7
86394,1
86394,7
86395,1
86395,7
86396,1
86396,7
86398,16
86399,27
86400,22
86401,1
86401,7
86402,1
86402,7
86407,1
86407,19
86408,7
86409,5
86411,16
86413,16
86413,23
86413,7
86415,27
86416,13
86417,7
86418,1
86418,4
86422,24
86423,22
86426,5
86429,1
86429,7
86430,1
86430,7
86430,11
86431,8
86431,27
86432,7
86433,4
86433,8
86433,13
86435,1
86435,16
86438,1
86438,7
86439,7
86440,7
86441,1
86442,1
86442,7
86443,7
86444,1
86444,7
86445,1
86445,16
86446,1
86446,7
86446,17
86447,1
86447,7
86448,1
86449,1
86450,16
86450,6
86451,7
86457,8
86457,23
86459,16
86460,1
86460,13
86461,1
86461,13
86463,1
86463,5
86463,3
86464,1
86464,7
86465,1
86465,7
86466,24
86467,1
86467,7
86468,16
86469,1
86469,16
86475,1
86475,21
86476,1
86476,3
86476,11
86477,7
86478,7
86479,1
86479,7
86480,1
86480,14
86480,7
86481,1
86481,7
86482,7
86483,1
86484,1
86484,7
86485,1
86485,3
86486,7
86487,13
86488,16
86489,8
86491,5
86492,7
86494,1
86495,1
86495,16
86497,1
86497,7
86498,1
86498,5
86498,7
86500,1
86504,7
86506,16
86506,7
86507,7
86509,1
86509,7
86510,1
86510,7
86511,7
86512,7
86513,7
86515,25
86517,7
86518,1
86518,7
86519,7
86521,1
86521,7
86521,18
86522,16
86522,7
86523,27
86523,14
86524,5
86524,3
86526,7
86527,5
86533,16
86534,1
86534,16
86534,7
86536,1
86536,4
86536,7
86537,1
86537,7
86538,1
86538,7
86541,1
86543,16
86544,24
86546,16
86547,24
86548,6
86548,3
86549,1
86550,4
86550,8
86550,13
86556,16
86558,16
86559,1
86559,7
86560,7
86562,1
86563,17
86565,28
86568,1
86569,7
86574,5
86574,3
86575,17
86576,1
86576,13
86576,7
86578,1
86578,21
86578,17
86580,16
86582,1
86582,16
86585,23
86586,1
86586,3
86587,1
86587,3
86587,19
86588,1
86588,27
86588,10
86589,23
86590,1
86591,16
86591,27
86591,18
86593,1
86593,7
86594,1
86595,1
86595,7
86595,21
86596,7
86597,7
86598,7
86599,22
86600,7
86601,1
86601,14
86601,7
86602,1
86602,16
86603,1
86604,7
86604,2
86605,1
86605,7
86606,1
86607,5
86608,7
86609,1
86609,7
86610,23
86610,24
86611,1
86611,7
86612,1
86612,7
86614,16
86614,28
86616,22
86617,1
86617,15
86618,26
86619,1
86619,7
86620,1
86620,7
86622,13
86623,5
86624,7
86625,5
86626,16
86626,8
86626,5
86627,1
86627,7
86627,11
86628,5
86629,1
86629,7
86630,16
86631,1
86631,7
86632,1
86632,7
86633,1
86634,16
86635,1
86635,7
86636,1
86637,1
86637,7
86638,5
86639,1
86639,7
86640,1
86640,7
86642,1
86642,5
86643,5
86644,4
86644,21
86645,1
86645,7
86645,18
86646,5
86646,11
86647,1
86648,16
86648,14
86649,1
86649,16
86650,5
86651,1
86651,7
86652,21
86653,16
86653,5
86654,16
86655,5
86656,5
86657,5
86658,16
86658,18
86659,1
86659,7
86660,16
86660,5
86661,1
86661,7
86662,1
86662,7
86663,1
86663,7
86664,1
86664,7
86664,11
86665,1
86665,7
86666,8
86667,4
86668,16
86669,15
86670,16
86670,14
86671,1
86671,5
86672,7
86673,22
86674,16
86674,11
86675,7
86676,7
86677,7
86678,7
86679,1
86680,13
86680,7
86682,16
86682,11
86684,4
86684,8
86684,13
86687,1
86687,5
86687,22
86692,7
86692,21
86692,17
86693,27
86696,27
86697,27
86698,23
86699,5
86700,5
86703,1
86704,16
86704,7
86705,16
86706,7
86707,26
86709,7
86711,27
86712,5
86713,1
86713,16
86713,7
86714,1
86714,16
86715,4
86715,15
86715,13
86716,1
86716,6
86716,3
86717,1
86717,5
86719,17
86720,16
86720,17
86721,7
86721,3
86721,11
86723,1
86723,7
86724,21
86725,1
86726,1
86726,16
86726,7
86727,1
86727,7
86729,1
86730,1
86730,7
86731,16
86732,1
86733,1
86736,19
86738,16
86739,7
86740,1
86741,1
86741,16
86741,7
86742,17
86743,1
86743,5
86743,11
86744,1
86746,1
86746,7
86751,1
86751,16
86751,5
86754,1
86754,5
86754,6
86755,16
86755,7
86757,1
86757,16
86757,7
86758,1
86758,7
86760,5
86760,3
86763,23
86763,24
86764,1
86764,14
86764,20
86766,1
86767,7
86770,27
86771,23
86772,1
86772,16
86773,13
86776,5
86777,25
86778,8
86778,25
86779,1
86779,7
86781,1
86782,8
86783,4
86783,8
86783,3
86784,1
86784,7
86786,1
86786,16
86787,1
86787,16
86792,7
86794,7
86795,1
86795,7
86796,7
86797,1
86797,7
86798,7
86799,1
86799,7
86800,7
86801,18
86802,7
86806,5
86807,1
86808,1
86808,16
86809,1
86809,3
86809,11
86811,16
86811,24
86812,8
86812,24
86813,1
86813,16
86815,23
86816,16
86817,16
86818,16
86819,16
86820,24
86821,17
86823,1
86823,7
86823,11
86826,1
86826,16
86827,1
86827,13
86829,1
86829,7
86832,1
86832,16
86833,16
86833,11
86833,12
86834,22
86838,1
86838,11
86838,12
86839,1
86839,5
86840,16
86840,5
86841,1
86841,16
86842,1
86842,22
86844,14
86853,1
86853,11
86854,3
86855,1
86855,12
86858,1
86858,16
86858,5
86859,16
86859,8
86859,14
86860,1
86860,18
86861,8
86863,1
86863,7
86864,1
86864,13
86864,7
86865,1
86869,1
86869,21
86869,9
86872,16
86872,7
86873,4
86873,15
86873,13
86874,1
86874,7
86875,27
86876,1
86877,1
86879,2
86879,3
86880,17
86881,1
86888,1
86891,5
86893,16
86894,1
86894,11
86895,8
86895,17
86897,7
86897,19
86898,1
86898,14
86899,7
86900,7
86901,7
86902,1
86903,1
86903,7
86906,1
86908,17
86911,7
86913,1
86913,16
86913,4
86913,15
86915,1
86915,4
86915,5
86916,5
86917,16
86918,1
86918,7
86919,1
86919,16
86920,1
86920,7
86924,7
86925,7
86926,16
86927,1
86927,5
86928,1
86928,7
86929,1
86929,7
86930,1
86931,1
86932,7
86933,1
86933,7
86934,16
86934,14
86934,7
86937,16
86937,13
86937,7
86940,7
86941,13
86941,7
86942,1
86942,7
86943,8
86945,7
86947,16
86947,7
86947,12
86948,16
86948,14
86950,1
86950,7
86950,11
86952,8
86952,2
86952,11
86953,5
86954,22
86956,22
86958,1
86958,14
86958,7
86960,1
86960,14
86961,5
86961,3
86963,5
86963,3
86964,1
86964,5
86968,7
86969,7
86970,1
86970,7
86972,24
86973,1
86974,27
86974,22
86975,1
86975,5
86979,1
86979,7
86979,11
86980,1
86980,7
86983,1
86983,7
86984,16
86985,16
86985,2
86986,4
86986,15
86986,13
86987,22
86988,1
86988,16
86988,11
86989,1
86989,7
86991,1
86991,7
86993,16
86993,27
86994,1
86995,16
86996,1
86996,7
86998,13
86998,2
86999,1
87003,7
87004,6
87005,22
87006,16
87012,5
87012,3
87012,11
87013,1
87013,7
87014,1
87014,7
87016,16
87020,1
87020,7
87021,1
87021,7
87022,5
87025,1
87025,5
87026,10
87027,5
87028,1
87028,7
87028,3
87033,8
87033,24
87034,16
87036,24
87036,17
87037,2
87037,3
87038,24
87038,17
87040,1
87041,23
87046,1
87046,14
87046,7
87048,10
87050,1
87050,7
87051,1
87051,7
87052,16
87052,2
87053,16
87054,17
87056,15
87056,7
87056,28
87057,16
87057,15
87057,7
87058,16
87058,15
87058,28
87059,16
87059,15
87059,12
87060,16
87060,15
87060,7
87062,1
87062,15
87062,7
87064,1
87065,1
87065,5
87066,1
87066,5
87067,1
87067,7
87068,2
87068,11
87069,8
87069,2
87071,5
87072,7
87075,16
87075,7
87076,1
87076,5
87076,11
87081,8
87081,27
87081,13
87082,5
87082,3
87084,1
87084,14
87084,17
87085,1
87085,16
87085,7
87086,1
87086,7
87087,16
87089,1
87090,1
87090,7
87092,16
87093,10
87094,5
87095,11
87096,1
87097,1
87097,7
87098,7
87099,1
87099,7
87100,7
87101,1
87101,7
87102,1
87102,7
87103,4
87105,1
87107,8
87107,27
87107,2
87114,1
87115,1
87115,7
87116,1
87117,1
87117,7
87118,23
87119,25
87120,1
87120,5
87120,7
87122,15
87122,28
87122,12
87123,15
87123,7
87123,28
87125,4
87125,15
87125,10
87126,16
87126,15
87126,7
87127,15
87127,14
87127,7
87127,2
87128,4
87128,15
87131,1
87132,16
87134,12
87135,10
87136,10
87139,5
87140,1
87140,16
87140,8
87141,1
87141,7
87142,1
87142,7
87145,1
87147,1
87147,7
87148,1
87148,8
87149,16
87149,7
87152,8
87155,16
87155,15
87155,7
87156,16
87157,1
87157,7
87158,11
87166,1
87168,1
87168,7
87169,1
87169,7
87170,7
87171,1
87171,7
87172,1
87173,13
87174,1
87175,22
87177,1
87177,7
87178,1
87178,4
87178,5
87179,16
87180,16
87181,1
87182,8
87182,14
87182,13
87183,16
87183,5
87184,16
87187,1
87187,17
87188,1
87188,16
87190,1
87193,1
87194,27
87195,1
87195,11
87198,16
87198,15
87199,4
87199,8
87199,15
87199,13
87203,15
87203,2
87204,15
87205,16
87205,15
87205,7
87206,15
87207,15
87207,11
87207,12
87209,15
87210,15
87210,7
87211,15
87212,15
87212,12
87213,7
87213,12
87214,7
87216,13
87216,7
87217,7
87218,7
87219,16
87219,7
87219,12
87220,7
87223,16
87223,4
87223,8
87225,18
87226,4
87226,5
87227,16
87228,5
87230,16
87230,2
87231,16
87232,5
87232,3
87233,17
87237,1
87237,7
87238,6
87239,16
87240,7
87243,1
87243,7
87244,1
87244,7
87245,1
87245,21
87245,17
87246,15
87246,7
87247,5
87253,16
87253,14
87254,27
87255,16
87255,27
87255,13
87257,17
87259,16
87263,1
87264,1
87264,7
87265,7
87266,16
87267,27
87268,1
87269,1
87269,7
87270,1
87270,7
87274,16
87277,1
87277,7
87278,1
87278,7
87279,1
87279,7
87280,1
87280,7
87281,1
87282,1
87282,14
87282,7
87284,25
87285,1
87285,17
87286,5
87287,1
87287,5
87287,3
87289,7
87290,5
87290,3
87291,1
87291,7
87293,7
87294,1
87294,4
87294,3
87295,1
87296,1
87296,13
87296,7
87297,13
87297,6
87297,7
87298,1
87299,7
87300,1
87301,1
87301,5
87301,3
87302,7
87304,5
87305,5
87306,16
87306,13
87307,7
87308,13
87308,7
87309,19
87310,1
87310,5
87310,9
87311,5
87312,4
87312,8
87312,15
87312,13
87313,1
87313,11
87314,1
87314,7
87315,1
87315,7
87317,25
87318,1
87320,1
87320,7
87321,4
87321,5
87322,10
87323,15
87324,13
87324,7
87326,1
87326,16
87327,1
87328,16
87328,22
87329,11
87330,5
87333,1
87333,7
87334,7
87334,12
87337,1
87337,7
87338,27
87341,16
87344,1
87344,2
87346,5
87347,1
87347,5
87348,3
87348,17
87354,1
87354,14
87354,7
87355,1
87355,3
87356,1
87356,7
87357,1
87357,7
87358,1
87358,7
87359,7
87360,7
87361,1
87361,7
87361,11
87362,1
87362,5
87364,1
87364,17
87365,15
87365,13
87366,15
87366,28
87366,22
87367,16
87367,15
87367,7
87369,1
87369,7
87373,16
87374,1
87374,7
87375,1
87377,1
87377,7
87383,1
87383,7
87384,1
87384,7
87385,1
87385,14
87386,16
87387,5
87387,3
87388,1
87388,5
87389,1
87389,8
87389,2
87390,1
87390,5
87392,7
87395,1
87395,7
87396,16
87398,1
87398,13
87398,7
87399,1
87400,4
87401,1
87402,1
87402,7
87403,16
87403,7
87404,7
87405,1
87405,7
87406,1
87406,7
87407,1
87408,1
87408,7
87409,7
87411,7
87412,1
87412,7
87413,1
87416,16
87418,16
87418,27
87418,14
87419,1
87423,1
87423,16
87423,7
87424,1
87424,7
87425,22
87430,1
87434,7
87435,1
87435,7
87436,11
87437,1
87437,13
87437,7
87438,1
87442,4
87442,8
87442,13
87443,4
87443,8
87443,13
87444,11
87447,1
87449,1
87450,17
87452,3
87452,17
87452,9
87453,1
87453,16
87454,16
87455,16
87456,8
87456,27
87457,16
87457,8
87457,13
87458,1
87460,1
87460,16
87461,4
87461,15
87461,17
87462,4
87462,15
87462,17
87463,16
87464,3
87465,1
87466,1
87466,7
87466,17
87467,6
87467,3
87467,12
87468,7
87472,1
87472,13
87474,4
87474,8
87474,13
87475,4
87475,8
87475,13
87479,1
87479,16
87480,1
87481,16
87482,16
87482,4
87482,8
87483,5
87485,25
87487,1
87487,7
87488,1
87488,7
87493,16
87494,21
87495,1
87497,27
87497,2
87498,4
87498,8
87498,13
87499,27
87499,14
87501,16
87501,4
87501,15
87501,5
87502,23
87503,16
87503,4
87503,15
87504,15
87504,2
87505,1
87506,2
87506,11
87507,16
87508,5
87508,11
87509,1
87509,7
87512,1
87514,22
87515,17
87516,23
87519,1
87519,3
87519,19
87520,23
87522,1
87523,3
87523,9
87524,1
87524,16
87524,7
87525,1
87525,16
87528,25
87532,1
87532,16
87532,4
87533,21
87533,17
87534,24
87536,3
87536,11
87537,1
87539,1
87539,7
87541,5
87542,23
87543,23
87549,1
87550,1
87551,5
87551,3
87552,1
87552,7
87553,1
87553,7
87554,6
87554,12
87555,16
87555,27
87557,11
87558,1
87558,4
87559,16
87559,14
87560,7
87561,1
87562,1
87562,7
87563,16
87565,16
87566,5
87567,5
87567,17
87571,1
87571,4
87572,1
87572,7
87573,1
87574,1
87574,16
87574,14
87575,1
87575,7
87576,1
87576,7
87576,2
87577,5
87578,16
87578,27
87579,16
87579,8
87579,13
87580,1
87580,7
87581,1
87581,7
87582,1
87582,7
87583,1
87583,7
87597,1
87597,5
87597,6
87598,1
87598,7
87600,5
87600,11
87601,15
87601,13
87601,22
87602,15
87602,13
87602,22
87603,16
87603,10
87603,7
87605,22
87608,10
87609,22
87614,10
87615,27
87616,1
87618,1
87618,7
87619,16
87619,24
87619,12
87620,1
87620,16
87620,4
87621,16
87621,7
87622,1
87622,16
87622,5
87626,16
87631,7
87632,1
87633,1
87633,5
87633,11
87634,7
87636,1
87636,5
87637,1
87637,16
87637,14
87639,1
87639,7
87640,1
87640,21
87641,1
87642,8
87642,22
87643,8
87643,22
87644,16
87644,11
87645,1
87645,7
87646,1
87647,1
87647,7
87649,1
87649,5
87650,7
87651,1
87651,7
87652,1
87652,13
87652,7
87653,1
87653,8
87654,5
87655,1
87659,1
87659,7
87660,1
87660,7
87660,11
87661,1
87661,7
87663,22
87665,1
87666,1
87666,22
87667,1
87667,7
87668,1
87668,7
87668,2
87672,13
87672,7
87673,1
87673,13
87674,1
87674,7
87675,1
87676,1
87676,7
87677,1
87677,21
87678,1
87680,7
87681,1
87681,16
87682,1
87682,7
87685,1
87685,5
87687,15
87688,1
87691,1
87692,1
87692,7
87693,7
87694,7
87695,1
87695,7
87697,1
87697,16
87697,7
87698,15
87698,13
87700,1
87700,16
87701,16
87702,1
87702,7
87703,16
87706,1
87706,17
87707,1
87707,17
87708,27
87709,1
87709,13
87709,7
87710,1
87710,7
87711,3
87711,11
87713,18
87714,1
87714,7
87715,7
87716,1
87716,7
87717,1
87717,7
87718,1
87718,7
87719,1
87719,7
87720,1
87720,7
87721,5
87721,3
87722,1
87723,1
87724,1
87724,7
87725,7
87726,1
87726,5
87726,18
87727,1
87727,5
87727,14
87728,5
87729,22
87731,17
87732,7
87735,7
87736,16
87737,1
87737,7
87738,1
87738,7
87739,1
87739,7
87740,1
87741,1
87741,7
87742,1
87742,5
87742,3
87743,1
87743,7
87744,1
87745,8
87745,2
87746,16
87746,15
87746,13
87747,10
87748,1
87748,7
87749,1
87749,10
87749,7
87750,1
87750,17
87751,1
87752,1
87752,7
87753,1
87753,5
87753,3
87754,13
87755,16
87757,4
87757,8
87757,2
87758,26
87759,7
87764,1
87765,1
87766,1
87766,7
87767,1
87768,1
87768,16
87770,1
87770,7
87771,27
87772,13
87773,1
87773,7
87774,1
87774,21
87775,27
87776,15
87778,1
87778,7
87779,1
87780,1
87781,1
87781,19
87783,5
87785,8
87785,27
87785,2
87789,10
87790,16
87793,23
87794,10
87795,16
87801,7
87806,16
87806,15
87806,13
87808,22
87809,4
87809,8
87809,13
87811,16
87813,17
87814,1
87814,16
87815,1
87815,4
87815,5
87819,4
87819,8
87819,13
87820,16
87821,16
87821,11
87823,16
87826,23
87827,1
87827,7
87828,1
87828,7
87828,11
87829,1
87829,7
87831,5
87832,16
87832,23
87832,7
87835,1
87835,7
87836,1
87836,7
87837,1
87838,1
87838,8
87838,13
87839,7
87840,4
87840,13
87840,2
87841,16
87842,1
87842,5
87845,16
87845,5
87846,1
87846,7
87847,1
87848,1
87848,16
87849,1
87849,7
87850,1
87850,7
87851,1
87851,7
87852,1
87852,7
87853,1
87854,13
87854,7
87856,1
87856,21
87858,6
87858,3
87859,25
87860,1
87860,7
87861,1
87861,7
87862,18
87868,17
87869,1
87869,16
87871,16
87871,4
87871,13
87872,5
87873,1
87873,5
87874,1
87874,7
87875,8
87875,13
87876,7
87877,13
87877,7
87878,5
87882,16
87884,1
87884,7
87886,25
87887,1
87887,4
87887,11
87888,16
87888,7
87889,22
87891,26
87892,1
87892,7
87893,1
87893,11
87894,1
87894,2
87901,4
87901,13
87902,4
87902,8
87902,13
87903,1
87903,7
87904,1
87904,7
87905,1
87905,7
87906,1
87906,7
87907,1
87907,5
87909,4
87909,8
87909,2
87910,16
87910,4
87910,7
87911,1
87911,16
87911,7
87912,1
87912,7
87913,1
87913,5
87914,16
87916,22
87919,16
87919,7
87920,13
87920,7
87922,1
87923,16
87924,16
87925,1
87925,7
87926,1
87926,7
87931,5
87932,16
87932,14
87933,8
87934,1
87934,11
87935,14
87938,16
87938,13
87939,16
87939,7
87941,1
87944,24
87945,1
87945,7
87946,1
87946,7
87946,21
87949,1
87949,5
87951,16
87951,24
87952,1
87952,17
87953,1
87953,16
87953,7
87954,10
87955,23
87956,5
87960,27
87961,1
87962,1
87962,7
87963,1
87963,16
87964,8
87964,24
87965,5
87965,12
87967,1
87967,7
87968,1
87968,7
87973,1
87973,5
87973,3
87975,7
87976,1
87976,7
87979,1
87979,7
87979,11
87980,1
87980,16
87980,4
87986,1
87986,7
87987,1
87987,3
87988,1
87991,1
87991,7
87991,11
87992,1
87992,27
87992,11
87995,21
87997,1
87997,7
87998,1
87998,5
87999,5
88003,5
88006,5
88007,7
88008,1
88008,7
88009,5
88009,11
88011,1
88011,7
88012,1
88012,7
88013,1
88013,5
88013,3
88014,5
88017,25
88025,1
88025,7
88026,1
88026,7
88028,3
88028,9
88029,12
88031,1
88031,14
88031,7
88033,1
88033,21
88037,26
88038,24
88039,24
88041,1
88041,7
88042,16
88042,7
88043,16
88043,7
88045,16
88045,13
88045,7
88046,1
88046,7
88047,16
88050,1
88050,11
88052,16
88052,4
88052,8
88057,15
88057,7
88058,8
88063,1
88063,7
88064,8
88064,13
88065,1
88065,5
88066,1
88066,7
88067,1
88067,5
88067,7
88068,7
88069,14
88069,12
88070,3
88071,1
88071,7
88072,7
88073,1
88073,7
88074,7
88075,1
88075,7
88076,1
88076,7
88077,7
88078,1
88078,7
88080,1
88081,1
88081,7
88082,1
88082,7
88083,17
88084,1
88086,13
88086,7
88087,16
88087,7
88088,1
88088,7
88089,1
88089,7
88090,10
88090,7
88091,1
88091,7
88092,1
88092,7
88093,1
88093,7
88094,1
88094,7
88096,1
88096,7
88102,1
88102,4
88102,5
88103,1
88104,5
88104,11
88105,16
88105,14
88106,16
88107,16
88107,8
88107,11
88109,11
88110,1
88110,7
88111,5
88112,11
88112,17
88112,9
88113,5
88116,21
88116,17
88117,16
88117,5
88117,11
88118,21
88118,17
88119,12
88120,11
88121,3
88122,8
88122,14
88124,1
88125,16
88126,7
88127,1
88127,7
88128,1
88128,16
88128,7
88129,1
88129,7
88130,1
88130,16
88130,5
88131,4
88131,8
88131,13
88132,6
88132,11
88134,17
88141,17
88142,17
88143,17
88144,10
88147,17
88148,23
88149,25
88151,17
88153,17
88156,11
88158,17
88160,8
88162,1
88162,7
88163,1
88163,7
88165,17
88166,17
88167,1
88167,7
88167,11
88169,17
88170,17
88171,1
88172,5
88172,11
88173,1
88174,5
88174,11
88175,16
88176,17
88178,16
88179,11
88180,1
88180,21
88180,17
88183,8
88183,3
88183,17
88184,1
88186,1
88187,1
88187,8
88187,3
88189,4
88189,21
88189,17
88190,5
88194,1
88195,4
88195,8
88195,5
88196,4
88196,5
88197,4
88197,21
88198,1
88198,21
88199,17
88201,1
88201,8
88201,17
88204,11
88205,8
88206,17
88208,1
88208,10
88210,13
88213,4
88215,8
88215,24
88216,16
88218,1
88219,17
88222,17
88223,17
88224,17
88226,17
88228,21
88228,17
88229,21
88229,17
88231,16
88232,1
88232,11
88235,16
88236,4
88236,21
88236,11
88237,1
88238,4
88238,5
88238,20
88240,1
88241,8
88241,5
88241,11
88242,1
88242,5
88243,4
88243,5
88243,11
88246,16
88247,1
88248,1
88248,10
88249,5
88249,11
88251,1
88251,11
88252,1
88252,16
88252,8
88256,1
88256,7
88256,3
88257,16
88261,27
88262,1
88262,5
88262,11
88263,22
88264,1
88264,7
88265,1
88265,7
88267,1
88267,7
88268,1
88269,1
88269,7
88270,1
88270,7
88271,7
88272,16
88275,1
88275,3
88280,1
88280,5
88280,2
88281,1
88281,11
88282,21
88282,17
88283,4
88283,8
88284,11
88286,21
88287,17
88289,17
88290,17
88291,17
88292,17
88293,25
88294,1
88294,7
88296,1
88297,16
88297,24
88298,1
88300,1
88301,17
88303,21
88303,17
88305,16
88306,1
88306,16
88307,1
88307,21
88308,16
88309,17
88311,11
88312,7
88313,25
88313,24
88313,17
88316,1
88316,8
88316,3
88317,1
88317,7
88318,1
88319,1
88319,5
88319,11
88320,17
88321,5
88321,11
88322,1
88322,7
88323,1
88323,7
88324,25
88328,7
88329,1
88329,7
88330,1
88331,7
88332,1
88332,7
88333,1
88334,1
88334,7
88336,15
88336,5
88336,7
88336,28
88337,4
88337,15
88337,2
88339,27
88340,1
88341,1
88341,7
88343,5
88348,16
88350,1
88350,7
88351,1
88351,4
88354,4
88354,8
88354,2
88355,1
88355,13
88355,19
88356,1
88356,3
88357,5
88358,1
88358,7
88359,11
88360,1
88360,5
88360,7
88361,13
88361,6
88361,11
88365,1
88366,1
88368,1
88368,7
88369,4
88369,8
88369,13
88370,1
88370,5
88374,1
88376,1
88376,13
88378,25
88379,1
88379,16
88379,5
88380,22
88384,1
88384,7
88387,1
88388,24
88402,16
88403,7
88403,28
88404,1
88404,7
88405,1
88406,8
88406,11
88407,1
88407,3
88407,17
88411,1
88411,16
88412,16
88412,13
88414,1
88414,17
88415,1
88415,17
88415,22
88416,1
88416,3
88418,1
88419,5
88420,16
88421,11
88424,1
88425,1
88425,16
88425,7
88428,7
88429,1
88429,7
88430,10
88432,16
88432,8
88432,23
88433,1
88433,7
88434,1
88435,16
88435,27
88435,10
88436,1
88436,7
88437,5
88437,11
88438,1
88438,5
88438,7
88441,4
88441,5
88441,3
88442,1
88443,1
88445,1
88447,16
88448,16
88448,5
88449,1
88450,1
88451,1
88451,3
88452,1
88452,7
88453,1
88453,7
88454,1
88455,1
88455,17
88456,4
88456,5
88456,11
88458,1
88458,7
88459,10
88460,1
88460,16
88461,15
88461,13
88462,1
88464,1
88464,7
88466,24
88467,10
88468,1
88470,1
88470,5
88472,5
88472,3
88473,10
88474,16
88475,23
88475,24
88479,1
88480,17
88482,4
88482,8
88482,13
88483,16
88483,23
88484,23
88486,22
88487,1
88487,5
88488,13
88489,7
88490,1
88490,7
88493,1
88494,10
88495,4
88501,1
88501,5
88501,11
88502,15
88502,2
88503,15
88504,15
88504,13
88510,1
88510,4
88510,5
88513,4
88513,2
88514,1
88514,5
88516,23
88517,3
88517,12
88518,1
88519,1
88519,7
88520,7
88521,7
88522,7
88523,16
88524,1
88524,7
88533,1
88534,16
88534,22
88537,7
88538,13
88538,7
88539,13
88539,7
88540,1
88540,13
88540,7
88541,1
88541,7
88542,1
88542,7
88545,23
88547,1
88547,7
88548,22
88551,11
88552,16
88553,7
88554,5
88555,7
88556,1
88556,7
88557,1
88558,7
88559,1
88560,1
88561,1
88561,7
88562,7
88563,7
88564,1
88564,3
88564,11
88565,22
88568,1
88568,7
88569,23
88570,5
88570,11
88571,1
88571,7
88571,11
88573,1
88575,1
88576,7
88577,1
88577,4
88578,1
88579,1
88579,5
88579,11
88580,1
88580,5
88580,11
88581,1
88581,13
88581,7
88582,1
88584,13
88584,7
88586,6
88586,7
88587,1
88587,7
88588,1
88589,1
88589,7
88589,22
88590,1
88590,7
88591,1
88591,7
88592,16
88592,7
88593,1
88593,7
88594,1
88594,5
88594,7
88595,1
88595,7
88596,4
88596,5
88596,7
88597,16
88597,7
88598,16
88598,7
88599,1
88599,7
88601,16
88601,7
88602,16
88602,7
88602,12
88603,1
88603,7
88604,10
88605,1
88605,7
88607,16
88607,7
88607,12
88608,16
88608,13
88608,7
88609,1
88609,7
88610,1
88610,5
88610,7
88611,16
88611,4
88611,5
88612,1
88612,3
88613,1
88613,7
88614,1
88614,7
88615,1
88615,7
88616,7
88617,16
88617,7
88618,7
88619,7
88620,1
88620,7
88621,7
88622,7
88623,7
88624,21
88624,17
88625,1
88632,1
88632,7
88633,16
88633,10
88634,7
88635,7
88636,1
88636,7
88637,1
88637,7
88640,7
88641,1
88641,13
88642,1
88643,7
88644,13
88644,7
88645,1
88646,1
88646,7
88647,8
88647,24
88648,7
88649,7
88650,1
88650,7
88652,10
88653,5
88653,10
88656,16
88656,4
88656,13
88657,16
88657,15
88657,13
88657,7
88658,13
88658,2
88659,1
88659,16
88660,1
88660,7
88661,1
88661,7
88662,8
88662,27
88664,1
88664,7
88665,1
88665,7
88671,1
88671,7
88672,1
88672,7
88672,11
88679,10
88683,1
88683,5
88683,7
88685,1
88685,7
88686,1
88686,7
88687,17
88690,1
88690,7
88691,7
88692,1
88692,5
88692,3
88694,5
88694,11
88695,25
88696,1
88696,4
88696,3
88697,1
88697,16
88697,13
88698,4
88698,8
88698,15
88699,1
88700,7
88701,4
88701,8
88701,11
88703,1
88703,7
88704,7
88705,13
88709,1
88709,5
88709,11
88711,1
88711,13
88711,7
88712,1
88712,16
88713,16
88714,15
88717,7
88719,22
88720,1
88720,7
88721,7
88722,7
88723,7
88724,7
88725,7
88726,1
88726,7
88727,1
88727,7
88728,1
88728,7
88729,7
88730,1
88730,7
88731,7
88732,7
88733,1
88734,1
88735,7
88738,23
88741,21
88741,17
88743,4
88743,8
88743,13
88744,15
88744,21
88745,1
88745,16
88748,8
88748,15
88748,13
88748,7
88749,1
88749,9
88751,16
88752,1
88753,1
88753,4
88753,7
88754,1
88758,1
88758,15
88758,7
88758,17
88760,1
88760,10
88761,1
88761,5
88762,23
88763,1
88763,16
88763,14
88764,1
88764,7
88771,8
88771,5
88772,1
88772,13
88772,11
88773,13
88773,11
88774,15
88774,7
88774,2
88774,28
88776,1
88776,16
88776,7
88777,1
88777,7
88778,23
88784,1
88784,14
88787,1
88787,16
88787,6
88794,7
88795,1
88795,5
88795,11
88796,1
88796,5
88796,3
88799,7
88801,8
88803,1
88803,3
88806,1
88806,16
88806,7
88812,16
88812,13
88812,7
88813,24
88814,1
88814,5
88815,1
88815,4
88815,13
88816,15
88816,7
88817,1
88817,16
88817,21
88822,13
88822,7
88823,21
88823,17
88825,5
88827,1
88827,7
88828,11
88829,4
88829,8
88829,13
88830,22
88831,5
88839,16
88839,2
88841,7
88842,16
88844,1
88844,16
88844,7
88845,1
88845,5
88852,3
88854,1
88854,5
88854,11
88855,1
88855,13
88856,7
88856,2
88857,1
88857,11
88858,1
88858,13
88859,7
88860,1
88860,7
88861,7
88862,16
88869,1
88870,27
88870,14
88871,1
88874,1
88876,1
88876,16
88881,4
88881,8
88881,3
88887,7
88887,22
88888,1
88888,16
88889,7
88892,11
88894,4
88894,5
88894,3
88895,1
88895,4
88895,11
88897,1
88897,7
88897,22
88899,1
88901,7
88902,1
88902,7
88904,1
88904,7
88905,7
88906,7
88907,7
88909,24
88910,4
88910,8
88910,2
88911,5
88911,11
88912,11
88913,1
88914,7
88915,16
88915,15
88915,13
88918,1
88918,13
88918,7
88922,1
88922,5
88922,3
88926,1
88926,16
88927,16
88928,1
88930,7
88931,1
88932,4
88932,15
88932,13
88934,5
88934,19
88936,16
88938,16
88939,5
88940,5
88943,5
88943,14
88944,16
88944,14
88945,1
88945,7
88947,6
88947,7
88947,2
88951,1
88951,7
88952,11
88955,8
88955,25
88956,1
88956,16
88956,22
88958,1
88958,7
88959,1
88959,5
88959,11
88961,1
88961,5
88961,3
88962,16
88962,5
88962,7
88964,1
88964,3
88967,1
88967,16
88972,4
88972,2
88976,1
88978,1
88978,16
88978,5
88990,1
88990,7
88993,16
88994,5
88995,1
88995,14
88995,7
88997,1
88997,8
88999,16
88999,7
89001,1
89001,7
89014,1
89014,13
89017,7
89018,1
89018,7
89019,1
89019,7
89023,1
89023,8
89023,15
89024,1
89024,7
89026,16
89026,13
89026,7
89031,1
89031,7
89038,5
89038,17
89044,16
89044,6
89047,3
89048,4
89048,15
89048,13
89049,15
89049,6
89049,3
89050,26
89051,1
89051,16
89051,7
89054,1
89054,5
89055,4
89055,5
89055,20
89056,1
89056,3
89057,24
89057,26
89058,8
89058,24
89059,5
89060,24
89060,26
89062,8
89063,1
89063,16
89063,2
89066,22
89067,22
89068,22
89071,17
89075,1
89075,6
89075,3
89076,16
89076,7
89077,1
89077,7
89077,11
89084,15
89084,13
89088,1
89088,7
89089,4
89089,8
89089,15
89090,15
89090,13
89090,7
89091,4
89091,8
89091,15
89091,13
89092,1
89092,15
89093,4
89093,15
89093,13
89094,15
89094,27
89094,13
89095,1
89096,15
89096,13
89096,7
89097,15
89097,13
89097,7
89098,15
89098,7
89101,1
89102,1
89103,16
89103,15
89103,7
89104,16
89104,15
89104,7
89105,16
89106,4
89106,8
89106,15
89106,13
89107,15
89108,1
89108,10
89109,1
89109,3
89109,11
89110,16
89110,15
89110,7
89112,1
89112,4
89113,8
89115,1
89120,16
89121,16
89122,1
89123,22
89124,5
89124,11
89125,1
89125,5
89128,16
89129,1
89129,7
89130,7
89131,7
89132,1
89132,7
89136,1
89136,16
89137,1
89138,16
89138,11
89139,16
89139,7
89140,18
89141,1
89141,16
89143,23
89147,4
89147,5
89149,8
89149,24
89150,8
89150,24
89153,16
89155,1
89155,7
89156,1
89157,5
89158,23
89159,11
89160,15
89162,3
89162,11
89163,15
89168,16
89168,7
89170,1
89170,7
89172,1
89172,7
89174,7
89175,13
89175,7
89176,1
89176,5
89177,1
89178,7
89179,7
89180,16
89181,1
89181,5
89182,5
89182,19
89183,1
89183,13
89183,2
89184,25
89185,3
89186,4
89187,1
89188,7
89189,1
89189,7
89190,1
89190,5
89190,3
89192,1
89192,18
89193,10
89195,16
89195,7
89196,1
89196,5
89197,1
89197,7
89199,1
89199,16
89200,15
89200,13
89203,1
89203,14
89204,1
89204,11
89212,4
89212,13
89212,2
89213,4
89213,8
89213,13
89215,1
89215,20
89215,17
89220,16
89220,4
89225,1
89225,7
89226,1
89226,7
89228,1
89228,7
89233,5
89235,16
89235,11
89235,17
89236,2
89241,16
89243,1
89243,7
89244,5
89245,5
89246,1
89249,3
89250,1
89250,7
89251,8
89251,13
89253,8
89258,11
89261,5
89261,11
89262,5
89262,11
89267,1
89267,5
89267,7
89269,7
89279,1
89279,7
89279,3
89282,1
89282,7
89283,4
89283,8
89283,13
89284,4
89284,8
89284,13
89287,1
89287,16
89288,7
89289,16
89289,22
89292,1
89292,13
89292,11
89293,1
89295,1
89296,1
89296,7
89297,1
89297,7
89298,1
89298,7
89300,1
89300,7
89302,1
89302,7
89303,1
89303,16
89303,7
89304,1
89305,4
89305,5
89306,1
89306,7
89307,1
89307,7
89308,1
89308,7
89309,1
89309,7
89310,1
89310,7
89311,1
89312,16
89312,14
89312,13
89313,1
89313,7
89316,1
89316,5
89316,7
89317,1
89317,7
89318,1
89318,7
89319,1
89319,7
89320,1
89321,1
89322,1
89322,7
89323,16
89324,4
89324,21
89324,17
89325,1
89325,7
89327,1
89327,7
89328,1
89328,7
89330,1
89330,7
89331,1
89331,11
89332,1
89332,7
89333,1
89333,7
89333,22
89334,1
89334,16
89334,7
89335,16
89336,1
89336,7
89337,1
89337,7
89338,1
89338,7
89339,1
89339,7
89340,1
89342,1
89344,1
89344,7
89345,1
89345,7
89346,1
89347,16
89351,1
89351,7
89353,1
89353,7
89355,1
89355,7
89356,4
89356,15
89356,13
89357,1
89359,1
89359,22
89360,1
89360,16
89360,7
89361,1
89362,1
89362,7
89363,1
89363,7
89364,1
89364,7
89365,1
89365,7
89366,1
89366,7
89367,1
89368,1
89368,16
89368,7
89369,1
89369,7
89370,1
89370,7
89371,16
89371,28
89372,1
89372,7
89373,1
89373,7
89374,1
89374,7
89375,1
89375,7
89376,1
89376,7
89377,1
89377,7
89378,1
89379,1
89379,7
89380,1
89381,1
89381,7
89382,1
89383,1
89383,7
89384,1
89385,1
89385,7
89386,1
89387,1
89387,4
89388,4
89388,11
89389,22
89390,16
89390,8
89393,16
89394,1
89394,7
89395,1
89395,7
89396,1
89396,16
89396,7
89397,1
89397,7
89398,1
89398,7
89399,1
89399,7
89400,1
89400,7
89401,1
89401,7
89402,1
89402,7
89403,1
89405,1
89405,7
89406,1
89407,1
89407,7
89408,1
89408,7
89409,1
89409,7
89410,1
89411,1
89411,7
89412,1
89412,7
89413,1
89413,7
89414,1
89414,7
89415,1
89415,7
89416,1
89416,7
89417,1
89417,7
89418,1
89418,7
89419,16
89419,7
89420,1
89420,7
89421,1
89421,8
89421,7
89422,1
89422,7
89424,1
89424,7
89425,1
89425,7
89426,1
89426,7
89430,1
89430,7
89431,1
89431,7
89432,1
89432,7
89433,1
89433,7
89434,4
89434,8
89434,14
89435,1
89437,1
89438,1
89438,7
89441,1
89441,7
89443,1
89444,16
89445,21
89445,17
89447,16
89447,13
89448,1
89450,16
89451,16
89453,8
89453,15
89453,2
89461,1
89461,7
89462,16
89462,27
89463,1
89463,22
89464,1
89464,17
89465,1
89465,7
89468,1
89468,21
89469,1
89469,13
89469,7
89470,1
89470,3
89470,11
89472,1
89472,23
89476,1
89476,4
89476,13
89477,21
89477,17
89477,22
89479,18
89480,1
89480,7
89484,1
89484,5
89484,3
89488,1
89488,13
89488,7
89489,1
89489,7
89490,8
89490,24
89491,1
89492,16
89495,1
89495,4
89495,5
89496,7
89497,7
89498,7
89502,4
89503,17
89505,1
89505,16
89505,7
89506,5
89508,1
89508,7
89511,1
89511,7
89514,1
89514,4
89514,7
89520,5
89520,3
89522,1
89522,16
89523,1
89523,5
89523,3
89524,1
89524,17
89529,1
89529,7
89532,16
89533,17
89535,5
89536,1
89539,11
89540,11
89542,1
89542,5
89542,3
89543,15
89544,15
89545,1
89545,7
89546,1
89546,16
89550,7
89551,23
89551,24
89552,21
89552,17
89553,16
89554,1
89554,16
89555,17
89557,16
89557,5
89558,25
89563,1
89563,7
89564,6
89564,12
89565,16
89565,4
89565,7
89566,4
89566,7
89566,11
89571,27
89574,16
89574,4
89575,1
89575,4
89575,5
89576,1
89576,5
89576,3
89577,23
89577,24
89578,1
89578,5
89580,1
89580,7
89581,16
89581,10
89581,7
89582,1
89582,5
89582,11
89583,1
89583,16
89584,1
89585,1
89585,3
89585,11
89586,1
89586,16
89586,7
89587,24
89588,21
89588,17
89589,5
89589,17
89592,23
89592,24
89595,17
89596,8
89596,24
89597,21
89597,17
89599,16
89599,6
89599,7
89601,3
89601,11
89602,1
89602,5
89603,3
89603,11
89603,12
89604,1
89604,7
89605,16
89605,7
89606,1
89606,5
89606,12
89607,1
89607,7
89608,1
89608,7
89609,1
89609,7
89609,17
89610,1
89610,5
89611,1
89611,7
89612,22
89614,16
89617,16
89617,8
89617,5
89619,1
89621,1
89621,7
89622,21
89623,1
89623,7
89624,25
89625,16
89625,4
89627,1
89627,11
89628,4
89628,5
89629,1
89629,3
89630,4
89630,8
89631,1
89631,16
89632,1
89633,1
89633,7
89633,11
89634,13
89634,7
89635,1
89635,14
89636,16
89637,11
89637,17
89638,5
89638,11
89639,1
89640,24
89641,1
89641,22
89642,1
89642,5
89643,1
89643,21
89644,21
89644,17
89646,1
89646,7
89647,16
89648,25
89651,1
89651,7
89652,1
89652,4
89654,1
89655,1
89656,1
89656,7
89658,1
89658,7
89661,15
89662,1
89663,15
89663,13
89663,7
89664,1
89664,7
89665,22
89666,1
89667,16
89667,4
89668,16
89669,1
89669,7
89670,1
89670,7
89671,1
89671,7
89674,1
89674,13
89674,7
89675,16
89676,1
89676,7
89678,1
89678,16
89678,13
89680,4
89680,8
89680,13
89681,1
89681,16
89681,5
89682,25
89683,25
89684,8
89684,27
89684,14
89685,1
89685,11
89688,1
89688,7
89689,1
89689,4
89689,5
89690,8
89690,27
89691,1
89691,5
89691,11
89692,1
89692,8
89692,11
89693,1
89693,16
89695,4
89695,11
89696,11
89698,8
89698,22
89699,16
89700,1
89700,7
89701,16
89701,4
89701,8
89702,1
89702,7
89703,1
89703,7
89704,1
89705,1
89706,1
89706,3
89706,18
89707,1
89707,16
89708,1
89708,16
89708,3
89709,5
89709,3
89709,11
89713,21
89713,17
89716,16
89717,1
89717,16
89717,11
89718,1
89720,16
89720,11
89722,25
89724,5
89724,11
89726,11
89727,1
89728,1
89728,16
89728,5
89729,16
89732,23
89733,5
89736,5
89737,1
89737,7
89738,5
89738,6
89738,3
89739,1
89739,5
89740,1
89740,7
89741,1
89742,5
89745,16
89753,1
89753,20
89754,16
89755,1
89755,5
89755,3
89756,1
89756,5
89756,3
89759,17
89760,22
89761,16
89762,1
89762,14
89762,7
89763,1
89763,21
89763,17
89764,3
89764,11
89764,19
89765,16
89765,14
89765,7
89770,1
89770,7
89771,1
89771,3
89771,11
89772,7
89773,1
89773,7
89774,1
89775,27
89776,1
89776,5
89776,3
89779,1
89780,16
89781,11
89782,1
89784,1
89784,4
89787,1
89787,5
89787,11
89788,1
89788,7
89789,5
89789,11
89790,1
89790,16
89791,1
89792,1
89792,7
89793,1
89793,7
89795,16
89797,1
89797,7
89798,1
89798,7
89800,1
89802,4
89802,8
89803,10
89804,1
89804,18
89805,1
89805,3
89805,11
89808,1
89808,22
89809,16
89810,5
89810,11
89812,1
89812,3
89812,11
89813,14
89814,4
89814,8
89815,16
89816,1
89816,7
89817,1
89817,17
89818,1
89818,7
89819,15
89819,2
89821,1
89821,5
89821,11
89822,17
89823,1
89823,7
89824,1
89824,7
89825,1
89825,7
89827,8
89829,17
89831,21
89831,17
89832,1
89832,7
89833,15
89834,1
89834,16
89834,2
89835,1
89835,16
89836,1
89836,5
89836,11
89837,16
89837,27
89837,13
89839,24
89840,1
89840,7
89841,4
89841,5
89841,11
89842,11
89843,1
89843,16
89843,7
89844,1
89844,4
89844,11
89845,1
89845,7
89846,25
89847,1
89848,1
89848,7
89849,1
89849,11
89850,11
89853,11
89856,1
89856,17
89859,17
89863,3
89865,22
89866,5
89866,3
89866,11
89867,8
89867,27
89867,13
89868,25
89869,25
89870,1
89871,5
89873,1
89874,1
89876,16
89877,16
89882,5
89882,11
89883,1
89883,21
89884,25
89885,25
89886,1
89886,17
89888,25
89889,1
89889,5
89891,16
89893,16
89895,8
89895,14
89896,4
89896,5
89896,3
89897,1
89897,16
89898,1
89899,22
89904,16
89904,15
89904,13
89904,7
89905,16
89905,15
89905,7
89906,8
89906,14
89908,1
89908,17
89912,1
89913,1
89914,16
89915,1
89915,5
89916,1
89916,3
89916,11
89917,1
89917,7
89918,1
89918,7
89919,1
89919,7
89920,1
89920,7
89922,8
89923,4
89923,27
89923,2
89926,4
89927,1
89927,7
89928,1
89928,7
89929,1
89930,4
89930,8
89930,13
89932,17
89935,17
89936,1
89936,7
89937,1
89937,6
89937,3
89938,1
89938,13
89938,7
89939,1
89939,7
89940,1
89941,16
89942,4
89942,8
89942,13
89943,1
89943,7
89944,1
89944,7
89945,1
89946,1
89946,7
89947,1
89947,13
89948,1
89949,1
89949,13
89949,7
89950,1
89951,1
89952,1
89952,13
89953,1
89953,5
89954,1
89954,7
89955,25
89956,1
89957,1
89957,3
89958,1
89959,17
89960,16
89960,7
89961,7
89962,25
89964,8
89964,17
89970,1
89970,5
89971,4
89971,15
89971,13
89972,1
89972,11
89975,24
89976,1
89976,7
89977,16
89977,4
89977,8
89979,4
89979,15
89980,1
89980,4
89980,7
89986,4
89987,16
89988,16
89988,23
89989,1
89989,16
89989,11
89990,1
89990,5
89991,5
89991,3
89991,11
89992,1
89994,16
89995,16
89998,16
89999,5
90002,1
90002,5
90003,1
90005,27
90006,1
90006,3
90007,16
90007,13
90007,7
90008,16
90009,1
90009,16
90011,5
90012,1
90014,1
90014,16
90014,7
90015,3
90016,1
90017,1
90017,7
90018,16
90019,15
90019,13
90021,1
90021,7
90023,5
90024,15
90024,13
90025,15
90025,13
90026,1
90026,7
90027,1
90028,1
90030,5
90030,3
90033,1
90033,3
90034,1
90034,7
90035,1
90035,13
90035,7
90039,1
90039,14
90039,7
90040,6
90040,11
90041,27
90043,1
90048,17
90049,1
90049,7
90052,1
90052,7
90054,16
90055,22
90056,16
90057,7
90061,1
90061,5
90062,16
90062,27
90063,5
90065,1
90065,5
90065,3
90067,1
90067,5
90067,3
90068,14
90070,1
90070,7
90071,15
90072,1
90073,1
90074,1
90075,1
90076,1
90076,7
90077,1
90078,1
90079,1
90079,5
90080,1
90080,5
90080,11
90082,17
90084,17
90085,11
90085,17
90086,1
90086,22
90089,17
90090,24
90092,1
90092,4
90092,3
90093,1
90093,7
90094,3
90095,1
90095,7
90096,4
90096,15
90096,22
90097,1
90097,7
90098,23
90099,5
90100,22
90105,16
90106,5
90106,7
90106,2
90107,23
90108,1
90108,3
90109,16
90109,4
90110,16
90110,28
90111,1
90111,7
90113,16
90114,5
90114,3
90115,1
90119,1
90121,5
90121,3
90121,11
90122,7
90123,1
90127,1
90127,3
90127,11
90128,1
90128,2
90129,27
90133,27
90134,1
90134,7
90135,1
90136,4
90136,8
90136,13
90137,17
90140,27
90142,23
90143,23
90143,14
90144,1
90144,16
90145,1
90145,7
90146,1
90146,7
90147,7
90147,2
90148,3
90149,7
90150,1
90150,7
90151,7
90152,1
90152,5
90152,11
90153,16
90153,11
90154,1
90154,11
90156,1
90156,7
90160,1
90160,7
90161,1
90161,16
90162,27
90162,13
90163,1
90163,5
90163,9
90166,1
90166,4
90167,16
90169,3
90170,1
90170,11
90172,1
90172,7
90173,1
90173,7
90174,1
90174,13
90174,7
90175,22
90176,1
90176,16
90176,5
90179,1
90180,1
90180,7
90181,1
90181,11
90185,1
90185,16
90188,17
90190,1
90190,13
90190,7
90191,1
90191,16
90192,1
90192,7
90193,1
90194,4
90194,8
90194,13
90195,1
90195,17
90196,17
90197,4
90197,15
90197,13
90198,23
90198,24
90199,5
90206,1
90206,17
90207,1
90207,7
90208,1
90208,3
90209,15
90209,10
90211,1
90211,22
90212,1
90212,5
90213,25
90214,7
90215,1
90216,1
90216,14
90217,1
90217,5
90218,1
90220,23
90220,24
90227,1
90227,7
90228,27
90229,27
90230,16
90230,8
90230,13
90231,1
90231,3
90233,16
90233,5
90233,11
90234,1
90234,7
90238,18
90242,18
90244,1
90244,7
90246,17
90247,4
90247,3
90247,12
90248,1
90248,5
90249,4
90249,7
90249,3
90251,1
90251,15
90251,7
90253,1
90255,11
90256,5
90258,1
90258,3
90259,17
90260,16
90263,1
90264,1
90264,16
90264,7
90265,15
90265,7
90266,16
90269,7
90269,28
90272,4
90272,8
90272,2
90273,6
90273,3
90275,4
90275,3
90276,5
90276,3
90281,1
90281,7
90283,1
90285,1
90285,16
90285,5
90286,4
90287,1
90287,7
90288,1
90288,7
90289,1
90289,5
90290,1
90290,17
90291,7
90292,1
90292,17
90300,7
90300,3
90301,1
90301,7
90302,7
90303,1
90303,7
90308,17
90309,16
90309,10
90309,7
90310,1
90310,3
90316,24
90317,22
90318,7
90319,1
90322,17
90323,1
90324,1
90324,5
90324,11
90326,2
90326,11
90327,1
90327,3
90327,17
90328,1
90328,13
90329,1
90329,16
90329,22
90330,11
90331,3
90331,11
90331,19
90333,1
90334,1
90334,21
90335,5
90336,1
90336,7
90337,1
90338,1
90338,7
90339,15
90339,10
90340,6
90340,2
90340,11
90341,15
90341,7
90341,2
90341,28
90342,8
90342,27
90343,1
90343,28
90348,1
90348,7
90349,16
90349,15
90349,7
90351,7
90353,8
90353,15
90353,13
90354,22
90356,16
90356,15
90356,13
90369,7
90370,7
90371,1
90371,7
90372,1
90372,7
90373,1
90374,1
90374,7
90375,1
90376,5
90376,11
90379,16
90380,1
90381,1
90385,1
90385,7
90386,22
90387,16
90387,13
90387,2
90388,16
90390,10
90391,5
90392,1
90392,16
90392,22
90394,15
90394,13
90396,16
90397,1
90400,1
90400,21
90402,16
90402,14
90403,16
90403,5
90403,7
90404,5
90409,5
90418,1
90418,7
90420,1
90420,16
90421,8
90421,27
90421,11
90422,1
90422,7
90425,4
90425,2
90425,20
90426,1
90428,5
90429,4
90430,1
90430,7
90431,8
90432,16
90433,27
90434,16
90435,5
90437,1
90437,16
90437,5
90438,23
90439,1
90439,19
90442,4
90442,8
90442,13
90444,5
90445,5
90445,3
90445,11
90446,5
90447,1
90447,3
90447,11
90449,1
90449,16
90450,16
90451,3
90453,4
90453,8
90453,13
90454,4
90454,8
90454,13
90455,1
90455,16
90458,1
90458,7
90460,7
90461,21
90461,24
90462,21
90464,21
90464,24
90465,1
90465,7
90466,5
90466,2
90467,1
90467,21
90468,7
90470,16
90471,16
90471,10
90472,5
90472,17
90472,19
90473,1
90473,7
90475,1
90475,7
90476,1
90476,5
90476,3
90477,1
90477,7
90478,1
90479,17
90480,16
90483,1
90483,14
90486,5
90487,4
90489,22
90492,1
90492,16
90492,7
90493,1
90493,4
90493,5
90494,1
90495,1
90495,4
90496,1
90496,5
90497,15
90497,7
90499,5
90501,10
90507,5
90508,11
90508,17
90510,8
90510,24
90511,1
90511,5
90511,3
90512,16
90512,7
90513,22
90515,1
90515,17
90516,21
90517,1
90517,17
90519,21
90520,21
90522,1
90522,3
90522,11
90526,1
90526,11
90534,16
90535,1
90535,15
90536,1
90536,7
90537,1
90537,7
90538,1
90538,4
90538,17
90539,5
90539,3
90540,5
90541,1
90541,7
90542,1
90543,1
90551,10
90551,24
90554,4
90554,11
90555,1
90555,7
90555,17
90556,1
90556,7
90556,3
90557,1
90557,7
90559,1
90559,7
90560,1
90562,1
90562,7
90563,1
90563,7
90565,16
90565,7
90567,11
90569,5
90569,3
90569,11
90570,10
90571,1
90571,3
90572,1
90572,7
90573,1
90573,5
90573,11
90574,1
90574,11
90574,12
90575,1
90575,13
90576,1
90576,5
90577,1
90578,1
90580,1
90580,7
90581,1
90583,16
90583,14
90584,5
90584,11
90584,19
90589,4
90589,15
90589,2
90591,1
90591,3
90591,11
90592,7
90592,28
90593,7
90594,7
90595,1
90595,5
90595,11
90596,1
90596,7
90598,5
90603,1
90603,13
90603,3
90604,1
90604,16
90604,14
90605,16
90608,1
90608,7
90609,7
90610,5
90611,1
90612,1
90614,5
90615,16
90615,15
90615,7
90616,1
90616,7
90618,1
90622,1
90622,7
90624,1
90624,7
90626,15
90627,15
90627,7
90627,11
90628,4
90628,15
90628,13
90630,1
90630,7
90632,1
90632,4
90632,5
90635,4
90635,8
90635,13
90639,1
90639,7
90640,16
90640,27
90642,4
90642,15
90642,13
90642,7
90643,27
90644,16
90644,15
90644,13
90645,1
90646,22
90647,15
90647,13
90648,15
90649,1
90649,13
90649,11
90651,1
90651,7
90653,1
90653,17
90654,1
90655,4
90655,8
90656,1
90656,4
90659,1
90659,14
90665,16
90665,15
90667,8
90667,15
90667,27
90667,14
90668,4
90668,8
90668,13
90669,5
90674,1
90674,7
90675,1
90675,4
90676,1
90676,7
90678,1
90678,7
90679,1
90681,5
90682,1
90682,6
90683,1
90683,13
90683,7
90685,1
90685,16
90692,16
90692,13
90692,7
90693,15
90693,13
90694,4
90694,15
90695,7
90698,1
90698,19
90699,16
90699,15
90699,7
90702,1
90703,1
90704,1
90704,13
90705,1
90705,7
90706,1
90707,1
90709,1
90709,7
90710,1
90710,7
90711,1
90711,7
90713,4
90713,8
90713,15
90713,13
90715,15
90715,7
90715,11
90716,16
90716,15
90716,7
90717,10
90718,11
90719,27
90719,14
90720,27
90724,1
90724,16
90724,14
90725,16
90726,1
90727,13
90727,7
90730,4
90730,8
90730,15
90730,13
90731,4
90731,15
90731,2
90732,4
90732,8
90733,1
90733,7
90734,1
90734,7
90735,22
90736,16
90738,16
90739,16
90739,7
90742,1
90742,7
90742,11
90743,16
90745,16
90745,27
90746,16
90747,16
90747,27
90748,1
90748,7
90749,4
90749,13
90749,3
90750,17
90751,1
90751,16
90751,5
90752,5
90753,1
90754,16
90754,23
90754,24
90756,16
90758,1
90758,7
90761,17
90764,18
90765,1
90766,1
90768,1
90771,4
90771,3
90772,15
90773,27
90774,15
90774,3
90774,11
90775,16
90775,7
90779,1
90779,17
90779,22
90780,4
90780,5
90780,3
90782,16
90783,1
90783,7
90784,1
90784,7
90785,22
90786,1
90786,5
90786,7
90788,16
90788,8
90790,7
90791,25
90793,1
90794,1
90794,7
90795,8
90796,16
90797,3
90798,25
90800,5
90801,7
90802,16
90802,4
90802,5
90805,1
90805,7
90806,16
90806,4
90806,15
90806,13
90807,1
90808,1
90808,21
90808,17
90809,5
90813,1
90814,1
90814,15
90814,13
90815,15
90817,4
90817,15
90817,13
90817,2
90818,1
90818,7
90819,1
90819,19
90820,1
90820,7
90821,5
90821,3
90821,11
90824,1
90824,7
90825,7
90826,1
90826,7
90835,1
90835,7
90836,1
90836,4
90836,7
90837,13
90837,7
90839,16
90839,7
90840,1
90843,1
90843,15
90843,13
90844,1
90844,2
90844,11
90845,1
90845,7
90845,11
90846,7
90847,5
90847,11
90848,1
90848,16
90849,1
90849,7
90850,1
90850,7
90851,1
90851,5
90852,1
90852,7
90853,1
90853,7
90854,22
90855,11
90856,1
90856,14
90856,22
90860,16
90861,16
90862,1
90862,5
90863,1
90864,8
90864,11
90865,15
90866,8
90866,15
90866,13
90867,16
90867,5
90867,3
90868,25
90869,1
90869,7
90870,22
90871,4
90871,22
90873,5
90874,16
90874,8
90874,13
90876,1
90876,8
90877,5
90877,11
90877,19
90882,1
90882,7
90892,1
90892,7
90893,1
90893,7
90894,13
90894,7
90895,1
90895,7
90896,7
90897,13
90899,1
90899,16
90900,1
90900,5
90904,25
90905,1
90905,15
90905,7
90906,16
90906,4
90906,15
90906,7
90907,1
90907,15
90907,7
90908,8
90908,27
90909,16
90909,27
90909,10
90910,8
90910,27
90911,15
90911,7
90911,2
90912,15
90912,7
90912,28
90913,1
90913,17
90914,7
90915,16
90916,16
90916,13
90917,16
90917,15
90918,1
90918,5
90920,16
90920,15
90920,7
90922,10
90924,25
90925,7
90927,16
90927,10
90928,5
90928,7
90928,3
90931,1
90931,16
90932,16
90933,13
90934,10
90935,16
90937,1
90937,7
90938,13
90938,7
90939,1
90939,7
90940,23
90942,8
90942,27
90942,25
90943,7
90944,3
90944,11
90945,1
90946,8
90946,24
90947,8
90947,24
90948,1
90948,22
90949,1
90949,5
90949,11
90950,1
90950,7
90951,1
90951,7
90953,1
90953,7
90955,7
90956,8
90956,10
90956,24
90957,1
90958,1
90958,11
90959,1
90959,7
90960,1
90960,7
90961,1
90961,7
90962,1
90962,7
90963,1
90963,7
90966,10
90967,10
90968,10
90969,8
90969,13
90971,10
90973,1
90974,7
90977,1
90977,7
90979,1
90979,5
90979,3
90980,17
90981,27
90982,27
90983,1
90984,8
90984,15
90984,13
90985,16
90985,15
90985,13
90987,7
90988,1
90988,7
90989,1
90989,7
90990,16
90990,24
90993,5
90995,23
90995,24
90996,4
90996,5
90997,1
90997,7
90999,24
91000,14
91001,1
91003,15
91004,16
91006,1
91006,4
91007,1
91007,7
91008,1
91008,4
91009,25
91010,1
91011,17
91016,1
91016,7
91016,17
91017,5
91018,1
91019,5
91019,3
91021,5
91022,17
91023,15
91024,15
91025,16
91025,15
91025,7
91026,15
91027,15
91029,15
91030,15
91031,23
91033,15
91035,25
91039,22
91041,26
91043,22
91045,1
91045,5
91045,11
91046,1
91046,5
91046,11
91047,1
91047,5
91047,11
91048,1
91048,7
91049,4
91049,15
91049,13
91050,1
91050,7
91051,1
91051,7
91055,4
91055,8
91055,13
91059,6
91059,3
91059,12
91062,22
91063,5
91065,3
91066,22
91068,5
91068,11
91069,1
91069,15
91069,7
91070,1
91070,15
91070,13
91071,24
91073,3
91073,11
91074,24
91075,1
91075,18
91075,17
91076,23
91076,10
91077,26
91079,5
91080,21
91080,17
91081,1
91081,17
91083,21
91083,17
91086,1
91086,16
91086,7
91087,5
91087,17
91090,1
91090,7
91092,1
91092,21
91093,7
91093,11
91094,16
91095,23
91096,13
91096,7
91096,17
91097,15
91097,7
91098,17
91099,1
91099,7
91100,1
91100,7
91101,1
91101,16
91101,7
91102,1
91102,17
91103,5
91104,15
91105,1
91105,7
91106,23
91107,1
91107,5
91108,1
91108,5
91110,16
91111,1
91111,5
91112,1
91112,10
91114,10
91115,16
91116,16
91117,1
91117,16
91118,1
91118,5
91119,1
91119,5
91119,3
91123,5
91125,18
91125,17
91126,1
91127,5
91127,3
91130,1
91130,7
91131,1
91131,22
91133,1
91133,5
91138,1
91138,7
91139,1
91139,7
91141,16
91141,23
91141,13
91142,6
91143,24
91144,4
91144,3
91145,16
91145,2
91147,16
91148,1
91148,4
91148,3
91154,10
91155,4
91155,11
91155,17
91156,1
91157,22
91158,16
91158,14
91160,5
91162,16
91164,8
91164,27
91164,2
91165,7
91165,3
91165,11
91166,1
91166,3
91166,11
91167,16
91167,7
91168,5
91168,7
91169,4
91169,8
91169,13
91170,4
91170,8
91170,13
91171,5
91173,1
91173,7
91174,4
91174,15
91174,7
91175,15
91175,7
91176,11
91177,15
91177,7
91177,28
91178,11
91179,1
91179,15
91179,7
91180,1
91180,15
91180,7
91181,16
91181,27
91182,1
91182,22
91186,16
91187,8
91187,14
91187,11
91192,6
91193,24
91197,1
91197,16
91198,1
91198,12
91199,14
91201,1
91201,5
91202,1
91202,7
91203,1
91203,7
91206,1
91206,5
91207,4
91207,2
91207,3
91208,24
91209,24
91211,3
91212,1
91212,4
91213,8
91213,27
91213,13
91215,1
91219,11
91221,1
91221,7
91223,1
91223,16
91223,7
91224,1
91225,3
91226,25
91227,1
91228,1
91228,7
91230,1
91230,7
91231,17
91231,19
91232,1
91233,13
91233,7
91234,1
91234,7
91235,7
91236,16
91236,7
91237,1
91237,7
91239,7
91241,1
91243,1
91243,7
91244,1
91245,7
91246,1
91246,16
91248,8
91248,25
91250,16
91250,7
91250,2
91251,4
91251,8
91251,13
91253,1
91253,7
91254,10
91255,1
91255,7
91256,16
91256,5
91256,7
91257,16
91257,5
91258,1
91258,7
91259,1
91259,4
91259,17
91260,15
91260,21
91262,1
91262,7
91263,4
91263,13
91266,23
91267,10
91268,4
91268,2
91269,16
91269,6
91270,1
91270,7
91270,11
91273,5
91273,11
91274,5
91275,1
91275,7
91276,23
91277,1
91277,7
91280,1
91280,16
91280,7
91281,5
91281,3
91282,1
91282,16
91282,7
91283,16
91283,15
91283,7
91285,7
91286,16
91287,1
91288,1
91288,7
91289,23
91290,16
91290,3
91291,1
91292,1
91295,10
91295,3
91297,7
91298,4
91298,21
91298,11
91299,1
91299,21
91299,17
91300,1
91300,7
91300,11
91301,16
91301,17
91302,1
91303,7
91304,11
91306,1
91306,7
91307,5
91308,23
91309,1
91309,3
91309,11
91311,5
91311,3
91313,1
91314,1
91314,16
91316,1
91316,7
91317,1
91317,7
91318,1
91318,7
91319,1
91319,7
91320,1
91320,13
91321,1
91323,1
91323,13
91324,1
91324,13
91326,1
91326,13
91327,1
91327,13
91329,5
91329,11
91331,1
91331,13
91333,1
91333,7
91333,3
91335,23
91336,22
91337,16
91338,1
91338,18
91343,1
91344,16
91344,7
91344,2
91345,22
91347,14
91348,1
91348,7
91349,1
91349,5
91349,3
91350,22
91351,7
91354,16
91356,1
91356,10
91357,1
91357,7
91358,1
91358,7
91359,1
91359,7
91360,1
91360,7
91361,1
91361,21
91362,1
91364,16
91366,1
91366,14
91366,7
91367,1
91367,4
91367,2
91368,1
91368,7
91371,1
91371,5
91372,1
91373,1
91379,22
91380,1
91381,1
91381,7
91382,1
91382,7
91383,5
91383,10
91384,11
91387,5
91388,1
91388,7
91389,1
91389,7
91391,22
91392,15
91392,6
91392,11
91393,25
91398,7
91399,1
91399,7
91400,1
91401,1
91401,7
91402,1
91402,7
91403,16
91404,1
91405,1
91405,4
91405,5
91409,1
91411,1
91411,2
91411,3
91412,16
91412,5
91413,1
91413,5
91413,3
91417,8
91417,24
91418,2
91418,3
91420,27
91420,13
91421,1
91421,4
91422,1
91422,7
91423,1
91423,7
91424,1
91424,4
91424,5
91425,16
91425,8
91425,27
91426,1
91426,7
91427,8
91427,27
91428,1
91428,7
91429,1
91429,7
91430,1
91430,7
91431,1
91431,7
91432,1
91433,1
91433,11
91435,4
91435,13
91436,1
91436,7
91437,15
91437,13
91441,16
91441,4
91444,16
91444,8
91444,14
91445,1
91445,7
91446,1
91446,7
91447,1
91447,7
91451,1
91451,7
91453,16
91453,7
91456,7
91457,1
91457,4
91458,1
91460,1
91460,3
91461,16
91461,11
91462,7
91463,1
91463,7
91466,1
91467,1
91467,7
91468,1
91468,13
91468,7
91469,1
91469,7
91471,1
91471,7
91472,1
91472,18
91473,7
91473,11
91474,1
91474,7
91475,1
91475,7
91477,1
91477,7
91480,16
91480,4
91480,5
91482,4
91482,3
91484,1
91484,11
91485,1
91485,7
91486,1
91486,6
91488,23
91489,24
91490,5
91491,1
91492,1
91495,16
91495,14
91498,5
91500,17
91502,1
91502,13
91502,11
91504,1
91505,1
91505,7
91506,7
91507,7
91509,1
91512,1
91512,7
91513,4
91513,25
91514,7
91515,1
91515,4
91515,5
91516,3
91517,1
91517,16
91517,11
91518,11
91519,16
91519,5
91519,11
91520,1
91520,7
91521,1
91521,5
91527,16
91527,10
91528,23
91528,24
91529,8
91531,4
91531,8
91531,5
91536,21
91540,7
91541,1
91541,16
91541,7
91542,3
91544,1
91545,1
91545,7
91546,1
91546,21
91547,7
91548,1
91548,7
91549,1
91549,7
91550,1
91550,7
91551,7
91552,1
91552,13
91552,7
91553,1
91553,7
91554,5
91554,19
91555,14
91558,10
91559,10
91561,7
91563,16
91563,15
91565,13
91565,7
91569,22
91570,7
91573,1
91573,7
91575,1
91575,7
91581,1
91589,10
91592,24
91593,16
91593,11
91594,8
91594,27
91594,11
91595,1
91596,1
91596,7
91596,11
91597,16
91597,5
91597,7
91598,1
91598,7
91599,1
91599,7
91604,6
91604,3
91604,11
91606,1
91606,7
91607,1
91607,7
91608,1
91608,7
91609,16
91612,1
91612,8
91612,7
91613,1
91613,5
91618,3
91618,22
91620,1
91623,17
91624,16
91624,15
91624,6
91625,27
91626,5
91628,17
91630,1
91631,1
91631,13
91633,1
91633,5
91635,16
91636,16
91636,9
91641,4
91641,15
91641,13
91642,1
91642,13
91642,17
91643,1
91643,16
91643,18
91645,1
91645,3
91645,11
91649,13
91649,7
91651,1
91651,7
91652,21
91652,17
91654,5
91656,23
91657,22
91658,4
91658,3
91659,1
91659,16
91661,1
91662,7
91665,1
91665,7
91666,1
91666,7
91667,24
91668,1
91668,7
91669,7
91670,1
91670,5
91670,11
91671,1
91671,7
91672,8
91672,2
91673,7
91674,7
91675,1
91675,7
91678,1
91678,13
91678,7
91680,7
91681,1
91681,7
91682,1
91682,7
91683,1
91683,13
91683,7
91684,1
91684,7
91688,16
91689,7
91692,16
91693,7
91694,7
91695,1
91696,24
91697,18
91697,17
91698,1
91698,7
91699,7
91700,1
91700,13
91701,1
91701,7
91703,1
91704,1
91705,15
91708,1
91709,1
91709,7
91709,22
91713,4
91713,8
91713,13
91714,1
91714,13
91714,7
91715,10
91716,1
91717,7
91718,7
91719,1
91719,7
91720,7
91721,1
91721,7
91722,1
91722,13
91723,7
91724,7
91725,7
91726,13
91726,7
91727,7
91729,4
91731,11
91734,7
91735,24
91736,17
91739,5
91740,1
91740,21
91741,7
91742,1
91745,5
91747,25
91748,1
91748,27
91748,17
91749,7
91749,17
91758,16
91759,3
91761,1
91761,12
91762,1
91762,10
91763,1
91763,19
91764,1
91764,7
91765,22
91766,1
91766,16
91766,5
91768,7
91768,3
91768,11
91769,8
91769,27
91770,1
91770,7
91771,1
91771,16
91771,10
91772,1
91772,5
91773,10
91773,7
91775,16
91775,7
91777,1
91778,4
91778,13
91780,1
91780,7
91782,1
91782,7
91784,1
91784,7
91787,16
91787,5
91789,16
91790,1
91790,5
91790,11
91791,1
91791,7
91793,7
91794,1
91795,1
91795,16
91795,7
91796,1
91800,5
91801,16
91801,22
91803,7
91805,10
91807,10
91808,16
91809,14
91811,16
91812,16
91812,4
91812,7
91813,1
91813,22
91815,1
91815,7
91817,1
91820,1
91820,22
91821,7
91822,1
91823,1
91823,7
91824,23
91825,1
91826,16
91827,1
91827,3
91828,1
91828,7
91829,1
91829,4
91829,5
91833,27
91842,27
91846,1
91848,4
91849,1
91849,16
91849,13
91852,16
91852,7
91853,1
91853,7
91854,16
91854,4
91854,8
91855,11
91855,22
91863,17
91864,1
91865,1
91866,16
91867,16
91868,7
91869,1
91870,22
91871,16
91873,22
91874,1
91874,5
91874,7
91875,1
91875,7
91876,1
91876,7
91877,16
91878,23
91879,23
91880,23
91881,23
91882,26
91883,16
91883,26
91884,26
91885,26
91886,5
91887,26
91889,18
91890,7
91891,18
91893,1
91893,13
91894,7
91898,4
91900,1
91900,16
91904,7
91905,7
91906,7
91907,7
91908,7
91909,7
91910,7
91911,7
91912,7
91913,7
91914,7
91916,16
91917,4
91917,2
91917,3
91919,7
91920,1
91921,7
91922,1
91922,7
91923,1
91923,7
91924,1
91924,7
91925,1
91925,7
91926,1
91926,7
91928,7
91929,7
91930,7
91931,1
91932,7
91933,1
91933,13
91933,7
91934,7
91935,1
91935,7
91936,7
91937,1
91937,7
91938,1
91938,7
91939,1
91939,7
91940,7
91941,1
91941,5
91942,7
91943,1
91943,3
91943,11
91944,1
91945,1
91945,7
91946,1
91946,7
91947,1
91947,7
91948,1
91949,1
91949,13
91949,7
91950,1
91951,1
91951,7
91952,1
91952,2
91952,3
91953,7
91956,1
91957,8
91957,21
91957,17
91960,7
91960,22
91960,12
91963,17
91964,13
91964,3
91964,11
91965,14
91967,1
91967,16
91968,1
91968,7
91969,1
91969,7
91969,11
91970,17
91973,16
91973,14
91975,1
91975,14
91975,22
91977,1
91977,7
91980,1
91980,5
91980,3
91981,16
91981,4
91981,2
91983,27
91984,5
91984,11
91985,22
91986,16
91987,5
91988,16
91989,1
91989,7
91991,1
91991,7
91992,22
91993,1
91993,7
91995,16
91996,8
91996,27
91997,1
91997,4
91997,13
91999,1
92000,1
92000,5
92000,3
92001,1
92001,5
92001,11
92002,1
92003,16
92003,8
92003,13
92004,1
92004,7
92005,1
92005,7
92006,1
92006,4
92006,3
92007,13
92007,7
92008,16
92009,1
92009,7
92010,13
92015,1
92016,1
92016,16
92017,16
92017,2
92019,1
92019,16
92020,16
92021,7
92025,7
92026,1
92027,1
92027,5
92027,11
92028,10
92031,1
92031,5
92033,1
92033,13
92034,16
92034,5
92035,1
92035,13
92035,7
92036,1
92036,7
92037,1
92037,3
92037,19
92038,5
92039,1
92039,4
92039,22
92040,1
92040,16
92041,13
92042,16
92043,16
92044,1
92045,16
92045,2
92046,16
92047,8
92047,24
92049,16
92049,6
92049,7
92051,1
92051,7
92052,1
92052,16
92053,4
92053,8
92053,13
92057,4
92057,15
92057,13
92058,16
92058,5
92059,8
92059,15
92059,6
92060,1
92060,16
92061,1
92061,7
92062,1
92062,21
92062,9
92063,1
92063,13
92064,1
92064,7
92065,1
92065,7
92066,7
92067,1
92068,1
92068,19
92069,1
92069,15
92069,13
92070,1
92070,16
92070,7
92071,16
92072,12
92073,16
92074,1
92074,16
92074,7
92075,1
92076,1
92076,7
92077,1
92078,1
92078,5
92078,11
92082,1
92082,7
92083,5
92083,11
92084,1
92086,16
92087,17
92088,7
92089,16
92089,7
92090,1
92090,8
92090,7
92093,1
92093,7
92094,4
92094,8
92094,13
92095,1
92095,13
92095,7
92097,7
92098,16
92099,16
92100,1
92101,1
92101,7
92104,1
92104,7
92105,1
92105,13
92105,7
92106,1
92106,7
92107,1
92107,7
92108,1
92108,7
92109,11
92110,16
92112,1
92112,7
92117,1
92117,5
92117,3
92118,1
92118,5
92120,6
92120,11
92121,5
92121,3
92121,11
92122,5
92122,11
92123,7
92123,11
92124,7
92124,3
92124,11
92126,1
92126,4
92126,7
92127,1
92127,7
92128,1
92128,21
92129,1
92129,4
92129,5
92130,1
92130,11
92132,1
92132,16
92132,5
92133,5
92134,1
92134,7
92135,1
92135,7
92136,1
92136,7
92137,1
92137,5
92139,1
92139,7
92140,1
92140,7
92141,1
92142,16
92142,13
92142,7
92143,1
92143,16
92144,22
92148,1
92152,5
92153,1
92153,5
92154,1
92155,1
92156,1
92156,7
92158,7
92159,1
92160,7
92161,1
92162,7
92163,7
92169,1
92169,5
92170,1
92171,1
92173,13
92174,1
92175,1
92175,11
92176,2
92176,3
92177,7
92178,1
92178,7
92179,1
92179,8
92179,13
92180,7
92180,28
92181,1
92181,3
92182,1
92182,7
92183,1
92183,5
92183,11
92184,1
92184,7
92185,7
92186,1
92186,5
92187,7
92188,7
92194,1
92194,13
92194,7
92195,16
92196,6
92196,10
92196,12
92198,11
92199,1
92199,7
92200,1
92201,13
92201,11
92202,1
92203,1
92204,1
92204,7
92205,1
92205,5
92205,11
92206,1
92207,5
92208,1
92208,7
92209,1
92209,3
92210,1
92210,13
92210,7
92211,7
92215,23
92217,1
92217,7
92218,7
92220,23
92222,8
92222,25
92224,22
92225,22
92226,1
92226,4
92227,16
92228,22
92229,8
92230,1
92230,13
92231,1
92232,1
92232,7
92233,1
92234,1
92234,7
92235,1
92235,7
92236,7
92237,1
92237,4
92238,1
92238,7
92239,13
92240,1
92240,7
92241,16
92241,20
92242,25
92243,1
92243,7
92244,16
92245,5
92245,3
92246,1
92246,16
92246,7
92247,1
92248,1
92248,7
92249,1
92250,1
92250,13
92250,7
92253,16
92255,1
92256,16
92256,11
92257,1
92257,5
92258,8
92258,14
92258,13
92259,7
92260,17
92261,1
92262,1
92262,7
92263,5
92264,1
92264,7
92265,1
92265,7
92266,7
92269,1
92269,7
92271,1
92271,16
92272,8
92272,27
92273,1
92273,4
92274,16
92274,15
92274,13
92276,5
92277,1
92277,7
92278,16
92279,4
92279,8
92279,15
92280,1
92281,1
92282,13
92282,3
92283,4
92283,8
92283,13
92284,1
92285,1
92286,1
92287,19
92288,1
92289,1
92290,7
92291,1
92292,1
92292,7
92293,1
92294,1
92294,7
92295,1
92296,1
92296,7
92297,1
92298,1
92299,19
92300,5
92301,5
92303,16
92304,4
92304,13
92304,11
92306,1
92306,7
92308,23
92310,1
92310,7
92311,16
92311,28
92312,1
92312,7
92313,1
92313,11
92314,1
92314,6
92315,1
92315,5
92316,16
92316,4
92316,15
92316,13
92317,1
92317,16
92319,1
92319,5
92320,1
92320,7
92321,1
92322,1
92323,18
92324,1
92324,4
92324,3
92325,7
92326,1
92326,7
92327,1
92328,1
92328,7
92329,1
92329,7
92336,4
92336,15
92336,13
92337,1
92337,16
92337,7
92338,23
92339,23
92340,23
92341,1
92342,1
92343,1
92343,16
92343,7
92344,1
92344,7
92345,1
92345,7
92346,1
92349,1
92349,11
92350,7
92351,1
92351,3
92351,11
92352,7
92352,24
92353,13
92353,7
92354,16
92357,16
92357,10
92357,7
92358,1
92358,11
92359,1
92359,3
92361,1
92361,7
92362,16
92364,4
92364,8
92365,1
92365,3
92373,1
92377,5
92378,1
92378,7
92379,1
92379,16
92379,7
92380,1
92380,5
92381,1
92381,13
92381,7
92382,1
92382,7
92383,1
92384,1
92385,1
92386,1
92387,1
92387,7
92388,1
92389,1
92389,7
92391,1
92391,7
92392,1
92392,7
92393,7
92394,22
92396,1
92396,11
92400,5
92402,1
92403,1
92403,7
92404,1
92404,4
92404,7
92405,1
92406,5
92406,11
92407,8
92407,5
92407,24
92409,27
92409,25
92410,4
92410,8
92410,2
92411,1
92411,7
92412,16
92412,27
92413,16
92413,4
92413,5
92414,1
92414,5
92414,22
92418,1
92419,23
92419,24
92422,5
92422,3
92423,5
92425,1
92425,7
92428,8
92428,25
92430,1
92430,7
92431,8
92431,27
92431,2
92432,1
92433,7
92434,1
92435,1
92436,1
92437,1
92438,1
92439,1
92440,1
92441,1
92443,26
92444,16
92445,1
92445,4
92445,13
92446,1
92446,14
92447,22
92448,1
92449,1
92449,7
92450,4
92450,8
92450,13
92451,7
92451,11
92452,16
92452,7
92453,1
92453,5
92454,16
92455,1
92455,16
92456,1
92457,5
92458,23
92459,7
92460,15
92460,2
92462,23
92463,16
92464,17
92465,8
92465,2
92466,1
92467,1
92468,1
92469,27
92470,1
92471,1
92471,22
92472,1
92473,1
92474,1
92475,1
92476,1
92476,7
92477,1
92478,1
92478,7
92480,1
92480,16
92480,3
92482,1
92482,5
92482,6
92485,1
92485,7
92485,3
92486,16
92487,16
92487,7
92491,1
92491,21
92491,17
92492,4
92492,15
92492,13
92493,7
92494,7
92495,7
92496,1
92497,1
92497,7
92498,1
92498,7
92499,7
92500,1
92501,1
92509,17
92510,16
92511,25
92512,1
92512,16
92512,7
92514,16
92516,1
92516,7
92517,1
92517,3
92518,1
92519,1
92519,5
92519,11
92520,1
92520,7
92521,17
92522,10
92523,27
92530,1
92530,21
92530,17
92534,7
92535,13
92536,4
92536,5
92536,3
92537,14
92537,11
92538,1
92542,7
92542,3
92546,1
92546,7
92547,22
92548,1
92550,7
92553,7
92554,4
92554,15
92554,13
92555,15
92555,13
92556,7
92557,4
92557,8
92557,15
92557,2
92558,26
92561,7
92563,23
92563,24
92565,5
92567,1
92567,18
92568,16
92568,10
92569,17
92571,5
92571,3
92572,5
92573,27
92579,1
92579,16
92581,13
92581,7
92583,1
92583,7
92585,1
92585,16
92585,7
92588,1
92589,16
92589,8
92590,1
92590,3
92591,1
92591,7
92592,7
92593,1
92593,7
92594,7
92595,1
92595,7
92596,17
92597,1
92597,7
92598,1
92598,13
92598,7
92599,1
92600,1
92600,23
92601,16
92602,1
92602,4
92602,3
92603,1
92603,7
92603,11
92606,1
92610,1
92610,5
92610,7
92612,16
92612,7
92617,16
92617,15
92617,6
92618,15
92618,13
92618,7
92619,1
92619,15
92620,16
92620,15
92620,13
92620,7
92621,16
92621,15
92621,13
92622,16
92622,15
92622,13
92622,7
92623,1
92623,15
92623,7
92624,4
92624,2
92624,11
92625,16
92625,15
92625,7
92626,15
92626,13
92626,7
92627,15
92627,13
92627,7
92628,16
92628,15
92628,7
92629,8
92629,15
92629,13
92630,8
92630,15
92630,3
92631,16
92631,15
92632,1
92632,5
92633,16
92634,1
92634,16
92635,1
92635,5
92635,11
92636,1
92636,13
92636,2
92637,22
92638,16
92638,4
92638,2
92639,1
92640,1
92640,16
92640,11
92642,1
92642,16
92642,7
92643,11
92644,1
92644,16
92644,10
92645,1
92645,16
92646,1
92646,13
92646,12
92647,1
92648,1
92648,16
92648,19
92649,1
92649,4
92650,11
92650,12
92651,16
92651,5
92651,11
92652,16
92652,6
92652,12
92653,1
92653,11
92653,19
92654,1
92654,16
92654,5
92655,4
92655,5
92655,3
92656,1
92656,18
92657,1
92657,3
92657,11
92658,13
92658,2
92658,3
92659,1
92659,7
92660,1
92661,1
92662,16
92662,14
92663,1
92663,5
92663,3
92664,1
92664,4
92664,3
92665,1
92665,5
92666,1
92666,18
92667,1
92667,7
92668,1
92668,16
92669,1
92669,16
92669,7
92670,1
92670,23
92670,24
92671,5
92671,11
92671,18
92672,1
92672,16
92673,1
92674,1
92674,7
92675,4
92675,3
92675,11
92676,1
92678,7
92679,1
92679,7
92679,2
92680,1
92680,16
92681,1
92681,7
92682,4
92682,8
92683,7
92684,7
92687,16
92687,7
92688,1
92688,3
92688,18
92690,5
92690,11
92690,12
92691,1
92691,22
92692,11
92693,16
92693,7
92694,16
92694,11
92696,16
92696,10
92697,23
92697,24
92698,16
92700,16
92700,27
92701,1
92701,7
92701,11
92702,4
92702,8
92702,5
92703,1
92703,7
92703,3
92704,1
92704,4
92704,5
92705,16
92705,7
92706,1
92706,11
92707,22
92708,4
92708,8
92709,5
92709,11
92710,8
92710,15
92710,2
92711,1
92711,7
92712,1
92713,16
92715,1
92715,4
92715,5
92716,7
92717,5
92724,1
92724,11
92724,18
92725,1
92725,11
92726,1
92728,5
92729,1
92729,7
92730,1
92730,7
92731,1
92731,7
92732,7
92733,4
92733,15
92733,2
92733,12
92734,1
92734,15
92734,10
92734,7
92735,1
92735,17
92736,1
92736,10
92736,7
92737,1
92737,5
92737,3
92738,1
92739,5
92741,1
92741,7
92742,11
92743,3
92743,11
92743,12
92744,24
92746,1
92746,3
92747,15
92747,2
92747,11
92748,5
92750,23
92751,1
92751,5
92751,10
92752,1
92753,11
92755,1
92755,3
92756,1
92756,15
92757,4
92757,5
92757,7
92758,8
92758,13
92759,16
92760,1
92760,7
92762,16
92762,7
92763,1
92763,16
92763,17
92764,10
92765,16
92765,2
92766,13
92766,7
92767,16
92767,13
92767,7
92772,1
92773,1
92773,3
92773,11
92775,4
92775,7
92775,3
92776,1
92777,1
92777,13
92777,3
92778,1
92778,7
92779,7
92780,1
92780,7
92781,1
92781,14
92781,11
92782,1
92782,7
92783,1
92784,22
92785,25
92785,24
92787,1
92787,18
92788,1
92788,5
92788,3
92789,5
92789,3
92789,11
92790,1
92790,5
92790,3
92791,1
92791,7
92792,1
92792,7
92793,7
92793,11
92794,16
92794,15
92795,1
92795,4
92795,15
92795,13
92796,21
92796,17
92797,1
92797,5
92798,25
92799,1
92799,3
92799,11
92801,7
92802,16
92802,27
92802,14
92803,1
92803,7
92804,1
92804,7
92805,3
92805,11
92806,1
92806,7
92807,13
92807,7
92808,7
92809,7
92810,8
92810,2
92811,1
92811,7
92811,11
92812,1
92812,7
92813,1
92813,7
92814,1
92814,7
92815,1
92816,1
92816,7
92817,1
92818,1
92819,1
92820,1
92820,21
92821,1
92821,16
92822,1
92826,16
92827,1
92827,7
92829,1
92829,7
92829,18
92830,1
92830,7
92831,1
92831,7
92832,7
92833,7
92834,4
92834,8
92834,11
92835,4
92835,8
92835,13
92836,2
92836,21
92837,7
92838,1
92838,4
92838,5
92839,1
92839,19
92841,22
92842,5
92844,4
92844,15
92845,1
92845,3
92846,1
92846,7
92847,1
92847,16
92849,1
92849,11
92850,1
92850,16
92850,15
92850,14
92851,1
92851,16
92851,15
92851,10
92852,1
92852,16
92852,15
92853,16
92853,15
92853,6
92853,12
92854,15
92854,13
92855,8
92855,15
92855,23
92855,13
92856,16
92856,15
92856,22
92857,13
92857,7
92859,16
92859,4
92859,8
92861,15
92861,23
92862,15
92862,11
92862,12
92863,1
92863,3
92864,1
92864,10
92867,1
92867,4
92867,7
92868,1
92868,21
92869,16
92871,6
92871,11
92872,23
92873,16
92873,17
92874,27
92875,7
92877,5
92878,5
92878,6
92878,12
92879,1
92879,7
92880,1
92880,7
92881,1
92881,7
92882,1
92883,1
92883,7
92884,7
92886,1
92887,1
92888,1
92889,7
92890,1
92890,7
92891,1
92891,7
92892,7
92893,1
92893,7
92894,1
92894,7
92895,1
92896,7
92897,1
92897,13
92897,7
92898,1
92900,27
92903,3
92903,11
92905,4
92905,5
92905,3
92906,1
92906,7
92907,1
92907,7
92909,1
92909,5
92910,16
92910,8
92910,14
92911,1
92911,16
92911,7
92912,3
92914,1
92914,7
92915,16
92915,4
92915,15
92915,13
92917,11
92918,10
92919,1
92919,7
92920,1
92920,11
92921,1
92921,14
92921,7
92924,6
92925,1
92926,1
92926,5
92926,3
92927,6
92928,23
92929,6
92929,3
92930,1
92930,7
92931,1
92931,7
92932,11
92933,1
92933,7
92934,1
92934,7
92934,3
92935,1
92935,7
92936,16
92936,13
92936,7
92937,1
92938,1
92938,7
92939,16
92939,8
92940,7
92941,16
92941,13
92941,7
92942,1
92942,7
92943,1
92943,7
92944,1
92944,7
92945,1
92945,7
92946,13
92946,7
92947,1
92947,7
92948,4
92948,8
92948,2
92949,1
92949,7
92950,3
92950,11
92950,12
92951,1
92951,7
92952,1
92952,7
92954,4
92954,8
92954,15
92954,22
92955,1
92955,18
92956,15
92956,7
92957,15
92957,7
92958,1
92958,7
92959,1
92959,13
92959,7
92960,1
92960,13
92960,7
92961,23
92961,14
92962,1
92962,7
92963,8
92963,7
92965,22
92966,1
92966,7
92967,1
92967,16
92967,10
92968,23
92969,1
92969,7
92970,16
92972,1
92972,4
92972,7
92973,1
92973,13
92973,6
92974,8
92974,25
92975,1
92975,3
92975,11
92976,1
92976,8
92977,1
92978,7
92979,1
92979,5
92979,3
92981,5
92982,7
92983,5
92984,5
92984,3
92984,11
92985,16
92987,1
92987,13
92988,1
92988,11
92989,25
92989,17
92990,23
92990,24
92991,16
92991,27
92991,10
92993,24
92994,7
92995,15
92995,13
92995,7
92996,16
92997,8
92997,22
92998,8
93001,1
93001,17
93001,19
93003,1
93003,7
93006,27
93007,4
93007,8
93007,13
93008,1
93008,7
93008,3
93009,1
93009,4
93009,5
93010,22
93011,5
93011,17
93011,22
93013,1
93013,22
93014,1
93014,5
93016,1
93017,16
93017,2
93018,1
93019,4
93019,13
93019,2
93020,8
93020,13
93020,2
93021,7
93022,1
93022,16
93022,14
93023,7
93024,7
93025,1
93025,7
93026,16
93028,23
93028,24
93029,4
93029,8
93029,15
93029,13
93030,1
93031,1
93032,7
93033,7
93034,22
93036,5
93036,3
93038,14
93039,1
93039,5
93040,27
93040,23
93043,1
93043,14
93047,1
93047,7
93048,21
93048,17
93049,26
93050,1
93050,7
93051,25
93052,17
93053,17
93055,25
93055,17
93056,16
93057,1
93058,1
93058,17
93059,1
93060,7
93061,3
93061,11
93062,4
93062,8
93062,11
93063,1
93063,7
93064,1
93064,5
93064,11
93065,7
93066,1
93066,7
93066,3
93067,1
93067,7
93067,3
93068,5
93068,3
93068,11
93069,1
93069,7
93069,11
93070,17
93071,16
93071,15
93071,27
93073,1
93073,14
93073,7
93074,1
93074,3
93074,11
93075,14
93076,17
93078,17
93079,25
93079,17
93080,1
93080,7
93081,1
93081,7
93083,8
93083,13
93083,11
93084,1
93084,7
93084,11
93086,2
93086,20
93088,16
93090,4
93090,5
93090,3
93092,21
93093,22
93094,5
93095,18
93097,17
93098,7
93100,4
93100,8
93104,1
93104,5
93105,1
93105,7
93106,1
93106,7
93107,1
93107,5
93107,7
93111,1
93111,7
93111,17
93112,4
93112,8
93112,2
93114,23
93115,3
93115,11
93115,12
93116,2
93117,13
93117,7
93117,11
93118,1
93118,3
93119,23
93121,1
93121,7
93122,1
93122,7
93123,1
93123,7
93124,1
93124,7
93125,1
93125,7
93126,1
93126,7
93127,1
93127,7
93128,24
93128,17
93129,1
93129,2
93129,12
93130,1
93130,16
93130,7
93131,1
93131,7
93133,1
93133,17
93134,1
93134,12
93135,1
93135,7
93135,21
93138,1
93138,7
93139,7
93140,1
93140,7
93140,22
93141,1
93141,7
93143,4
93143,5
93143,3
93144,1
93144,5
93144,3
93145,1
93145,7
93146,1
93146,7
93147,23
93148,1
93148,16
93148,7
93149,1
93149,16
93150,25
93151,1
93151,7
93152,26
93153,16
93153,14
93154,14
93154,7
93156,21
93156,17
93157,1
93157,17
93159,1
93159,8
93160,1
93160,5
93160,11
93163,1
93163,16
93164,1
93166,1
93166,11
93167,5
93168,16
93169,1
93169,7
93170,5
93170,7
93170,3
93171,5
93171,3
93172,16
93172,13
93173,7
93174,1
93174,22
93175,7
93176,1
93176,17
93177,1
93177,7
93178,1
93178,7
93179,1
93179,5
93179,3
93180,5
93180,25
93181,1
93181,5
93181,11
93183,1
93183,7
93184,1
93184,7
93188,11
93191,1
93191,5
93191,3
93192,1
93192,16
93193,4
93193,13
93194,5
93195,1
93195,7
93196,1
93196,7
93197,16
93197,8
93197,27
93198,16
93200,1
93200,3
93202,24
93204,23
93205,1
93205,16
93206,1
93206,16
93207,17
93208,4
93208,8
93208,13
93210,1
93210,7
93211,22
93212,1
93212,5
93212,3
93213,1
93215,1
93215,7
93215,11
93217,5
93217,3
93217,11
93219,1
93219,14
93220,4
93220,3
93221,1
93221,11
93222,16
93223,1
93223,7
93224,27
93224,23
93226,22
93227,10
93228,1
93228,7
93229,6
93230,1
93230,16
93231,1
93232,1
93232,17
93234,1
93234,7
93236,16
93238,1
93238,5
93239,1
93239,8
93239,27
93240,5
93241,1
93242,5
93243,4
93243,22
93244,1
93244,16
93245,1
93245,14
93245,7
93247,1
93247,7
93248,1
93248,7
93249,1
93249,16
93249,5
93250,7
93252,5
93253,1
93253,13
93253,7
93254,1
93254,14
93254,19
93255,1
93255,7
93256,16
93256,2
93257,16
93258,1
93259,1
93259,7
93259,11
93260,5
93261,1
93261,16
93261,5
93263,13
93263,12
93265,1
93266,16
93269,7
93270,1
93270,9
93271,13
93272,23
93273,1
93273,4
93273,21
93274,1
93274,3
93274,11
93275,1
93275,3
93276,1
93276,5
93277,1
93277,16
93277,5
93279,1
93279,22
93280,16
93280,7
93281,1
93281,16
93281,10
93282,1
93282,7
93283,23
93284,1
93284,5
93285,1
93288,1
93288,14
93288,7
93289,1
93289,14
93290,1
93291,16
93292,4
93292,8
93292,2
93293,1
93294,6
93294,12
93295,1
93295,7
93296,1
93296,7
93297,1
93297,5
93300,1
93300,16
93300,7
93301,7
93302,1
93302,5
93304,13
93305,1
93305,7
93306,16
93306,7
93306,22
93307,7
93308,1
93309,1
93309,7
93310,1
93311,16
93311,7
93311,17
93312,1
93312,7
93314,16
93314,8
93314,23
93315,16
93315,4
93317,23
93317,24
93318,1
93318,7
93319,4
93319,13
93321,1
93321,7
93322,4
93322,13
93323,22
93324,1
93324,7
93325,1
93325,7
93326,1
93327,1
93327,13
93327,6
93329,1
93329,7
93330,1
93330,7
93331,1
93331,13
93331,7
93332,1
93332,13
93332,7
93333,23
93334,27
93335,1
93335,3
93336,14
93336,13
93336,10
93337,5
93338,24
93339,16
93339,7
93340,5
93341,1
93342,25
93343,1
93343,16
93343,7
93344,1
93344,7
93345,4
93345,8
93345,13
93346,17
93348,7
93350,1
93350,7
93351,1
93351,7
93353,27
93354,17
93355,25
93356,22
93357,1
93357,4
93357,21
93358,1
93359,1
93359,7
93361,1
93362,16
93364,1
93364,5
93364,3
93365,5
93366,16
93366,7
93367,1
93367,16
93367,7
93368,1
93368,5
93368,19
93369,24
93371,1
93371,11
93373,8
93373,27
93373,2
93374,17
93375,1
93375,7
93376,8
93376,11
93377,17
93377,22
93378,1
93378,11
93379,1
93379,5
93380,1
93380,16
93380,7
93381,7
93382,1
93383,7
93384,1
93384,7
93385,16
93386,1
93386,5
93386,11
93387,7
93388,7
93389,7
93390,7
93391,1
93391,13
93391,7
93392,11
93392,12
93393,16
93394,1
93394,7
93396,1
93397,1
93397,16
93397,7
93398,1
93398,5
93398,3
93399,1
93399,16
93399,22
93400,17
93401,16
93402,24
93402,17
93403,23
93404,24
93405,7
93406,1
93408,4
93408,8
93408,13
93409,4
93409,8
93409,13
93411,7
93412,25
93413,16
93413,5
93415,21
93416,27
93417,16
93417,5
93417,3
93418,1
93418,16
93418,7
93419,17
93420,1
93420,13
93420,7
93422,16
93422,24
93423,5
93423,3
93425,4
93425,8
93426,16
93427,16
93427,7
93430,1
93430,7
93431,7
93433,4
93435,16
93436,10
93437,1
93437,4
93437,5
93439,1
93440,1
93440,4
93441,1
93441,7
93442,1
93442,5
93444,1
93444,7
93445,5
93445,7
93445,11
93446,16
93447,4
93447,3
93447,18
93448,1
93448,16
93448,7
93449,4
93449,8
93450,5
93450,3
93450,11
93451,27
93452,1
93452,2
93452,3
93453,1
93453,17
93454,19
93455,1
93455,5
93456,7
93457,14
93457,13
93458,16
93459,16
93460,1
93460,11
93461,7
93463,5
93464,5
93465,1
93465,7
93466,17
93467,10
93468,1
93468,7
93470,1
93471,7
93472,16
93473,1
93473,5
93473,7
93474,17
93475,1
93475,5
93476,1
93477,1
93477,16
93478,7
93479,8
93479,23
93480,1
93481,1
93481,14
93481,10
93482,4
93482,8
93484,1
93484,7
93485,16
93486,1
93486,4
93486,5
93487,24
93487,22
93490,4
93490,8
93491,1
93491,14
93492,4
93493,1
93493,5
93494,15
93494,13
93494,7
93495,1
93496,1
93496,3
93496,11
93498,10
93499,23
93499,22
93500,1
93500,13
93501,6
93501,3
93502,1
93503,1
93503,22
93505,21
93505,17
93506,1
93507,7
93508,1
93508,21
93509,1
93509,14
93509,7
93510,15
93511,17
93512,16
93513,1
93513,7
93516,5
93517,27
93518,16
93518,14
93521,7
93522,1
93522,7
93523,1
93524,1
93525,7
93526,1
93526,16
93526,7
93527,23
93527,24
93528,1
93528,7
93529,5
93530,7
93531,16
93533,1
93534,1
93536,1
93536,16
93537,1
93537,8
93537,13
93538,7
93539,7
93540,1
93541,1
93541,19
93542,1
93542,8
93542,7
93543,24
93544,16
93544,6
93546,1
93546,16
93546,7
93547,1
93547,7
93548,1
93549,1
93549,14
93550,7
93551,16
93551,10
93551,11
93552,22
93554,1
93555,22
93556,22
93558,1
93558,18
93558,19
93559,1
93559,7
93560,1
93560,7
93562,1
93562,14
93562,3
93563,1
93563,4
93563,17
93565,5
93566,1
93566,8
93567,1
93568,5
93570,14
93570,7
93571,6
93571,7
93571,12
93572,5
93572,11
93576,5
93578,1
93579,5
93582,4
93584,1
93584,7
93587,18
93589,1
93589,7
93590,8
93590,23
93590,24
93591,22
93592,1
93592,7
93593,25
93594,16
93595,8
93600,1
93600,16
93600,14
93601,7
93601,28
93602,22
93605,1
93605,7
93605,17
93606,16
93607,16
93607,8
93607,13
93608,16
93609,1
93609,17
93610,1
93610,16
93610,7
93611,1
93611,16
93613,1
93613,4
93613,5
93616,4
93616,21
93621,1
93621,7
93623,13
93624,16
93625,1
93625,13
93625,2
93630,1
93630,7
93631,1
93631,13
93631,7
93632,1
93632,5
93636,1
93636,7
93637,1
93637,7
93638,1
93638,5
93639,7
93640,1
93640,8
93640,17
93641,13
93641,7
93642,7
93644,16
93645,1
93645,7
93647,1
93647,14
93649,1
93649,7
93650,4
93650,5
93654,21
93654,17
93655,1
93655,5
93656,21
93656,17
93657,17
93658,1
93659,13
93659,7
93661,1
93661,7
93662,8
93662,3
93663,1
93663,4
93663,5
93664,1
93666,1
93666,5
93666,3
93667,1
93667,16
93667,7
93668,1
93668,14
93668,10
93669,1
93669,4
93669,8
93670,10
93670,22
93672,24
93673,15
93673,10
93674,17
93675,1
93675,5
93675,11
93676,1
93676,5
93676,11
93677,1
93677,19
93678,17
93679,13
93681,1
93682,13
93682,7
93684,7
93686,16
93686,8
93686,27
93687,7
93688,15
93688,7
93689,7
93690,4
93692,1
93692,4
93693,5
93693,13
93693,11
93695,1
93695,3
93695,9
93697,3
93698,1
93700,1
93700,27
93700,10
93701,1
93701,3
93702,1
93702,6
93702,2
93703,1
93703,13
93704,1
93704,27
93704,10
93705,1
93705,27
93705,10
93706,17
93707,8
93707,27
93707,10
93708,8
93708,27
93709,1
93710,4
93710,5
93710,3
93711,1
93711,22
93713,1
93713,16
93714,1
93714,7
93716,1
93716,7
93717,1
93718,5
93719,5
93721,16
93721,14
93722,1
93722,7
93723,4
93723,7
93724,1
93724,16
93728,1
93728,7
93728,17
93729,1
93729,7
93730,1
93730,5
93731,5
93732,16
93733,1
93733,7
93733,11
93736,1
93737,8
93737,15
93737,27
93740,27
93745,1
93745,5
93745,7
93747,4
93747,8
93752,1
93752,7
93754,1
93754,15
93754,7
93754,28
93755,1
93755,17
93756,4
93756,8
93756,13
93757,1
93757,16
93758,16
93758,27
93759,16
93759,22
93760,1
93760,7
93761,16
93762,1
93762,7
93764,1
93764,7
93765,1
93765,27
93765,10
93766,1
93766,7
93767,4
93767,8
93767,5
93769,11
93770,1
93770,18
93772,1
93772,11
93774,1
93774,16
93774,11
93775,1
93775,16
93776,3
93778,1
93778,7
93778,17
93779,1
93779,7
93780,1
93780,2
93781,1
93781,7
93782,7
93783,7
93784,7
93788,1
93789,1
93789,13
93790,21
93790,11
93790,17
93791,16
93791,7
93792,16
93793,1
93794,23
93796,16
93798,1
93798,7
93799,1
93800,8
93800,13
93800,7
93801,11
93802,5
93802,11
93802,28
93803,7
93804,7
93805,7
93808,7
93811,22
93812,16
93815,1
93815,7
93816,1
93816,14
93816,7
93819,1
93819,5
93819,3
93820,23
93821,21
93821,11
93822,16
93823,11
93824,1
93826,13
93826,7
93827,16
93827,24
93828,22
93829,1
93830,7
93833,1
93833,2
93833,11
93834,1
93834,14
93834,7
93835,1
93835,5
93836,1
93836,5
93839,1
93839,7
93840,1
93840,4
93840,3
93841,11
93842,7
93843,16
93844,13
93845,16
93846,16
93847,23
93848,16
93848,15
93848,13
93849,1
93849,17
93850,16
93850,13
93851,16
93851,15
93851,7
93852,1
93852,14
93852,7
93853,1
93853,7
93853,17
93854,1
93854,7
93856,22
93858,1
93858,13
93858,7
93862,14
93863,16
93863,8
93863,14
93864,23
93866,4
93866,5
93866,3
93867,1
93867,18
93868,1
93868,11
93869,17
93870,16
93871,1
93872,4
93872,8
93872,14
93874,16
93874,27
93875,1
93875,5
93875,7
93876,1
93876,7
93878,24
93881,1
93881,3
93882,5
93884,4
93884,13
93884,7
93885,1
93885,7
93886,1
93886,5
93887,1
93887,16
93887,7
93888,1
93888,5
93888,3
93889,27
93889,14
93889,25
93890,5
93891,16
93891,7
93892,1
93896,16
93897,1
93897,11
93898,1
93899,16
93899,5
93900,1
93900,11
93901,1
93901,13
93902,1
93902,7
93903,1
93904,1
93904,16
93904,3
93905,1
93905,7
93906,1
93906,13
93906,7
93908,1
93908,5
93908,11
93910,7
93912,1
93912,7
93913,1
93913,13
93914,1
93914,7
93915,1
93915,7
93916,16
93916,5
93916,11
93920,1
93920,13
93920,7
93921,1
93921,7
93924,22
93925,1
93925,7
93927,16
93929,7
93930,1
93930,7
93931,16
93931,15
93932,1
93932,7
93933,1
93933,2
93933,11
93934,1
93934,5
93936,22
93938,1
93938,7
93942,16
93942,7
93943,1
93943,16
93943,10
93945,1
93945,7
93946,1
93946,7
93947,1
93947,10
93947,7
93948,16
93948,8
93949,14
93949,7
93950,1
93951,23
93952,1
93952,7
93953,1
93954,1
93954,22
93956,16
93957,16
93958,16
93959,1
93959,7
93959,11
93960,24
93961,18
93963,16
93964,8
93964,13
93965,1
93965,14
93966,1
93967,1
93968,18
93969,4
93969,8
93969,13
93971,1
93971,18
93972,1
93972,7
93973,1
93973,10
93974,1
93975,1
93975,7
93976,5
93976,3
93976,11
93977,17
93978,1
93978,7
93979,1
93979,7
93980,23
93981,7
93982,7
93985,1
93985,7
93986,1
93986,7
93987,1
93987,7
93988,1
93988,16
93989,1
93989,7
93990,1
93990,7
93991,1
93991,7
93992,1
93992,14
93992,7
93993,1
93993,16
93993,7
93994,1
93994,14
93994,7
93995,1
93995,7
93996,1
93997,1
93997,5
93998,16
94000,16
94001,1
94003,1
94003,5
94003,3
94004,1
94004,7
94005,1
94005,7
94006,1
94006,16
94006,7
94007,1
94007,16
94007,7
94008,1
94008,16
94008,7
94009,16
94010,16
94010,7
94010,11
94011,1
94011,8
94011,7
94012,1
94012,16
94012,7
94014,1
94014,3
94015,1
94015,7
94016,1
94016,7
94017,1
94017,7
94018,1
94018,16
94018,7
94019,1
94019,16
94020,1
94020,7
94021,1
94021,7
94022,1
94022,16
94022,7
94023,1
94023,7
94024,5
94024,11
94025,16
94025,7
94026,1
94027,1
94027,16
94027,14
94028,1
94029,1
94029,7
94031,16
94032,1
94032,16
94033,7
94034,1
94034,16
94034,18
94035,17
94039,1
94039,5
94039,3
94040,1
94040,7
94040,3
94041,1
94041,7
94042,13
94042,7
94043,7
94043,3
94044,1
94044,7
94045,1
94045,16
94045,7
94046,1
94046,7
94047,1
94049,1
94049,14
94049,7
94050,16
94050,14
94051,16
94052,16
94053,16
94053,7
94054,1
94054,7
94057,16
94059,1
94059,7
94060,1
94060,7
94061,4
94061,11
94062,16
94062,5
94062,11
94063,16
94063,7
94064,16
94064,7
94065,16
94065,5
94066,16
94067,16
94068,16
94068,14
94069,16
94070,1
94070,7
94071,1
94071,16
94072,1
94072,5
94073,1
94073,16
94073,7
94074,1
94074,7
94075,1
94076,16
94076,14
94077,16
94077,7
94078,1
94078,14
94078,7
94079,16
94079,14
94080,1
94080,7
94081,15
94081,2
94082,1
94082,5
94085,1
94086,1
94086,16
94086,14
94088,1
94089,1
94089,16
94090,5
94090,3
94090,11
94091,1
94091,3
94091,11
94092,16
94097,1
94098,1
94098,16
94098,14
94100,1
94100,16
94100,14
94103,16
94103,7
94105,1
94105,16
94105,7
94106,1
94106,7
94107,16
94107,14
94108,1
94108,16
94108,7
94109,5
94109,3
94109,11
94110,16
94110,14
94111,16
94111,14
94111,7
94112,1
94112,16
94112,14
94113,1
94113,3
94113,17
94114,1
94114,3
94116,1
94116,14
94117,16
94117,14
94117,7
94119,1
94119,16
94119,7
94120,16
94120,14
94120,7
94121,1
94129,1
94129,7
94130,11
94131,16
94132,1
94132,16
94132,14
94133,16
94134,1
94134,19
94135,8
94135,13
94135,7
94136,1
94136,7
94137,1
94137,7
94138,1
94138,16
94138,7
94139,16
94140,16
94140,14
94140,7
94141,1
94141,7
94142,1
94142,16
94142,7
94143,1
94143,16
94143,14
94144,1
94144,7
94144,17
94145,1
94145,16
94145,7
94146,1
94147,1
94147,11
94148,5
94150,1
94150,14
94150,7
94151,1
94152,26
94153,1
94153,4
94153,3
94154,1
94155,1
94155,5
94156,4
94156,8
94156,11
94158,1
94158,7
94160,1
94160,3
94160,11
94161,16
94162,1
94162,14
94163,1
94165,16
94166,16
94167,1
94167,16
94168,1
94168,3
94169,16
94170,1
94170,16
94171,16
94172,1
94172,7
94173,1
94174,1
94174,4
94174,5
94175,1
94175,17
94177,1
94177,16
94177,11
94179,1
94179,5
94179,7
94180,16
94181,16
94181,7
94182,16
94182,7
94183,16
94183,4
94183,11
94184,1
94184,7
94184,11
94185,16
94185,14
94186,16
94187,1
94187,7
94188,1
94189,25
94190,16
94191,1
94191,16
94193,17
94195,16
94196,27
94196,25
94197,16
94197,4
94197,5
94198,1
94199,16
94200,5
94201,1
94201,23
94201,7
94202,1
94204,1
94204,14
94204,7
94205,1
94205,7
94206,16
94208,1
94208,7
94209,16
94211,16
94211,27
94212,1
94212,7
94213,1
94213,7
94214,1
94214,16
94214,14
94215,1
94215,3
94216,1
94216,8
94216,13
94217,5
94217,3
94217,11
94218,1
94218,16
94218,7
94222,4
94222,21
94222,17
94234,23
94247,1
94247,14
94252,7
94261,1
94262,1
94263,1
94263,7
94291,1
94291,5
94291,3
94292,1
94292,4
94292,5
94293,1
94293,5
94293,14
94294,1
94294,4
94295,1
94295,14
94296,1
94296,7
94297,1
94297,21
94297,17
94298,4
94298,21
94298,17
94299,1
94299,13
94300,1
94300,7
94300,17
94301,1
94301,21
94302,1
94302,27
94302,10
94303,16
94303,10
94303,22
94304,1
94304,16
94304,27
94305,1
94306,1
94306,7
94307,1
94307,5
94309,1
94309,7
94310,1
94310,7
94311,1
94311,2
94314,1
94314,7
94315,4
94315,8
94315,13
94316,1
94316,7
94317,1
94317,16
94317,14
94318,3
94318,11
94318,18
94319,1
94319,14
94319,10
94320,1
94320,16
94320,27
94321,1
94322,1
94322,27
94323,16
94324,1
94324,3
94325,1
94326,4
94326,21
94326,17
94327,1
94327,17
94328,1
94328,14
94328,21
94329,5
94329,3
94329,11
94337,1
94337,3
94338,1
94338,11
94339,1
94339,7
94340,1
94340,5
94340,3
94343,1
94343,7
94344,1
94344,5
94344,3
94345,1
94346,1
94346,7
94347,1
94348,1
94348,3
94349,1
94349,4
94349,3
94350,1
94350,3
94350,11
94351,1
94351,4
94351,3
94352,1
94352,7
94353,1
94353,16
94353,7
94354,1
94354,7
94355,1
94355,14
94356,1
94357,1
94357,7
94358,1
94358,16
94358,14
94359,1
94359,14
94361,1
94361,19
94362,22
94364,1
94364,13
94364,7
94365,1
94365,3
94365,11
94366,1
94366,3
94366,11
94367,16
94368,8
94368,11
94369,1
94369,7
94370,1
94370,16
94370,7
94371,1
94371,7
94372,1
94372,5
94372,11
94374,1
94375,1
94375,16
94375,7
94377,1
94377,7
94377,22
94381,1
94381,4
94382,16
94382,7
94383,15
94385,1
94385,16
94385,7
94387,16
94387,8
94388,4
94388,8
94388,13
94389,16
94390,1
94390,7
94391,1
94391,5
94391,7
94392,1
94392,14
94393,1
94393,3
94394,16
94394,8
94395,8
94395,15
94395,13
94395,7
94396,1
94396,7
94397,1
94397,7
94398,1
94400,8
94400,27
94400,14
94401,8
94401,14
94401,7
94405,1
94405,14
94406,1
94406,7
94407,27
94407,14
94412,1
94412,5
94415,15
94415,13
94417,1
94417,14
94426,1
94426,7
94427,1
94427,7
94428,1
94428,7
94429,16
94429,7
94432,16
94433,1
94433,5
94433,11
94434,1
94434,7
94435,1
94435,7
94436,16
94436,15
94437,7
94438,1
94438,11
94439,1
94439,7
94440,1
94440,7
94440,3
94441,4
94441,8
94443,16
94443,7
94443,11
94444,1
94445,5
94446,1
94447,1
94447,7
94448,1
94448,16
94449,1
94450,1
94450,8
94450,5
94451,1
94452,1
94452,3
94453,1
94453,7
94454,1
94454,7
94456,16
94457,1
94457,5
94457,3
94458,16
94459,25
94461,1
94461,5
94462,1
94463,1
94463,13
94463,7
94464,16
94465,16
94466,6
94467,1
94467,5
94467,17
94468,16
94469,1
94469,16
94469,7
94470,1
94470,5
94470,3
94471,5
94472,16
94473,1
94474,1
94476,15
94476,13
94476,7
94478,1
94478,7
94480,16
94481,4
94481,13
94482,1
94482,7
94483,5
94483,3
94484,16
94485,8
94486,16
94486,27
94491,1
94491,12
94492,1
94492,4
94492,8
94493,15
94493,2
94494,4
94494,8
94494,15
94494,13
94495,4
94495,15
94495,13
94497,15
94497,13
94498,5
94499,8
94499,15
94499,13
94500,4
94500,15
94500,13
94501,1
94501,7
94502,1
94502,3
94502,11
94503,16
94503,15
94504,4
94504,11
94505,4
94505,15
94505,2
94506,16
94506,8
94506,15
94507,16
94507,15
94507,7
94509,16
94509,8
94509,15
94509,13
94510,10
94512,27
94513,16
94514,4
94514,8
94514,13
94515,1
94515,7
94515,17
94516,16
94517,15
94517,13
94517,28
94518,4
94518,8
94518,13
94519,4
94519,2
94520,16
94522,1
94522,5
94522,3
94524,1
94524,16
94525,16
94526,1
94526,7
94527,16
94528,26
94529,24
94529,22
94530,1
94530,7
94532,22
94533,27
94534,5
94537,1
94537,19
94538,1
94538,7
94538,3
94539,16
94539,10
94540,5
94541,1
94541,7
94542,1
94542,16
94543,1
94543,5
94543,7
94544,1
94544,16
94544,7
94546,1
94546,3
94546,17
94547,1
94547,3
94548,24
94550,1
94551,16
94552,1
94552,11
94552,24
94553,3
94553,11
94554,1
94554,16
94554,13
94556,4
94556,8
94556,13
94558,1
94558,7
94558,11
94559,1
94559,7
94560,8
94560,24
94561,16
94561,18
94562,16
94563,10
94564,8
94564,13
94564,7
94565,1
94571,19
94573,27
94573,14
94574,1
94574,7
94575,1
94575,7
94576,1
94576,16
94577,1
94577,14
94578,1
94578,7
94580,8
94580,14
94580,11
94581,16
94588,16
94588,7
94590,16
94591,6
94591,11
94591,12
94592,7
94593,25
94595,5
94596,1
94596,7
94597,16
94599,17
94600,1
94600,5
94601,4
94601,8
94601,13
94602,23
94602,24
94603,16
94604,22
94605,16
94605,5
94606,13
94606,2
94607,1
94611,1
94611,17
94613,16
94614,24
94615,26
94616,1
94616,14
94616,7
94617,1
94617,15
94617,13
94617,7
94618,1
94618,3
94619,4
94619,8
94619,2
94620,1
94620,7
94622,5
94622,3
94623,5
94624,1
94624,7
94626,1
94627,1
94627,5
94628,1
94628,13
94629,1
94630,1
94630,13
94630,7
94631,1
94631,7
94634,1
94634,7
94635,1
94635,7
94636,6
94636,3
94637,1
94637,10
94638,16
94639,1
94639,5
94639,3
94640,1
94640,5
94640,3
94641,3
94642,1
94642,16
94642,11
94643,1
94643,7
94643,11
94644,1
94644,7
94644,11
94645,1
94645,7
94646,1
94646,7
94647,25
94648,1
94648,7
94649,16
94649,14
94650,13
94650,7
94650,11
94651,3
94653,1
94654,13
94654,2
94655,13
94655,2
94657,16
94658,6
94659,8
94661,4
94662,16
94663,1
94663,22
94664,16
94664,4
94664,13
94665,1
94665,7
94666,14
94668,16
94668,24
94672,16
94672,5
94672,3
94674,4
94674,13
94676,16
94676,7
94678,16
94678,13
94678,7
94679,8
94679,13
94679,7
94680,1
94680,7
94681,1
94681,16
94682,1
94682,3
94682,11
94683,1
94687,1
94688,1
94691,1
94691,7
94691,11
94692,1
94692,5
94693,22
94694,1
94694,7
94694,11
94697,1
94697,7
94698,1
94698,3
94699,16
94702,1
94702,13
94702,11
94703,16
94703,12
94704,16
94704,7
94705,16
94706,16
94709,16
94710,1
94710,7
94711,1
94711,7
94712,16
94713,16
94713,7
94714,1
94715,16
94716,1
94716,18
94717,16
94718,1
94718,5
94719,16
94720,1
94720,7
94721,1
94721,7
94721,11
94722,16
94722,15
94722,7
94724,1
94724,11
94725,1
94725,7
94727,1
94727,7
94729,23
94730,1
94730,6
94731,1
94731,7
94732,1
94732,5
94734,1
94734,18
94735,1
94735,7
94736,8
94736,15
94737,4
94737,15
94738,1
94738,17
94739,16
94740,4
94740,15
94740,3
94741,16
94741,15
94742,16
94742,15
94743,4
94743,15
94743,2
94744,15
94744,13
94745,4
94745,8
94745,15
94747,16
94747,4
94747,15
94748,14
94748,22
94749,1
94749,16
94750,16
94751,1
94751,7
94752,1
94752,7
94753,1
94753,7
94756,16
94757,14
94758,3
94759,1
94759,11
94760,17
94761,8
94761,6
94762,1
94763,22
94764,4
94764,8
94765,1
94765,5
94766,1
94766,18
94774,23
94774,24
94775,1
94777,16
94779,5
94779,3
94779,19
94781,1
94781,22
94787,1
94787,7
94787,17
94791,1
94792,16
94792,27
94793,1
94794,1
94794,7
94795,1
94795,7
94797,1
94797,5
94798,1
94798,5
94799,3
94800,22
94801,1
94801,7
94802,5
94802,3
94803,16
94804,1
94804,4
94804,5
94805,1
94805,5
94807,1
94807,2
94807,11
94808,16
94809,1
94809,5
