2026-10-05 09:48:32,954| Entertainment-ETL | main | INFO | ========== PIPELINE STARTED ==========
2026-10-05 09:48:32,955| Entertainment-ETL | main | INFO | EXTRACTION STARTED
2026-10-05 09:48:32,955| Entertainment-ETL | extract | INFO | Extraction started
2026-10-05 09:48:32,956| Entertainment-ETL | extract | INFO | Requesting the page with params {'page': 0} | Attempt 1/3
2026-10-05 09:48:34,808| Entertainment-ETL | extract | INFO | Raw file created successfully | Pages created: 1 | Records added: 240 | Total Records: 240
2026-10-05 09:48:34,808| Entertainment-ETL | extract | INFO | Requesting the page with params {'page': 1} | Attempt 1/3
2026-10-05 09:48:35,353| Entertainment-ETL | extract | INFO | Raw file created successfully | Pages created: 2 | Records added: 245 | Total Records: 485
2026-10-05 09:48:35,353| Entertainment-ETL | extract | INFO | Requesting the page with params {'page': 2} | Attempt 1/3
2026-10-05 09:48:36,190| Entertainment-ETL | extract | INFO | Raw file created successfully | Pages created: 3 | Records added: 242 | Total Records: 727
2026-10-05 09:48:36,190| Entertainment-ETL | extract | INFO | Requesting the page with params {'page': 3} | Attempt 1/3
2026-10-05 09:48:36,570| Entertainment-ETL | extract | INFO | Raw file created successfully | Pages created: 4 | Records added: 243 | Total Records: 970
2026-10-05 09:48:36,571| Entertainment-ETL | extract | INFO | Requesting the page with params {'page': 4} | Attempt 1/3
2026-10-05 09:48:36,905| Entertainment-ETL | extract | INFO | Raw file created successfully | Pages created: 5 | Records added: 238 | Total Records: 1208
2026-10-05 09:48:36,905| Entertainment-ETL | extract | INFO | Requesting the page with params {'page': 5} | Attempt 1/3
2026-10-05 09:48:37,244| Entertainment-ETL | extract | INFO | Raw file created successfully | Pages created: 6 | Records added: 233 | Total Records: 1441
2026-10-05 09:48:37,244| Entertainment-ETL | extract | INFO | Requesting the page with params {'page': 6} | Attempt 1/3
2026-10-05 09:48:37,620| Entertainment-ETL | extract | INFO | Raw file created successfully | Pages created: 7 | Records added: 234 | Total Records: 1675
2026-10-05 09:48:37,620| Entertainment-ETL | extract | INFO | Requesting the page with params {'page': 7} | Attempt 1/3
2026-10-05 09:48:37,986| Entertainment-ETL | extract | INFO | Raw file created successfully | Pages created: 8 | Records added: 241 | Total Records: 1916
2026-10-05 09:48:37,987| Entertainment-ETL | extract | INFO | Requesting the page with params {'page': 8} | Attempt 1/3
2026-10-05 09:48:38,470| Entertainment-ETL | extract | INFO | Raw file created successfully | Pages created: 9 | Records added: 232 | Total Records: 2148
2026-10-05 09:48:38,470| Entertainment-ETL | extract | INFO | Requesting the page with params {'page': 9} | Attempt 1/3
2026-10-05 09:48:38,977| Entertainment-ETL | extract | INFO | Raw file created successfully | Pages created: 10 | Records added: 231 | Total Records: 2379
2026-10-05 09:48:38,978| Entertainment-ETL | extract | INFO | Requesting the page with params {'page': 10} | Attempt 1/3
2026-10-05 09:48:39,439| Entertainment-ETL | extract | INFO | Raw file created successfully | Pages created: 11 | Records added: 229 | Total Records: 2608
2026-10-05 09:48:39,439| Entertainment-ETL | extract | INFO | Requesting the page with params {'page': 11} | Attempt 1/3
2026-10-05 09:48:39,840| Entertainment-ETL | extract | INFO | Raw file created successfully | Pages created: 12 | Records added: 228 | Total Records: 2836
2026-10-05 09:48:39,840| Entertainment-ETL | extract | INFO | Requesting the page with params {'page': 12} | Attempt 1/3
2026-10-05 09:48:40,301| Entertainment-ETL | extract | INFO | Raw file created successfully | Pages created: 13 | Records added: 226 | Total Records: 3062
2026-10-05 09:48:40,302| Entertainment-ETL | extract | INFO | Requesting the page with params {'page': 13} | Attempt 1/3
2026-10-05 09:48:40,610| Entertainment-ETL | extract | INFO | Raw file created successfully | Pages created: 14 | Records added: 235 | Total Records: 3297
2026-10-05 09:48:40,611| Entertainment-ETL | extract | INFO | Requesting the page with params {'page': 14} | Attempt 1/3
2026-10-05 09:48:40,924| Entertainment-ETL | extract | INFO | Raw file created successfully | Pages created: 15 | Records added: 228 | Total Records: 3525
2026-10-05 09:48:40,924| Entertainment-ETL | extract | INFO | Requesting the page with params {'page': 15} | Attempt 1/3
2026-10-05 09:48:41,250| Entertainment-ETL | extract | INFO | Raw file created successfully | Pages created: 16 | Records added: 229 | Total Records: 3754
2026-10-05 09:48:41,250| Entertainment-ETL | extract | INFO | Requesting the page with params {'page': 16} | Attempt 1/3
2026-10-05 09:48:41,553| Entertainment-ETL | extract | INFO | Raw file created successfully | Pages created: 17 | Records added: 232 | Total Records: 3986
2026-10-05 09:48:41,553| Entertainment-ETL | extract | INFO | Requesting the page with params {'page': 17} | Attempt 1/3
2026-10-05 09:48:41,906| Entertainment-ETL | extract | INFO | Raw file created successfully | Pages created: 18 | Records added: 242 | Total Records: 4228
2026-10-05 09:48:41,906| Entertainment-ETL | extract | INFO | Requesting the page with params {'page': 18} | Attempt 1/3
2026-10-05 09:48:42,232| Entertainment-ETL | extract | INFO | Raw file created successfully | Pages created: 19 | Records added: 241 | Total Records: 4469
2026-10-05 09:48:42,232| Entertainment-ETL | extract | INFO | Requesting the page with params {'page': 19} | Attempt 1/3
2026-10-05 09:48:42,542| Entertainment-ETL | extract | INFO | Raw file created successfully | Pages created: 20 | Records added: 235 | Total Records: 4704
2026-10-05 09:48:42,542| Entertainment-ETL | extract | INFO | Requesting the page with params {'page': 20} | Attempt 1/3
2026-10-05 09:48:42,849| Entertainment-ETL | extract | INFO | Raw file created successfully | Pages created: 21 | Records added: 241 | Total Records: 4945
2026-10-05 09:48:42,849| Entertainment-ETL | extract | INFO | Requesting the page with params {'page': 21} | Attempt 1/3
2026-10-05 09:48:43,179| Entertainment-ETL | extract | INFO | Raw file created successfully | Pages created: 22 | Records added: 241 | Total Records: 5186
2026-10-05 09:48:43,179| Entertainment-ETL | extract | INFO | Requesting the page with params {'page': 22} | Attempt 1/3
2026-10-05 09:48:43,469| Entertainment-ETL | extract | INFO | Raw file created successfully | Pages created: 23 | Records added: 235 | Total Records: 5421
2026-10-05 09:48:43,469| Entertainment-ETL | extract | INFO | Requesting the page with params {'page': 23} | Attempt 1/3
2026-10-05 09:48:43,769| Entertainment-ETL | extract | INFO | Raw file created successfully | Pages created: 24 | Records added: 243 | Total Records: 5664
2026-10-05 09:48:43,770| Entertainment-ETL | extract | INFO | Requesting the page with params {'page': 24} | Attempt 1/3
2026-10-05 09:48:44,089| Entertainment-ETL | extract | INFO | Raw file created successfully | Pages created: 25 | Records added: 236 | Total Records: 5900
2026-10-05 09:48:44,089| Entertainment-ETL | extract | INFO | Requesting the page with params {'page': 25} | Attempt 1/3
2026-10-05 09:48:44,392| Entertainment-ETL | extract | INFO | Raw file created successfully | Pages created: 26 | Records added: 228 | Total Records: 6128
2026-10-05 09:48:44,393| Entertainment-ETL | extract | INFO | Requesting the page with params {'page': 26} | Attempt 1/3
2026-10-05 09:48:45,249| Entertainment-ETL | extract | INFO | Raw file created successfully | Pages created: 27 | Records added: 232 | Total Records: 6360
2026-10-05 09:48:45,249| Entertainment-ETL | extract | INFO | Requesting the page with params {'page': 27} | Attempt 1/3
2026-10-05 09:48:45,570| Entertainment-ETL | extract | INFO | Raw file created successfully | Pages created: 28 | Records added: 229 | Total Records: 6589
2026-10-05 09:48:45,570| Entertainment-ETL | extract | INFO | Requesting the page with params {'page': 28} | Attempt 1/3
2026-10-05 09:48:46,281| Entertainment-ETL | extract | INFO | Raw file created successfully | Pages created: 29 | Records added: 231 | Total Records: 6820
2026-10-05 09:48:46,281| Entertainment-ETL | extract | INFO | Requesting the page with params {'page': 29} | Attempt 1/3
2026-10-05 09:48:46,616| Entertainment-ETL | extract | INFO | Raw file created successfully | Pages created: 30 | Records added: 237 | Total Records: 7057
2026-10-05 09:48:46,616| Entertainment-ETL | extract | INFO | Requesting the page with params {'page': 30} | Attempt 1/3
2026-10-05 09:48:47,158| Entertainment-ETL | extract | INFO | Raw file created successfully | Pages created: 31 | Records added: 237 | Total Records: 7294
2026-10-05 09:48:47,159| Entertainment-ETL | extract | INFO | Requesting the page with params {'page': 31} | Attempt 1/3
2026-10-05 09:48:47,650| Entertainment-ETL | extract | INFO | Raw file created successfully | Pages created: 32 | Records added: 234 | Total Records: 7528
2026-10-05 09:48:47,650| Entertainment-ETL | extract | INFO | Requesting the page with params {'page': 32} | Attempt 1/3
2026-10-05 09:48:47,960| Entertainment-ETL | extract | INFO | Raw file created successfully | Pages created: 33 | Records added: 229 | Total Records: 7757
2026-10-05 09:48:47,960| Entertainment-ETL | extract | INFO | Requesting the page with params {'page': 33} | Attempt 1/3
2026-10-05 09:48:48,320| Entertainment-ETL | extract | INFO | Raw file created successfully | Pages created: 34 | Records added: 238 | Total Records: 7995
2026-10-05 09:48:48,321| Entertainment-ETL | extract | INFO | Requesting the page with params {'page': 34} | Attempt 1/3
2026-10-05 09:48:48,661| Entertainment-ETL | extract | INFO | Raw file created successfully | Pages created: 35 | Records added: 239 | Total Records: 8234
2026-10-05 09:48:48,661| Entertainment-ETL | extract | INFO | Requesting the page with params {'page': 35} | Attempt 1/3
2026-10-05 09:48:48,990| Entertainment-ETL | extract | INFO | Raw file created successfully | Pages created: 36 | Records added: 210 | Total Records: 8444
2026-10-05 09:48:48,991| Entertainment-ETL | extract | INFO | Requesting the page with params {'page': 36} | Attempt 1/3
2026-10-05 09:48:49,422| Entertainment-ETL | extract | INFO | Raw file created successfully | Pages created: 37 | Records added: 244 | Total Records: 8688
2026-10-05 09:48:49,422| Entertainment-ETL | extract | INFO | Requesting the page with params {'page': 37} | Attempt 1/3
2026-10-05 09:48:49,739| Entertainment-ETL | extract | INFO | Raw file created successfully | Pages created: 38 | Records added: 228 | Total Records: 8916
2026-10-05 09:48:49,739| Entertainment-ETL | extract | INFO | Requesting the page with params {'page': 38} | Attempt 1/3
2026-10-05 09:48:50,096| Entertainment-ETL | extract | INFO | Raw file created successfully | Pages created: 39 | Records added: 232 | Total Records: 9148
2026-10-05 09:48:50,096| Entertainment-ETL | extract | INFO | Requesting the page with params {'page': 39} | Attempt 1/3
2026-10-05 09:48:50,451| Entertainment-ETL | extract | INFO | Raw file created successfully | Pages created: 40 | Records added: 237 | Total Records: 9385
2026-10-05 09:48:50,452| Entertainment-ETL | extract | INFO | Requesting the page with params {'page': 40} | Attempt 1/3
2026-10-05 09:48:50,812| Entertainment-ETL | extract | INFO | Raw file created successfully | Pages created: 41 | Records added: 234 | Total Records: 9619
2026-10-05 09:48:50,813| Entertainment-ETL | extract | INFO | Requesting the page with params {'page': 41} | Attempt 1/3
2026-10-05 09:48:51,138| Entertainment-ETL | extract | INFO | Raw file created successfully | Pages created: 42 | Records added: 229 | Total Records: 9848
2026-10-05 09:48:51,138| Entertainment-ETL | extract | INFO | Requesting the page with params {'page': 42} | Attempt 1/3
2026-10-05 09:48:51,545| Entertainment-ETL | extract | INFO | Raw file created successfully | Pages created: 43 | Records added: 240 | Total Records: 10088
2026-10-05 09:48:51,546| Entertainment-ETL | extract | INFO | Requesting the page with params {'page': 43} | Attempt 1/3
2026-10-05 09:48:51,960| Entertainment-ETL | extract | INFO | Raw file created successfully | Pages created: 44 | Records added: 235 | Total Records: 10323
2026-10-05 09:48:51,961| Entertainment-ETL | extract | INFO | Requesting the page with params {'page': 44} | Attempt 1/3
2026-10-05 09:48:52,292| Entertainment-ETL | extract | INFO | Raw file created successfully | Pages created: 45 | Records added: 232 | Total Records: 10555
2026-10-05 09:48:52,292| Entertainment-ETL | extract | INFO | Requesting the page with params {'page': 45} | Attempt 1/3
2026-10-05 09:48:52,598| Entertainment-ETL | extract | INFO | Raw file created successfully | Pages created: 46 | Records added: 228 | Total Records: 10783
2026-10-05 09:48:52,598| Entertainment-ETL | extract | INFO | Requesting the page with params {'page': 46} | Attempt 1/3
2026-10-05 09:48:52,911| Entertainment-ETL | extract | INFO | Raw file created successfully | Pages created: 47 | Records added: 233 | Total Records: 11016
2026-10-05 09:48:52,911| Entertainment-ETL | extract | INFO | Requesting the page with params {'page': 47} | Attempt 1/3
2026-10-05 09:48:53,225| Entertainment-ETL | extract | INFO | Raw file created successfully | Pages created: 48 | Records added: 239 | Total Records: 11255
2026-10-05 09:48:53,225| Entertainment-ETL | extract | INFO | Requesting the page with params {'page': 48} | Attempt 1/3
2026-10-05 09:48:53,541| Entertainment-ETL | extract | INFO | Raw file created successfully | Pages created: 49 | Records added: 235 | Total Records: 11490
2026-10-05 09:48:53,541| Entertainment-ETL | extract | INFO | Requesting the page with params {'page': 49} | Attempt 1/3
2026-10-05 09:48:53,860| Entertainment-ETL | extract | INFO | Raw file created successfully | Pages created: 50 | Records added: 229 | Total Records: 11719
2026-10-05 09:48:53,860| Entertainment-ETL | extract | INFO | Requesting the page with params {'page': 50} | Attempt 1/3
2026-10-05 09:48:54,534| Entertainment-ETL | extract | INFO | Raw file created successfully | Pages created: 51 | Records added: 223 | Total Records: 11942
2026-10-05 09:48:54,534| Entertainment-ETL | extract | INFO | Requesting the page with params {'page': 51} | Attempt 1/3
2026-10-05 09:48:54,866| Entertainment-ETL | extract | INFO | Raw file created successfully | Pages created: 52 | Records added: 238 | Total Records: 12180
2026-10-05 09:48:54,867| Entertainment-ETL | extract | INFO | Requesting the page with params {'page': 52} | Attempt 1/3
2026-10-05 09:48:55,179| Entertainment-ETL | extract | INFO | Raw file created successfully | Pages created: 53 | Records added: 231 | Total Records: 12411
2026-10-05 09:48:55,179| Entertainment-ETL | extract | INFO | Requesting the page with params {'page': 53} | Attempt 1/3
2026-10-05 09:48:55,491| Entertainment-ETL | extract | INFO | Raw file created successfully | Pages created: 54 | Records added: 232 | Total Records: 12643
2026-10-05 09:48:55,491| Entertainment-ETL | extract | INFO | Requesting the page with params {'page': 54} | Attempt 1/3
2026-10-05 09:48:55,820| Entertainment-ETL | extract | INFO | Raw file created successfully | Pages created: 55 | Records added: 237 | Total Records: 12880
2026-10-05 09:48:55,820| Entertainment-ETL | extract | INFO | Requesting the page with params {'page': 55} | Attempt 1/3
2026-10-05 09:48:56,165| Entertainment-ETL | extract | INFO | Raw file created successfully | Pages created: 56 | Records added: 241 | Total Records: 13121
2026-10-05 09:48:56,165| Entertainment-ETL | extract | INFO | Requesting the page with params {'page': 56} | Attempt 1/3
2026-10-05 09:48:56,479| Entertainment-ETL | extract | INFO | Raw file created successfully | Pages created: 57 | Records added: 233 | Total Records: 13354
2026-10-05 09:48:56,479| Entertainment-ETL | extract | INFO | Requesting the page with params {'page': 57} | Attempt 1/3
2026-10-05 09:48:56,803| Entertainment-ETL | extract | INFO | Raw file created successfully | Pages created: 58 | Records added: 223 | Total Records: 13577
2026-10-05 09:48:56,803| Entertainment-ETL | extract | INFO | Requesting the page with params {'page': 58} | Attempt 1/3
2026-10-05 09:48:57,122| Entertainment-ETL | extract | INFO | Raw file created successfully | Pages created: 59 | Records added: 236 | Total Records: 13813
2026-10-05 09:48:57,122| Entertainment-ETL | extract | INFO | Requesting the page with params {'page': 59} | Attempt 1/3
2026-10-05 09:48:57,427| Entertainment-ETL | extract | INFO | Raw file created successfully | Pages created: 60 | Records added: 242 | Total Records: 14055
2026-10-05 09:48:57,427| Entertainment-ETL | extract | INFO | Requesting the page with params {'page': 60} | Attempt 1/3
2026-10-05 09:48:57,723| Entertainment-ETL | extract | INFO | Raw file created successfully | Pages created: 61 | Records added: 236 | Total Records: 14291
2026-10-05 09:48:57,723| Entertainment-ETL | extract | INFO | Requesting the page with params {'page': 61} | Attempt 1/3
2026-10-05 09:48:58,028| Entertainment-ETL | extract | INFO | Raw file created successfully | Pages created: 62 | Records added: 223 | Total Records: 14514
2026-10-05 09:48:58,028| Entertainment-ETL | extract | INFO | Requesting the page with params {'page': 62} | Attempt 1/3
2026-10-05 09:48:58,385| Entertainment-ETL | extract | INFO | Raw file created successfully | Pages created: 63 | Records added: 236 | Total Records: 14750
2026-10-05 09:48:58,386| Entertainment-ETL | extract | INFO | Requesting the page with params {'page': 63} | Attempt 1/3
2026-10-05 09:48:58,716| Entertainment-ETL | extract | INFO | Raw file created successfully | Pages created: 64 | Records added: 229 | Total Records: 14979
2026-10-05 09:48:58,716| Entertainment-ETL | extract | INFO | Requesting the page with params {'page': 64} | Attempt 1/3
2026-10-05 09:48:59,030| Entertainment-ETL | extract | INFO | Raw file created successfully | Pages created: 65 | Records added: 229 | Total Records: 15208
2026-10-05 09:48:59,031| Entertainment-ETL | extract | INFO | Requesting the page with params {'page': 65} | Attempt 1/3
2026-10-05 09:48:59,346| Entertainment-ETL | extract | INFO | Raw file created successfully | Pages created: 66 | Records added: 230 | Total Records: 15438
2026-10-05 09:48:59,346| Entertainment-ETL | extract | INFO | Requesting the page with params {'page': 66} | Attempt 1/3
2026-10-05 09:48:59,679| Entertainment-ETL | extract | INFO | Raw file created successfully | Pages created: 67 | Records added: 238 | Total Records: 15676
2026-10-05 09:48:59,679| Entertainment-ETL | extract | INFO | Requesting the page with params {'page': 67} | Attempt 1/3
2026-10-05 09:48:59,970| Entertainment-ETL | extract | INFO | Raw file created successfully | Pages created: 68 | Records added: 233 | Total Records: 15909
2026-10-05 09:48:59,970| Entertainment-ETL | extract | INFO | Requesting the page with params {'page': 68} | Attempt 1/3
2026-10-05 09:49:00,298| Entertainment-ETL | extract | INFO | Raw file created successfully | Pages created: 69 | Records added: 236 | Total Records: 16145
2026-10-05 09:49:00,298| Entertainment-ETL | extract | INFO | Requesting the page with params {'page': 69} | Attempt 1/3
2026-10-05 09:49:00,664| Entertainment-ETL | extract | INFO | Raw file created successfully | Pages created: 70 | Records added: 237 | Total Records: 16382
2026-10-05 09:49:00,664| Entertainment-ETL | extract | INFO | Requesting the page with params {'page': 70} | Attempt 1/3
2026-10-05 09:49:00,940| Entertainment-ETL | extract | INFO | Raw file created successfully | Pages created: 71 | Records added: 241 | Total Records: 16623
2026-10-05 09:49:00,941| Entertainment-ETL | extract | INFO | Requesting the page with params {'page': 71} | Attempt 1/3
2026-10-05 09:49:01,225| Entertainment-ETL | extract | INFO | Raw file created successfully | Pages created: 72 | Records added: 236 | Total Records: 16859
2026-10-05 09:49:01,225| Entertainment-ETL | extract | INFO | Requesting the page with params {'page': 72} | Attempt 1/3
2026-10-05 09:49:01,506| Entertainment-ETL | extract | INFO | Raw file created successfully | Pages created: 73 | Records added: 227 | Total Records: 17086
2026-10-05 09:49:01,506| Entertainment-ETL | extract | INFO | Requesting the page with params {'page': 73} | Attempt 1/3
2026-10-05 09:49:01,811| Entertainment-ETL | extract | INFO | Raw file created successfully | Pages created: 74 | Records added: 236 | Total Records: 17322
2026-10-05 09:49:01,812| Entertainment-ETL | extract | INFO | Requesting the page with params {'page': 74} | Attempt 1/3
2026-10-05 09:49:02,127| Entertainment-ETL | extract | INFO | Raw file created successfully | Pages created: 75 | Records added: 237 | Total Records: 17559
2026-10-05 09:49:02,127| Entertainment-ETL | extract | INFO | Requesting the page with params {'page': 75} | Attempt 1/3
2026-10-05 09:49:02,450| Entertainment-ETL | extract | INFO | Raw file created successfully | Pages created: 76 | Records added: 235 | Total Records: 17794
2026-10-05 09:49:02,450| Entertainment-ETL | extract | INFO | Requesting the page with params {'page': 76} | Attempt 1/3
2026-10-05 09:49:02,782| Entertainment-ETL | extract | INFO | Raw file created successfully | Pages created: 77 | Records added: 235 | Total Records: 18029
2026-10-05 09:49:02,782| Entertainment-ETL | extract | INFO | Requesting the page with params {'page': 77} | Attempt 1/3
2026-10-05 09:49:03,120| Entertainment-ETL | extract | INFO | Raw file created successfully | Pages created: 78 | Records added: 236 | Total Records: 18265
2026-10-05 09:49:03,120| Entertainment-ETL | extract | INFO | Requesting the page with params {'page': 78} | Attempt 1/3
2026-10-05 09:49:03,415| Entertainment-ETL | extract | INFO | Raw file created successfully | Pages created: 79 | Records added: 215 | Total Records: 18480
2026-10-05 09:49:03,415| Entertainment-ETL | extract | INFO | Requesting the page with params {'page': 79} | Attempt 1/3
2026-10-05 09:49:03,979| Entertainment-ETL | extract | INFO | Raw file created successfully | Pages created: 80 | Records added: 232 | Total Records: 18712
2026-10-05 09:49:03,979| Entertainment-ETL | extract | INFO | Requesting the page with params {'page': 80} | Attempt 1/3
2026-10-05 09:49:04,301| Entertainment-ETL | extract | INFO | Raw file created successfully | Pages created: 81 | Records added: 228 | Total Records: 18940
2026-10-05 09:49:04,302| Entertainment-ETL | extract | INFO | Requesting the page with params {'page': 81} | Attempt 1/3
2026-10-05 09:49:04,671| Entertainment-ETL | extract | INFO | Raw file created successfully | Pages created: 82 | Records added: 228 | Total Records: 19168
2026-10-05 09:49:04,672| Entertainment-ETL | extract | INFO | Requesting the page with params {'page': 82} | Attempt 1/3
2026-10-05 09:49:04,994| Entertainment-ETL | extract | INFO | Raw file created successfully | Pages created: 83 | Records added: 231 | Total Records: 19399
2026-10-05 09:49:04,994| Entertainment-ETL | extract | INFO | Requesting the page with params {'page': 83} | Attempt 1/3
2026-10-05 09:49:05,340| Entertainment-ETL | extract | INFO | Raw file created successfully | Pages created: 84 | Records added: 232 | Total Records: 19631
2026-10-05 09:49:05,340| Entertainment-ETL | extract | INFO | Requesting the page with params {'page': 84} | Attempt 1/3
2026-10-05 09:49:05,612| Entertainment-ETL | extract | INFO | Raw file created successfully | Pages created: 85 | Records added: 238 | Total Records: 19869
2026-10-05 09:49:05,614| Entertainment-ETL | extract | INFO | Requesting the page with params {'page': 85} | Attempt 1/3
2026-10-05 09:49:05,899| Entertainment-ETL | extract | INFO | Raw file created successfully | Pages created: 86 | Records added: 226 | Total Records: 20095
2026-10-05 09:49:05,899| Entertainment-ETL | extract | INFO | Requesting the page with params {'page': 86} | Attempt 1/3
2026-10-05 09:49:06,174| Entertainment-ETL | extract | INFO | Raw file created successfully | Pages created: 87 | Records added: 214 | Total Records: 20309
2026-10-05 09:49:06,174| Entertainment-ETL | extract | INFO | Requesting the page with params {'page': 87} | Attempt 1/3
2026-10-05 09:49:06,481| Entertainment-ETL | extract | INFO | Raw file created successfully | Pages created: 88 | Records added: 222 | Total Records: 20531
2026-10-05 09:49:06,481| Entertainment-ETL | extract | INFO | Requesting the page with params {'page': 88} | Attempt 1/3
2026-10-05 09:49:06,790| Entertainment-ETL | extract | INFO | Raw file created successfully | Pages created: 89 | Records added: 220 | Total Records: 20751
2026-10-05 09:49:06,791| Entertainment-ETL | extract | INFO | Requesting the page with params {'page': 89} | Attempt 1/3
2026-10-05 09:49:07,085| Entertainment-ETL | extract | INFO | Raw file created successfully | Pages created: 90 | Records added: 218 | Total Records: 20969
2026-10-05 09:49:07,086| Entertainment-ETL | extract | INFO | Requesting the page with params {'page': 90} | Attempt 1/3
2026-10-05 09:49:07,380| Entertainment-ETL | extract | INFO | Raw file created successfully | Pages created: 91 | Records added: 222 | Total Records: 21191
2026-10-05 09:49:07,381| Entertainment-ETL | extract | INFO | Requesting the page with params {'page': 91} | Attempt 1/3
2026-10-05 09:49:07,737| Entertainment-ETL | extract | INFO | Raw file created successfully | Pages created: 92 | Records added: 218 | Total Records: 21409
2026-10-05 09:49:07,737| Entertainment-ETL | extract | INFO | Requesting the page with params {'page': 92} | Attempt 1/3
2026-10-05 09:49:08,029| Entertainment-ETL | extract | INFO | Raw file created successfully | Pages created: 93 | Records added: 227 | Total Records: 21636
2026-10-05 09:49:08,029| Entertainment-ETL | extract | INFO | Requesting the page with params {'page': 93} | Attempt 1/3
2026-10-05 09:49:08,324| Entertainment-ETL | extract | INFO | Raw file created successfully | Pages created: 94 | Records added: 222 | Total Records: 21858
2026-10-05 09:49:08,324| Entertainment-ETL | extract | INFO | Requesting the page with params {'page': 94} | Attempt 1/3
2026-10-05 09:49:08,635| Entertainment-ETL | extract | INFO | Raw file created successfully | Pages created: 95 | Records added: 227 | Total Records: 22085
2026-10-05 09:49:08,635| Entertainment-ETL | extract | INFO | Requesting the page with params {'page': 95} | Attempt 1/3
2026-10-05 09:49:08,955| Entertainment-ETL | extract | INFO | Raw file created successfully | Pages created: 96 | Records added: 231 | Total Records: 22316
2026-10-05 09:49:08,955| Entertainment-ETL | extract | INFO | Requesting the page with params {'page': 96} | Attempt 1/3
2026-10-05 09:49:09,266| Entertainment-ETL | extract | INFO | Raw file created successfully | Pages created: 97 | Records added: 236 | Total Records: 22552
2026-10-05 09:49:09,266| Entertainment-ETL | extract | INFO | Requesting the page with params {'page': 97} | Attempt 1/3
2026-10-05 09:49:09,571| Entertainment-ETL | extract | INFO | Raw file created successfully | Pages created: 98 | Records added: 235 | Total Records: 22787
2026-10-05 09:49:09,571| Entertainment-ETL | extract | INFO | Requesting the page with params {'page': 98} | Attempt 1/3
2026-10-05 09:49:09,894| Entertainment-ETL | extract | INFO | Raw file created successfully | Pages created: 99 | Records added: 231 | Total Records: 23018
2026-10-05 09:49:09,894| Entertainment-ETL | extract | INFO | Requesting the page with params {'page': 99} | Attempt 1/3
2026-10-05 09:49:10,236| Entertainment-ETL | extract | INFO | Raw file created successfully | Pages created: 100 | Records added: 233 | Total Records: 23251
2026-10-05 09:49:10,236| Entertainment-ETL | extract | INFO | Requesting the page with params {'page': 100} | Attempt 1/3
2026-10-05 09:49:10,527| Entertainment-ETL | extract | INFO | Raw file created successfully | Pages created: 101 | Records added: 229 | Total Records: 23480
2026-10-05 09:49:10,527| Entertainment-ETL | extract | INFO | Requesting the page with params {'page': 101} | Attempt 1/3
2026-10-05 09:49:10,830| Entertainment-ETL | extract | INFO | Raw file created successfully | Pages created: 102 | Records added: 231 | Total Records: 23711
2026-10-05 09:49:10,830| Entertainment-ETL | extract | INFO | Requesting the page with params {'page': 102} | Attempt 1/3
2026-10-05 09:49:11,128| Entertainment-ETL | extract | INFO | Raw file created successfully | Pages created: 103 | Records added: 233 | Total Records: 23944
2026-10-05 09:49:11,128| Entertainment-ETL | extract | INFO | Requesting the page with params {'page': 103} | Attempt 1/3
2026-10-05 09:49:11,442| Entertainment-ETL | extract | INFO | Raw file created successfully | Pages created: 104 | Records added: 236 | Total Records: 24180
2026-10-05 09:49:11,442| Entertainment-ETL | extract | INFO | Requesting the page with params {'page': 104} | Attempt 1/3
2026-10-05 09:49:11,748| Entertainment-ETL | extract | INFO | Raw file created successfully | Pages created: 105 | Records added: 231 | Total Records: 24411
2026-10-05 09:49:11,748| Entertainment-ETL | extract | INFO | Requesting the page with params {'page': 105} | Attempt 1/3
2026-10-05 09:49:12,046| Entertainment-ETL | extract | INFO | Raw file created successfully | Pages created: 106 | Records added: 233 | Total Records: 24644
2026-10-05 09:49:12,046| Entertainment-ETL | extract | INFO | Requesting the page with params {'page': 106} | Attempt 1/3
2026-10-05 09:49:12,350| Entertainment-ETL | extract | INFO | Raw file created successfully | Pages created: 107 | Records added: 243 | Total Records: 24887
2026-10-05 09:49:12,350| Entertainment-ETL | extract | INFO | Requesting the page with params {'page': 107} | Attempt 1/3
2026-10-05 09:49:12,670| Entertainment-ETL | extract | INFO | Raw file created successfully | Pages created: 108 | Records added: 238 | Total Records: 25125
2026-10-05 09:49:12,670| Entertainment-ETL | extract | INFO | Requesting the page with params {'page': 108} | Attempt 1/3
2026-10-05 09:49:12,985| Entertainment-ETL | extract | INFO | Raw file created successfully | Pages created: 109 | Records added: 237 | Total Records: 25362
2026-10-05 09:49:12,985| Entertainment-ETL | extract | INFO | Requesting the page with params {'page': 109} | Attempt 1/3
2026-10-05 09:49:13,306| Entertainment-ETL | extract | INFO | Raw file created successfully | Pages created: 110 | Records added: 236 | Total Records: 25598
2026-10-05 09:49:13,307| Entertainment-ETL | extract | INFO | Requesting the page with params {'page': 110} | Attempt 1/3
2026-10-05 09:49:13,598| Entertainment-ETL | extract | INFO | Raw file created successfully | Pages created: 111 | Records added: 235 | Total Records: 25833
2026-10-05 09:49:13,598| Entertainment-ETL | extract | INFO | Requesting the page with params {'page': 111} | Attempt 1/3
2026-10-05 09:49:13,887| Entertainment-ETL | extract | INFO | Raw file created successfully | Pages created: 112 | Records added: 240 | Total Records: 26073
2026-10-05 09:49:13,887| Entertainment-ETL | extract | INFO | Requesting the page with params {'page': 112} | Attempt 1/3
2026-10-05 09:49:14,182| Entertainment-ETL | extract | INFO | Raw file created successfully | Pages created: 113 | Records added: 226 | Total Records: 26299
2026-10-05 09:49:14,183| Entertainment-ETL | extract | INFO | Requesting the page with params {'page': 113} | Attempt 1/3
2026-10-05 09:49:14,484| Entertainment-ETL | extract | INFO | Raw file created successfully | Pages created: 114 | Records added: 230 | Total Records: 26529
2026-10-05 09:49:14,485| Entertainment-ETL | extract | INFO | Requesting the page with params {'page': 114} | Attempt 1/3
2026-10-05 09:49:14,806| Entertainment-ETL | extract | INFO | Raw file created successfully | Pages created: 115 | Records added: 234 | Total Records: 26763
2026-10-05 09:49:14,806| Entertainment-ETL | extract | INFO | Requesting the page with params {'page': 115} | Attempt 1/3
2026-10-05 09:49:15,129| Entertainment-ETL | extract | INFO | Raw file created successfully | Pages created: 116 | Records added: 238 | Total Records: 27001
2026-10-05 09:49:15,130| Entertainment-ETL | extract | INFO | Requesting the page with params {'page': 116} | Attempt 1/3
2026-10-05 09:49:15,431| Entertainment-ETL | extract | INFO | Raw file created successfully | Pages created: 117 | Records added: 235 | Total Records: 27236
2026-10-05 09:49:15,432| Entertainment-ETL | extract | INFO | Requesting the page with params {'page': 117} | Attempt 1/3
2026-10-05 09:49:15,739| Entertainment-ETL | extract | INFO | Raw file created successfully | Pages created: 118 | Records added: 237 | Total Records: 27473
2026-10-05 09:49:15,739| Entertainment-ETL | extract | INFO | Requesting the page with params {'page': 118} | Attempt 1/3
2026-10-05 09:49:16,046| Entertainment-ETL | extract | INFO | Raw file created successfully | Pages created: 119 | Records added: 238 | Total Records: 27711
2026-10-05 09:49:16,046| Entertainment-ETL | extract | INFO | Requesting the page with params {'page': 119} | Attempt 1/3
2026-10-05 09:49:16,362| Entertainment-ETL | extract | INFO | Raw file created successfully | Pages created: 120 | Records added: 238 | Total Records: 27949
2026-10-05 09:49:16,362| Entertainment-ETL | extract | INFO | Requesting the page with params {'page': 120} | Attempt 1/3
2026-10-05 09:49:16,690| Entertainment-ETL | extract | INFO | Raw file created successfully | Pages created: 121 | Records added: 241 | Total Records: 28190
2026-10-05 09:49:16,690| Entertainment-ETL | extract | INFO | Requesting the page with params {'page': 121} | Attempt 1/3
2026-10-05 09:49:17,000| Entertainment-ETL | extract | INFO | Raw file created successfully | Pages created: 122 | Records added: 230 | Total Records: 28420
2026-10-05 09:49:17,000| Entertainment-ETL | extract | INFO | Requesting the page with params {'page': 122} | Attempt 1/3
2026-10-05 09:49:17,282| Entertainment-ETL | extract | INFO | Raw file created successfully | Pages created: 123 | Records added: 226 | Total Records: 28646
2026-10-05 09:49:17,282| Entertainment-ETL | extract | INFO | Requesting the page with params {'page': 123} | Attempt 1/3
2026-10-05 09:49:17,631| Entertainment-ETL | extract | INFO | Raw file created successfully | Pages created: 124 | Records added: 216 | Total Records: 28862
2026-10-05 09:49:17,632| Entertainment-ETL | extract | INFO | Requesting the page with params {'page': 124} | Attempt 1/3
2026-10-05 09:49:17,933| Entertainment-ETL | extract | INFO | Raw file created successfully | Pages created: 125 | Records added: 231 | Total Records: 29093
2026-10-05 09:49:17,935| Entertainment-ETL | extract | INFO | Requesting the page with params {'page': 125} | Attempt 1/3
2026-10-05 09:49:18,243| Entertainment-ETL | extract | INFO | Raw file created successfully | Pages created: 126 | Records added: 234 | Total Records: 29327
2026-10-05 09:49:18,244| Entertainment-ETL | extract | INFO | Requesting the page with params {'page': 126} | Attempt 1/3
2026-10-05 09:49:18,544| Entertainment-ETL | extract | INFO | Raw file created successfully | Pages created: 127 | Records added: 226 | Total Records: 29553
2026-10-05 09:49:18,545| Entertainment-ETL | extract | INFO | Requesting the page with params {'page': 127} | Attempt 1/3
2026-10-05 09:49:18,860| Entertainment-ETL | extract | INFO | Raw file created successfully | Pages created: 128 | Records added: 237 | Total Records: 29790
2026-10-05 09:49:18,860| Entertainment-ETL | extract | INFO | Requesting the page with params {'page': 128} | Attempt 1/3
2026-10-05 09:49:19,168| Entertainment-ETL | extract | INFO | Raw file created successfully | Pages created: 129 | Records added: 237 | Total Records: 30027
2026-10-05 09:49:19,169| Entertainment-ETL | extract | INFO | Requesting the page with params {'page': 129} | Attempt 1/3
2026-10-05 09:49:19,450| Entertainment-ETL | extract | INFO | Raw file created successfully | Pages created: 130 | Records added: 222 | Total Records: 30249
2026-10-05 09:49:19,450| Entertainment-ETL | extract | INFO | Requesting the page with params {'page': 130} | Attempt 1/3
2026-10-05 09:49:19,749| Entertainment-ETL | extract | INFO | Raw file created successfully | Pages created: 131 | Records added: 222 | Total Records: 30471
2026-10-05 09:49:19,749| Entertainment-ETL | extract | INFO | Requesting the page with params {'page': 131} | Attempt 1/3
2026-10-05 09:49:20,062| Entertainment-ETL | extract | INFO | Raw file created successfully | Pages created: 132 | Records added: 220 | Total Records: 30691
2026-10-05 09:49:20,062| Entertainment-ETL | extract | INFO | Requesting the page with params {'page': 132} | Attempt 1/3
2026-10-05 09:49:20,373| Entertainment-ETL | extract | INFO | Raw file created successfully | Pages created: 133 | Records added: 239 | Total Records: 30930
2026-10-05 09:49:20,374| Entertainment-ETL | extract | INFO | Requesting the page with params {'page': 133} | Attempt 1/3
2026-10-05 09:49:20,664| Entertainment-ETL | extract | INFO | Raw file created successfully | Pages created: 134 | Records added: 221 | Total Records: 31151
2026-10-05 09:49:20,664| Entertainment-ETL | extract | INFO | Requesting the page with params {'page': 134} | Attempt 1/3
2026-10-05 09:49:20,993| Entertainment-ETL | extract | INFO | Raw file created successfully | Pages created: 135 | Records added: 242 | Total Records: 31393
2026-10-05 09:49:20,993| Entertainment-ETL | extract | INFO | Requesting the page with params {'page': 135} | Attempt 1/3
2026-10-05 09:49:21,295| Entertainment-ETL | extract | INFO | Raw file created successfully | Pages created: 136 | Records added: 230 | Total Records: 31623
2026-10-05 09:49:21,295| Entertainment-ETL | extract | INFO | Requesting the page with params {'page': 136} | Attempt 1/3
2026-10-05 09:49:21,596| Entertainment-ETL | extract | INFO | Raw file created successfully | Pages created: 137 | Records added: 220 | Total Records: 31843
2026-10-05 09:49:21,597| Entertainment-ETL | extract | INFO | Requesting the page with params {'page': 137} | Attempt 1/3
2026-10-05 09:49:21,962| Entertainment-ETL | extract | INFO | Raw file created successfully | Pages created: 138 | Records added: 235 | Total Records: 32078
2026-10-05 09:49:21,962| Entertainment-ETL | extract | INFO | Requesting the page with params {'page': 138} | Attempt 1/3
2026-10-05 09:49:22,252| Entertainment-ETL | extract | INFO | Raw file created successfully | Pages created: 139 | Records added: 226 | Total Records: 32304
2026-10-05 09:49:22,252| Entertainment-ETL | extract | INFO | Requesting the page with params {'page': 139} | Attempt 1/3
2026-10-05 09:49:22,557| Entertainment-ETL | extract | INFO | Raw file created successfully | Pages created: 140 | Records added: 232 | Total Records: 32536
2026-10-05 09:49:22,557| Entertainment-ETL | extract | INFO | Requesting the page with params {'page': 140} | Attempt 1/3
2026-10-05 09:49:22,868| Entertainment-ETL | extract | INFO | Raw file created successfully | Pages created: 141 | Records added: 238 | Total Records: 32774
2026-10-05 09:49:22,869| Entertainment-ETL | extract | INFO | Requesting the page with params {'page': 141} | Attempt 1/3
2026-10-05 09:49:23,168| Entertainment-ETL | extract | INFO | Raw file created successfully | Pages created: 142 | Records added: 233 | Total Records: 33007
2026-10-05 09:49:23,169| Entertainment-ETL | extract | INFO | Requesting the page with params {'page': 142} | Attempt 1/3
2026-10-05 09:49:23,459| Entertainment-ETL | extract | INFO | Raw file created successfully | Pages created: 143 | Records added: 240 | Total Records: 33247
2026-10-05 09:49:23,459| Entertainment-ETL | extract | INFO | Requesting the page with params {'page': 143} | Attempt 1/3
2026-10-05 09:49:23,803| Entertainment-ETL | extract | INFO | Raw file created successfully | Pages created: 144 | Records added: 242 | Total Records: 33489
2026-10-05 09:49:23,803| Entertainment-ETL | extract | INFO | Requesting the page with params {'page': 144} | Attempt 1/3
2026-10-05 09:49:24,085| Entertainment-ETL | extract | INFO | Raw file created successfully | Pages created: 145 | Records added: 242 | Total Records: 33731
2026-10-05 09:49:24,085| Entertainment-ETL | extract | INFO | Requesting the page with params {'page': 145} | Attempt 1/3
2026-10-05 09:49:24,394| Entertainment-ETL | extract | INFO | Raw file created successfully | Pages created: 146 | Records added: 238 | Total Records: 33969
2026-10-05 09:49:24,395| Entertainment-ETL | extract | INFO | Requesting the page with params {'page': 146} | Attempt 1/3
2026-10-05 09:49:24,682| Entertainment-ETL | extract | INFO | Raw file created successfully | Pages created: 147 | Records added: 237 | Total Records: 34206
2026-10-05 09:49:24,682| Entertainment-ETL | extract | INFO | Requesting the page with params {'page': 147} | Attempt 1/3
2026-10-05 09:49:24,987| Entertainment-ETL | extract | INFO | Raw file created successfully | Pages created: 148 | Records added: 233 | Total Records: 34439
2026-10-05 09:49:24,987| Entertainment-ETL | extract | INFO | Requesting the page with params {'page': 148} | Attempt 1/3
2026-10-05 09:49:25,292| Entertainment-ETL | extract | INFO | Raw file created successfully | Pages created: 149 | Records added: 239 | Total Records: 34678
2026-10-05 09:49:25,292| Entertainment-ETL | extract | INFO | Requesting the page with params {'page': 149} | Attempt 1/3
2026-10-05 09:49:25,808| Entertainment-ETL | extract | INFO | Raw file created successfully | Pages created: 150 | Records added: 243 | Total Records: 34921
2026-10-05 09:49:25,808| Entertainment-ETL | extract | INFO | Requesting the page with params {'page': 150} | Attempt 1/3
2026-10-05 09:49:26,098| Entertainment-ETL | extract | INFO | Raw file created successfully | Pages created: 151 | Records added: 242 | Total Records: 35163
2026-10-05 09:49:26,098| Entertainment-ETL | extract | INFO | Requesting the page with params {'page': 151} | Attempt 1/3
2026-10-05 09:49:26,392| Entertainment-ETL | extract | INFO | Raw file created successfully | Pages created: 152 | Records added: 234 | Total Records: 35397
2026-10-05 09:49:26,393| Entertainment-ETL | extract | INFO | Requesting the page with params {'page': 152} | Attempt 1/3
2026-10-05 09:49:26,679| Entertainment-ETL | extract | INFO | Raw file created successfully | Pages created: 153 | Records added: 238 | Total Records: 35635
2026-10-05 09:49:26,679| Entertainment-ETL | extract | INFO | Requesting the page with params {'page': 153} | Attempt 1/3
2026-10-05 09:49:27,007| Entertainment-ETL | extract | INFO | Raw file created successfully | Pages created: 154 | Records added: 226 | Total Records: 35861
2026-10-05 09:49:27,007| Entertainment-ETL | extract | INFO | Requesting the page with params {'page': 154} | Attempt 1/3
2026-10-05 09:49:27,295| Entertainment-ETL | extract | INFO | Raw file created successfully | Pages created: 155 | Records added: 216 | Total Records: 36077
2026-10-05 09:49:27,295| Entertainment-ETL | extract | INFO | Requesting the page with params {'page': 155} | Attempt 1/3
2026-10-05 09:49:27,595| Entertainment-ETL | extract | INFO | Raw file created successfully | Pages created: 156 | Records added: 237 | Total Records: 36314
2026-10-05 09:49:27,595| Entertainment-ETL | extract | INFO | Requesting the page with params {'page': 156} | Attempt 1/3
2026-10-05 09:49:27,896| Entertainment-ETL | extract | INFO | Raw file created successfully | Pages created: 157 | Records added: 236 | Total Records: 36550
2026-10-05 09:49:27,897| Entertainment-ETL | extract | INFO | Requesting the page with params {'page': 157} | Attempt 1/3
2026-10-05 09:49:28,214| Entertainment-ETL | extract | INFO | Raw file created successfully | Pages created: 158 | Records added: 240 | Total Records: 36790
2026-10-05 09:49:28,215| Entertainment-ETL | extract | INFO | Requesting the page with params {'page': 158} | Attempt 1/3
2026-10-05 09:49:28,511| Entertainment-ETL | extract | INFO | Raw file created successfully | Pages created: 159 | Records added: 240 | Total Records: 37030
2026-10-05 09:49:28,511| Entertainment-ETL | extract | INFO | Requesting the page with params {'page': 159} | Attempt 1/3
2026-10-05 09:49:28,835| Entertainment-ETL | extract | INFO | Raw file created successfully | Pages created: 160 | Records added: 240 | Total Records: 37270
2026-10-05 09:49:28,836| Entertainment-ETL | extract | INFO | Requesting the page with params {'page': 160} | Attempt 1/3
2026-10-05 09:49:29,140| Entertainment-ETL | extract | INFO | Raw file created successfully | Pages created: 161 | Records added: 227 | Total Records: 37497
2026-10-05 09:49:29,140| Entertainment-ETL | extract | INFO | Requesting the page with params {'page': 161} | Attempt 1/3
2026-10-05 09:49:29,431| Entertainment-ETL | extract | INFO | Raw file created successfully | Pages created: 162 | Records added: 234 | Total Records: 37731
2026-10-05 09:49:29,432| Entertainment-ETL | extract | INFO | Requesting the page with params {'page': 162} | Attempt 1/3
2026-10-05 09:49:29,777| Entertainment-ETL | extract | INFO | Raw file created successfully | Pages created: 163 | Records added: 240 | Total Records: 37971
2026-10-05 09:49:29,777| Entertainment-ETL | extract | INFO | Requesting the page with params {'page': 163} | Attempt 1/3
2026-10-05 09:49:30,102| Entertainment-ETL | extract | INFO | Raw file created successfully | Pages created: 164 | Records added: 237 | Total Records: 38208
2026-10-05 09:49:30,102| Entertainment-ETL | extract | INFO | Requesting the page with params {'page': 164} | Attempt 1/3
2026-10-05 09:49:30,453| Entertainment-ETL | extract | INFO | Raw file created successfully | Pages created: 165 | Records added: 237 | Total Records: 38445
2026-10-05 09:49:30,453| Entertainment-ETL | extract | INFO | Requesting the page with params {'page': 165} | Attempt 1/3
2026-10-05 09:49:30,753| Entertainment-ETL | extract | INFO | Raw file created successfully | Pages created: 166 | Records added: 236 | Total Records: 38681
2026-10-05 09:49:30,754| Entertainment-ETL | extract | INFO | Requesting the page with params {'page': 166} | Attempt 1/3
2026-10-05 09:49:31,094| Entertainment-ETL | extract | INFO | Raw file created successfully | Pages created: 167 | Records added: 237 | Total Records: 38918
2026-10-05 09:49:31,095| Entertainment-ETL | extract | INFO | Requesting the page with params {'page': 167} | Attempt 1/3
2026-10-05 09:49:31,418| Entertainment-ETL | extract | INFO | Raw file created successfully | Pages created: 168 | Records added: 236 | Total Records: 39154
2026-10-05 09:49:31,418| Entertainment-ETL | extract | INFO | Requesting the page with params {'page': 168} | Attempt 1/3
2026-10-05 09:49:31,745| Entertainment-ETL | extract | INFO | Raw file created successfully | Pages created: 169 | Records added: 231 | Total Records: 39385
2026-10-05 09:49:31,745| Entertainment-ETL | extract | INFO | Requesting the page with params {'page': 169} | Attempt 1/3
2026-10-05 09:49:32,027| Entertainment-ETL | extract | INFO | Raw file created successfully | Pages created: 170 | Records added: 241 | Total Records: 39626
2026-10-05 09:49:32,028| Entertainment-ETL | extract | INFO | Requesting the page with params {'page': 170} | Attempt 1/3
2026-10-05 09:49:32,332| Entertainment-ETL | extract | INFO | Raw file created successfully | Pages created: 171 | Records added: 237 | Total Records: 39863
2026-10-05 09:49:32,332| Entertainment-ETL | extract | INFO | Requesting the page with params {'page': 171} | Attempt 1/3
2026-10-05 09:49:32,663| Entertainment-ETL | extract | INFO | Raw file created successfully | Pages created: 172 | Records added: 241 | Total Records: 40104
2026-10-05 09:49:32,664| Entertainment-ETL | extract | INFO | Requesting the page with params {'page': 172} | Attempt 1/3
2026-10-05 09:49:32,968| Entertainment-ETL | extract | INFO | Raw file created successfully | Pages created: 173 | Records added: 233 | Total Records: 40337
2026-10-05 09:49:32,968| Entertainment-ETL | extract | INFO | Requesting the page with params {'page': 173} | Attempt 1/3
2026-10-05 09:49:33,264| Entertainment-ETL | extract | INFO | Raw file created successfully | Pages created: 174 | Records added: 235 | Total Records: 40572
2026-10-05 09:49:33,265| Entertainment-ETL | extract | INFO | Requesting the page with params {'page': 174} | Attempt 1/3
2026-10-05 09:49:33,593| Entertainment-ETL | extract | INFO | Raw file created successfully | Pages created: 175 | Records added: 242 | Total Records: 40814
2026-10-05 09:49:33,593| Entertainment-ETL | extract | INFO | Requesting the page with params {'page': 175} | Attempt 1/3
2026-10-05 09:49:33,897| Entertainment-ETL | extract | INFO | Raw file created successfully | Pages created: 176 | Records added: 225 | Total Records: 41039
2026-10-05 09:49:33,897| Entertainment-ETL | extract | INFO | Requesting the page with params {'page': 176} | Attempt 1/3
2026-10-05 09:49:34,217| Entertainment-ETL | extract | INFO | Raw file created successfully | Pages created: 177 | Records added: 229 | Total Records: 41268
2026-10-05 09:49:34,217| Entertainment-ETL | extract | INFO | Requesting the page with params {'page': 177} | Attempt 1/3
2026-10-05 09:49:34,530| Entertainment-ETL | extract | INFO | Raw file created successfully | Pages created: 178 | Records added: 234 | Total Records: 41502
2026-10-05 09:49:34,530| Entertainment-ETL | extract | INFO | Requesting the page with params {'page': 178} | Attempt 1/3
2026-10-05 09:49:34,831| Entertainment-ETL | extract | INFO | Raw file created successfully | Pages created: 179 | Records added: 235 | Total Records: 41737
2026-10-05 09:49:34,831| Entertainment-ETL | extract | INFO | Requesting the page with params {'page': 179} | Attempt 1/3
2026-10-05 09:49:35,163| Entertainment-ETL | extract | INFO | Raw file created successfully | Pages created: 180 | Records added: 236 | Total Records: 41973
2026-10-05 09:49:35,164| Entertainment-ETL | extract | INFO | Requesting the page with params {'page': 180} | Attempt 1/3
2026-10-05 09:49:35,464| Entertainment-ETL | extract | INFO | Raw file created successfully | Pages created: 181 | Records added: 236 | Total Records: 42209
2026-10-05 09:49:35,464| Entertainment-ETL | extract | INFO | Requesting the page with params {'page': 181} | Attempt 1/3
2026-10-05 09:49:35,849| Entertainment-ETL | extract | INFO | Raw file created successfully | Pages created: 182 | Records added: 231 | Total Records: 42440
2026-10-05 09:49:35,849| Entertainment-ETL | extract | INFO | Requesting the page with params {'page': 182} | Attempt 1/3
2026-10-05 09:49:36,295| Entertainment-ETL | extract | INFO | Raw file created successfully | Pages created: 183 | Records added: 239 | Total Records: 42679
2026-10-05 09:49:36,295| Entertainment-ETL | extract | INFO | Requesting the page with params {'page': 183} | Attempt 1/3
2026-10-05 09:49:36,647| Entertainment-ETL | extract | INFO | Raw file created successfully | Pages created: 184 | Records added: 231 | Total Records: 42910
2026-10-05 09:49:36,647| Entertainment-ETL | extract | INFO | Requesting the page with params {'page': 184} | Attempt 1/3
2026-10-05 09:49:36,958| Entertainment-ETL | extract | INFO | Raw file created successfully | Pages created: 185 | Records added: 228 | Total Records: 43138
2026-10-05 09:49:36,958| Entertainment-ETL | extract | INFO | Requesting the page with params {'page': 185} | Attempt 1/3
2026-10-05 09:49:37,265| Entertainment-ETL | extract | INFO | Raw file created successfully | Pages created: 186 | Records added: 241 | Total Records: 43379
2026-10-05 09:49:37,265| Entertainment-ETL | extract | INFO | Requesting the page with params {'page': 186} | Attempt 1/3
2026-10-05 09:49:37,588| Entertainment-ETL | extract | INFO | Raw file created successfully | Pages created: 187 | Records added: 239 | Total Records: 43618
2026-10-05 09:49:37,588| Entertainment-ETL | extract | INFO | Requesting the page with params {'page': 187} | Attempt 1/3
2026-10-05 09:49:37,901| Entertainment-ETL | extract | INFO | Raw file created successfully | Pages created: 188 | Records added: 242 | Total Records: 43860
2026-10-05 09:49:37,902| Entertainment-ETL | extract | INFO | Requesting the page with params {'page': 188} | Attempt 1/3
2026-10-05 09:49:38,190| Entertainment-ETL | extract | INFO | Raw file created successfully | Pages created: 189 | Records added: 235 | Total Records: 44095
2026-10-05 09:49:38,191| Entertainment-ETL | extract | INFO | Requesting the page with params {'page': 189} | Attempt 1/3
2026-10-05 09:49:38,505| Entertainment-ETL | extract | INFO | Raw file created successfully | Pages created: 190 | Records added: 237 | Total Records: 44332
2026-10-05 09:49:38,506| Entertainment-ETL | extract | INFO | Requesting the page with params {'page': 190} | Attempt 1/3
2026-10-05 09:49:38,797| Entertainment-ETL | extract | INFO | Raw file created successfully | Pages created: 191 | Records added: 243 | Total Records: 44575
2026-10-05 09:49:38,798| Entertainment-ETL | extract | INFO | Requesting the page with params {'page': 191} | Attempt 1/3
2026-10-05 09:49:39,108| Entertainment-ETL | extract | INFO | Raw file created successfully | Pages created: 192 | Records added: 239 | Total Records: 44814
2026-10-05 09:49:39,108| Entertainment-ETL | extract | INFO | Requesting the page with params {'page': 192} | Attempt 1/3
2026-10-05 09:49:39,406| Entertainment-ETL | extract | INFO | Raw file created successfully | Pages created: 193 | Records added: 239 | Total Records: 45053
2026-10-05 09:49:39,407| Entertainment-ETL | extract | INFO | Requesting the page with params {'page': 193} | Attempt 1/3
2026-10-05 09:49:39,699| Entertainment-ETL | extract | INFO | Raw file created successfully | Pages created: 194 | Records added: 244 | Total Records: 45297
2026-10-05 09:49:39,700| Entertainment-ETL | extract | INFO | Requesting the page with params {'page': 194} | Attempt 1/3
2026-10-05 09:49:40,025| Entertainment-ETL | extract | INFO | Raw file created successfully | Pages created: 195 | Records added: 244 | Total Records: 45541
2026-10-05 09:49:40,026| Entertainment-ETL | extract | INFO | Requesting the page with params {'page': 195} | Attempt 1/3
2026-10-05 09:49:40,333| Entertainment-ETL | extract | INFO | Raw file created successfully | Pages created: 196 | Records added: 244 | Total Records: 45785
2026-10-05 09:49:40,334| Entertainment-ETL | extract | INFO | Requesting the page with params {'page': 196} | Attempt 1/3
2026-10-05 09:49:40,638| Entertainment-ETL | extract | INFO | Raw file created successfully | Pages created: 197 | Records added: 242 | Total Records: 46027
2026-10-05 09:49:40,639| Entertainment-ETL | extract | INFO | Requesting the page with params {'page': 197} | Attempt 1/3
2026-10-05 09:49:40,944| Entertainment-ETL | extract | INFO | Raw file created successfully | Pages created: 198 | Records added: 237 | Total Records: 46264
2026-10-05 09:49:40,944| Entertainment-ETL | extract | INFO | Requesting the page with params {'page': 198} | Attempt 1/3
2026-10-05 09:49:41,270| Entertainment-ETL | extract | INFO | Raw file created successfully | Pages created: 199 | Records added: 241 | Total Records: 46505
2026-10-05 09:49:41,271| Entertainment-ETL | extract | INFO | Requesting the page with params {'page': 199} | Attempt 1/3
2026-10-05 09:49:41,559| Entertainment-ETL | extract | INFO | Raw file created successfully | Pages created: 200 | Records added: 238 | Total Records: 46743
2026-10-05 09:49:41,559| Entertainment-ETL | extract | INFO | Requesting the page with params {'page': 200} | Attempt 1/3
2026-10-05 09:49:41,869| Entertainment-ETL | extract | INFO | Raw file created successfully | Pages created: 201 | Records added: 234 | Total Records: 46977
2026-10-05 09:49:41,870| Entertainment-ETL | extract | INFO | Requesting the page with params {'page': 201} | Attempt 1/3
2026-10-05 09:49:42,194| Entertainment-ETL | extract | INFO | Raw file created successfully | Pages created: 202 | Records added: 242 | Total Records: 47219
2026-10-05 09:49:42,194| Entertainment-ETL | extract | INFO | Requesting the page with params {'page': 202} | Attempt 1/3
2026-10-05 09:49:42,501| Entertainment-ETL | extract | INFO | Raw file created successfully | Pages created: 203 | Records added: 245 | Total Records: 47464
2026-10-05 09:49:42,501| Entertainment-ETL | extract | INFO | Requesting the page with params {'page': 203} | Attempt 1/3
2026-10-05 09:49:42,798| Entertainment-ETL | extract | INFO | Raw file created successfully | Pages created: 204 | Records added: 238 | Total Records: 47702
2026-10-05 09:49:42,799| Entertainment-ETL | extract | INFO | Requesting the page with params {'page': 204} | Attempt 1/3
2026-10-05 09:49:43,113| Entertainment-ETL | extract | INFO | Raw file created successfully | Pages created: 205 | Records added: 244 | Total Records: 47946
2026-10-05 09:49:43,113| Entertainment-ETL | extract | INFO | Requesting the page with params {'page': 205} | Attempt 1/3
2026-10-05 09:49:43,416| Entertainment-ETL | extract | INFO | Raw file created successfully | Pages created: 206 | Records added: 238 | Total Records: 48184
2026-10-05 09:49:43,416| Entertainment-ETL | extract | INFO | Requesting the page with params {'page': 206} | Attempt 1/3
2026-10-05 09:49:43,695| Entertainment-ETL | extract | INFO | Raw file created successfully | Pages created: 207 | Records added: 238 | Total Records: 48422
2026-10-05 09:49:43,695| Entertainment-ETL | extract | INFO | Requesting the page with params {'page': 207} | Attempt 1/3
2026-10-05 09:49:44,011| Entertainment-ETL | extract | INFO | Raw file created successfully | Pages created: 208 | Records added: 241 | Total Records: 48663
2026-10-05 09:49:44,011| Entertainment-ETL | extract | INFO | Requesting the page with params {'page': 208} | Attempt 1/3
2026-10-05 09:49:44,324| Entertainment-ETL | extract | INFO | Raw file created successfully | Pages created: 209 | Records added: 245 | Total Records: 48908
2026-10-05 09:49:44,324| Entertainment-ETL | extract | INFO | Requesting the page with params {'page': 209} | Attempt 1/3
2026-10-05 09:49:44,632| Entertainment-ETL | extract | INFO | Raw file created successfully | Pages created: 210 | Records added: 227 | Total Records: 49135
2026-10-05 09:49:44,632| Entertainment-ETL | extract | INFO | Requesting the page with params {'page': 210} | Attempt 1/3
2026-10-05 09:49:44,969| Entertainment-ETL | extract | INFO | Raw file created successfully | Pages created: 211 | Records added: 243 | Total Records: 49378
2026-10-05 09:49:44,969| Entertainment-ETL | extract | INFO | Requesting the page with params {'page': 211} | Attempt 1/3
2026-10-05 09:49:45,339| Entertainment-ETL | extract | INFO | Raw file created successfully | Pages created: 212 | Records added: 244 | Total Records: 49622
2026-10-05 09:49:45,339| Entertainment-ETL | extract | INFO | Requesting the page with params {'page': 212} | Attempt 1/3
2026-10-05 09:49:45,676| Entertainment-ETL | extract | INFO | Raw file created successfully | Pages created: 213 | Records added: 248 | Total Records: 49870
2026-10-05 09:49:45,677| Entertainment-ETL | extract | INFO | Requesting the page with params {'page': 213} | Attempt 1/3
2026-10-05 09:49:45,965| Entertainment-ETL | extract | INFO | Raw file created successfully | Pages created: 214 | Records added: 237 | Total Records: 50107
2026-10-05 09:49:45,965| Entertainment-ETL | extract | INFO | Requesting the page with params {'page': 214} | Attempt 1/3
2026-10-05 09:49:46,269| Entertainment-ETL | extract | INFO | Raw file created successfully | Pages created: 215 | Records added: 241 | Total Records: 50348
2026-10-05 09:49:46,269| Entertainment-ETL | extract | INFO | Requesting the page with params {'page': 215} | Attempt 1/3
2026-10-05 09:49:46,651| Entertainment-ETL | extract | INFO | Raw file created successfully | Pages created: 216 | Records added: 237 | Total Records: 50585
2026-10-05 09:49:46,651| Entertainment-ETL | extract | INFO | Requesting the page with params {'page': 216} | Attempt 1/3
2026-10-05 09:49:46,990| Entertainment-ETL | extract | INFO | Raw file created successfully | Pages created: 217 | Records added: 243 | Total Records: 50828
2026-10-05 09:49:46,990| Entertainment-ETL | extract | INFO | Requesting the page with params {'page': 217} | Attempt 1/3
2026-10-05 09:49:47,302| Entertainment-ETL | extract | INFO | Raw file created successfully | Pages created: 218 | Records added: 244 | Total Records: 51072
2026-10-05 09:49:47,303| Entertainment-ETL | extract | INFO | Requesting the page with params {'page': 218} | Attempt 1/3
2026-10-05 09:49:47,595| Entertainment-ETL | extract | INFO | Raw file created successfully | Pages created: 219 | Records added: 239 | Total Records: 51311
2026-10-05 09:49:47,595| Entertainment-ETL | extract | INFO | Requesting the page with params {'page': 219} | Attempt 1/3
2026-10-05 09:49:47,911| Entertainment-ETL | extract | INFO | Raw file created successfully | Pages created: 220 | Records added: 242 | Total Records: 51553
2026-10-05 09:49:47,912| Entertainment-ETL | extract | INFO | Requesting the page with params {'page': 220} | Attempt 1/3
2026-10-05 09:49:48,211| Entertainment-ETL | extract | INFO | Raw file created successfully | Pages created: 221 | Records added: 240 | Total Records: 51793
2026-10-05 09:49:48,212| Entertainment-ETL | extract | INFO | Requesting the page with params {'page': 221} | Attempt 1/3
2026-10-05 09:49:48,503| Entertainment-ETL | extract | INFO | Raw file created successfully | Pages created: 222 | Records added: 245 | Total Records: 52038
2026-10-05 09:49:48,504| Entertainment-ETL | extract | INFO | Requesting the page with params {'page': 222} | Attempt 1/3
2026-10-05 09:49:48,794| Entertainment-ETL | extract | INFO | Raw file created successfully | Pages created: 223 | Records added: 239 | Total Records: 52277
2026-10-05 09:49:48,795| Entertainment-ETL | extract | INFO | Requesting the page with params {'page': 223} | Attempt 1/3
2026-10-05 09:49:49,109| Entertainment-ETL | extract | INFO | Raw file created successfully | Pages created: 224 | Records added: 244 | Total Records: 52521
2026-10-05 09:49:49,109| Entertainment-ETL | extract | INFO | Requesting the page with params {'page': 224} | Attempt 1/3
2026-10-05 09:49:49,407| Entertainment-ETL | extract | INFO | Raw file created successfully | Pages created: 225 | Records added: 244 | Total Records: 52765
2026-10-05 09:49:49,408| Entertainment-ETL | extract | INFO | Requesting the page with params {'page': 225} | Attempt 1/3
2026-10-05 09:49:49,694| Entertainment-ETL | extract | INFO | Raw file created successfully | Pages created: 226 | Records added: 247 | Total Records: 53012
2026-10-05 09:49:49,694| Entertainment-ETL | extract | INFO | Requesting the page with params {'page': 226} | Attempt 1/3
2026-10-05 09:49:49,995| Entertainment-ETL | extract | INFO | Raw file created successfully | Pages created: 227 | Records added: 240 | Total Records: 53252
2026-10-05 09:49:49,996| Entertainment-ETL | extract | INFO | Requesting the page with params {'page': 227} | Attempt 1/3
2026-10-05 09:49:50,284| Entertainment-ETL | extract | INFO | Raw file created successfully | Pages created: 228 | Records added: 243 | Total Records: 53495
2026-10-05 09:49:50,284| Entertainment-ETL | extract | INFO | Requesting the page with params {'page': 228} | Attempt 1/3
2026-10-05 09:49:50,572| Entertainment-ETL | extract | INFO | Raw file created successfully | Pages created: 229 | Records added: 243 | Total Records: 53738
2026-10-05 09:49:50,572| Entertainment-ETL | extract | INFO | Requesting the page with params {'page': 229} | Attempt 1/3
2026-10-05 09:49:50,886| Entertainment-ETL | extract | INFO | Raw file created successfully | Pages created: 230 | Records added: 245 | Total Records: 53983
2026-10-05 09:49:50,887| Entertainment-ETL | extract | INFO | Requesting the page with params {'page': 230} | Attempt 1/3
2026-10-05 09:49:51,201| Entertainment-ETL | extract | INFO | Raw file created successfully | Pages created: 231 | Records added: 245 | Total Records: 54228
2026-10-05 09:49:51,201| Entertainment-ETL | extract | INFO | Requesting the page with params {'page': 231} | Attempt 1/3
2026-10-05 09:49:51,589| Entertainment-ETL | extract | INFO | Raw file created successfully | Pages created: 232 | Records added: 245 | Total Records: 54473
2026-10-05 09:49:51,590| Entertainment-ETL | extract | INFO | Requesting the page with params {'page': 232} | Attempt 1/3
2026-10-05 09:49:51,903| Entertainment-ETL | extract | INFO | Raw file created successfully | Pages created: 233 | Records added: 244 | Total Records: 54717
2026-10-05 09:49:51,904| Entertainment-ETL | extract | INFO | Requesting the page with params {'page': 233} | Attempt 1/3
2026-10-05 09:49:52,177| Entertainment-ETL | extract | INFO | Raw file created successfully | Pages created: 234 | Records added: 244 | Total Records: 54961
2026-10-05 09:49:52,177| Entertainment-ETL | extract | INFO | Requesting the page with params {'page': 234} | Attempt 1/3
2026-10-05 09:49:52,496| Entertainment-ETL | extract | INFO | Raw file created successfully | Pages created: 235 | Records added: 248 | Total Records: 55209
2026-10-05 09:49:52,497| Entertainment-ETL | extract | INFO | Requesting the page with params {'page': 235} | Attempt 1/3
2026-10-05 09:49:52,842| Entertainment-ETL | extract | INFO | Raw file created successfully | Pages created: 236 | Records added: 232 | Total Records: 55441
2026-10-05 09:49:52,842| Entertainment-ETL | extract | INFO | Requesting the page with params {'page': 236} | Attempt 1/3
2026-10-05 09:49:53,130| Entertainment-ETL | extract | INFO | Raw file created successfully | Pages created: 237 | Records added: 242 | Total Records: 55683
2026-10-05 09:49:53,130| Entertainment-ETL | extract | INFO | Requesting the page with params {'page': 237} | Attempt 1/3
2026-10-05 09:49:53,454| Entertainment-ETL | extract | INFO | Raw file created successfully | Pages created: 238 | Records added: 245 | Total Records: 55928
2026-10-05 09:49:53,454| Entertainment-ETL | extract | INFO | Requesting the page with params {'page': 238} | Attempt 1/3
2026-10-05 09:49:53,734| Entertainment-ETL | extract | INFO | Raw file created successfully | Pages created: 239 | Records added: 240 | Total Records: 56168
2026-10-05 09:49:53,734| Entertainment-ETL | extract | INFO | Requesting the page with params {'page': 239} | Attempt 1/3
2026-10-05 09:49:54,058| Entertainment-ETL | extract | INFO | Raw file created successfully | Pages created: 240 | Records added: 241 | Total Records: 56409
2026-10-05 09:49:54,058| Entertainment-ETL | extract | INFO | Requesting the page with params {'page': 240} | Attempt 1/3
2026-10-05 09:49:54,375| Entertainment-ETL | extract | INFO | Raw file created successfully | Pages created: 241 | Records added: 238 | Total Records: 56647
2026-10-05 09:49:54,376| Entertainment-ETL | extract | INFO | Requesting the page with params {'page': 241} | Attempt 1/3
2026-10-05 09:49:54,693| Entertainment-ETL | extract | INFO | Raw file created successfully | Pages created: 242 | Records added: 238 | Total Records: 56885
2026-10-05 09:49:54,693| Entertainment-ETL | extract | INFO | Requesting the page with params {'page': 242} | Attempt 1/3
2026-10-05 09:49:54,995| Entertainment-ETL | extract | INFO | Raw file created successfully | Pages created: 243 | Records added: 236 | Total Records: 57121
2026-10-05 09:49:54,996| Entertainment-ETL | extract | INFO | Requesting the page with params {'page': 243} | Attempt 1/3
2026-10-05 09:49:55,303| Entertainment-ETL | extract | INFO | Raw file created successfully | Pages created: 244 | Records added: 242 | Total Records: 57363
2026-10-05 09:49:55,304| Entertainment-ETL | extract | INFO | Requesting the page with params {'page': 244} | Attempt 1/3
2026-10-05 09:49:55,615| Entertainment-ETL | extract | INFO | Raw file created successfully | Pages created: 245 | Records added: 242 | Total Records: 57605
2026-10-05 09:49:55,615| Entertainment-ETL | extract | INFO | Requesting the page with params {'page': 245} | Attempt 1/3
2026-10-05 09:49:55,944| Entertainment-ETL | extract | INFO | Raw file created successfully | Pages created: 246 | Records added: 239 | Total Records: 57844
2026-10-05 09:49:55,944| Entertainment-ETL | extract | INFO | Requesting the page with params {'page': 246} | Attempt 1/3
2026-10-05 09:49:56,260| Entertainment-ETL | extract | INFO | Raw file created successfully | Pages created: 247 | Records added: 244 | Total Records: 58088
2026-10-05 09:49:56,260| Entertainment-ETL | extract | INFO | Requesting the page with params {'page': 247} | Attempt 1/3
2026-10-05 09:49:56,626| Entertainment-ETL | extract | INFO | Raw file created successfully | Pages created: 248 | Records added: 239 | Total Records: 58327
2026-10-05 09:49:56,627| Entertainment-ETL | extract | INFO | Requesting the page with params {'page': 248} | Attempt 1/3
2026-10-05 09:49:57,141| Entertainment-ETL | extract | INFO | Raw file created successfully | Pages created: 249 | Records added: 237 | Total Records: 58564
2026-10-05 09:49:57,141| Entertainment-ETL | extract | INFO | Requesting the page with params {'page': 249} | Attempt 1/3
2026-10-05 09:49:57,451| Entertainment-ETL | extract | INFO | Raw file created successfully | Pages created: 250 | Records added: 244 | Total Records: 58808
2026-10-05 09:49:57,451| Entertainment-ETL | extract | INFO | Requesting the page with params {'page': 250} | Attempt 1/3
2026-10-05 09:49:57,759| Entertainment-ETL | extract | INFO | Raw file created successfully | Pages created: 251 | Records added: 244 | Total Records: 59052
2026-10-05 09:49:57,759| Entertainment-ETL | extract | INFO | Requesting the page with params {'page': 251} | Attempt 1/3
2026-10-05 09:49:58,055| Entertainment-ETL | extract | INFO | Raw file created successfully | Pages created: 252 | Records added: 241 | Total Records: 59293
2026-10-05 09:49:58,055| Entertainment-ETL | extract | INFO | Requesting the page with params {'page': 252} | Attempt 1/3
2026-10-05 09:49:58,369| Entertainment-ETL | extract | INFO | Raw file created successfully | Pages created: 253 | Records added: 245 | Total Records: 59538
2026-10-05 09:49:58,369| Entertainment-ETL | extract | INFO | Requesting the page with params {'page': 253} | Attempt 1/3
2026-10-05 09:49:58,652| Entertainment-ETL | extract | INFO | Raw file created successfully | Pages created: 254 | Records added: 245 | Total Records: 59783
2026-10-05 09:49:58,652| Entertainment-ETL | extract | INFO | Requesting the page with params {'page': 254} | Attempt 1/3
2026-10-05 09:49:59,040| Entertainment-ETL | extract | INFO | Raw file created successfully | Pages created: 255 | Records added: 237 | Total Records: 60020
2026-10-05 09:49:59,040| Entertainment-ETL | extract | INFO | Requesting the page with params {'page': 255} | Attempt 1/3
2026-10-05 09:49:59,433| Entertainment-ETL | extract | INFO | Raw file created successfully | Pages created: 256 | Records added: 240 | Total Records: 60260
2026-10-05 09:49:59,433| Entertainment-ETL | extract | INFO | Requesting the page with params {'page': 256} | Attempt 1/3
2026-10-05 09:49:59,759| Entertainment-ETL | extract | INFO | Raw file created successfully | Pages created: 257 | Records added: 244 | Total Records: 60504
2026-10-05 09:49:59,760| Entertainment-ETL | extract | INFO | Requesting the page with params {'page': 257} | Attempt 1/3
2026-10-05 09:50:00,112| Entertainment-ETL | extract | INFO | Raw file created successfully | Pages created: 258 | Records added: 244 | Total Records: 60748
2026-10-05 09:50:00,112| Entertainment-ETL | extract | INFO | Requesting the page with params {'page': 258} | Attempt 1/3
2026-10-05 09:50:00,415| Entertainment-ETL | extract | INFO | Raw file created successfully | Pages created: 259 | Records added: 243 | Total Records: 60991
2026-10-05 09:50:00,415| Entertainment-ETL | extract | INFO | Requesting the page with params {'page': 259} | Attempt 1/3
2026-10-05 09:50:00,707| Entertainment-ETL | extract | INFO | Raw file created successfully | Pages created: 260 | Records added: 238 | Total Records: 61229
2026-10-05 09:50:00,708| Entertainment-ETL | extract | INFO | Requesting the page with params {'page': 260} | Attempt 1/3
2026-10-05 09:50:01,037| Entertainment-ETL | extract | INFO | Raw file created successfully | Pages created: 261 | Records added: 244 | Total Records: 61473
2026-10-05 09:50:01,037| Entertainment-ETL | extract | INFO | Requesting the page with params {'page': 261} | Attempt 1/3
2026-10-05 09:50:01,371| Entertainment-ETL | extract | INFO | Raw file created successfully | Pages created: 262 | Records added: 247 | Total Records: 61720
2026-10-05 09:50:01,372| Entertainment-ETL | extract | INFO | Requesting the page with params {'page': 262} | Attempt 1/3
2026-10-05 09:50:01,708| Entertainment-ETL | extract | INFO | Raw file created successfully | Pages created: 263 | Records added: 245 | Total Records: 61965
2026-10-05 09:50:01,708| Entertainment-ETL | extract | INFO | Requesting the page with params {'page': 263} | Attempt 1/3
2026-10-05 09:50:02,007| Entertainment-ETL | extract | INFO | Raw file created successfully | Pages created: 264 | Records added: 242 | Total Records: 62207
2026-10-05 09:50:02,007| Entertainment-ETL | extract | INFO | Requesting the page with params {'page': 264} | Attempt 1/3
2026-10-05 09:50:02,313| Entertainment-ETL | extract | INFO | Raw file created successfully | Pages created: 265 | Records added: 244 | Total Records: 62451
2026-10-05 09:50:02,313| Entertainment-ETL | extract | INFO | Requesting the page with params {'page': 265} | Attempt 1/3
2026-10-05 09:50:02,606| Entertainment-ETL | extract | INFO | Raw file created successfully | Pages created: 266 | Records added: 239 | Total Records: 62690
2026-10-05 09:50:02,606| Entertainment-ETL | extract | INFO | Requesting the page with params {'page': 266} | Attempt 1/3
2026-10-05 09:50:02,886| Entertainment-ETL | extract | INFO | Raw file created successfully | Pages created: 267 | Records added: 240 | Total Records: 62930
2026-10-05 09:50:02,886| Entertainment-ETL | extract | INFO | Requesting the page with params {'page': 267} | Attempt 1/3
2026-10-05 09:50:03,182| Entertainment-ETL | extract | INFO | Raw file created successfully | Pages created: 268 | Records added: 242 | Total Records: 63172
2026-10-05 09:50:03,183| Entertainment-ETL | extract | INFO | Requesting the page with params {'page': 268} | Attempt 1/3
2026-10-05 09:50:03,487| Entertainment-ETL | extract | INFO | Raw file created successfully | Pages created: 269 | Records added: 245 | Total Records: 63417
2026-10-05 09:50:03,487| Entertainment-ETL | extract | INFO | Requesting the page with params {'page': 269} | Attempt 1/3
2026-10-05 09:50:03,787| Entertainment-ETL | extract | INFO | Raw file created successfully | Pages created: 270 | Records added: 242 | Total Records: 63659
2026-10-05 09:50:03,787| Entertainment-ETL | extract | INFO | Requesting the page with params {'page': 270} | Attempt 1/3
2026-10-05 09:50:04,080| Entertainment-ETL | extract | INFO | Raw file created successfully | Pages created: 271 | Records added: 243 | Total Records: 63902
2026-10-05 09:50:04,080| Entertainment-ETL | extract | INFO | Requesting the page with params {'page': 271} | Attempt 1/3
2026-10-05 09:50:04,375| Entertainment-ETL | extract | INFO | Raw file created successfully | Pages created: 272 | Records added: 241 | Total Records: 64143
2026-10-05 09:50:04,376| Entertainment-ETL | extract | INFO | Requesting the page with params {'page': 272} | Attempt 1/3
2026-10-05 09:50:04,682| Entertainment-ETL | extract | INFO | Raw file created successfully | Pages created: 273 | Records added: 244 | Total Records: 64387
2026-10-05 09:50:04,683| Entertainment-ETL | extract | INFO | Requesting the page with params {'page': 273} | Attempt 1/3
2026-10-05 09:50:04,988| Entertainment-ETL | extract | INFO | Raw file created successfully | Pages created: 274 | Records added: 238 | Total Records: 64625
2026-10-05 09:50:04,989| Entertainment-ETL | extract | INFO | Requesting the page with params {'page': 274} | Attempt 1/3
2026-10-05 09:50:05,303| Entertainment-ETL | extract | INFO | Raw file created successfully | Pages created: 275 | Records added: 244 | Total Records: 64869
2026-10-05 09:50:05,303| Entertainment-ETL | extract | INFO | Requesting the page with params {'page': 275} | Attempt 1/3
2026-10-05 09:50:05,678| Entertainment-ETL | extract | INFO | Raw file created successfully | Pages created: 276 | Records added: 248 | Total Records: 65117
2026-10-05 09:50:05,678| Entertainment-ETL | extract | INFO | Requesting the page with params {'page': 276} | Attempt 1/3
2026-10-05 09:50:05,978| Entertainment-ETL | extract | INFO | Raw file created successfully | Pages created: 277 | Records added: 241 | Total Records: 65358
2026-10-05 09:50:05,979| Entertainment-ETL | extract | INFO | Requesting the page with params {'page': 277} | Attempt 1/3
2026-10-05 09:50:06,269| Entertainment-ETL | extract | INFO | Raw file created successfully | Pages created: 278 | Records added: 246 | Total Records: 65604
2026-10-05 09:50:06,269| Entertainment-ETL | extract | INFO | Requesting the page with params {'page': 278} | Attempt 1/3
2026-10-05 09:50:06,559| Entertainment-ETL | extract | INFO | Raw file created successfully | Pages created: 279 | Records added: 242 | Total Records: 65846
2026-10-05 09:50:06,559| Entertainment-ETL | extract | INFO | Requesting the page with params {'page': 279} | Attempt 1/3
2026-10-05 09:50:06,866| Entertainment-ETL | extract | INFO | Raw file created successfully | Pages created: 280 | Records added: 245 | Total Records: 66091
2026-10-05 09:50:06,867| Entertainment-ETL | extract | INFO | Requesting the page with params {'page': 280} | Attempt 1/3
2026-10-05 09:50:08,805| Entertainment-ETL | extract | INFO | Raw file created successfully | Pages created: 281 | Records added: 246 | Total Records: 66337
2026-10-05 09:50:08,806| Entertainment-ETL | extract | INFO | Requesting the page with params {'page': 281} | Attempt 1/3
2026-10-05 09:50:09,217| Entertainment-ETL | extract | INFO | Raw file created successfully | Pages created: 282 | Records added: 244 | Total Records: 66581
2026-10-05 09:50:09,217| Entertainment-ETL | extract | INFO | Requesting the page with params {'page': 282} | Attempt 1/3
2026-10-05 09:50:09,678| Entertainment-ETL | extract | INFO | Raw file created successfully | Pages created: 283 | Records added: 249 | Total Records: 66830
2026-10-05 09:50:09,679| Entertainment-ETL | extract | INFO | Requesting the page with params {'page': 283} | Attempt 1/3
2026-10-05 09:50:10,173| Entertainment-ETL | extract | INFO | Raw file created successfully | Pages created: 284 | Records added: 246 | Total Records: 67076
2026-10-05 09:50:10,173| Entertainment-ETL | extract | INFO | Requesting the page with params {'page': 284} | Attempt 1/3
2026-10-05 09:50:10,530| Entertainment-ETL | extract | INFO | Raw file created successfully | Pages created: 285 | Records added: 245 | Total Records: 67321
2026-10-05 09:50:10,531| Entertainment-ETL | extract | INFO | Requesting the page with params {'page': 285} | Attempt 1/3
2026-10-05 09:50:10,878| Entertainment-ETL | extract | INFO | Raw file created successfully | Pages created: 286 | Records added: 244 | Total Records: 67565
2026-10-05 09:50:10,878| Entertainment-ETL | extract | INFO | Requesting the page with params {'page': 286} | Attempt 1/3
2026-10-05 09:50:11,232| Entertainment-ETL | extract | INFO | Raw file created successfully | Pages created: 287 | Records added: 241 | Total Records: 67806
2026-10-05 09:50:11,232| Entertainment-ETL | extract | INFO | Requesting the page with params {'page': 287} | Attempt 1/3
2026-10-05 09:50:11,596| Entertainment-ETL | extract | INFO | Raw file created successfully | Pages created: 288 | Records added: 245 | Total Records: 68051
2026-10-05 09:50:11,596| Entertainment-ETL | extract | INFO | Requesting the page with params {'page': 288} | Attempt 1/3
2026-10-05 09:50:12,021| Entertainment-ETL | extract | INFO | Raw file created successfully | Pages created: 289 | Records added: 246 | Total Records: 68297
2026-10-05 09:50:12,021| Entertainment-ETL | extract | INFO | Requesting the page with params {'page': 289} | Attempt 1/3
2026-10-05 09:50:12,413| Entertainment-ETL | extract | INFO | Raw file created successfully | Pages created: 290 | Records added: 242 | Total Records: 68539
2026-10-05 09:50:12,414| Entertainment-ETL | extract | INFO | Requesting the page with params {'page': 290} | Attempt 1/3
2026-10-05 09:50:12,799| Entertainment-ETL | extract | INFO | Raw file created successfully | Pages created: 291 | Records added: 239 | Total Records: 68778
2026-10-05 09:50:12,800| Entertainment-ETL | extract | INFO | Requesting the page with params {'page': 291} | Attempt 1/3
2026-10-05 09:50:13,291| Entertainment-ETL | extract | INFO | Raw file created successfully | Pages created: 292 | Records added: 239 | Total Records: 69017
2026-10-05 09:50:13,292| Entertainment-ETL | extract | INFO | Requesting the page with params {'page': 292} | Attempt 1/3
2026-10-05 09:50:13,671| Entertainment-ETL | extract | INFO | Raw file created successfully | Pages created: 293 | Records added: 245 | Total Records: 69262
2026-10-05 09:50:13,672| Entertainment-ETL | extract | INFO | Requesting the page with params {'page': 293} | Attempt 1/3
2026-10-05 09:50:14,067| Entertainment-ETL | extract | INFO | Raw file created successfully | Pages created: 294 | Records added: 245 | Total Records: 69507
2026-10-05 09:50:14,068| Entertainment-ETL | extract | INFO | Requesting the page with params {'page': 294} | Attempt 1/3
2026-10-05 09:50:14,523| Entertainment-ETL | extract | INFO | Raw file created successfully | Pages created: 295 | Records added: 242 | Total Records: 69749
2026-10-05 09:50:14,523| Entertainment-ETL | extract | INFO | Requesting the page with params {'page': 295} | Attempt 1/3
2026-10-05 09:50:14,874| Entertainment-ETL | extract | INFO | Raw file created successfully | Pages created: 296 | Records added: 247 | Total Records: 69996
2026-10-05 09:50:14,875| Entertainment-ETL | extract | INFO | Requesting the page with params {'page': 296} | Attempt 1/3
2026-10-05 09:50:15,203| Entertainment-ETL | extract | INFO | Raw file created successfully | Pages created: 297 | Records added: 248 | Total Records: 70244
2026-10-05 09:50:15,203| Entertainment-ETL | extract | INFO | Requesting the page with params {'page': 297} | Attempt 1/3
2026-10-05 09:50:16,083| Entertainment-ETL | extract | INFO | Raw file created successfully | Pages created: 298 | Records added: 245 | Total Records: 70489
2026-10-05 09:50:16,083| Entertainment-ETL | extract | INFO | Requesting the page with params {'page': 298} | Attempt 1/3
2026-10-05 09:50:16,448| Entertainment-ETL | extract | INFO | Raw file created successfully | Pages created: 299 | Records added: 241 | Total Records: 70730
2026-10-05 09:50:16,448| Entertainment-ETL | extract | INFO | Requesting the page with params {'page': 299} | Attempt 1/3
2026-10-05 09:50:17,345| Entertainment-ETL | extract | INFO | Raw file created successfully | Pages created: 300 | Records added: 235 | Total Records: 70965
2026-10-05 09:50:17,345| Entertainment-ETL | extract | INFO | Requesting the page with params {'page': 300} | Attempt 1/3
2026-10-05 09:50:17,668| Entertainment-ETL | extract | INFO | Raw file created successfully | Pages created: 301 | Records added: 245 | Total Records: 71210
2026-10-05 09:50:17,668| Entertainment-ETL | extract | INFO | Requesting the page with params {'page': 301} | Attempt 1/3
2026-10-05 09:50:17,994| Entertainment-ETL | extract | INFO | Raw file created successfully | Pages created: 302 | Records added: 241 | Total Records: 71451
2026-10-05 09:50:17,994| Entertainment-ETL | extract | INFO | Requesting the page with params {'page': 302} | Attempt 1/3
2026-10-05 09:50:18,320| Entertainment-ETL | extract | INFO | Raw file created successfully | Pages created: 303 | Records added: 249 | Total Records: 71700
2026-10-05 09:50:18,321| Entertainment-ETL | extract | INFO | Requesting the page with params {'page': 303} | Attempt 1/3
2026-10-05 09:50:18,624| Entertainment-ETL | extract | INFO | Raw file created successfully | Pages created: 304 | Records added: 241 | Total Records: 71941
2026-10-05 09:50:18,625| Entertainment-ETL | extract | INFO | Requesting the page with params {'page': 304} | Attempt 1/3
2026-10-05 09:50:18,971| Entertainment-ETL | extract | INFO | Raw file created successfully | Pages created: 305 | Records added: 246 | Total Records: 72187
2026-10-05 09:50:18,972| Entertainment-ETL | extract | INFO | Requesting the page with params {'page': 305} | Attempt 1/3
2026-10-05 09:50:19,303| Entertainment-ETL | extract | INFO | Raw file created successfully | Pages created: 306 | Records added: 238 | Total Records: 72425
2026-10-05 09:50:19,303| Entertainment-ETL | extract | INFO | Requesting the page with params {'page': 306} | Attempt 1/3
2026-10-05 09:50:19,598| Entertainment-ETL | extract | INFO | Raw file created successfully | Pages created: 307 | Records added: 247 | Total Records: 72672
2026-10-05 09:50:19,598| Entertainment-ETL | extract | INFO | Requesting the page with params {'page': 307} | Attempt 1/3
2026-10-05 09:50:19,902| Entertainment-ETL | extract | INFO | Raw file created successfully | Pages created: 308 | Records added: 246 | Total Records: 72918
2026-10-05 09:50:19,903| Entertainment-ETL | extract | INFO | Requesting the page with params {'page': 308} | Attempt 1/3
2026-10-05 09:50:20,216| Entertainment-ETL | extract | INFO | Raw file created successfully | Pages created: 309 | Records added: 241 | Total Records: 73159
2026-10-05 09:50:20,216| Entertainment-ETL | extract | INFO | Requesting the page with params {'page': 309} | Attempt 1/3
2026-10-05 09:50:20,562| Entertainment-ETL | extract | INFO | Raw file created successfully | Pages created: 310 | Records added: 245 | Total Records: 73404
2026-10-05 09:50:20,562| Entertainment-ETL | extract | INFO | Requesting the page with params {'page': 310} | Attempt 1/3
2026-10-05 09:50:20,856| Entertainment-ETL | extract | INFO | Raw file created successfully | Pages created: 311 | Records added: 241 | Total Records: 73645
2026-10-05 09:50:20,856| Entertainment-ETL | extract | INFO | Requesting the page with params {'page': 311} | Attempt 1/3
2026-10-05 09:50:21,201| Entertainment-ETL | extract | INFO | Raw file created successfully | Pages created: 312 | Records added: 244 | Total Records: 73889
2026-10-05 09:50:21,201| Entertainment-ETL | extract | INFO | Requesting the page with params {'page': 312} | Attempt 1/3
2026-10-05 09:50:21,539| Entertainment-ETL | extract | INFO | Raw file created successfully | Pages created: 313 | Records added: 247 | Total Records: 74136
2026-10-05 09:50:21,539| Entertainment-ETL | extract | INFO | Requesting the page with params {'page': 313} | Attempt 1/3
2026-10-05 09:50:21,886| Entertainment-ETL | extract | INFO | Raw file created successfully | Pages created: 314 | Records added: 244 | Total Records: 74380
2026-10-05 09:50:21,887| Entertainment-ETL | extract | INFO | Requesting the page with params {'page': 314} | Attempt 1/3
2026-10-05 09:50:22,198| Entertainment-ETL | extract | INFO | Raw file created successfully | Pages created: 315 | Records added: 245 | Total Records: 74625
2026-10-05 09:50:22,199| Entertainment-ETL | extract | INFO | Requesting the page with params {'page': 315} | Attempt 1/3
2026-10-05 09:50:22,505| Entertainment-ETL | extract | INFO | Raw file created successfully | Pages created: 316 | Records added: 243 | Total Records: 74868
2026-10-05 09:50:22,505| Entertainment-ETL | extract | INFO | Requesting the page with params {'page': 316} | Attempt 1/3
2026-10-05 09:50:22,875| Entertainment-ETL | extract | INFO | Raw file created successfully | Pages created: 317 | Records added: 236 | Total Records: 75104
2026-10-05 09:50:22,875| Entertainment-ETL | extract | INFO | Requesting the page with params {'page': 317} | Attempt 1/3
2026-10-05 09:50:23,273| Entertainment-ETL | extract | INFO | Raw file created successfully | Pages created: 318 | Records added: 241 | Total Records: 75345
2026-10-05 09:50:23,273| Entertainment-ETL | extract | INFO | Requesting the page with params {'page': 318} | Attempt 1/3
2026-10-05 09:50:23,574| Entertainment-ETL | extract | INFO | Raw file created successfully | Pages created: 319 | Records added: 243 | Total Records: 75588
2026-10-05 09:50:23,574| Entertainment-ETL | extract | INFO | Requesting the page with params {'page': 319} | Attempt 1/3
2026-10-05 09:50:23,899| Entertainment-ETL | extract | INFO | Raw file created successfully | Pages created: 320 | Records added: 238 | Total Records: 75826
2026-10-05 09:50:23,899| Entertainment-ETL | extract | INFO | Requesting the page with params {'page': 320} | Attempt 1/3
2026-10-05 09:50:24,213| Entertainment-ETL | extract | INFO | Raw file created successfully | Pages created: 321 | Records added: 240 | Total Records: 76066
2026-10-05 09:50:24,214| Entertainment-ETL | extract | INFO | Requesting the page with params {'page': 321} | Attempt 1/3
2026-10-05 09:50:24,516| Entertainment-ETL | extract | INFO | Raw file created successfully | Pages created: 322 | Records added: 244 | Total Records: 76310
2026-10-05 09:50:24,516| Entertainment-ETL | extract | INFO | Requesting the page with params {'page': 322} | Attempt 1/3
2026-10-05 09:50:24,861| Entertainment-ETL | extract | INFO | Raw file created successfully | Pages created: 323 | Records added: 242 | Total Records: 76552
2026-10-05 09:50:24,862| Entertainment-ETL | extract | INFO | Requesting the page with params {'page': 323} | Attempt 1/3
2026-10-05 09:50:25,204| Entertainment-ETL | extract | INFO | Raw file created successfully | Pages created: 324 | Records added: 246 | Total Records: 76798
2026-10-05 09:50:25,204| Entertainment-ETL | extract | INFO | Requesting the page with params {'page': 324} | Attempt 1/3
2026-10-05 09:50:25,601| Entertainment-ETL | extract | INFO | Raw file created successfully | Pages created: 325 | Records added: 247 | Total Records: 77045
2026-10-05 09:50:25,601| Entertainment-ETL | extract | INFO | Requesting the page with params {'page': 325} | Attempt 1/3
2026-10-05 09:50:25,936| Entertainment-ETL | extract | INFO | Raw file created successfully | Pages created: 326 | Records added: 243 | Total Records: 77288
2026-10-05 09:50:25,936| Entertainment-ETL | extract | INFO | Requesting the page with params {'page': 326} | Attempt 1/3
2026-10-05 09:50:26,248| Entertainment-ETL | extract | INFO | Raw file created successfully | Pages created: 327 | Records added: 245 | Total Records: 77533
2026-10-05 09:50:26,248| Entertainment-ETL | extract | INFO | Requesting the page with params {'page': 327} | Attempt 1/3
2026-10-05 09:50:26,581| Entertainment-ETL | extract | INFO | Raw file created successfully | Pages created: 328 | Records added: 245 | Total Records: 77778
2026-10-05 09:50:26,581| Entertainment-ETL | extract | INFO | Requesting the page with params {'page': 328} | Attempt 1/3
2026-10-05 09:50:26,882| Entertainment-ETL | extract | INFO | Raw file created successfully | Pages created: 329 | Records added: 240 | Total Records: 78018
2026-10-05 09:50:26,882| Entertainment-ETL | extract | INFO | Requesting the page with params {'page': 329} | Attempt 1/3
2026-10-05 09:50:27,172| Entertainment-ETL | extract | INFO | Raw file created successfully | Pages created: 330 | Records added: 244 | Total Records: 78262
2026-10-05 09:50:27,173| Entertainment-ETL | extract | INFO | Requesting the page with params {'page': 330} | Attempt 1/3
2026-10-05 09:50:27,503| Entertainment-ETL | extract | INFO | Raw file created successfully | Pages created: 331 | Records added: 243 | Total Records: 78505
2026-10-05 09:50:27,504| Entertainment-ETL | extract | INFO | Requesting the page with params {'page': 331} | Attempt 1/3
2026-10-05 09:50:27,807| Entertainment-ETL | extract | INFO | Raw file created successfully | Pages created: 332 | Records added: 245 | Total Records: 78750
2026-10-05 09:50:27,807| Entertainment-ETL | extract | INFO | Requesting the page with params {'page': 332} | Attempt 1/3
2026-10-05 09:50:28,100| Entertainment-ETL | extract | INFO | Raw file created successfully | Pages created: 333 | Records added: 247 | Total Records: 78997
2026-10-05 09:50:28,100| Entertainment-ETL | extract | INFO | Requesting the page with params {'page': 333} | Attempt 1/3
2026-10-05 09:50:28,413| Entertainment-ETL | extract | INFO | Raw file created successfully | Pages created: 334 | Records added: 246 | Total Records: 79243
2026-10-05 09:50:28,413| Entertainment-ETL | extract | INFO | Requesting the page with params {'page': 334} | Attempt 1/3
2026-10-05 09:50:28,717| Entertainment-ETL | extract | INFO | Raw file created successfully | Pages created: 335 | Records added: 246 | Total Records: 79489
2026-10-05 09:50:28,717| Entertainment-ETL | extract | INFO | Requesting the page with params {'page': 335} | Attempt 1/3
2026-10-05 09:50:29,064| Entertainment-ETL | extract | INFO | Raw file created successfully | Pages created: 336 | Records added: 246 | Total Records: 79735
2026-10-05 09:50:29,064| Entertainment-ETL | extract | INFO | Requesting the page with params {'page': 336} | Attempt 1/3
2026-10-05 09:50:29,353| Entertainment-ETL | extract | INFO | Raw file created successfully | Pages created: 337 | Records added: 245 | Total Records: 79980
2026-10-05 09:50:29,354| Entertainment-ETL | extract | INFO | Requesting the page with params {'page': 337} | Attempt 1/3
2026-10-05 09:50:29,663| Entertainment-ETL | extract | INFO | Raw file created successfully | Pages created: 338 | Records added: 243 | Total Records: 80223
2026-10-05 09:50:29,663| Entertainment-ETL | extract | INFO | Requesting the page with params {'page': 338} | Attempt 1/3
2026-10-05 09:50:29,974| Entertainment-ETL | extract | INFO | Raw file created successfully | Pages created: 339 | Records added: 241 | Total Records: 80464
2026-10-05 09:50:29,975| Entertainment-ETL | extract | INFO | Requesting the page with params {'page': 339} | Attempt 1/3
2026-10-05 09:50:30,269| Entertainment-ETL | extract | INFO | Raw file created successfully | Pages created: 340 | Records added: 246 | Total Records: 80710
2026-10-05 09:50:30,270| Entertainment-ETL | extract | INFO | Requesting the page with params {'page': 340} | Attempt 1/3
2026-10-05 09:50:30,569| Entertainment-ETL | extract | INFO | Raw file created successfully | Pages created: 341 | Records added: 240 | Total Records: 80950
2026-10-05 09:50:30,570| Entertainment-ETL | extract | INFO | Requesting the page with params {'page': 341} | Attempt 1/3
2026-10-05 09:50:30,883| Entertainment-ETL | extract | INFO | Raw file created successfully | Pages created: 342 | Records added: 244 | Total Records: 81194
2026-10-05 09:50:30,884| Entertainment-ETL | extract | INFO | Requesting the page with params {'page': 342} | Attempt 1/3
2026-10-05 09:50:31,185| Entertainment-ETL | extract | INFO | Raw file created successfully | Pages created: 343 | Records added: 249 | Total Records: 81443
2026-10-05 09:50:31,185| Entertainment-ETL | extract | INFO | Requesting the page with params {'page': 343} | Attempt 1/3
2026-10-05 09:50:31,546| Entertainment-ETL | extract | INFO | Raw file created successfully | Pages created: 344 | Records added: 243 | Total Records: 81686
2026-10-05 09:50:31,546| Entertainment-ETL | extract | INFO | Requesting the page with params {'page': 344} | Attempt 1/3
2026-10-05 09:50:31,835| Entertainment-ETL | extract | INFO | Raw file created successfully | Pages created: 345 | Records added: 247 | Total Records: 81933
2026-10-05 09:50:31,835| Entertainment-ETL | extract | INFO | Requesting the page with params {'page': 345} | Attempt 1/3
2026-10-05 09:50:32,126| Entertainment-ETL | extract | INFO | Raw file created successfully | Pages created: 346 | Records added: 246 | Total Records: 82179
2026-10-05 09:50:32,126| Entertainment-ETL | extract | INFO | Requesting the page with params {'page': 346} | Attempt 1/3
2026-10-05 09:50:32,426| Entertainment-ETL | extract | INFO | Raw file created successfully | Pages created: 347 | Records added: 243 | Total Records: 82422
2026-10-05 09:50:32,426| Entertainment-ETL | extract | INFO | Requesting the page with params {'page': 347} | Attempt 1/3
2026-10-05 09:50:32,707| Entertainment-ETL | extract | INFO | Raw file created successfully | Pages created: 348 | Records added: 242 | Total Records: 82664
2026-10-05 09:50:32,707| Entertainment-ETL | extract | INFO | Requesting the page with params {'page': 348} | Attempt 1/3
2026-10-05 09:50:33,008| Entertainment-ETL | extract | INFO | Raw file created successfully | Pages created: 349 | Records added: 246 | Total Records: 82910
2026-10-05 09:50:33,008| Entertainment-ETL | extract | INFO | Requesting the page with params {'page': 349} | Attempt 1/3
2026-10-05 09:50:33,292| Entertainment-ETL | extract | INFO | Raw file created successfully | Pages created: 350 | Records added: 242 | Total Records: 83152
2026-10-05 09:50:33,292| Entertainment-ETL | extract | INFO | Requesting the page with params {'page': 350} | Attempt 1/3
2026-10-05 09:50:33,584| Entertainment-ETL | extract | INFO | Raw file created successfully | Pages created: 351 | Records added: 240 | Total Records: 83392
2026-10-05 09:50:33,584| Entertainment-ETL | extract | INFO | Requesting the page with params {'page': 351} | Attempt 1/3
2026-10-05 09:50:33,911| Entertainment-ETL | extract | INFO | Raw file created successfully | Pages created: 352 | Records added: 243 | Total Records: 83635
2026-10-05 09:50:33,911| Entertainment-ETL | extract | INFO | Requesting the page with params {'page': 352} | Attempt 1/3
2026-10-05 09:50:34,212| Entertainment-ETL | extract | INFO | Raw file created successfully | Pages created: 353 | Records added: 246 | Total Records: 83881
2026-10-05 09:50:34,212| Entertainment-ETL | extract | INFO | Requesting the page with params {'page': 353} | Attempt 1/3
2026-10-05 09:50:34,495| Entertainment-ETL | extract | INFO | Raw file created successfully | Pages created: 354 | Records added: 247 | Total Records: 84128
2026-10-05 09:50:34,495| Entertainment-ETL | extract | INFO | Requesting the page with params {'page': 354} | Attempt 1/3
2026-10-05 09:50:34,798| Entertainment-ETL | extract | INFO | Raw file created successfully | Pages created: 355 | Records added: 244 | Total Records: 84372
2026-10-05 09:50:34,800| Entertainment-ETL | extract | INFO | Requesting the page with params {'page': 355} | Attempt 1/3
2026-10-05 09:50:35,098| Entertainment-ETL | extract | INFO | Raw file created successfully | Pages created: 356 | Records added: 243 | Total Records: 84615
2026-10-05 09:50:35,099| Entertainment-ETL | extract | INFO | Requesting the page with params {'page': 356} | Attempt 1/3
2026-10-05 09:50:35,398| Entertainment-ETL | extract | INFO | Raw file created successfully | Pages created: 357 | Records added: 246 | Total Records: 84861
2026-10-05 09:50:35,398| Entertainment-ETL | extract | INFO | Requesting the page with params {'page': 357} | Attempt 1/3
2026-10-05 09:50:35,750| Entertainment-ETL | extract | INFO | Raw file created successfully | Pages created: 358 | Records added: 246 | Total Records: 85107
2026-10-05 09:50:35,750| Entertainment-ETL | extract | INFO | Requesting the page with params {'page': 358} | Attempt 1/3
2026-10-05 09:50:36,060| Entertainment-ETL | extract | INFO | Raw file created successfully | Pages created: 359 | Records added: 241 | Total Records: 85348
2026-10-05 09:50:36,060| Entertainment-ETL | extract | INFO | Requesting the page with params {'page': 359} | Attempt 1/3
2026-10-05 09:50:36,393| Entertainment-ETL | extract | INFO | Raw file created successfully | Pages created: 360 | Records added: 243 | Total Records: 85591
2026-10-05 09:50:36,393| Entertainment-ETL | extract | INFO | Requesting the page with params {'page': 360} | Attempt 1/3
2026-10-05 09:50:36,700| Entertainment-ETL | extract | INFO | Raw file created successfully | Pages created: 361 | Records added: 243 | Total Records: 85834
2026-10-05 09:50:36,700| Entertainment-ETL | extract | INFO | Requesting the page with params {'page': 361} | Attempt 1/3
2026-10-05 09:50:37,028| Entertainment-ETL | extract | INFO | Raw file created successfully | Pages created: 362 | Records added: 249 | Total Records: 86083
2026-10-05 09:50:37,028| Entertainment-ETL | extract | INFO | Requesting the page with params {'page': 362} | Attempt 1/3
2026-10-05 09:50:37,319| Entertainment-ETL | extract | INFO | Raw file created successfully | Pages created: 363 | Records added: 241 | Total Records: 86324
2026-10-05 09:50:37,320| Entertainment-ETL | extract | INFO | Requesting the page with params {'page': 363} | Attempt 1/3
2026-10-05 09:50:37,611| Entertainment-ETL | extract | INFO | Raw file created successfully | Pages created: 364 | Records added: 247 | Total Records: 86571
2026-10-05 09:50:37,612| Entertainment-ETL | extract | INFO | Requesting the page with params {'page': 364} | Attempt 1/3
2026-10-05 09:50:37,947| Entertainment-ETL | extract | INFO | Raw file created successfully | Pages created: 365 | Records added: 248 | Total Records: 86819
2026-10-05 09:50:37,947| Entertainment-ETL | extract | INFO | Requesting the page with params {'page': 365} | Attempt 1/3
2026-10-05 09:50:38,202| Entertainment-ETL | extract | INFO | Raw file created successfully | Pages created: 366 | Records added: 247 | Total Records: 87066
2026-10-05 09:50:38,202| Entertainment-ETL | extract | INFO | Requesting the page with params {'page': 366} | Attempt 1/3
2026-10-05 09:50:38,468| Entertainment-ETL | extract | INFO | Raw file created successfully | Pages created: 367 | Records added: 245 | Total Records: 87311
2026-10-05 09:50:38,468| Entertainment-ETL | extract | INFO | Requesting the page with params {'page': 367} | Attempt 1/3
2026-10-05 09:50:38,722| Entertainment-ETL | extract | INFO | Raw file created successfully | Pages created: 368 | Records added: 245 | Total Records: 87556
2026-10-05 09:50:38,722| Entertainment-ETL | extract | INFO | Requesting the page with params {'page': 368} | Attempt 1/3
2026-10-05 09:50:38,994| Entertainment-ETL | extract | INFO | Raw file created successfully | Pages created: 369 | Records added: 245 | Total Records: 87801
2026-10-05 09:50:38,994| Entertainment-ETL | extract | INFO | Requesting the page with params {'page': 369} | Attempt 1/3
2026-10-05 09:50:39,258| Entertainment-ETL | extract | INFO | Raw file created successfully | Pages created: 370 | Records added: 246 | Total Records: 88047
2026-10-05 09:50:39,258| Entertainment-ETL | extract | INFO | Requesting the page with params {'page': 370} | Attempt 1/3
2026-10-05 09:50:39,530| Entertainment-ETL | extract | INFO | Raw file created successfully | Pages created: 371 | Records added: 239 | Total Records: 88286
2026-10-05 09:50:39,530| Entertainment-ETL | extract | INFO | Requesting the page with params {'page': 371} | Attempt 1/3
2026-10-05 09:50:39,828| Entertainment-ETL | extract | INFO | Raw file created successfully | Pages created: 372 | Records added: 248 | Total Records: 88534
2026-10-05 09:50:39,828| Entertainment-ETL | extract | INFO | Requesting the page with params {'page': 372} | Attempt 1/3
2026-10-05 09:50:40,082| Entertainment-ETL | extract | INFO | Raw file created successfully | Pages created: 373 | Records added: 242 | Total Records: 88776
2026-10-05 09:50:40,082| Entertainment-ETL | extract | INFO | Requesting the page with params {'page': 373} | Attempt 1/3
2026-10-05 09:50:40,332| Entertainment-ETL | extract | INFO | Raw file created successfully | Pages created: 374 | Records added: 247 | Total Records: 89023
2026-10-05 09:50:40,332| Entertainment-ETL | extract | INFO | Requesting the page with params {'page': 374} | Attempt 1/3
2026-10-05 09:50:40,587| Entertainment-ETL | extract | INFO | Raw file created successfully | Pages created: 375 | Records added: 247 | Total Records: 89270
2026-10-05 09:50:40,587| Entertainment-ETL | extract | INFO | Requesting the page with params {'page': 375} | Attempt 1/3
2026-10-05 09:50:40,822| Entertainment-ETL | extract | INFO | Raw file created successfully | Pages created: 376 | Records added: 247 | Total Records: 89517
2026-10-05 09:50:40,823| Entertainment-ETL | extract | INFO | Requesting the page with params {'page': 376} | Attempt 1/3
2026-10-05 09:50:41,095| Entertainment-ETL | extract | INFO | Raw file created successfully | Pages created: 377 | Records added: 248 | Total Records: 89765
2026-10-05 09:50:41,095| Entertainment-ETL | extract | INFO | Requesting the page with params {'page': 377} | Attempt 1/3
2026-10-05 09:50:41,347| Entertainment-ETL | extract | INFO | Raw file created successfully | Pages created: 378 | Records added: 245 | Total Records: 90010
2026-10-05 09:50:41,347| Entertainment-ETL | extract | INFO | Requesting the page with params {'page': 378} | Attempt 1/3
2026-10-05 09:50:41,627| Entertainment-ETL | extract | INFO | Raw file created successfully | Pages created: 379 | Records added: 245 | Total Records: 90255
2026-10-05 09:50:41,627| Entertainment-ETL | extract | INFO | Requesting the page with params {'page': 379} | Attempt 1/3
2026-10-05 09:50:41,853| Entertainment-ETL | extract | INFO | Raw file created successfully | Pages created: 380 | Records added: 125 | Total Records: 90380
2026-10-05 09:50:41,853| Entertainment-ETL | extract | INFO | Requesting the page with params {'page': 380} | Attempt 1/3
2026-10-05 09:50:42,044| Entertainment-ETL | extract | INFO | HTTp 404 occurred | No more pages available
2026-10-05 09:50:42,044| Entertainment-ETL | extract | INFO | Pagination completed || Last successful page: 380
2026-10-05 09:50:42,044| Entertainment-ETL | extract | INFO | Extraction completed | total pages extracted: 380 | total records extracted: 90380
2026-10-05 09:50:42,044| Entertainment-ETL | main | INFO | EXTRACTION COMPLETED
2026-10-05 09:50:42,045| Entertainment-ETL | main | INFO | TRANSFORMATION STARTED
2026-10-05 09:50:42,045| Entertainment-ETL | transform | INFO | TRANSFORMATION PIPELINE STARTED
2026-10-05 09:50:42,050| Entertainment-ETL | transform | INFO | Reading raw file: shows__000.json
2026-10-05 09:50:42,056| Entertainment-ETL | transform | INFO | Reading raw file: shows__001.json
2026-10-05 09:50:42,063| Entertainment-ETL | transform | INFO | Reading raw file: shows__002.json
2026-10-05 09:50:42,071| Entertainment-ETL | transform | INFO | Reading raw file: shows__003.json
2026-10-05 09:50:42,078| Entertainment-ETL | transform | INFO | Reading raw file: shows__004.json
2026-10-05 09:50:42,084| Entertainment-ETL | transform | INFO | Reading raw file: shows__005.json
2026-10-05 09:50:42,090| Entertainment-ETL | transform | INFO | Reading raw file: shows__006.json
2026-10-05 09:50:42,096| Entertainment-ETL | transform | INFO | Reading raw file: shows__007.json
2026-10-05 09:50:42,101| Entertainment-ETL | transform | INFO | Reading raw file: shows__008.json
2026-10-05 09:50:42,106| Entertainment-ETL | transform | INFO | Reading raw file: shows__009.json
2026-10-05 09:50:42,110| Entertainment-ETL | transform | INFO | Reading raw file: shows__010.json
2026-10-05 09:50:42,115| Entertainment-ETL | transform | INFO | Reading raw file: shows__011.json
2026-10-05 09:50:42,126| Entertainment-ETL | transform | INFO | Reading raw file: shows__012.json
2026-10-05 09:50:42,132| Entertainment-ETL | transform | INFO | Reading raw file: shows__013.json
2026-10-05 09:50:42,138| Entertainment-ETL | transform | INFO | Reading raw file: shows__014.json
2026-10-05 09:50:42,145| Entertainment-ETL | transform | INFO | Reading raw file: shows__015.json
2026-10-05 09:50:42,150| Entertainment-ETL | transform | INFO | Reading raw file: shows__016.json
2026-10-05 09:50:42,158| Entertainment-ETL | transform | INFO | Reading raw file: shows__017.json
2026-10-05 09:50:42,164| Entertainment-ETL | transform | INFO | Reading raw file: shows__018.json
2026-10-05 09:50:42,171| Entertainment-ETL | transform | INFO | Reading raw file: shows__019.json
2026-10-05 09:50:42,177| Entertainment-ETL | transform | INFO | Reading raw file: shows__020.json
2026-10-05 09:50:42,184| Entertainment-ETL | transform | INFO | Reading raw file: shows__021.json
2026-10-05 09:50:42,190| Entertainment-ETL | transform | INFO | Reading raw file: shows__022.json
2026-10-05 09:50:42,194| Entertainment-ETL | transform | INFO | Reading raw file: shows__023.json
2026-10-05 09:50:42,202| Entertainment-ETL | transform | INFO | Reading raw file: shows__024.json
2026-10-05 09:50:42,206| Entertainment-ETL | transform | INFO | Reading raw file: shows__025.json
2026-10-05 09:50:42,212| Entertainment-ETL | transform | INFO | Reading raw file: shows__026.json
2026-10-05 09:50:42,217| Entertainment-ETL | transform | INFO | Reading raw file: shows__027.json
2026-10-05 09:50:42,223| Entertainment-ETL | transform | INFO | Reading raw file: shows__028.json
2026-10-05 09:50:42,229| Entertainment-ETL | transform | INFO | Reading raw file: shows__029.json
2026-10-05 09:50:42,236| Entertainment-ETL | transform | INFO | Reading raw file: shows__030.json
2026-10-05 09:50:42,242| Entertainment-ETL | transform | INFO | Reading raw file: shows__031.json
2026-10-05 09:50:42,247| Entertainment-ETL | transform | INFO | Reading raw file: shows__032.json
2026-10-05 09:50:42,253| Entertainment-ETL | transform | INFO | Reading raw file: shows__033.json
2026-10-05 09:50:42,260| Entertainment-ETL | transform | INFO | Reading raw file: shows__034.json
2026-10-05 09:50:42,266| Entertainment-ETL | transform | INFO | Reading raw file: shows__035.json
2026-10-05 09:50:42,276| Entertainment-ETL | transform | INFO | Reading raw file: shows__036.json
2026-10-05 09:50:42,282| Entertainment-ETL | transform | INFO | Reading raw file: shows__037.json
2026-10-05 09:50:42,287| Entertainment-ETL | transform | INFO | Reading raw file: shows__038.json
2026-10-05 09:50:42,292| Entertainment-ETL | transform | INFO | Reading raw file: shows__039.json
2026-10-05 09:50:42,298| Entertainment-ETL | transform | INFO | Reading raw file: shows__040.json
2026-10-05 09:50:42,303| Entertainment-ETL | transform | INFO | Reading raw file: shows__041.json
2026-10-05 09:50:42,308| Entertainment-ETL | transform | INFO | Reading raw file: shows__042.json
2026-10-05 09:50:42,313| Entertainment-ETL | transform | INFO | Reading raw file: shows__043.json
2026-10-05 09:50:42,319| Entertainment-ETL | transform | INFO | Reading raw file: shows__044.json
2026-10-05 09:50:42,325| Entertainment-ETL | transform | INFO | Reading raw file: shows__045.json
2026-10-05 09:50:42,330| Entertainment-ETL | transform | INFO | Reading raw file: shows__046.json
2026-10-05 09:50:42,336| Entertainment-ETL | transform | INFO | Reading raw file: shows__047.json
2026-10-05 09:50:42,348| Entertainment-ETL | transform | INFO | Reading raw file: shows__048.json
2026-10-05 09:50:42,353| Entertainment-ETL | transform | INFO | Reading raw file: shows__049.json
2026-10-05 09:50:42,359| Entertainment-ETL | transform | INFO | Reading raw file: shows__050.json
2026-10-05 09:50:42,365| Entertainment-ETL | transform | INFO | Reading raw file: shows__051.json
2026-10-05 09:50:42,371| Entertainment-ETL | transform | INFO | Reading raw file: shows__052.json
2026-10-05 09:50:42,377| Entertainment-ETL | transform | INFO | Reading raw file: shows__053.json
2026-10-05 09:50:42,383| Entertainment-ETL | transform | INFO | Reading raw file: shows__054.json
2026-10-05 09:50:42,389| Entertainment-ETL | transform | INFO | Reading raw file: shows__055.json
2026-10-05 09:50:42,396| Entertainment-ETL | transform | INFO | Reading raw file: shows__056.json
2026-10-05 09:50:42,403| Entertainment-ETL | transform | INFO | Reading raw file: shows__057.json
2026-10-05 09:50:42,409| Entertainment-ETL | transform | INFO | Reading raw file: shows__058.json
2026-10-05 09:50:42,417| Entertainment-ETL | transform | INFO | Reading raw file: shows__059.json
2026-10-05 09:50:42,429| Entertainment-ETL | transform | INFO | Reading raw file: shows__060.json
2026-10-05 09:50:42,435| Entertainment-ETL | transform | INFO | Reading raw file: shows__061.json
2026-10-05 09:50:42,441| Entertainment-ETL | transform | INFO | Reading raw file: shows__062.json
2026-10-05 09:50:42,449| Entertainment-ETL | transform | INFO | Reading raw file: shows__063.json
2026-10-05 09:50:42,455| Entertainment-ETL | transform | INFO | Reading raw file: shows__064.json
2026-10-05 09:50:42,461| Entertainment-ETL | transform | INFO | Reading raw file: shows__065.json
2026-10-05 09:50:42,466| Entertainment-ETL | transform | INFO | Reading raw file: shows__066.json
2026-10-05 09:50:42,473| Entertainment-ETL | transform | INFO | Reading raw file: shows__067.json
2026-10-05 09:50:42,478| Entertainment-ETL | transform | INFO | Reading raw file: shows__068.json
2026-10-05 09:50:42,484| Entertainment-ETL | transform | INFO | Reading raw file: shows__069.json
2026-10-05 09:50:42,489| Entertainment-ETL | transform | INFO | Reading raw file: shows__070.json
2026-10-05 09:50:42,494| Entertainment-ETL | transform | INFO | Reading raw file: shows__071.json
2026-10-05 09:50:42,504| Entertainment-ETL | transform | INFO | Reading raw file: shows__072.json
2026-10-05 09:50:42,509| Entertainment-ETL | transform | INFO | Reading raw file: shows__073.json
2026-10-05 09:50:42,514| Entertainment-ETL | transform | INFO | Reading raw file: shows__074.json
2026-10-05 09:50:42,519| Entertainment-ETL | transform | INFO | Reading raw file: shows__075.json
2026-10-05 09:50:42,525| Entertainment-ETL | transform | INFO | Reading raw file: shows__076.json
2026-10-05 09:50:42,530| Entertainment-ETL | transform | INFO | Reading raw file: shows__077.json
2026-10-05 09:50:42,537| Entertainment-ETL | transform | INFO | Reading raw file: shows__078.json
2026-10-05 09:50:42,544| Entertainment-ETL | transform | INFO | Reading raw file: shows__079.json
2026-10-05 09:50:42,551| Entertainment-ETL | transform | INFO | Reading raw file: shows__080.json
2026-10-05 09:50:42,558| Entertainment-ETL | transform | INFO | Reading raw file: shows__081.json
2026-10-05 09:50:42,564| Entertainment-ETL | transform | INFO | Reading raw file: shows__082.json
2026-10-05 09:50:42,572| Entertainment-ETL | transform | INFO | Reading raw file: shows__083.json
2026-10-05 09:50:42,584| Entertainment-ETL | transform | INFO | Reading raw file: shows__084.json
2026-10-05 09:50:42,593| Entertainment-ETL | transform | INFO | Reading raw file: shows__085.json
2026-10-05 09:50:42,600| Entertainment-ETL | transform | INFO | Reading raw file: shows__086.json
2026-10-05 09:50:42,609| Entertainment-ETL | transform | INFO | Reading raw file: shows__087.json
2026-10-05 09:50:42,618| Entertainment-ETL | transform | INFO | Reading raw file: shows__088.json
2026-10-05 09:50:42,624| Entertainment-ETL | transform | INFO | Reading raw file: shows__089.json
2026-10-05 09:50:42,631| Entertainment-ETL | transform | INFO | Reading raw file: shows__090.json
2026-10-05 09:50:42,638| Entertainment-ETL | transform | INFO | Reading raw file: shows__091.json
2026-10-05 09:50:42,644| Entertainment-ETL | transform | INFO | Reading raw file: shows__092.json
2026-10-05 09:50:42,651| Entertainment-ETL | transform | INFO | Reading raw file: shows__093.json
2026-10-05 09:50:42,658| Entertainment-ETL | transform | INFO | Reading raw file: shows__094.json
2026-10-05 09:50:42,664| Entertainment-ETL | transform | INFO | Reading raw file: shows__095.json
2026-10-05 09:50:42,677| Entertainment-ETL | transform | INFO | Reading raw file: shows__096.json
2026-10-05 09:50:42,685| Entertainment-ETL | transform | INFO | Reading raw file: shows__097.json
2026-10-05 09:50:42,691| Entertainment-ETL | transform | INFO | Reading raw file: shows__098.json
2026-10-05 09:50:42,698| Entertainment-ETL | transform | INFO | Reading raw file: shows__099.json
2026-10-05 09:50:42,705| Entertainment-ETL | transform | INFO | Reading raw file: shows__100.json
2026-10-05 09:50:42,712| Entertainment-ETL | transform | INFO | Reading raw file: shows__101.json
2026-10-05 09:50:42,719| Entertainment-ETL | transform | INFO | Reading raw file: shows__102.json
2026-10-05 09:50:42,726| Entertainment-ETL | transform | INFO | Reading raw file: shows__103.json
2026-10-05 09:50:42,732| Entertainment-ETL | transform | INFO | Reading raw file: shows__104.json
2026-10-05 09:50:42,740| Entertainment-ETL | transform | INFO | Reading raw file: shows__105.json
2026-10-05 09:50:42,747| Entertainment-ETL | transform | INFO | Reading raw file: shows__106.json
2026-10-05 09:50:42,753| Entertainment-ETL | transform | INFO | Reading raw file: shows__107.json
2026-10-05 09:50:42,766| Entertainment-ETL | transform | INFO | Reading raw file: shows__108.json
2026-10-05 09:50:42,867| Entertainment-ETL | transform | INFO | Reading raw file: shows__109.json
2026-10-05 09:50:42,873| Entertainment-ETL | transform | INFO | Reading raw file: shows__110.json
2026-10-05 09:50:42,879| Entertainment-ETL | transform | INFO | Reading raw file: shows__111.json
2026-10-05 09:50:42,885| Entertainment-ETL | transform | INFO | Reading raw file: shows__112.json
2026-10-05 09:50:42,888| Entertainment-ETL | transform | INFO | Reading raw file: shows__113.json
2026-10-05 09:50:42,894| Entertainment-ETL | transform | INFO | Reading raw file: shows__114.json
2026-10-05 09:50:42,901| Entertainment-ETL | transform | INFO | Reading raw file: shows__115.json
2026-10-05 09:50:42,907| Entertainment-ETL | transform | INFO | Reading raw file: shows__116.json
2026-10-05 09:50:42,913| Entertainment-ETL | transform | INFO | Reading raw file: shows__117.json
2026-10-05 09:50:42,919| Entertainment-ETL | transform | INFO | Reading raw file: shows__118.json
2026-10-05 09:50:42,924| Entertainment-ETL | transform | INFO | Reading raw file: shows__119.json
2026-10-05 09:50:42,930| Entertainment-ETL | transform | INFO | Reading raw file: shows__120.json
2026-10-05 09:50:42,941| Entertainment-ETL | transform | INFO | Reading raw file: shows__121.json
2026-10-05 09:50:42,946| Entertainment-ETL | transform | INFO | Reading raw file: shows__122.json
2026-10-05 09:50:42,951| Entertainment-ETL | transform | INFO | Reading raw file: shows__123.json
2026-10-05 09:50:42,957| Entertainment-ETL | transform | INFO | Reading raw file: shows__124.json
2026-10-05 09:50:42,964| Entertainment-ETL | transform | INFO | Reading raw file: shows__125.json
2026-10-05 09:50:42,975| Entertainment-ETL | transform | INFO | Reading raw file: shows__126.json
2026-10-05 09:50:42,983| Entertainment-ETL | transform | INFO | Reading raw file: shows__127.json
2026-10-05 09:50:42,989| Entertainment-ETL | transform | INFO | Reading raw file: shows__128.json
2026-10-05 09:50:42,994| Entertainment-ETL | transform | INFO | Reading raw file: shows__129.json
2026-10-05 09:50:43,002| Entertainment-ETL | transform | INFO | Reading raw file: shows__130.json
2026-10-05 09:50:43,007| Entertainment-ETL | transform | INFO | Reading raw file: shows__131.json
2026-10-05 09:50:43,013| Entertainment-ETL | transform | INFO | Reading raw file: shows__132.json
2026-10-05 09:50:43,026| Entertainment-ETL | transform | INFO | Reading raw file: shows__133.json
2026-10-05 09:50:43,032| Entertainment-ETL | transform | INFO | Reading raw file: shows__134.json
2026-10-05 09:50:43,040| Entertainment-ETL | transform | INFO | Reading raw file: shows__135.json
2026-10-05 09:50:43,047| Entertainment-ETL | transform | INFO | Reading raw file: shows__136.json
2026-10-05 09:50:43,052| Entertainment-ETL | transform | INFO | Reading raw file: shows__137.json
2026-10-05 09:50:43,058| Entertainment-ETL | transform | INFO | Reading raw file: shows__138.json
2026-10-05 09:50:43,064| Entertainment-ETL | transform | INFO | Reading raw file: shows__139.json
2026-10-05 09:50:43,070| Entertainment-ETL | transform | INFO | Reading raw file: shows__140.json
2026-10-05 09:50:43,075| Entertainment-ETL | transform | INFO | Reading raw file: shows__141.json
2026-10-05 09:50:43,081| Entertainment-ETL | transform | INFO | Reading raw file: shows__142.json
2026-10-05 09:50:43,087| Entertainment-ETL | transform | INFO | Reading raw file: shows__143.json
2026-10-05 09:50:43,094| Entertainment-ETL | transform | INFO | Reading raw file: shows__144.json
2026-10-05 09:50:43,109| Entertainment-ETL | transform | INFO | Reading raw file: shows__145.json
2026-10-05 09:50:43,116| Entertainment-ETL | transform | INFO | Reading raw file: shows__146.json
2026-10-05 09:50:43,126| Entertainment-ETL | transform | INFO | Reading raw file: shows__147.json
2026-10-05 09:50:43,135| Entertainment-ETL | transform | INFO | Reading raw file: shows__148.json
2026-10-05 09:50:43,143| Entertainment-ETL | transform | INFO | Reading raw file: shows__149.json
2026-10-05 09:50:43,151| Entertainment-ETL | transform | INFO | Reading raw file: shows__150.json
2026-10-05 09:50:43,158| Entertainment-ETL | transform | INFO | Reading raw file: shows__151.json
2026-10-05 09:50:43,167| Entertainment-ETL | transform | INFO | Reading raw file: shows__152.json
2026-10-05 09:50:43,175| Entertainment-ETL | transform | INFO | Reading raw file: shows__153.json
2026-10-05 09:50:43,178| Entertainment-ETL | transform | INFO | Reading raw file: shows__154.json
2026-10-05 09:50:43,181| Entertainment-ETL | transform | INFO | Reading raw file: shows__155.json
2026-10-05 09:50:43,185| Entertainment-ETL | transform | INFO | Reading raw file: shows__156.json
2026-10-05 09:50:43,193| Entertainment-ETL | transform | INFO | Reading raw file: shows__157.json
2026-10-05 09:50:43,196| Entertainment-ETL | transform | INFO | Reading raw file: shows__158.json
2026-10-05 09:50:43,200| Entertainment-ETL | transform | INFO | Reading raw file: shows__159.json
2026-10-05 09:50:43,204| Entertainment-ETL | transform | INFO | Reading raw file: shows__160.json
2026-10-05 09:50:43,207| Entertainment-ETL | transform | INFO | Reading raw file: shows__161.json
2026-10-05 09:50:43,209| Entertainment-ETL | transform | INFO | Reading raw file: shows__162.json
2026-10-05 09:50:43,212| Entertainment-ETL | transform | INFO | Reading raw file: shows__163.json
2026-10-05 09:50:43,215| Entertainment-ETL | transform | INFO | Reading raw file: shows__164.json
2026-10-05 09:50:43,217| Entertainment-ETL | transform | INFO | Reading raw file: shows__165.json
2026-10-05 09:50:43,220| Entertainment-ETL | transform | INFO | Reading raw file: shows__166.json
2026-10-05 09:50:43,223| Entertainment-ETL | transform | INFO | Reading raw file: shows__167.json
2026-10-05 09:50:43,225| Entertainment-ETL | transform | INFO | Reading raw file: shows__168.json
2026-10-05 09:50:43,232| Entertainment-ETL | transform | INFO | Reading raw file: shows__169.json
2026-10-05 09:50:43,238| Entertainment-ETL | transform | INFO | Reading raw file: shows__170.json
2026-10-05 09:50:43,243| Entertainment-ETL | transform | INFO | Reading raw file: shows__171.json
2026-10-05 09:50:43,247| Entertainment-ETL | transform | INFO | Reading raw file: shows__172.json
2026-10-05 09:50:43,253| Entertainment-ETL | transform | INFO | Reading raw file: shows__173.json
2026-10-05 09:50:43,257| Entertainment-ETL | transform | INFO | Reading raw file: shows__174.json
2026-10-05 09:50:43,260| Entertainment-ETL | transform | INFO | Reading raw file: shows__175.json
2026-10-05 09:50:43,263| Entertainment-ETL | transform | INFO | Reading raw file: shows__176.json
2026-10-05 09:50:43,267| Entertainment-ETL | transform | INFO | Reading raw file: shows__177.json
2026-10-05 09:50:43,273| Entertainment-ETL | transform | INFO | Reading raw file: shows__178.json
2026-10-05 09:50:43,276| Entertainment-ETL | transform | INFO | Reading raw file: shows__179.json
2026-10-05 09:50:43,279| Entertainment-ETL | transform | INFO | Reading raw file: shows__180.json
2026-10-05 09:50:43,290| Entertainment-ETL | transform | INFO | Reading raw file: shows__181.json
2026-10-05 09:50:43,293| Entertainment-ETL | transform | INFO | Reading raw file: shows__182.json
2026-10-05 09:50:43,296| Entertainment-ETL | transform | INFO | Reading raw file: shows__183.json
2026-10-05 09:50:43,302| Entertainment-ETL | transform | INFO | Reading raw file: shows__184.json
2026-10-05 09:50:43,305| Entertainment-ETL | transform | INFO | Reading raw file: shows__185.json
2026-10-05 09:50:43,308| Entertainment-ETL | transform | INFO | Reading raw file: shows__186.json
2026-10-05 09:50:43,310| Entertainment-ETL | transform | INFO | Reading raw file: shows__187.json
2026-10-05 09:50:43,314| Entertainment-ETL | transform | INFO | Reading raw file: shows__188.json
2026-10-05 09:50:43,317| Entertainment-ETL | transform | INFO | Reading raw file: shows__189.json
2026-10-05 09:50:43,320| Entertainment-ETL | transform | INFO | Reading raw file: shows__190.json
2026-10-05 09:50:43,324| Entertainment-ETL | transform | INFO | Reading raw file: shows__191.json
2026-10-05 09:50:43,327| Entertainment-ETL | transform | INFO | Reading raw file: shows__192.json
2026-10-05 09:50:43,337| Entertainment-ETL | transform | INFO | Reading raw file: shows__193.json
2026-10-05 09:50:43,341| Entertainment-ETL | transform | INFO | Reading raw file: shows__194.json
2026-10-05 09:50:43,346| Entertainment-ETL | transform | INFO | Reading raw file: shows__195.json
2026-10-05 09:50:43,349| Entertainment-ETL | transform | INFO | Reading raw file: shows__196.json
2026-10-05 09:50:43,352| Entertainment-ETL | transform | INFO | Reading raw file: shows__197.json
2026-10-05 09:50:43,355| Entertainment-ETL | transform | INFO | Reading raw file: shows__198.json
2026-10-05 09:50:43,358| Entertainment-ETL | transform | INFO | Reading raw file: shows__199.json
2026-10-05 09:50:43,362| Entertainment-ETL | transform | INFO | Reading raw file: shows__200.json
2026-10-05 09:50:43,365| Entertainment-ETL | transform | INFO | Reading raw file: shows__201.json
2026-10-05 09:50:43,368| Entertainment-ETL | transform | INFO | Reading raw file: shows__202.json
2026-10-05 09:50:43,371| Entertainment-ETL | transform | INFO | Reading raw file: shows__203.json
2026-10-05 09:50:43,375| Entertainment-ETL | transform | INFO | Reading raw file: shows__204.json
2026-10-05 09:50:43,387| Entertainment-ETL | transform | INFO | Reading raw file: shows__205.json
2026-10-05 09:50:43,395| Entertainment-ETL | transform | INFO | Reading raw file: shows__206.json
2026-10-05 09:50:43,403| Entertainment-ETL | transform | INFO | Reading raw file: shows__207.json
2026-10-05 09:50:43,407| Entertainment-ETL | transform | INFO | Reading raw file: shows__208.json
2026-10-05 09:50:43,411| Entertainment-ETL | transform | INFO | Reading raw file: shows__209.json
2026-10-05 09:50:43,417| Entertainment-ETL | transform | INFO | Reading raw file: shows__210.json
2026-10-05 09:50:43,423| Entertainment-ETL | transform | INFO | Reading raw file: shows__211.json
2026-10-05 09:50:43,426| Entertainment-ETL | transform | INFO | Reading raw file: shows__212.json
2026-10-05 09:50:43,429| Entertainment-ETL | transform | INFO | Reading raw file: shows__213.json
2026-10-05 09:50:43,433| Entertainment-ETL | transform | INFO | Reading raw file: shows__214.json
2026-10-05 09:50:43,436| Entertainment-ETL | transform | INFO | Reading raw file: shows__215.json
2026-10-05 09:50:43,439| Entertainment-ETL | transform | INFO | Reading raw file: shows__216.json
2026-10-05 09:50:43,446| Entertainment-ETL | transform | INFO | Reading raw file: shows__217.json
2026-10-05 09:50:43,450| Entertainment-ETL | transform | INFO | Reading raw file: shows__218.json
2026-10-05 09:50:43,452| Entertainment-ETL | transform | INFO | Reading raw file: shows__219.json
2026-10-05 09:50:43,456| Entertainment-ETL | transform | INFO | Reading raw file: shows__220.json
2026-10-05 09:50:43,460| Entertainment-ETL | transform | INFO | Reading raw file: shows__221.json
2026-10-05 09:50:43,462| Entertainment-ETL | transform | INFO | Reading raw file: shows__222.json
2026-10-05 09:50:43,467| Entertainment-ETL | transform | INFO | Reading raw file: shows__223.json
2026-10-05 09:50:43,470| Entertainment-ETL | transform | INFO | Reading raw file: shows__224.json
2026-10-05 09:50:43,474| Entertainment-ETL | transform | INFO | Reading raw file: shows__225.json
2026-10-05 09:50:43,477| Entertainment-ETL | transform | INFO | Reading raw file: shows__226.json
2026-10-05 09:50:43,479| Entertainment-ETL | transform | INFO | Reading raw file: shows__227.json
2026-10-05 09:50:43,483| Entertainment-ETL | transform | INFO | Reading raw file: shows__228.json
2026-10-05 09:50:43,490| Entertainment-ETL | transform | INFO | Reading raw file: shows__229.json
2026-10-05 09:50:43,493| Entertainment-ETL | transform | INFO | Reading raw file: shows__230.json
2026-10-05 09:50:43,496| Entertainment-ETL | transform | INFO | Reading raw file: shows__231.json
2026-10-05 09:50:43,499| Entertainment-ETL | transform | INFO | Reading raw file: shows__232.json
2026-10-05 09:50:43,504| Entertainment-ETL | transform | INFO | Reading raw file: shows__233.json
2026-10-05 09:50:43,506| Entertainment-ETL | transform | INFO | Reading raw file: shows__234.json
2026-10-05 09:50:43,510| Entertainment-ETL | transform | INFO | Reading raw file: shows__235.json
2026-10-05 09:50:43,512| Entertainment-ETL | transform | INFO | Reading raw file: shows__236.json
2026-10-05 09:50:43,515| Entertainment-ETL | transform | INFO | Reading raw file: shows__237.json
2026-10-05 09:50:43,519| Entertainment-ETL | transform | INFO | Reading raw file: shows__238.json
2026-10-05 09:50:43,525| Entertainment-ETL | transform | INFO | Reading raw file: shows__239.json
2026-10-05 09:50:43,532| Entertainment-ETL | transform | INFO | Reading raw file: shows__240.json
2026-10-05 09:50:43,541| Entertainment-ETL | transform | INFO | Reading raw file: shows__241.json
2026-10-05 09:50:43,709| Entertainment-ETL | transform | INFO | Reading raw file: shows__242.json
2026-10-05 09:50:43,713| Entertainment-ETL | transform | INFO | Reading raw file: shows__243.json
2026-10-05 09:50:43,717| Entertainment-ETL | transform | INFO | Reading raw file: shows__244.json
2026-10-05 09:50:43,720| Entertainment-ETL | transform | INFO | Reading raw file: shows__245.json
2026-10-05 09:50:43,724| Entertainment-ETL | transform | INFO | Reading raw file: shows__246.json
2026-10-05 09:50:43,728| Entertainment-ETL | transform | INFO | Reading raw file: shows__247.json
2026-10-05 09:50:43,731| Entertainment-ETL | transform | INFO | Reading raw file: shows__248.json
2026-10-05 09:50:43,735| Entertainment-ETL | transform | INFO | Reading raw file: shows__249.json
2026-10-05 09:50:43,740| Entertainment-ETL | transform | INFO | Reading raw file: shows__250.json
2026-10-05 09:50:43,743| Entertainment-ETL | transform | INFO | Reading raw file: shows__251.json
2026-10-05 09:50:43,745| Entertainment-ETL | transform | INFO | Reading raw file: shows__252.json
2026-10-05 09:50:43,748| Entertainment-ETL | transform | INFO | Reading raw file: shows__253.json
2026-10-05 09:50:43,755| Entertainment-ETL | transform | INFO | Reading raw file: shows__254.json
2026-10-05 09:50:43,759| Entertainment-ETL | transform | INFO | Reading raw file: shows__255.json
2026-10-05 09:50:43,762| Entertainment-ETL | transform | INFO | Reading raw file: shows__256.json
2026-10-05 09:50:43,765| Entertainment-ETL | transform | INFO | Reading raw file: shows__257.json
2026-10-05 09:50:43,769| Entertainment-ETL | transform | INFO | Reading raw file: shows__258.json
2026-10-05 09:50:43,772| Entertainment-ETL | transform | INFO | Reading raw file: shows__259.json
2026-10-05 09:50:43,775| Entertainment-ETL | transform | INFO | Reading raw file: shows__260.json
2026-10-05 09:50:43,777| Entertainment-ETL | transform | INFO | Reading raw file: shows__261.json
2026-10-05 09:50:43,780| Entertainment-ETL | transform | INFO | Reading raw file: shows__262.json
2026-10-05 09:50:43,783| Entertainment-ETL | transform | INFO | Reading raw file: shows__263.json
2026-10-05 09:50:43,786| Entertainment-ETL | transform | INFO | Reading raw file: shows__264.json
2026-10-05 09:50:43,789| Entertainment-ETL | transform | INFO | Reading raw file: shows__265.json
2026-10-05 09:50:43,796| Entertainment-ETL | transform | INFO | Reading raw file: shows__266.json
2026-10-05 09:50:43,798| Entertainment-ETL | transform | INFO | Reading raw file: shows__267.json
2026-10-05 09:50:43,802| Entertainment-ETL | transform | INFO | Reading raw file: shows__268.json
2026-10-05 09:50:43,809| Entertainment-ETL | transform | INFO | Reading raw file: shows__269.json
2026-10-05 09:50:43,816| Entertainment-ETL | transform | INFO | Reading raw file: shows__270.json
2026-10-05 09:50:43,822| Entertainment-ETL | transform | INFO | Reading raw file: shows__271.json
2026-10-05 09:50:43,826| Entertainment-ETL | transform | INFO | Reading raw file: shows__272.json
2026-10-05 09:50:43,829| Entertainment-ETL | transform | INFO | Reading raw file: shows__273.json
2026-10-05 09:50:43,834| Entertainment-ETL | transform | INFO | Reading raw file: shows__274.json
2026-10-05 09:50:43,840| Entertainment-ETL | transform | INFO | Reading raw file: shows__275.json
2026-10-05 09:50:43,843| Entertainment-ETL | transform | INFO | Reading raw file: shows__276.json
2026-10-05 09:50:43,846| Entertainment-ETL | transform | INFO | Reading raw file: shows__277.json
2026-10-05 09:50:43,855| Entertainment-ETL | transform | INFO | Reading raw file: shows__278.json
2026-10-05 09:50:43,859| Entertainment-ETL | transform | INFO | Reading raw file: shows__279.json
2026-10-05 09:50:43,862| Entertainment-ETL | transform | INFO | Reading raw file: shows__280.json
2026-10-05 09:50:43,867| Entertainment-ETL | transform | INFO | Reading raw file: shows__281.json
2026-10-05 09:50:43,871| Entertainment-ETL | transform | INFO | Reading raw file: shows__282.json
2026-10-05 09:50:43,874| Entertainment-ETL | transform | INFO | Reading raw file: shows__283.json
2026-10-05 09:50:43,877| Entertainment-ETL | transform | INFO | Reading raw file: shows__284.json
2026-10-05 09:50:43,881| Entertainment-ETL | transform | INFO | Reading raw file: shows__285.json
2026-10-05 09:50:43,885| Entertainment-ETL | transform | INFO | Reading raw file: shows__286.json
2026-10-05 09:50:43,888| Entertainment-ETL | transform | INFO | Reading raw file: shows__287.json
2026-10-05 09:50:43,891| Entertainment-ETL | transform | INFO | Reading raw file: shows__288.json
2026-10-05 09:50:43,893| Entertainment-ETL | transform | INFO | Reading raw file: shows__289.json
2026-10-05 09:50:43,904| Entertainment-ETL | transform | INFO | Reading raw file: shows__290.json
2026-10-05 09:50:43,907| Entertainment-ETL | transform | INFO | Reading raw file: shows__291.json
2026-10-05 09:50:43,910| Entertainment-ETL | transform | INFO | Reading raw file: shows__292.json
2026-10-05 09:50:43,916| Entertainment-ETL | transform | INFO | Reading raw file: shows__293.json
2026-10-05 09:50:43,921| Entertainment-ETL | transform | INFO | Reading raw file: shows__294.json
2026-10-05 09:50:43,926| Entertainment-ETL | transform | INFO | Reading raw file: shows__295.json
2026-10-05 09:50:43,929| Entertainment-ETL | transform | INFO | Reading raw file: shows__296.json
2026-10-05 09:50:43,932| Entertainment-ETL | transform | INFO | Reading raw file: shows__297.json
2026-10-05 09:50:43,935| Entertainment-ETL | transform | INFO | Reading raw file: shows__298.json
2026-10-05 09:50:43,938| Entertainment-ETL | transform | INFO | Reading raw file: shows__299.json
2026-10-05 09:50:43,941| Entertainment-ETL | transform | INFO | Reading raw file: shows__300.json
2026-10-05 09:50:43,947| Entertainment-ETL | transform | INFO | Reading raw file: shows__301.json
2026-10-05 09:50:43,960| Entertainment-ETL | transform | INFO | Reading raw file: shows__302.json
2026-10-05 09:50:43,968| Entertainment-ETL | transform | INFO | Reading raw file: shows__303.json
2026-10-05 09:50:43,973| Entertainment-ETL | transform | INFO | Reading raw file: shows__304.json
2026-10-05 09:50:43,977| Entertainment-ETL | transform | INFO | Reading raw file: shows__305.json
2026-10-05 09:50:43,983| Entertainment-ETL | transform | INFO | Reading raw file: shows__306.json
2026-10-05 09:50:43,989| Entertainment-ETL | transform | INFO | Reading raw file: shows__307.json
2026-10-05 09:50:43,992| Entertainment-ETL | transform | INFO | Reading raw file: shows__308.json
2026-10-05 09:50:43,995| Entertainment-ETL | transform | INFO | Reading raw file: shows__309.json
2026-10-05 09:50:43,998| Entertainment-ETL | transform | INFO | Reading raw file: shows__310.json
2026-10-05 09:50:44,001| Entertainment-ETL | transform | INFO | Reading raw file: shows__311.json
2026-10-05 09:50:44,006| Entertainment-ETL | transform | INFO | Reading raw file: shows__312.json
2026-10-05 09:50:44,010| Entertainment-ETL | transform | INFO | Reading raw file: shows__313.json
2026-10-05 09:50:44,019| Entertainment-ETL | transform | INFO | Reading raw file: shows__314.json
2026-10-05 09:50:44,022| Entertainment-ETL | transform | INFO | Reading raw file: shows__315.json
2026-10-05 09:50:44,025| Entertainment-ETL | transform | INFO | Reading raw file: shows__316.json
2026-10-05 09:50:44,028| Entertainment-ETL | transform | INFO | Reading raw file: shows__317.json
2026-10-05 09:50:44,030| Entertainment-ETL | transform | INFO | Reading raw file: shows__318.json
2026-10-05 09:50:44,033| Entertainment-ETL | transform | INFO | Reading raw file: shows__319.json
2026-10-05 09:50:44,036| Entertainment-ETL | transform | INFO | Reading raw file: shows__320.json
2026-10-05 09:50:44,039| Entertainment-ETL | transform | INFO | Reading raw file: shows__321.json
2026-10-05 09:50:44,042| Entertainment-ETL | transform | INFO | Reading raw file: shows__322.json
2026-10-05 09:50:44,044| Entertainment-ETL | transform | INFO | Reading raw file: shows__323.json
2026-10-05 09:50:44,047| Entertainment-ETL | transform | INFO | Reading raw file: shows__324.json
2026-10-05 09:50:44,050| Entertainment-ETL | transform | INFO | Reading raw file: shows__325.json
2026-10-05 09:50:44,057| Entertainment-ETL | transform | INFO | Reading raw file: shows__326.json
2026-10-05 09:50:44,060| Entertainment-ETL | transform | INFO | Reading raw file: shows__327.json
2026-10-05 09:50:44,063| Entertainment-ETL | transform | INFO | Reading raw file: shows__328.json
2026-10-05 09:50:44,066| Entertainment-ETL | transform | INFO | Reading raw file: shows__329.json
2026-10-05 09:50:44,070| Entertainment-ETL | transform | INFO | Reading raw file: shows__330.json
2026-10-05 09:50:44,073| Entertainment-ETL | transform | INFO | Reading raw file: shows__331.json
2026-10-05 09:50:44,075| Entertainment-ETL | transform | INFO | Reading raw file: shows__332.json
2026-10-05 09:50:44,078| Entertainment-ETL | transform | INFO | Reading raw file: shows__333.json
2026-10-05 09:50:44,081| Entertainment-ETL | transform | INFO | Reading raw file: shows__334.json
2026-10-05 09:50:44,085| Entertainment-ETL | transform | INFO | Reading raw file: shows__335.json
2026-10-05 09:50:44,092| Entertainment-ETL | transform | INFO | Reading raw file: shows__336.json
2026-10-05 09:50:44,099| Entertainment-ETL | transform | INFO | Reading raw file: shows__337.json
2026-10-05 09:50:44,109| Entertainment-ETL | transform | INFO | Reading raw file: shows__338.json
2026-10-05 09:50:44,112| Entertainment-ETL | transform | INFO | Reading raw file: shows__339.json
2026-10-05 09:50:44,118| Entertainment-ETL | transform | INFO | Reading raw file: shows__340.json
2026-10-05 09:50:44,125| Entertainment-ETL | transform | INFO | Reading raw file: shows__341.json
2026-10-05 09:50:44,129| Entertainment-ETL | transform | INFO | Reading raw file: shows__342.json
2026-10-05 09:50:44,134| Entertainment-ETL | transform | INFO | Reading raw file: shows__343.json
2026-10-05 09:50:44,139| Entertainment-ETL | transform | INFO | Reading raw file: shows__344.json
2026-10-05 09:50:44,142| Entertainment-ETL | transform | INFO | Reading raw file: shows__345.json
2026-10-05 09:50:44,148| Entertainment-ETL | transform | INFO | Reading raw file: shows__346.json
2026-10-05 09:50:44,154| Entertainment-ETL | transform | INFO | Reading raw file: shows__347.json
2026-10-05 09:50:44,161| Entertainment-ETL | transform | INFO | Reading raw file: shows__348.json
2026-10-05 09:50:44,170| Entertainment-ETL | transform | INFO | Reading raw file: shows__349.json
2026-10-05 09:50:44,183| Entertainment-ETL | transform | INFO | Reading raw file: shows__350.json
2026-10-05 09:50:44,187| Entertainment-ETL | transform | INFO | Reading raw file: shows__351.json
2026-10-05 09:50:44,193| Entertainment-ETL | transform | INFO | Reading raw file: shows__352.json
2026-10-05 09:50:44,201| Entertainment-ETL | transform | INFO | Reading raw file: shows__353.json
2026-10-05 09:50:44,206| Entertainment-ETL | transform | INFO | Reading raw file: shows__354.json
2026-10-05 09:50:44,213| Entertainment-ETL | transform | INFO | Reading raw file: shows__355.json
2026-10-05 09:50:44,219| Entertainment-ETL | transform | INFO | Reading raw file: shows__356.json
2026-10-05 09:50:44,227| Entertainment-ETL | transform | INFO | Reading raw file: shows__357.json
2026-10-05 09:50:44,237| Entertainment-ETL | transform | INFO | Reading raw file: shows__358.json
2026-10-05 09:50:44,244| Entertainment-ETL | transform | INFO | Reading raw file: shows__359.json
2026-10-05 09:50:44,251| Entertainment-ETL | transform | INFO | Reading raw file: shows__360.json
2026-10-05 09:50:44,257| Entertainment-ETL | transform | INFO | Reading raw file: shows__361.json
2026-10-05 09:50:44,265| Entertainment-ETL | transform | INFO | Reading raw file: shows__362.json
2026-10-05 09:50:44,270| Entertainment-ETL | transform | INFO | Reading raw file: shows__363.json
2026-10-05 09:50:44,274| Entertainment-ETL | transform | INFO | Reading raw file: shows__364.json
2026-10-05 09:50:44,277| Entertainment-ETL | transform | INFO | Reading raw file: shows__365.json
2026-10-05 09:50:44,280| Entertainment-ETL | transform | INFO | Reading raw file: shows__366.json
2026-10-05 09:50:44,284| Entertainment-ETL | transform | INFO | Reading raw file: shows__367.json
2026-10-05 09:50:44,287| Entertainment-ETL | transform | INFO | Reading raw file: shows__368.json
2026-10-05 09:50:44,291| Entertainment-ETL | transform | INFO | Reading raw file: shows__369.json
2026-10-05 09:50:44,294| Entertainment-ETL | transform | INFO | Reading raw file: shows__370.json
2026-10-05 09:50:44,296| Entertainment-ETL | transform | INFO | Reading raw file: shows__371.json
2026-10-05 09:50:44,300| Entertainment-ETL | transform | INFO | Reading raw file: shows__372.json
2026-10-05 09:50:44,304| Entertainment-ETL | transform | INFO | Reading raw file: shows__373.json
2026-10-05 09:50:44,310| Entertainment-ETL | transform | INFO | Reading raw file: shows__374.json
2026-10-05 09:50:44,554| Entertainment-ETL | transform | INFO | Reading raw file: shows__375.json
2026-10-05 09:50:44,560| Entertainment-ETL | transform | INFO | Reading raw file: shows__376.json
2026-10-05 09:50:44,566| Entertainment-ETL | transform | INFO | Reading raw file: shows__377.json
2026-10-05 09:50:44,571| Entertainment-ETL | transform | INFO | Reading raw file: shows__378.json
2026-10-05 09:50:44,578| Entertainment-ETL | transform | INFO | Reading raw file: shows__379.json
2026-10-05 09:50:44,581| Entertainment-ETL | transform | INFO | Raw data loaded | Files: 380 | Records: 90380
2026-10-05 09:50:47,513| Entertainment-ETL | transform | INFO | JSON normalization completed | Rows: 90380 | Columns: 48
2026-10-05 09:50:47,545| Entertainment-ETL | transform | INFO | Required columns selected | Rows: 90380 | Columns: 24
2026-10-05 09:50:47,563| Entertainment-ETL | transform | INFO | Cleaning transformation started
2026-10-05 09:50:48,944| Entertainment-ETL | transform | INFO | Cleaning transformation completed | Rows: 90380 | Columns: 24
2026-10-05 09:50:48,967| Entertainment-ETL | transform | INFO | Data type conversion started
2026-10-05 09:50:49,028| Entertainment-ETL | transform | INFO | Data type conversion completed
2026-10-05 09:50:52,292| Entertainment-ETL | transform | INFO | Schedule IDs assigned | Unique schedules: 71069
2026-10-05 09:50:52,308| Entertainment-ETL | transform | INFO | Derived field creation started
2026-10-05 09:50:52,330| Entertainment-ETL | transform | WARNING | Invalid show durations found: 69
2026-10-05 09:50:52,339| Entertainment-ETL | transform | INFO | Derived fields created | Rows: 90380 | Columns: 29
2026-10-05 09:50:55,554| Entertainment-ETL | transform | INFO | Genre datasets created | Genres: 28 | Relationships: 116854
2026-10-05 09:50:55,585| Entertainment-ETL | transform | INFO | Television network dataset created | Networks: 1457
2026-10-05 09:50:55,592| Entertainment-ETL | transform | INFO | WebChannel dataset created | WebChannels: 669
2026-10-05 09:50:58,619| Entertainment-ETL | transform | INFO | Schedule day datasets created | Days: 7 | Relationships: 126424
2026-10-05 09:50:58,652| Entertainment-ETL | transform | INFO | Shows dataset finalized | Rows: 90380 | Columns: 21
2026-10-05 09:51:00,173| Entertainment-ETL | transform | INFO | Processed dataset saved | File: data\processed\shows.csv | Rows: 90380 | Columns: 21
2026-10-05 09:51:00,175| Entertainment-ETL | transform | INFO | Processed dataset saved | File: data\processed\genres.csv | Rows: 28 | Columns: 2
2026-10-05 09:51:00,229| Entertainment-ETL | transform | INFO | Processed dataset saved | File: data\processed\show_genres.csv | Rows: 116854 | Columns: 2
2026-10-05 09:51:00,239| Entertainment-ETL | transform | INFO | Processed dataset saved | File: data\processed\television_network.csv | Rows: 1457 | Columns: 5
2026-10-05 09:51:00,243| Entertainment-ETL | transform | INFO | Processed dataset saved | File: data\processed\web_channel.csv | Rows: 669 | Columns: 3
2026-10-05 09:51:00,245| Entertainment-ETL | transform | INFO | Processed dataset saved | File: data\processed\schedule_days.csv | Rows: 7 | Columns: 2
2026-10-05 09:51:00,315| Entertainment-ETL | transform | INFO | Processed dataset saved | File: data\processed\show_schedule_days.csv | Rows: 126424 | Columns: 2
2026-10-05 09:51:00,316| Entertainment-ETL | transform | INFO | TRANSFORMATION PIPELINE COMPLETED
2026-10-05 09:51:00,642| Entertainment-ETL | main | INFO | TRANSFORMATION COMPLETED
2026-10-05 09:51:00,642| Entertainment-ETL | main | INFO | DATABASE LOAD STARTED
2026-10-05 09:51:01,876| Entertainment-ETL | load | INFO | Database connection established.
2026-10-05 09:51:01,877| Entertainment-ETL | load | INFO | Starting database load.
2026-10-05 09:51:01,879| Entertainment-ETL | load | INFO | Loaded CSV: genres.csv | Rows: 28
2026-10-05 09:51:02,077| Entertainment-ETL | load | INFO | Processed batch: 1 - 28 of 28
2026-10-05 09:51:02,077| Entertainment-ETL | load | INFO | Genres loaded successfully: 28 rows
2026-10-05 09:51:02,087| Entertainment-ETL | load | INFO | Loaded CSV: television_network.csv | Rows: 1457
2026-10-05 09:51:02,483| Entertainment-ETL | load | INFO | Processed batch: 1 - 500 of 1457
2026-10-05 09:51:02,680| Entertainment-ETL | load | INFO | Processed batch: 501 - 1000 of 1457
2026-10-05 09:51:02,878| Entertainment-ETL | load | INFO | Processed batch: 1001 - 1457 of 1457
2026-10-05 09:51:02,878| Entertainment-ETL | load | INFO | Television networks loaded successfully: 1457 rows
2026-10-05 09:51:02,881| Entertainment-ETL | load | INFO | Loaded CSV: web_channel.csv | Rows: 669
2026-10-05 09:51:03,079| Entertainment-ETL | load | INFO | Processed batch: 1 - 500 of 669
2026-10-05 09:51:03,252| Entertainment-ETL | load | INFO | Processed batch: 501 - 669 of 669
2026-10-05 09:51:03,252| Entertainment-ETL | load | INFO | Web channels loaded successfully: 669 rows
2026-10-05 09:51:03,254| Entertainment-ETL | load | INFO | Loaded CSV: schedule_days.csv | Rows: 7
2026-10-05 09:51:03,335| Entertainment-ETL | load | INFO | Processed batch: 1 - 7 of 7
2026-10-05 09:51:03,335| Entertainment-ETL | load | INFO | Schedule days loaded successfully: 7 rows
2026-10-05 09:51:04,045| Entertainment-ETL | load | INFO | Loaded CSV: shows.csv | Rows: 90380
2026-10-05 09:51:13,580| Entertainment-ETL | load | INFO | Processed batch: 1 - 500 of 90380
2026-10-05 09:51:14,609| Entertainment-ETL | load | INFO | Processed batch: 501 - 1000 of 90380
2026-10-05 09:51:15,499| Entertainment-ETL | load | INFO | Processed batch: 1001 - 1500 of 90380
2026-10-05 09:51:16,459| Entertainment-ETL | load | INFO | Processed batch: 1501 - 2000 of 90380
2026-10-05 09:51:17,205| Entertainment-ETL | load | INFO | Processed batch: 2001 - 2500 of 90380
2026-10-05 09:51:17,942| Entertainment-ETL | load | INFO | Processed batch: 2501 - 3000 of 90380
2026-10-05 09:51:18,607| Entertainment-ETL | load | INFO | Processed batch: 3001 - 3500 of 90380
2026-10-05 09:51:19,259| Entertainment-ETL | load | INFO | Processed batch: 3501 - 4000 of 90380
2026-10-05 09:51:19,922| Entertainment-ETL | load | INFO | Processed batch: 4001 - 4500 of 90380
2026-10-05 09:51:20,727| Entertainment-ETL | load | INFO | Processed batch: 4501 - 5000 of 90380
2026-10-05 09:51:21,447| Entertainment-ETL | load | INFO | Processed batch: 5001 - 5500 of 90380
2026-10-05 09:51:22,430| Entertainment-ETL | load | INFO | Processed batch: 5501 - 6000 of 90380
2026-10-05 09:51:23,687| Entertainment-ETL | load | INFO | Processed batch: 6001 - 6500 of 90380
2026-10-05 09:51:24,708| Entertainment-ETL | load | INFO | Processed batch: 6501 - 7000 of 90380
2026-10-05 09:51:25,445| Entertainment-ETL | load | INFO | Processed batch: 7001 - 7500 of 90380
2026-10-05 09:51:26,148| Entertainment-ETL | load | INFO | Processed batch: 7501 - 8000 of 90380
2026-10-05 09:51:26,858| Entertainment-ETL | load | INFO | Processed batch: 8001 - 8500 of 90380
2026-10-05 09:51:27,535| Entertainment-ETL | load | INFO | Processed batch: 8501 - 9000 of 90380
2026-10-05 09:51:28,289| Entertainment-ETL | load | INFO | Processed batch: 9001 - 9500 of 90380
2026-10-05 09:51:29,017| Entertainment-ETL | load | INFO | Processed batch: 9501 - 10000 of 90380
2026-10-05 09:51:29,851| Entertainment-ETL | load | INFO | Processed batch: 10001 - 10500 of 90380
2026-10-05 09:51:30,605| Entertainment-ETL | load | INFO | Processed batch: 10501 - 11000 of 90380
2026-10-05 09:51:31,241| Entertainment-ETL | load | INFO | Processed batch: 11001 - 11500 of 90380
2026-10-05 09:51:31,889| Entertainment-ETL | load | INFO | Processed batch: 11501 - 12000 of 90380
2026-10-05 09:51:32,446| Entertainment-ETL | load | INFO | Processed batch: 12001 - 12500 of 90380
2026-10-05 09:51:33,048| Entertainment-ETL | load | INFO | Processed batch: 12501 - 13000 of 90380
2026-10-05 09:51:33,838| Entertainment-ETL | load | INFO | Processed batch: 13001 - 13500 of 90380
2026-10-05 09:51:34,549| Entertainment-ETL | load | INFO | Processed batch: 13501 - 14000 of 90380
2026-10-05 09:51:35,126| Entertainment-ETL | load | INFO | Processed batch: 14001 - 14500 of 90380
2026-10-05 09:51:35,884| Entertainment-ETL | load | INFO | Processed batch: 14501 - 15000 of 90380
2026-10-05 09:51:36,633| Entertainment-ETL | load | INFO | Processed batch: 15001 - 15500 of 90380
2026-10-05 09:51:37,167| Entertainment-ETL | load | INFO | Processed batch: 15501 - 16000 of 90380
2026-10-05 09:51:37,746| Entertainment-ETL | load | INFO | Processed batch: 16001 - 16500 of 90380
2026-10-05 09:51:38,294| Entertainment-ETL | load | INFO | Processed batch: 16501 - 17000 of 90380
2026-10-05 09:51:38,929| Entertainment-ETL | load | INFO | Processed batch: 17001 - 17500 of 90380
2026-10-05 09:51:39,640| Entertainment-ETL | load | INFO | Processed batch: 17501 - 18000 of 90380
2026-10-05 09:51:40,343| Entertainment-ETL | load | INFO | Processed batch: 18001 - 18500 of 90380
2026-10-05 09:51:40,927| Entertainment-ETL | load | INFO | Processed batch: 18501 - 19000 of 90380
2026-10-05 09:51:41,644| Entertainment-ETL | load | INFO | Processed batch: 19001 - 19500 of 90380
2026-10-05 09:51:42,185| Entertainment-ETL | load | INFO | Processed batch: 19501 - 20000 of 90380
2026-10-05 09:51:42,793| Entertainment-ETL | load | INFO | Processed batch: 20001 - 20500 of 90380
2026-10-05 09:51:43,403| Entertainment-ETL | load | INFO | Processed batch: 20501 - 21000 of 90380
2026-10-05 09:51:43,976| Entertainment-ETL | load | INFO | Processed batch: 21001 - 21500 of 90380
2026-10-05 09:51:44,571| Entertainment-ETL | load | INFO | Processed batch: 21501 - 22000 of 90380
2026-10-05 09:51:45,529| Entertainment-ETL | load | INFO | Processed batch: 22001 - 22500 of 90380
2026-10-05 09:51:46,147| Entertainment-ETL | load | INFO | Processed batch: 22501 - 23000 of 90380
2026-10-05 09:51:46,702| Entertainment-ETL | load | INFO | Processed batch: 23001 - 23500 of 90380
2026-10-05 09:51:47,342| Entertainment-ETL | load | INFO | Processed batch: 23501 - 24000 of 90380
2026-10-05 09:51:48,068| Entertainment-ETL | load | INFO | Processed batch: 24001 - 24500 of 90380
2026-10-05 09:51:48,625| Entertainment-ETL | load | INFO | Processed batch: 24501 - 25000 of 90380
2026-10-05 09:51:49,341| Entertainment-ETL | load | INFO | Processed batch: 25001 - 25500 of 90380
2026-10-05 09:51:50,237| Entertainment-ETL | load | INFO | Processed batch: 25501 - 26000 of 90380
2026-10-05 09:51:51,079| Entertainment-ETL | load | INFO | Processed batch: 26001 - 26500 of 90380
2026-10-05 09:51:51,834| Entertainment-ETL | load | INFO | Processed batch: 26501 - 27000 of 90380
2026-10-05 09:51:52,599| Entertainment-ETL | load | INFO | Processed batch: 27001 - 27500 of 90380
2026-10-05 09:51:53,374| Entertainment-ETL | load | INFO | Processed batch: 27501 - 28000 of 90380
2026-10-05 09:51:54,227| Entertainment-ETL | load | INFO | Processed batch: 28001 - 28500 of 90380
2026-10-05 09:51:54,857| Entertainment-ETL | load | INFO | Processed batch: 28501 - 29000 of 90380
2026-10-05 09:51:55,548| Entertainment-ETL | load | INFO | Processed batch: 29001 - 29500 of 90380
2026-10-05 09:51:56,295| Entertainment-ETL | load | INFO | Processed batch: 29501 - 30000 of 90380
2026-10-05 09:51:56,943| Entertainment-ETL | load | INFO | Processed batch: 30001 - 30500 of 90380
2026-10-05 09:51:57,723| Entertainment-ETL | load | INFO | Processed batch: 30501 - 31000 of 90380
2026-10-05 09:51:58,418| Entertainment-ETL | load | INFO | Processed batch: 31001 - 31500 of 90380
2026-10-05 09:51:59,028| Entertainment-ETL | load | INFO | Processed batch: 31501 - 32000 of 90380
2026-10-05 09:51:59,657| Entertainment-ETL | load | INFO | Processed batch: 32001 - 32500 of 90380
2026-10-05 09:52:00,238| Entertainment-ETL | load | INFO | Processed batch: 32501 - 33000 of 90380
2026-10-05 09:52:01,028| Entertainment-ETL | load | INFO | Processed batch: 33001 - 33500 of 90380
2026-10-05 09:52:01,780| Entertainment-ETL | load | INFO | Processed batch: 33501 - 34000 of 90380
2026-10-05 09:52:02,824| Entertainment-ETL | load | INFO | Processed batch: 34001 - 34500 of 90380
2026-10-05 09:52:03,650| Entertainment-ETL | load | INFO | Processed batch: 34501 - 35000 of 90380
2026-10-05 09:52:04,362| Entertainment-ETL | load | INFO | Processed batch: 35001 - 35500 of 90380
2026-10-05 09:52:05,141| Entertainment-ETL | load | INFO | Processed batch: 35501 - 36000 of 90380
2026-10-05 09:52:05,886| Entertainment-ETL | load | INFO | Processed batch: 36001 - 36500 of 90380
2026-10-05 09:52:06,902| Entertainment-ETL | load | INFO | Processed batch: 36501 - 37000 of 90380
2026-10-05 09:52:07,701| Entertainment-ETL | load | INFO | Processed batch: 37001 - 37500 of 90380
2026-10-05 09:52:08,303| Entertainment-ETL | load | INFO | Processed batch: 37501 - 38000 of 90380
2026-10-05 09:52:08,896| Entertainment-ETL | load | INFO | Processed batch: 38001 - 38500 of 90380
2026-10-05 09:52:09,490| Entertainment-ETL | load | INFO | Processed batch: 38501 - 39000 of 90380
2026-10-05 09:52:10,000| Entertainment-ETL | load | INFO | Processed batch: 39001 - 39500 of 90380
2026-10-05 09:52:10,713| Entertainment-ETL | load | INFO | Processed batch: 39501 - 40000 of 90380
2026-10-05 09:52:11,658| Entertainment-ETL | load | INFO | Processed batch: 40001 - 40500 of 90380
2026-10-05 09:52:12,325| Entertainment-ETL | load | INFO | Processed batch: 40501 - 41000 of 90380
2026-10-05 09:52:12,885| Entertainment-ETL | load | INFO | Processed batch: 41001 - 41500 of 90380
2026-10-05 09:52:13,446| Entertainment-ETL | load | INFO | Processed batch: 41501 - 42000 of 90380
2026-10-05 09:52:14,038| Entertainment-ETL | load | INFO | Processed batch: 42001 - 42500 of 90380
2026-10-05 09:52:14,629| Entertainment-ETL | load | INFO | Processed batch: 42501 - 43000 of 90380
2026-10-05 09:52:15,365| Entertainment-ETL | load | INFO | Processed batch: 43001 - 43500 of 90380
2026-10-05 09:52:16,086| Entertainment-ETL | load | INFO | Processed batch: 43501 - 44000 of 90380
2026-10-05 09:52:16,793| Entertainment-ETL | load | INFO | Processed batch: 44001 - 44500 of 90380
2026-10-05 09:52:17,621| Entertainment-ETL | load | INFO | Processed batch: 44501 - 45000 of 90380
2026-10-05 09:52:18,558| Entertainment-ETL | load | INFO | Processed batch: 45001 - 45500 of 90380
2026-10-05 09:52:19,480| Entertainment-ETL | load | INFO | Processed batch: 45501 - 46000 of 90380
2026-10-05 09:52:20,149| Entertainment-ETL | load | INFO | Processed batch: 46001 - 46500 of 90380
2026-10-05 09:52:20,863| Entertainment-ETL | load | INFO | Processed batch: 46501 - 47000 of 90380
2026-10-05 09:52:21,898| Entertainment-ETL | load | INFO | Processed batch: 47001 - 47500 of 90380
2026-10-05 09:52:23,027| Entertainment-ETL | load | INFO | Processed batch: 47501 - 48000 of 90380
2026-10-05 09:52:24,200| Entertainment-ETL | load | INFO | Processed batch: 48001 - 48500 of 90380
2026-10-05 09:52:25,400| Entertainment-ETL | load | INFO | Processed batch: 48501 - 49000 of 90380
2026-10-05 09:52:26,362| Entertainment-ETL | load | INFO | Processed batch: 49001 - 49500 of 90380
2026-10-05 09:52:27,122| Entertainment-ETL | load | INFO | Processed batch: 49501 - 50000 of 90380
2026-10-05 09:52:28,559| Entertainment-ETL | load | INFO | Processed batch: 50001 - 50500 of 90380
2026-10-05 09:52:30,686| Entertainment-ETL | load | INFO | Processed batch: 50501 - 51000 of 90380
2026-10-05 09:52:31,669| Entertainment-ETL | load | INFO | Processed batch: 51001 - 51500 of 90380
2026-10-05 09:52:34,397| Entertainment-ETL | load | INFO | Processed batch: 51501 - 52000 of 90380
2026-10-05 09:52:35,579| Entertainment-ETL | load | INFO | Processed batch: 52001 - 52500 of 90380
2026-10-05 09:52:36,545| Entertainment-ETL | load | INFO | Processed batch: 52501 - 53000 of 90380
2026-10-05 09:52:37,319| Entertainment-ETL | load | INFO | Processed batch: 53001 - 53500 of 90380
2026-10-05 09:52:37,988| Entertainment-ETL | load | INFO | Processed batch: 53501 - 54000 of 90380
2026-10-05 09:52:38,784| Entertainment-ETL | load | INFO | Processed batch: 54001 - 54500 of 90380
2026-10-05 09:52:39,561| Entertainment-ETL | load | INFO | Processed batch: 54501 - 55000 of 90380
2026-10-05 09:52:40,220| Entertainment-ETL | load | INFO | Processed batch: 55001 - 55500 of 90380
2026-10-05 09:52:41,439| Entertainment-ETL | load | INFO | Processed batch: 55501 - 56000 of 90380
2026-10-05 09:52:42,157| Entertainment-ETL | load | INFO | Processed batch: 56001 - 56500 of 90380
2026-10-05 09:52:43,082| Entertainment-ETL | load | INFO | Processed batch: 56501 - 57000 of 90380
2026-10-05 09:52:43,973| Entertainment-ETL | load | INFO | Processed batch: 57001 - 57500 of 90380
2026-10-05 09:52:44,887| Entertainment-ETL | load | INFO | Processed batch: 57501 - 58000 of 90380
2026-10-05 09:52:46,055| Entertainment-ETL | load | INFO | Processed batch: 58001 - 58500 of 90380
2026-10-05 09:52:47,079| Entertainment-ETL | load | INFO | Processed batch: 58501 - 59000 of 90380
2026-10-05 09:52:47,979| Entertainment-ETL | load | INFO | Processed batch: 59001 - 59500 of 90380
2026-10-05 09:52:49,268| Entertainment-ETL | load | INFO | Processed batch: 59501 - 60000 of 90380
2026-10-05 09:52:50,626| Entertainment-ETL | load | INFO | Processed batch: 60001 - 60500 of 90380
2026-10-05 09:52:51,757| Entertainment-ETL | load | INFO | Processed batch: 60501 - 61000 of 90380
2026-10-05 09:52:52,499| Entertainment-ETL | load | INFO | Processed batch: 61001 - 61500 of 90380
2026-10-05 09:52:53,328| Entertainment-ETL | load | INFO | Processed batch: 61501 - 62000 of 90380
2026-10-05 09:52:54,560| Entertainment-ETL | load | INFO | Processed batch: 62001 - 62500 of 90380
2026-10-05 09:52:55,630| Entertainment-ETL | load | INFO | Processed batch: 62501 - 63000 of 90380
2026-10-05 09:52:56,639| Entertainment-ETL | load | INFO | Processed batch: 63001 - 63500 of 90380
2026-10-05 09:52:57,805| Entertainment-ETL | load | INFO | Processed batch: 63501 - 64000 of 90380
2026-10-05 09:52:59,249| Entertainment-ETL | load | INFO | Processed batch: 64001 - 64500 of 90380
2026-10-05 09:53:00,856| Entertainment-ETL | load | INFO | Processed batch: 64501 - 65000 of 90380
2026-10-05 09:53:02,167| Entertainment-ETL | load | INFO | Processed batch: 65001 - 65500 of 90380
2026-10-05 09:53:03,534| Entertainment-ETL | load | INFO | Processed batch: 65501 - 66000 of 90380
2026-10-05 09:53:04,384| Entertainment-ETL | load | INFO | Processed batch: 66001 - 66500 of 90380
2026-10-05 09:53:05,478| Entertainment-ETL | load | INFO | Processed batch: 66501 - 67000 of 90380
2026-10-05 09:53:07,702| Entertainment-ETL | load | INFO | Processed batch: 67001 - 67500 of 90380
2026-10-05 09:53:09,049| Entertainment-ETL | load | INFO | Processed batch: 67501 - 68000 of 90380
2026-10-05 09:53:09,727| Entertainment-ETL | load | INFO | Processed batch: 68001 - 68500 of 90380
2026-10-05 09:53:10,313| Entertainment-ETL | load | INFO | Processed batch: 68501 - 69000 of 90380
2026-10-05 09:53:10,951| Entertainment-ETL | load | INFO | Processed batch: 69001 - 69500 of 90380
2026-10-05 09:53:11,519| Entertainment-ETL | load | INFO | Processed batch: 69501 - 70000 of 90380
2026-10-05 09:53:12,071| Entertainment-ETL | load | INFO | Processed batch: 70001 - 70500 of 90380
2026-10-05 09:53:13,086| Entertainment-ETL | load | INFO | Processed batch: 70501 - 71000 of 90380
2026-10-05 09:53:13,819| Entertainment-ETL | load | INFO | Processed batch: 71001 - 71500 of 90380
2026-10-05 09:53:14,684| Entertainment-ETL | load | INFO | Processed batch: 71501 - 72000 of 90380
2026-10-05 09:53:15,362| Entertainment-ETL | load | INFO | Processed batch: 72001 - 72500 of 90380
2026-10-05 09:53:16,184| Entertainment-ETL | load | INFO | Processed batch: 72501 - 73000 of 90380
2026-10-05 09:53:17,008| Entertainment-ETL | load | INFO | Processed batch: 73001 - 73500 of 90380
2026-10-05 09:53:17,762| Entertainment-ETL | load | INFO | Processed batch: 73501 - 74000 of 90380
2026-10-05 09:53:18,325| Entertainment-ETL | load | INFO | Processed batch: 74001 - 74500 of 90380
2026-10-05 09:53:19,034| Entertainment-ETL | load | INFO | Processed batch: 74501 - 75000 of 90380
2026-10-05 09:53:19,611| Entertainment-ETL | load | INFO | Processed batch: 75001 - 75500 of 90380
2026-10-05 09:53:20,147| Entertainment-ETL | load | INFO | Processed batch: 75501 - 76000 of 90380
2026-10-05 09:53:21,033| Entertainment-ETL | load | INFO | Processed batch: 76001 - 76500 of 90380
2026-10-05 09:53:21,822| Entertainment-ETL | load | INFO | Processed batch: 76501 - 77000 of 90380
2026-10-05 09:53:22,392| Entertainment-ETL | load | INFO | Processed batch: 77001 - 77500 of 90380
2026-10-05 09:53:23,757| Entertainment-ETL | load | INFO | Processed batch: 77501 - 78000 of 90380
2026-10-05 09:53:24,840| Entertainment-ETL | load | INFO | Processed batch: 78001 - 78500 of 90380
2026-10-05 09:53:25,990| Entertainment-ETL | load | INFO | Processed batch: 78501 - 79000 of 90380
2026-10-05 09:53:26,526| Entertainment-ETL | load | INFO | Processed batch: 79001 - 79500 of 90380
2026-10-05 09:53:27,030| Entertainment-ETL | load | INFO | Processed batch: 79501 - 80000 of 90380
2026-10-05 09:53:27,822| Entertainment-ETL | load | INFO | Processed batch: 80001 - 80500 of 90380
2026-10-05 09:53:28,450| Entertainment-ETL | load | INFO | Processed batch: 80501 - 81000 of 90380
2026-10-05 09:53:29,329| Entertainment-ETL | load | INFO | Processed batch: 81001 - 81500 of 90380
2026-10-05 09:53:30,089| Entertainment-ETL | load | INFO | Processed batch: 81501 - 82000 of 90380
2026-10-05 09:53:31,353| Entertainment-ETL | load | INFO | Processed batch: 82001 - 82500 of 90380
2026-10-05 09:53:32,173| Entertainment-ETL | load | INFO | Processed batch: 82501 - 83000 of 90380
2026-10-05 09:53:32,631| Entertainment-ETL | load | INFO | Processed batch: 83001 - 83500 of 90380
2026-10-05 09:53:33,049| Entertainment-ETL | load | INFO | Processed batch: 83501 - 84000 of 90380
2026-10-05 09:53:33,406| Entertainment-ETL | load | INFO | Processed batch: 84001 - 84500 of 90380
2026-10-05 09:53:33,835| Entertainment-ETL | load | INFO | Processed batch: 84501 - 85000 of 90380
2026-10-05 09:53:34,285| Entertainment-ETL | load | INFO | Processed batch: 85001 - 85500 of 90380
2026-10-05 09:53:34,657| Entertainment-ETL | load | INFO | Processed batch: 85501 - 86000 of 90380
2026-10-05 09:53:35,126| Entertainment-ETL | load | INFO | Processed batch: 86001 - 86500 of 90380
2026-10-05 09:53:35,537| Entertainment-ETL | load | INFO | Processed batch: 86501 - 87000 of 90380
2026-10-05 09:53:37,320| Entertainment-ETL | load | INFO | Processed batch: 87001 - 87500 of 90380
2026-10-05 09:53:37,727| Entertainment-ETL | load | INFO | Processed batch: 87501 - 88000 of 90380
2026-10-05 09:53:38,158| Entertainment-ETL | load | INFO | Processed batch: 88001 - 88500 of 90380
2026-10-05 09:53:38,617| Entertainment-ETL | load | INFO | Processed batch: 88501 - 89000 of 90380
2026-10-05 09:53:39,015| Entertainment-ETL | load | INFO | Processed batch: 89001 - 89500 of 90380
2026-10-05 09:53:39,432| Entertainment-ETL | load | INFO | Processed batch: 89501 - 90000 of 90380
2026-10-05 09:53:39,823| Entertainment-ETL | load | INFO | Processed batch: 90001 - 90380 of 90380
2026-10-05 09:53:39,823| Entertainment-ETL | load | INFO | Shows loaded successfully: 90380 rows
2026-10-05 09:53:39,899| Entertainment-ETL | load | INFO | Loaded CSV: show_genres.csv | Rows: 116854
2026-10-05 09:53:43,607| Entertainment-ETL | load | INFO | Processed batch: 1 - 500 of 116854
2026-10-05 09:53:45,257| Entertainment-ETL | load | INFO | Processed batch: 501 - 1000 of 116854
2026-10-05 09:53:45,619| Entertainment-ETL | load | INFO | Processed batch: 1001 - 1500 of 116854
2026-10-05 09:53:45,990| Entertainment-ETL | load | INFO | Processed batch: 1501 - 2000 of 116854
2026-10-05 09:53:46,221| Entertainment-ETL | load | INFO | Processed batch: 2001 - 2500 of 116854
2026-10-05 09:53:46,619| Entertainment-ETL | load | INFO | Processed batch: 2501 - 3000 of 116854
2026-10-05 09:53:46,923| Entertainment-ETL | load | INFO | Processed batch: 3001 - 3500 of 116854
2026-10-05 09:53:47,166| Entertainment-ETL | load | INFO | Processed batch: 3501 - 4000 of 116854
2026-10-05 09:53:47,441| Entertainment-ETL | load | INFO | Processed batch: 4001 - 4500 of 116854
2026-10-05 09:53:47,726| Entertainment-ETL | load | INFO | Processed batch: 4501 - 5000 of 116854
2026-10-05 09:53:48,038| Entertainment-ETL | load | INFO | Processed batch: 5001 - 5500 of 116854
2026-10-05 09:53:48,266| Entertainment-ETL | load | INFO | Processed batch: 5501 - 6000 of 116854
2026-10-05 09:53:48,614| Entertainment-ETL | load | INFO | Processed batch: 6001 - 6500 of 116854
2026-10-05 09:53:48,928| Entertainment-ETL | load | INFO | Processed batch: 6501 - 7000 of 116854
2026-10-05 09:53:49,242| Entertainment-ETL | load | INFO | Processed batch: 7001 - 7500 of 116854
2026-10-05 09:53:49,441| Entertainment-ETL | load | INFO | Processed batch: 7501 - 8000 of 116854
2026-10-05 09:53:49,653| Entertainment-ETL | load | INFO | Processed batch: 8001 - 8500 of 116854
2026-10-05 09:53:49,943| Entertainment-ETL | load | INFO | Processed batch: 8501 - 9000 of 116854
2026-10-05 09:53:50,226| Entertainment-ETL | load | INFO | Processed batch: 9001 - 9500 of 116854
2026-10-05 09:53:50,516| Entertainment-ETL | load | INFO | Processed batch: 9501 - 10000 of 116854
2026-10-05 09:53:50,795| Entertainment-ETL | load | INFO | Processed batch: 10001 - 10500 of 116854
2026-10-05 09:53:51,077| Entertainment-ETL | load | INFO | Processed batch: 10501 - 11000 of 116854
2026-10-05 09:53:51,301| Entertainment-ETL | load | INFO | Processed batch: 11001 - 11500 of 116854
2026-10-05 09:53:51,523| Entertainment-ETL | load | INFO | Processed batch: 11501 - 12000 of 116854
2026-10-05 09:53:51,877| Entertainment-ETL | load | INFO | Processed batch: 12001 - 12500 of 116854
2026-10-05 09:53:52,246| Entertainment-ETL | load | INFO | Processed batch: 12501 - 13000 of 116854
2026-10-05 09:53:52,449| Entertainment-ETL | load | INFO | Processed batch: 13001 - 13500 of 116854
2026-10-05 09:53:52,639| Entertainment-ETL | load | INFO | Processed batch: 13501 - 14000 of 116854
2026-10-05 09:53:52,841| Entertainment-ETL | load | INFO | Processed batch: 14001 - 14500 of 116854
2026-10-05 09:53:53,084| Entertainment-ETL | load | INFO | Processed batch: 14501 - 15000 of 116854
2026-10-05 09:53:53,642| Entertainment-ETL | load | INFO | Processed batch: 15001 - 15500 of 116854
2026-10-05 09:53:54,004| Entertainment-ETL | load | INFO | Processed batch: 15501 - 16000 of 116854
2026-10-05 09:53:54,282| Entertainment-ETL | load | INFO | Processed batch: 16001 - 16500 of 116854
2026-10-05 09:53:54,637| Entertainment-ETL | load | INFO | Processed batch: 16501 - 17000 of 116854
2026-10-05 09:53:54,890| Entertainment-ETL | load | INFO | Processed batch: 17001 - 17500 of 116854
2026-10-05 09:53:55,185| Entertainment-ETL | load | INFO | Processed batch: 17501 - 18000 of 116854
2026-10-05 09:53:55,461| Entertainment-ETL | load | INFO | Processed batch: 18001 - 18500 of 116854
2026-10-05 09:53:55,734| Entertainment-ETL | load | INFO | Processed batch: 18501 - 19000 of 116854
2026-10-05 09:53:56,065| Entertainment-ETL | load | INFO | Processed batch: 19001 - 19500 of 116854
2026-10-05 09:53:56,322| Entertainment-ETL | load | INFO | Processed batch: 19501 - 20000 of 116854
2026-10-05 09:53:56,542| Entertainment-ETL | load | INFO | Processed batch: 20001 - 20500 of 116854
2026-10-05 09:53:56,770| Entertainment-ETL | load | INFO | Processed batch: 20501 - 21000 of 116854
2026-10-05 09:53:57,000| Entertainment-ETL | load | INFO | Processed batch: 21001 - 21500 of 116854
2026-10-05 09:53:57,206| Entertainment-ETL | load | INFO | Processed batch: 21501 - 22000 of 116854
2026-10-05 09:53:57,605| Entertainment-ETL | load | INFO | Processed batch: 22001 - 22500 of 116854
2026-10-05 09:53:57,816| Entertainment-ETL | load | INFO | Processed batch: 22501 - 23000 of 116854
2026-10-05 09:53:58,147| Entertainment-ETL | load | INFO | Processed batch: 23001 - 23500 of 116854
2026-10-05 09:53:58,393| Entertainment-ETL | load | INFO | Processed batch: 23501 - 24000 of 116854
2026-10-05 09:53:58,584| Entertainment-ETL | load | INFO | Processed batch: 24001 - 24500 of 116854
2026-10-05 09:53:58,794| Entertainment-ETL | load | INFO | Processed batch: 24501 - 25000 of 116854
2026-10-05 09:53:59,003| Entertainment-ETL | load | INFO | Processed batch: 25001 - 25500 of 116854
2026-10-05 09:53:59,245| Entertainment-ETL | load | INFO | Processed batch: 25501 - 26000 of 116854
2026-10-05 09:53:59,454| Entertainment-ETL | load | INFO | Processed batch: 26001 - 26500 of 116854
2026-10-05 09:53:59,834| Entertainment-ETL | load | INFO | Processed batch: 26501 - 27000 of 116854
2026-10-05 09:54:00,108| Entertainment-ETL | load | INFO | Processed batch: 27001 - 27500 of 116854
2026-10-05 09:54:00,359| Entertainment-ETL | load | INFO | Processed batch: 27501 - 28000 of 116854
2026-10-05 09:54:00,605| Entertainment-ETL | load | INFO | Processed batch: 28001 - 28500 of 116854
2026-10-05 09:54:00,861| Entertainment-ETL | load | INFO | Processed batch: 28501 - 29000 of 116854
2026-10-05 09:54:01,107| Entertainment-ETL | load | INFO | Processed batch: 29001 - 29500 of 116854
2026-10-05 09:54:01,406| Entertainment-ETL | load | INFO | Processed batch: 29501 - 30000 of 116854
2026-10-05 09:54:01,606| Entertainment-ETL | load | INFO | Processed batch: 30001 - 30500 of 116854
2026-10-05 09:54:01,782| Entertainment-ETL | load | INFO | Processed batch: 30501 - 31000 of 116854
2026-10-05 09:54:01,989| Entertainment-ETL | load | INFO | Processed batch: 31001 - 31500 of 116854
2026-10-05 09:54:02,199| Entertainment-ETL | load | INFO | Processed batch: 31501 - 32000 of 116854
2026-10-05 09:54:02,400| Entertainment-ETL | load | INFO | Processed batch: 32001 - 32500 of 116854
2026-10-05 09:54:02,714| Entertainment-ETL | load | INFO | Processed batch: 32501 - 33000 of 116854
2026-10-05 09:54:03,039| Entertainment-ETL | load | INFO | Processed batch: 33001 - 33500 of 116854
2026-10-05 09:54:03,325| Entertainment-ETL | load | INFO | Processed batch: 33501 - 34000 of 116854
2026-10-05 09:54:03,581| Entertainment-ETL | load | INFO | Processed batch: 34001 - 34500 of 116854
2026-10-05 09:54:03,949| Entertainment-ETL | load | INFO | Processed batch: 34501 - 35000 of 116854
2026-10-05 09:54:04,197| Entertainment-ETL | load | INFO | Processed batch: 35001 - 35500 of 116854
2026-10-05 09:54:04,443| Entertainment-ETL | load | INFO | Processed batch: 35501 - 36000 of 116854
2026-10-05 09:54:04,709| Entertainment-ETL | load | INFO | Processed batch: 36001 - 36500 of 116854
2026-10-05 09:54:05,019| Entertainment-ETL | load | INFO | Processed batch: 36501 - 37000 of 116854
2026-10-05 09:54:05,272| Entertainment-ETL | load | INFO | Processed batch: 37001 - 37500 of 116854
2026-10-05 09:54:05,543| Entertainment-ETL | load | INFO | Processed batch: 37501 - 38000 of 116854
2026-10-05 09:54:05,745| Entertainment-ETL | load | INFO | Processed batch: 38001 - 38500 of 116854
2026-10-05 09:54:06,079| Entertainment-ETL | load | INFO | Processed batch: 38501 - 39000 of 116854
2026-10-05 09:54:06,615| Entertainment-ETL | load | INFO | Processed batch: 39001 - 39500 of 116854
2026-10-05 09:54:06,918| Entertainment-ETL | load | INFO | Processed batch: 39501 - 40000 of 116854
2026-10-05 09:54:07,130| Entertainment-ETL | load | INFO | Processed batch: 40001 - 40500 of 116854
2026-10-05 09:54:07,370| Entertainment-ETL | load | INFO | Processed batch: 40501 - 41000 of 116854
2026-10-05 09:54:07,728| Entertainment-ETL | load | INFO | Processed batch: 41001 - 41500 of 116854
2026-10-05 09:54:07,985| Entertainment-ETL | load | INFO | Processed batch: 41501 - 42000 of 116854
2026-10-05 09:54:08,204| Entertainment-ETL | load | INFO | Processed batch: 42001 - 42500 of 116854
2026-10-05 09:54:08,447| Entertainment-ETL | load | INFO | Processed batch: 42501 - 43000 of 116854
2026-10-05 09:54:08,709| Entertainment-ETL | load | INFO | Processed batch: 43001 - 43500 of 116854
2026-10-05 09:54:08,960| Entertainment-ETL | load | INFO | Processed batch: 43501 - 44000 of 116854
2026-10-05 09:54:09,180| Entertainment-ETL | load | INFO | Processed batch: 44001 - 44500 of 116854
2026-10-05 09:54:09,412| Entertainment-ETL | load | INFO | Processed batch: 44501 - 45000 of 116854
2026-10-05 09:54:09,646| Entertainment-ETL | load | INFO | Processed batch: 45001 - 45500 of 116854
2026-10-05 09:54:09,886| Entertainment-ETL | load | INFO | Processed batch: 45501 - 46000 of 116854
2026-10-05 09:54:10,143| Entertainment-ETL | load | INFO | Processed batch: 46001 - 46500 of 116854
2026-10-05 09:54:10,393| Entertainment-ETL | load | INFO | Processed batch: 46501 - 47000 of 116854
2026-10-05 09:54:10,708| Entertainment-ETL | load | INFO | Processed batch: 47001 - 47500 of 116854
2026-10-05 09:54:10,967| Entertainment-ETL | load | INFO | Processed batch: 47501 - 48000 of 116854
2026-10-05 09:54:11,199| Entertainment-ETL | load | INFO | Processed batch: 48001 - 48500 of 116854
2026-10-05 09:54:11,481| Entertainment-ETL | load | INFO | Processed batch: 48501 - 49000 of 116854
2026-10-05 09:54:11,679| Entertainment-ETL | load | INFO | Processed batch: 49001 - 49500 of 116854
2026-10-05 09:54:12,023| Entertainment-ETL | load | INFO | Processed batch: 49501 - 50000 of 116854
2026-10-05 09:54:12,337| Entertainment-ETL | load | INFO | Processed batch: 50001 - 50500 of 116854
2026-10-05 09:54:12,687| Entertainment-ETL | load | INFO | Processed batch: 50501 - 51000 of 116854
2026-10-05 09:54:12,937| Entertainment-ETL | load | INFO | Processed batch: 51001 - 51500 of 116854
2026-10-05 09:54:13,190| Entertainment-ETL | load | INFO | Processed batch: 51501 - 52000 of 116854
2026-10-05 09:54:13,466| Entertainment-ETL | load | INFO | Processed batch: 52001 - 52500 of 116854
2026-10-05 09:54:13,692| Entertainment-ETL | load | INFO | Processed batch: 52501 - 53000 of 116854
2026-10-05 09:54:14,043| Entertainment-ETL | load | INFO | Processed batch: 53001 - 53500 of 116854
2026-10-05 09:54:14,448| Entertainment-ETL | load | INFO | Processed batch: 53501 - 54000 of 116854
2026-10-05 09:54:14,874| Entertainment-ETL | load | INFO | Processed batch: 54001 - 54500 of 116854
2026-10-05 09:54:15,123| Entertainment-ETL | load | INFO | Processed batch: 54501 - 55000 of 116854
2026-10-05 09:54:15,363| Entertainment-ETL | load | INFO | Processed batch: 55001 - 55500 of 116854
2026-10-05 09:54:15,743| Entertainment-ETL | load | INFO | Processed batch: 55501 - 56000 of 116854
2026-10-05 09:54:15,907| Entertainment-ETL | load | INFO | Processed batch: 56001 - 56500 of 116854
2026-10-05 09:54:16,089| Entertainment-ETL | load | INFO | Processed batch: 56501 - 57000 of 116854
2026-10-05 09:54:16,281| Entertainment-ETL | load | INFO | Processed batch: 57001 - 57500 of 116854
2026-10-05 09:54:16,454| Entertainment-ETL | load | INFO | Processed batch: 57501 - 58000 of 116854
2026-10-05 09:54:16,623| Entertainment-ETL | load | INFO | Processed batch: 58001 - 58500 of 116854
2026-10-05 09:54:16,779| Entertainment-ETL | load | INFO | Processed batch: 58501 - 59000 of 116854
2026-10-05 09:54:16,936| Entertainment-ETL | load | INFO | Processed batch: 59001 - 59500 of 116854
2026-10-05 09:54:17,102| Entertainment-ETL | load | INFO | Processed batch: 59501 - 60000 of 116854
2026-10-05 09:54:17,324| Entertainment-ETL | load | INFO | Processed batch: 60001 - 60500 of 116854
2026-10-05 09:54:17,567| Entertainment-ETL | load | INFO | Processed batch: 60501 - 61000 of 116854
2026-10-05 09:54:17,808| Entertainment-ETL | load | INFO | Processed batch: 61001 - 61500 of 116854
2026-10-05 09:54:17,994| Entertainment-ETL | load | INFO | Processed batch: 61501 - 62000 of 116854
2026-10-05 09:54:18,207| Entertainment-ETL | load | INFO | Processed batch: 62001 - 62500 of 116854
2026-10-05 09:54:18,401| Entertainment-ETL | load | INFO | Processed batch: 62501 - 63000 of 116854
2026-10-05 09:54:18,713| Entertainment-ETL | load | INFO | Processed batch: 63001 - 63500 of 116854
2026-10-05 09:54:18,957| Entertainment-ETL | load | INFO | Processed batch: 63501 - 64000 of 116854
2026-10-05 09:54:19,191| Entertainment-ETL | load | INFO | Processed batch: 64001 - 64500 of 116854
2026-10-05 09:54:19,434| Entertainment-ETL | load | INFO | Processed batch: 64501 - 65000 of 116854
2026-10-05 09:54:19,754| Entertainment-ETL | load | INFO | Processed batch: 65001 - 65500 of 116854
2026-10-05 09:54:20,077| Entertainment-ETL | load | INFO | Processed batch: 65501 - 66000 of 116854
2026-10-05 09:54:20,373| Entertainment-ETL | load | INFO | Processed batch: 66001 - 66500 of 116854
2026-10-05 09:54:20,519| Entertainment-ETL | load | INFO | Processed batch: 66501 - 67000 of 116854
2026-10-05 09:54:20,667| Entertainment-ETL | load | INFO | Processed batch: 67001 - 67500 of 116854
2026-10-05 09:54:20,798| Entertainment-ETL | load | INFO | Processed batch: 67501 - 68000 of 116854
2026-10-05 09:54:20,940| Entertainment-ETL | load | INFO | Processed batch: 68001 - 68500 of 116854
2026-10-05 09:54:21,087| Entertainment-ETL | load | INFO | Processed batch: 68501 - 69000 of 116854
2026-10-05 09:54:21,271| Entertainment-ETL | load | INFO | Processed batch: 69001 - 69500 of 116854
2026-10-05 09:54:21,427| Entertainment-ETL | load | INFO | Processed batch: 69501 - 70000 of 116854
2026-10-05 09:54:21,578| Entertainment-ETL | load | INFO | Processed batch: 70001 - 70500 of 116854
2026-10-05 09:54:21,742| Entertainment-ETL | load | INFO | Processed batch: 70501 - 71000 of 116854
2026-10-05 09:54:21,897| Entertainment-ETL | load | INFO | Processed batch: 71001 - 71500 of 116854
2026-10-05 09:54:22,070| Entertainment-ETL | load | INFO | Processed batch: 71501 - 72000 of 116854
2026-10-05 09:54:22,233| Entertainment-ETL | load | INFO | Processed batch: 72001 - 72500 of 116854
2026-10-05 09:54:22,395| Entertainment-ETL | load | INFO | Processed batch: 72501 - 73000 of 116854
2026-10-05 09:54:22,547| Entertainment-ETL | load | INFO | Processed batch: 73001 - 73500 of 116854
2026-10-05 09:54:22,695| Entertainment-ETL | load | INFO | Processed batch: 73501 - 74000 of 116854
2026-10-05 09:54:22,898| Entertainment-ETL | load | INFO | Processed batch: 74001 - 74500 of 116854
2026-10-05 09:54:23,096| Entertainment-ETL | load | INFO | Processed batch: 74501 - 75000 of 116854
2026-10-05 09:54:23,242| Entertainment-ETL | load | INFO | Processed batch: 75001 - 75500 of 116854
2026-10-05 09:54:23,408| Entertainment-ETL | load | INFO | Processed batch: 75501 - 76000 of 116854
2026-10-05 09:54:23,597| Entertainment-ETL | load | INFO | Processed batch: 76001 - 76500 of 116854
2026-10-05 09:54:23,765| Entertainment-ETL | load | INFO | Processed batch: 76501 - 77000 of 116854
2026-10-05 09:54:23,922| Entertainment-ETL | load | INFO | Processed batch: 77001 - 77500 of 116854
2026-10-05 09:54:24,150| Entertainment-ETL | load | INFO | Processed batch: 77501 - 78000 of 116854
2026-10-05 09:54:24,381| Entertainment-ETL | load | INFO | Processed batch: 78001 - 78500 of 116854
2026-10-05 09:54:24,638| Entertainment-ETL | load | INFO | Processed batch: 78501 - 79000 of 116854
2026-10-05 09:54:25,012| Entertainment-ETL | load | INFO | Processed batch: 79001 - 79500 of 116854
2026-10-05 09:54:25,177| Entertainment-ETL | load | INFO | Processed batch: 79501 - 80000 of 116854
2026-10-05 09:54:25,406| Entertainment-ETL | load | INFO | Processed batch: 80001 - 80500 of 116854
2026-10-05 09:54:25,597| Entertainment-ETL | load | INFO | Processed batch: 80501 - 81000 of 116854
2026-10-05 09:54:25,747| Entertainment-ETL | load | INFO | Processed batch: 81001 - 81500 of 116854
2026-10-05 09:54:25,995| Entertainment-ETL | load | INFO | Processed batch: 81501 - 82000 of 116854
2026-10-05 09:54:26,251| Entertainment-ETL | load | INFO | Processed batch: 82001 - 82500 of 116854
2026-10-05 09:54:26,413| Entertainment-ETL | load | INFO | Processed batch: 82501 - 83000 of 116854
2026-10-05 09:54:26,746| Entertainment-ETL | load | INFO | Processed batch: 83001 - 83500 of 116854
2026-10-05 09:54:27,029| Entertainment-ETL | load | INFO | Processed batch: 83501 - 84000 of 116854
2026-10-05 09:54:27,316| Entertainment-ETL | load | INFO | Processed batch: 84001 - 84500 of 116854
2026-10-05 09:54:27,683| Entertainment-ETL | load | INFO | Processed batch: 84501 - 85000 of 116854
2026-10-05 09:54:28,064| Entertainment-ETL | load | INFO | Processed batch: 85001 - 85500 of 116854
2026-10-05 09:54:28,491| Entertainment-ETL | load | INFO | Processed batch: 85501 - 86000 of 116854
2026-10-05 09:54:29,008| Entertainment-ETL | load | INFO | Processed batch: 86001 - 86500 of 116854
2026-10-05 09:54:29,238| Entertainment-ETL | load | INFO | Processed batch: 86501 - 87000 of 116854
2026-10-05 09:54:29,507| Entertainment-ETL | load | INFO | Processed batch: 87001 - 87500 of 116854
2026-10-05 09:54:29,763| Entertainment-ETL | load | INFO | Processed batch: 87501 - 88000 of 116854
2026-10-05 09:54:29,989| Entertainment-ETL | load | INFO | Processed batch: 88001 - 88500 of 116854
2026-10-05 09:54:30,199| Entertainment-ETL | load | INFO | Processed batch: 88501 - 89000 of 116854
2026-10-05 09:54:30,448| Entertainment-ETL | load | INFO | Processed batch: 89001 - 89500 of 116854
2026-10-05 09:54:30,683| Entertainment-ETL | load | INFO | Processed batch: 89501 - 90000 of 116854
2026-10-05 09:54:30,892| Entertainment-ETL | load | INFO | Processed batch: 90001 - 90500 of 116854
2026-10-05 09:54:31,088| Entertainment-ETL | load | INFO | Processed batch: 90501 - 91000 of 116854
2026-10-05 09:54:31,290| Entertainment-ETL | load | INFO | Processed batch: 91001 - 91500 of 116854
2026-10-05 09:54:31,512| Entertainment-ETL | load | INFO | Processed batch: 91501 - 92000 of 116854
2026-10-05 09:54:31,727| Entertainment-ETL | load | INFO | Processed batch: 92001 - 92500 of 116854
2026-10-05 09:54:31,923| Entertainment-ETL | load | INFO | Processed batch: 92501 - 93000 of 116854
2026-10-05 09:54:32,152| Entertainment-ETL | load | INFO | Processed batch: 93001 - 93500 of 116854
2026-10-05 09:54:32,359| Entertainment-ETL | load | INFO | Processed batch: 93501 - 94000 of 116854
2026-10-05 09:54:32,570| Entertainment-ETL | load | INFO | Processed batch: 94001 - 94500 of 116854
2026-10-05 09:54:32,806| Entertainment-ETL | load | INFO | Processed batch: 94501 - 95000 of 116854
2026-10-05 09:54:32,996| Entertainment-ETL | load | INFO | Processed batch: 95001 - 95500 of 116854
2026-10-05 09:54:33,185| Entertainment-ETL | load | INFO | Processed batch: 95501 - 96000 of 116854
2026-10-05 09:54:33,562| Entertainment-ETL | load | INFO | Processed batch: 96001 - 96500 of 116854
2026-10-05 09:54:33,719| Entertainment-ETL | load | INFO | Processed batch: 96501 - 97000 of 116854
2026-10-05 09:54:33,878| Entertainment-ETL | load | INFO | Processed batch: 97001 - 97500 of 116854
2026-10-05 09:54:34,035| Entertainment-ETL | load | INFO | Processed batch: 97501 - 98000 of 116854
2026-10-05 09:54:34,170| Entertainment-ETL | load | INFO | Processed batch: 98001 - 98500 of 116854
2026-10-05 09:54:34,314| Entertainment-ETL | load | INFO | Processed batch: 98501 - 99000 of 116854
2026-10-05 09:54:34,528| Entertainment-ETL | load | INFO | Processed batch: 99001 - 99500 of 116854
2026-10-05 09:54:34,683| Entertainment-ETL | load | INFO | Processed batch: 99501 - 100000 of 116854
2026-10-05 09:54:34,855| Entertainment-ETL | load | INFO | Processed batch: 100001 - 100500 of 116854
2026-10-05 09:54:35,026| Entertainment-ETL | load | INFO | Processed batch: 100501 - 101000 of 116854
2026-10-05 09:54:35,190| Entertainment-ETL | load | INFO | Processed batch: 101001 - 101500 of 116854
2026-10-05 09:54:35,368| Entertainment-ETL | load | INFO | Processed batch: 101501 - 102000 of 116854
2026-10-05 09:54:35,535| Entertainment-ETL | load | INFO | Processed batch: 102001 - 102500 of 116854
2026-10-05 09:54:35,692| Entertainment-ETL | load | INFO | Processed batch: 102501 - 103000 of 116854
2026-10-05 09:54:35,842| Entertainment-ETL | load | INFO | Processed batch: 103001 - 103500 of 116854
2026-10-05 09:54:36,041| Entertainment-ETL | load | INFO | Processed batch: 103501 - 104000 of 116854
2026-10-05 09:54:36,215| Entertainment-ETL | load | INFO | Processed batch: 104001 - 104500 of 116854
2026-10-05 09:54:36,363| Entertainment-ETL | load | INFO | Processed batch: 104501 - 105000 of 116854
2026-10-05 09:54:36,520| Entertainment-ETL | load | INFO | Processed batch: 105001 - 105500 of 116854
2026-10-05 09:54:36,685| Entertainment-ETL | load | INFO | Processed batch: 105501 - 106000 of 116854
2026-10-05 09:54:36,847| Entertainment-ETL | load | INFO | Processed batch: 106001 - 106500 of 116854
2026-10-05 09:54:37,022| Entertainment-ETL | load | INFO | Processed batch: 106501 - 107000 of 116854
2026-10-05 09:54:37,175| Entertainment-ETL | load | INFO | Processed batch: 107001 - 107500 of 116854
2026-10-05 09:54:37,379| Entertainment-ETL | load | INFO | Processed batch: 107501 - 108000 of 116854
2026-10-05 09:54:37,563| Entertainment-ETL | load | INFO | Processed batch: 108001 - 108500 of 116854
2026-10-05 09:54:37,728| Entertainment-ETL | load | INFO | Processed batch: 108501 - 109000 of 116854
2026-10-05 09:54:37,912| Entertainment-ETL | load | INFO | Processed batch: 109001 - 109500 of 116854
2026-10-05 09:54:38,087| Entertainment-ETL | load | INFO | Processed batch: 109501 - 110000 of 116854
2026-10-05 09:54:38,266| Entertainment-ETL | load | INFO | Processed batch: 110001 - 110500 of 116854
2026-10-05 09:54:38,448| Entertainment-ETL | load | INFO | Processed batch: 110501 - 111000 of 116854
2026-10-05 09:54:38,605| Entertainment-ETL | load | INFO | Processed batch: 111001 - 111500 of 116854
2026-10-05 09:54:38,764| Entertainment-ETL | load | INFO | Processed batch: 111501 - 112000 of 116854
2026-10-05 09:54:38,926| Entertainment-ETL | load | INFO | Processed batch: 112001 - 112500 of 116854
2026-10-05 09:54:39,088| Entertainment-ETL | load | INFO | Processed batch: 112501 - 113000 of 116854
2026-10-05 09:54:39,246| Entertainment-ETL | load | INFO | Processed batch: 113001 - 113500 of 116854
2026-10-05 09:54:39,416| Entertainment-ETL | load | INFO | Processed batch: 113501 - 114000 of 116854
2026-10-05 09:54:39,583| Entertainment-ETL | load | INFO | Processed batch: 114001 - 114500 of 116854
2026-10-05 09:54:39,725| Entertainment-ETL | load | INFO | Processed batch: 114501 - 115000 of 116854
2026-10-05 09:54:39,908| Entertainment-ETL | load | INFO | Processed batch: 115001 - 115500 of 116854
2026-10-05 09:54:40,055| Entertainment-ETL | load | INFO | Processed batch: 115501 - 116000 of 116854
2026-10-05 09:54:40,215| Entertainment-ETL | load | INFO | Processed batch: 116001 - 116500 of 116854
2026-10-05 09:54:40,364| Entertainment-ETL | load | INFO | Processed batch: 116501 - 116854 of 116854
2026-10-05 09:54:40,364| Entertainment-ETL | load | INFO | ShowGenres loaded successfully: 116854 rows
2026-10-05 09:54:40,408| Entertainment-ETL | load | INFO | Loaded CSV: show_schedule_days.csv | Rows: 126424
2026-10-05 09:54:43,971| Entertainment-ETL | load | INFO | Processed batch: 1 - 500 of 126424
2026-10-05 09:54:44,126| Entertainment-ETL | load | INFO | Processed batch: 501 - 1000 of 126424
2026-10-05 09:54:44,256| Entertainment-ETL | load | INFO | Processed batch: 1001 - 1500 of 126424
2026-10-05 09:54:44,388| Entertainment-ETL | load | INFO | Processed batch: 1501 - 2000 of 126424
2026-10-05 09:54:44,559| Entertainment-ETL | load | INFO | Processed batch: 2001 - 2500 of 126424
2026-10-05 09:54:44,809| Entertainment-ETL | load | INFO | Processed batch: 2501 - 3000 of 126424
2026-10-05 09:54:45,057| Entertainment-ETL | load | INFO | Processed batch: 3001 - 3500 of 126424
2026-10-05 09:54:45,202| Entertainment-ETL | load | INFO | Processed batch: 3501 - 4000 of 126424
2026-10-05 09:54:45,416| Entertainment-ETL | load | INFO | Processed batch: 4001 - 4500 of 126424
2026-10-05 09:54:45,574| Entertainment-ETL | load | INFO | Processed batch: 4501 - 5000 of 126424
2026-10-05 09:54:45,747| Entertainment-ETL | load | INFO | Processed batch: 5001 - 5500 of 126424
2026-10-05 09:54:45,910| Entertainment-ETL | load | INFO | Processed batch: 5501 - 6000 of 126424
2026-10-05 09:54:46,044| Entertainment-ETL | load | INFO | Processed batch: 6001 - 6500 of 126424
2026-10-05 09:54:46,219| Entertainment-ETL | load | INFO | Processed batch: 6501 - 7000 of 126424
2026-10-05 09:54:46,496| Entertainment-ETL | load | INFO | Processed batch: 7001 - 7500 of 126424
2026-10-05 09:54:46,724| Entertainment-ETL | load | INFO | Processed batch: 7501 - 8000 of 126424
2026-10-05 09:54:46,886| Entertainment-ETL | load | INFO | Processed batch: 8001 - 8500 of 126424
2026-10-05 09:54:47,083| Entertainment-ETL | load | INFO | Processed batch: 8501 - 9000 of 126424
2026-10-05 09:54:47,273| Entertainment-ETL | load | INFO | Processed batch: 9001 - 9500 of 126424
2026-10-05 09:54:47,425| Entertainment-ETL | load | INFO | Processed batch: 9501 - 10000 of 126424
2026-10-05 09:54:47,580| Entertainment-ETL | load | INFO | Processed batch: 10001 - 10500 of 126424
2026-10-05 09:54:47,737| Entertainment-ETL | load | INFO | Processed batch: 10501 - 11000 of 126424
2026-10-05 09:54:47,912| Entertainment-ETL | load | INFO | Processed batch: 11001 - 11500 of 126424
2026-10-05 09:54:48,064| Entertainment-ETL | load | INFO | Processed batch: 11501 - 12000 of 126424
2026-10-05 09:54:48,219| Entertainment-ETL | load | INFO | Processed batch: 12001 - 12500 of 126424
2026-10-05 09:54:48,368| Entertainment-ETL | load | INFO | Processed batch: 12501 - 13000 of 126424
2026-10-05 09:54:48,506| Entertainment-ETL | load | INFO | Processed batch: 13001 - 13500 of 126424
2026-10-05 09:54:48,663| Entertainment-ETL | load | INFO | Processed batch: 13501 - 14000 of 126424
2026-10-05 09:54:48,811| Entertainment-ETL | load | INFO | Processed batch: 14001 - 14500 of 126424
2026-10-05 09:54:48,967| Entertainment-ETL | load | INFO | Processed batch: 14501 - 15000 of 126424
2026-10-05 09:54:49,120| Entertainment-ETL | load | INFO | Processed batch: 15001 - 15500 of 126424
2026-10-05 09:54:49,263| Entertainment-ETL | load | INFO | Processed batch: 15501 - 16000 of 126424
2026-10-05 09:54:49,414| Entertainment-ETL | load | INFO | Processed batch: 16001 - 16500 of 126424
2026-10-05 09:54:49,590| Entertainment-ETL | load | INFO | Processed batch: 16501 - 17000 of 126424
2026-10-05 09:54:49,738| Entertainment-ETL | load | INFO | Processed batch: 17001 - 17500 of 126424
2026-10-05 09:54:49,894| Entertainment-ETL | load | INFO | Processed batch: 17501 - 18000 of 126424
2026-10-05 09:54:50,052| Entertainment-ETL | load | INFO | Processed batch: 18001 - 18500 of 126424
2026-10-05 09:54:50,211| Entertainment-ETL | load | INFO | Processed batch: 18501 - 19000 of 126424
2026-10-05 09:54:50,381| Entertainment-ETL | load | INFO | Processed batch: 19001 - 19500 of 126424
2026-10-05 09:54:50,563| Entertainment-ETL | load | INFO | Processed batch: 19501 - 20000 of 126424
2026-10-05 09:54:50,697| Entertainment-ETL | load | INFO | Processed batch: 20001 - 20500 of 126424
2026-10-05 09:54:50,826| Entertainment-ETL | load | INFO | Processed batch: 20501 - 21000 of 126424
2026-10-05 09:54:50,945| Entertainment-ETL | load | INFO | Processed batch: 21001 - 21500 of 126424
2026-10-05 09:54:51,110| Entertainment-ETL | load | INFO | Processed batch: 21501 - 22000 of 126424
2026-10-05 09:54:51,255| Entertainment-ETL | load | INFO | Processed batch: 22001 - 22500 of 126424
2026-10-05 09:54:51,400| Entertainment-ETL | load | INFO | Processed batch: 22501 - 23000 of 126424
2026-10-05 09:54:51,568| Entertainment-ETL | load | INFO | Processed batch: 23001 - 23500 of 126424
2026-10-05 09:54:51,728| Entertainment-ETL | load | INFO | Processed batch: 23501 - 24000 of 126424
2026-10-05 09:54:51,884| Entertainment-ETL | load | INFO | Processed batch: 24001 - 24500 of 126424
2026-10-05 09:54:52,039| Entertainment-ETL | load | INFO | Processed batch: 24501 - 25000 of 126424
2026-10-05 09:54:52,201| Entertainment-ETL | load | INFO | Processed batch: 25001 - 25500 of 126424
2026-10-05 09:54:52,372| Entertainment-ETL | load | INFO | Processed batch: 25501 - 26000 of 126424
2026-10-05 09:54:52,520| Entertainment-ETL | load | INFO | Processed batch: 26001 - 26500 of 126424
2026-10-05 09:54:52,670| Entertainment-ETL | load | INFO | Processed batch: 26501 - 27000 of 126424
2026-10-05 09:54:52,892| Entertainment-ETL | load | INFO | Processed batch: 27001 - 27500 of 126424
2026-10-05 09:54:53,174| Entertainment-ETL | load | INFO | Processed batch: 27501 - 28000 of 126424
2026-10-05 09:54:53,360| Entertainment-ETL | load | INFO | Processed batch: 28001 - 28500 of 126424
2026-10-05 09:54:53,526| Entertainment-ETL | load | INFO | Processed batch: 28501 - 29000 of 126424
2026-10-05 09:54:53,742| Entertainment-ETL | load | INFO | Processed batch: 29001 - 29500 of 126424
2026-10-05 09:54:53,918| Entertainment-ETL | load | INFO | Processed batch: 29501 - 30000 of 126424
2026-10-05 09:54:54,119| Entertainment-ETL | load | INFO | Processed batch: 30001 - 30500 of 126424
2026-10-05 09:54:54,328| Entertainment-ETL | load | INFO | Processed batch: 30501 - 31000 of 126424
2026-10-05 09:54:54,567| Entertainment-ETL | load | INFO | Processed batch: 31001 - 31500 of 126424
2026-10-05 09:54:54,808| Entertainment-ETL | load | INFO | Processed batch: 31501 - 32000 of 126424
2026-10-05 09:54:54,963| Entertainment-ETL | load | INFO | Processed batch: 32001 - 32500 of 126424
2026-10-05 09:54:55,152| Entertainment-ETL | load | INFO | Processed batch: 32501 - 33000 of 126424
2026-10-05 09:54:55,294| Entertainment-ETL | load | INFO | Processed batch: 33001 - 33500 of 126424
2026-10-05 09:54:55,478| Entertainment-ETL | load | INFO | Processed batch: 33501 - 34000 of 126424
2026-10-05 09:54:55,647| Entertainment-ETL | load | INFO | Processed batch: 34001 - 34500 of 126424
2026-10-05 09:54:55,807| Entertainment-ETL | load | INFO | Processed batch: 34501 - 35000 of 126424
2026-10-05 09:54:55,949| Entertainment-ETL | load | INFO | Processed batch: 35001 - 35500 of 126424
2026-10-05 09:54:56,075| Entertainment-ETL | load | INFO | Processed batch: 35501 - 36000 of 126424
2026-10-05 09:54:56,264| Entertainment-ETL | load | INFO | Processed batch: 36001 - 36500 of 126424
2026-10-05 09:54:56,438| Entertainment-ETL | load | INFO | Processed batch: 36501 - 37000 of 126424
2026-10-05 09:54:56,602| Entertainment-ETL | load | INFO | Processed batch: 37001 - 37500 of 126424
2026-10-05 09:54:56,798| Entertainment-ETL | load | INFO | Processed batch: 37501 - 38000 of 126424
2026-10-05 09:54:56,992| Entertainment-ETL | load | INFO | Processed batch: 38001 - 38500 of 126424
2026-10-05 09:54:57,130| Entertainment-ETL | load | INFO | Processed batch: 38501 - 39000 of 126424
2026-10-05 09:54:57,321| Entertainment-ETL | load | INFO | Processed batch: 39001 - 39500 of 126424
2026-10-05 09:54:57,496| Entertainment-ETL | load | INFO | Processed batch: 39501 - 40000 of 126424
2026-10-05 09:54:57,716| Entertainment-ETL | load | INFO | Processed batch: 40001 - 40500 of 126424
2026-10-05 09:54:57,881| Entertainment-ETL | load | INFO | Processed batch: 40501 - 41000 of 126424
2026-10-05 09:54:58,027| Entertainment-ETL | load | INFO | Processed batch: 41001 - 41500 of 126424
2026-10-05 09:54:58,194| Entertainment-ETL | load | INFO | Processed batch: 41501 - 42000 of 126424
2026-10-05 09:54:58,406| Entertainment-ETL | load | INFO | Processed batch: 42001 - 42500 of 126424
2026-10-05 09:54:58,546| Entertainment-ETL | load | INFO | Processed batch: 42501 - 43000 of 126424
2026-10-05 09:54:58,683| Entertainment-ETL | load | INFO | Processed batch: 43001 - 43500 of 126424
2026-10-05 09:54:58,846| Entertainment-ETL | load | INFO | Processed batch: 43501 - 44000 of 126424
2026-10-05 09:54:59,004| Entertainment-ETL | load | INFO | Processed batch: 44001 - 44500 of 126424
2026-10-05 09:54:59,159| Entertainment-ETL | load | INFO | Processed batch: 44501 - 45000 of 126424
2026-10-05 09:54:59,288| Entertainment-ETL | load | INFO | Processed batch: 45001 - 45500 of 126424
2026-10-05 09:54:59,432| Entertainment-ETL | load | INFO | Processed batch: 45501 - 46000 of 126424
2026-10-05 09:54:59,589| Entertainment-ETL | load | INFO | Processed batch: 46001 - 46500 of 126424
2026-10-05 09:54:59,735| Entertainment-ETL | load | INFO | Processed batch: 46501 - 47000 of 126424
2026-10-05 09:54:59,886| Entertainment-ETL | load | INFO | Processed batch: 47001 - 47500 of 126424
2026-10-05 09:55:00,056| Entertainment-ETL | load | INFO | Processed batch: 47501 - 48000 of 126424
2026-10-05 09:55:00,203| Entertainment-ETL | load | INFO | Processed batch: 48001 - 48500 of 126424
2026-10-05 09:55:00,445| Entertainment-ETL | load | INFO | Processed batch: 48501 - 49000 of 126424
2026-10-05 09:55:00,607| Entertainment-ETL | load | INFO | Processed batch: 49001 - 49500 of 126424
2026-10-05 09:55:00,761| Entertainment-ETL | load | INFO | Processed batch: 49501 - 50000 of 126424
2026-10-05 09:55:00,924| Entertainment-ETL | load | INFO | Processed batch: 50001 - 50500 of 126424
2026-10-05 09:55:01,181| Entertainment-ETL | load | INFO | Processed batch: 50501 - 51000 of 126424
2026-10-05 09:55:01,365| Entertainment-ETL | load | INFO | Processed batch: 51001 - 51500 of 126424
2026-10-05 09:55:01,565| Entertainment-ETL | load | INFO | Processed batch: 51501 - 52000 of 126424
2026-10-05 09:55:01,723| Entertainment-ETL | load | INFO | Processed batch: 52001 - 52500 of 126424
2026-10-05 09:55:01,889| Entertainment-ETL | load | INFO | Processed batch: 52501 - 53000 of 126424
2026-10-05 09:55:02,043| Entertainment-ETL | load | INFO | Processed batch: 53001 - 53500 of 126424
2026-10-05 09:55:02,173| Entertainment-ETL | load | INFO | Processed batch: 53501 - 54000 of 126424
2026-10-05 09:55:02,372| Entertainment-ETL | load | INFO | Processed batch: 54001 - 54500 of 126424
2026-10-05 09:55:02,534| Entertainment-ETL | load | INFO | Processed batch: 54501 - 55000 of 126424
2026-10-05 09:55:02,668| Entertainment-ETL | load | INFO | Processed batch: 55001 - 55500 of 126424
2026-10-05 09:55:02,803| Entertainment-ETL | load | INFO | Processed batch: 55501 - 56000 of 126424
2026-10-05 09:55:03,022| Entertainment-ETL | load | INFO | Processed batch: 56001 - 56500 of 126424
2026-10-05 09:55:03,183| Entertainment-ETL | load | INFO | Processed batch: 56501 - 57000 of 126424
2026-10-05 09:55:03,332| Entertainment-ETL | load | INFO | Processed batch: 57001 - 57500 of 126424
2026-10-05 09:55:03,504| Entertainment-ETL | load | INFO | Processed batch: 57501 - 58000 of 126424
2026-10-05 09:55:03,706| Entertainment-ETL | load | INFO | Processed batch: 58001 - 58500 of 126424
2026-10-05 09:55:03,854| Entertainment-ETL | load | INFO | Processed batch: 58501 - 59000 of 126424
2026-10-05 09:55:04,006| Entertainment-ETL | load | INFO | Processed batch: 59001 - 59500 of 126424
2026-10-05 09:55:04,200| Entertainment-ETL | load | INFO | Processed batch: 59501 - 60000 of 126424
2026-10-05 09:55:04,371| Entertainment-ETL | load | INFO | Processed batch: 60001 - 60500 of 126424
2026-10-05 09:55:05,127| Entertainment-ETL | load | INFO | Processed batch: 60501 - 61000 of 126424
2026-10-05 09:55:05,264| Entertainment-ETL | load | INFO | Processed batch: 61001 - 61500 of 126424
2026-10-05 09:55:05,411| Entertainment-ETL | load | INFO | Processed batch: 61501 - 62000 of 126424
2026-10-05 09:55:05,531| Entertainment-ETL | load | INFO | Processed batch: 62001 - 62500 of 126424
2026-10-05 09:55:05,674| Entertainment-ETL | load | INFO | Processed batch: 62501 - 63000 of 126424
2026-10-05 09:55:05,832| Entertainment-ETL | load | INFO | Processed batch: 63001 - 63500 of 126424
2026-10-05 09:55:05,982| Entertainment-ETL | load | INFO | Processed batch: 63501 - 64000 of 126424
2026-10-05 09:55:06,151| Entertainment-ETL | load | INFO | Processed batch: 64001 - 64500 of 126424
2026-10-05 09:55:06,305| Entertainment-ETL | load | INFO | Processed batch: 64501 - 65000 of 126424
2026-10-05 09:55:06,475| Entertainment-ETL | load | INFO | Processed batch: 65001 - 65500 of 126424
2026-10-05 09:55:06,648| Entertainment-ETL | load | INFO | Processed batch: 65501 - 66000 of 126424
2026-10-05 09:55:06,794| Entertainment-ETL | load | INFO | Processed batch: 66001 - 66500 of 126424
2026-10-05 09:55:07,065| Entertainment-ETL | load | INFO | Processed batch: 66501 - 67000 of 126424
2026-10-05 09:55:07,246| Entertainment-ETL | load | INFO | Processed batch: 67001 - 67500 of 126424
2026-10-05 09:55:07,383| Entertainment-ETL | load | INFO | Processed batch: 67501 - 68000 of 126424
2026-10-05 09:55:07,536| Entertainment-ETL | load | INFO | Processed batch: 68001 - 68500 of 126424
2026-10-05 09:55:07,737| Entertainment-ETL | load | INFO | Processed batch: 68501 - 69000 of 126424
2026-10-05 09:55:07,903| Entertainment-ETL | load | INFO | Processed batch: 69001 - 69500 of 126424
2026-10-05 09:55:08,057| Entertainment-ETL | load | INFO | Processed batch: 69501 - 70000 of 126424
2026-10-05 09:55:08,203| Entertainment-ETL | load | INFO | Processed batch: 70001 - 70500 of 126424
2026-10-05 09:55:08,367| Entertainment-ETL | load | INFO | Processed batch: 70501 - 71000 of 126424
2026-10-05 09:55:08,501| Entertainment-ETL | load | INFO | Processed batch: 71001 - 71500 of 126424
2026-10-05 09:55:08,677| Entertainment-ETL | load | INFO | Processed batch: 71501 - 72000 of 126424
2026-10-05 09:55:08,848| Entertainment-ETL | load | INFO | Processed batch: 72001 - 72500 of 126424
2026-10-05 09:55:09,023| Entertainment-ETL | load | INFO | Processed batch: 72501 - 73000 of 126424
2026-10-05 09:55:09,204| Entertainment-ETL | load | INFO | Processed batch: 73001 - 73500 of 126424
2026-10-05 09:55:09,341| Entertainment-ETL | load | INFO | Processed batch: 73501 - 74000 of 126424
2026-10-05 09:55:09,490| Entertainment-ETL | load | INFO | Processed batch: 74001 - 74500 of 126424
2026-10-05 09:55:09,680| Entertainment-ETL | load | INFO | Processed batch: 74501 - 75000 of 126424
2026-10-05 09:55:09,811| Entertainment-ETL | load | INFO | Processed batch: 75001 - 75500 of 126424
2026-10-05 09:55:09,957| Entertainment-ETL | load | INFO | Processed batch: 75501 - 76000 of 126424
2026-10-05 09:55:10,095| Entertainment-ETL | load | INFO | Processed batch: 76001 - 76500 of 126424
2026-10-05 09:55:10,224| Entertainment-ETL | load | INFO | Processed batch: 76501 - 77000 of 126424
2026-10-05 09:55:10,692| Entertainment-ETL | load | INFO | Processed batch: 77001 - 77500 of 126424
2026-10-05 09:55:10,826| Entertainment-ETL | load | INFO | Processed batch: 77501 - 78000 of 126424
2026-10-05 09:55:10,953| Entertainment-ETL | load | INFO | Processed batch: 78001 - 78500 of 126424
2026-10-05 09:55:11,094| Entertainment-ETL | load | INFO | Processed batch: 78501 - 79000 of 126424
2026-10-05 09:55:11,253| Entertainment-ETL | load | INFO | Processed batch: 79001 - 79500 of 126424
2026-10-05 09:55:11,379| Entertainment-ETL | load | INFO | Processed batch: 79501 - 80000 of 126424
2026-10-05 09:55:11,510| Entertainment-ETL | load | INFO | Processed batch: 80001 - 80500 of 126424
2026-10-05 09:55:12,049| Entertainment-ETL | load | INFO | Processed batch: 80501 - 81000 of 126424
2026-10-05 09:55:12,308| Entertainment-ETL | load | INFO | Processed batch: 81001 - 81500 of 126424
2026-10-05 09:55:12,475| Entertainment-ETL | load | INFO | Processed batch: 81501 - 82000 of 126424
2026-10-05 09:55:12,804| Entertainment-ETL | load | INFO | Processed batch: 82001 - 82500 of 126424
2026-10-05 09:55:13,056| Entertainment-ETL | load | INFO | Processed batch: 82501 - 83000 of 126424
2026-10-05 09:55:13,223| Entertainment-ETL | load | INFO | Processed batch: 83001 - 83500 of 126424
2026-10-05 09:55:13,668| Entertainment-ETL | load | INFO | Processed batch: 83501 - 84000 of 126424
2026-10-05 09:55:13,895| Entertainment-ETL | load | INFO | Processed batch: 84001 - 84500 of 126424
2026-10-05 09:55:14,056| Entertainment-ETL | load | INFO | Processed batch: 84501 - 85000 of 126424
2026-10-05 09:55:14,280| Entertainment-ETL | load | INFO | Processed batch: 85001 - 85500 of 126424
2026-10-05 09:55:14,409| Entertainment-ETL | load | INFO | Processed batch: 85501 - 86000 of 126424
2026-10-05 09:55:14,652| Entertainment-ETL | load | INFO | Processed batch: 86001 - 86500 of 126424
2026-10-05 09:55:14,825| Entertainment-ETL | load | INFO | Processed batch: 86501 - 87000 of 126424
2026-10-05 09:55:15,038| Entertainment-ETL | load | INFO | Processed batch: 87001 - 87500 of 126424
2026-10-05 09:55:15,289| Entertainment-ETL | load | INFO | Processed batch: 87501 - 88000 of 126424
2026-10-05 09:55:15,428| Entertainment-ETL | load | INFO | Processed batch: 88001 - 88500 of 126424
2026-10-05 09:55:15,653| Entertainment-ETL | load | INFO | Processed batch: 88501 - 89000 of 126424
2026-10-05 09:55:15,802| Entertainment-ETL | load | INFO | Processed batch: 89001 - 89500 of 126424
2026-10-05 09:55:16,043| Entertainment-ETL | load | INFO | Processed batch: 89501 - 90000 of 126424
2026-10-05 09:55:16,203| Entertainment-ETL | load | INFO | Processed batch: 90001 - 90500 of 126424
2026-10-05 09:55:16,484| Entertainment-ETL | load | INFO | Processed batch: 90501 - 91000 of 126424
2026-10-05 09:55:16,817| Entertainment-ETL | load | INFO | Processed batch: 91001 - 91500 of 126424
2026-10-05 09:55:17,099| Entertainment-ETL | load | INFO | Processed batch: 91501 - 92000 of 126424
2026-10-05 09:55:17,266| Entertainment-ETL | load | INFO | Processed batch: 92001 - 92500 of 126424
2026-10-05 09:55:17,529| Entertainment-ETL | load | INFO | Processed batch: 92501 - 93000 of 126424
2026-10-05 09:55:17,805| Entertainment-ETL | load | INFO | Processed batch: 93001 - 93500 of 126424
2026-10-05 09:55:18,015| Entertainment-ETL | load | INFO | Processed batch: 93501 - 94000 of 126424
2026-10-05 09:55:18,209| Entertainment-ETL | load | INFO | Processed batch: 94001 - 94500 of 126424
2026-10-05 09:55:18,343| Entertainment-ETL | load | INFO | Processed batch: 94501 - 95000 of 126424
2026-10-05 09:55:18,488| Entertainment-ETL | load | INFO | Processed batch: 95001 - 95500 of 126424
2026-10-05 09:55:18,627| Entertainment-ETL | load | INFO | Processed batch: 95501 - 96000 of 126424
2026-10-05 09:55:18,786| Entertainment-ETL | load | INFO | Processed batch: 96001 - 96500 of 126424
2026-10-05 09:55:18,925| Entertainment-ETL | load | INFO | Processed batch: 96501 - 97000 of 126424
2026-10-05 09:55:19,066| Entertainment-ETL | load | INFO | Processed batch: 97001 - 97500 of 126424
2026-10-05 09:55:19,199| Entertainment-ETL | load | INFO | Processed batch: 97501 - 98000 of 126424
2026-10-05 09:55:19,379| Entertainment-ETL | load | INFO | Processed batch: 98001 - 98500 of 126424
2026-10-05 09:55:19,526| Entertainment-ETL | load | INFO | Processed batch: 98501 - 99000 of 126424
2026-10-05 09:55:19,737| Entertainment-ETL | load | INFO | Processed batch: 99001 - 99500 of 126424
2026-10-05 09:55:19,971| Entertainment-ETL | load | INFO | Processed batch: 99501 - 100000 of 126424
2026-10-05 09:55:20,138| Entertainment-ETL | load | INFO | Processed batch: 100001 - 100500 of 126424
2026-10-05 09:55:20,282| Entertainment-ETL | load | INFO | Processed batch: 100501 - 101000 of 126424
2026-10-05 09:55:20,442| Entertainment-ETL | load | INFO | Processed batch: 101001 - 101500 of 126424
2026-10-05 09:55:20,596| Entertainment-ETL | load | INFO | Processed batch: 101501 - 102000 of 126424
2026-10-05 09:55:20,791| Entertainment-ETL | load | INFO | Processed batch: 102001 - 102500 of 126424
2026-10-05 09:55:20,984| Entertainment-ETL | load | INFO | Processed batch: 102501 - 103000 of 126424
2026-10-05 09:55:21,191| Entertainment-ETL | load | INFO | Processed batch: 103001 - 103500 of 126424
2026-10-05 09:55:21,402| Entertainment-ETL | load | INFO | Processed batch: 103501 - 104000 of 126424
2026-10-05 09:55:21,565| Entertainment-ETL | load | INFO | Processed batch: 104001 - 104500 of 126424
2026-10-05 09:55:21,761| Entertainment-ETL | load | INFO | Processed batch: 104501 - 105000 of 126424
2026-10-05 09:55:22,036| Entertainment-ETL | load | INFO | Processed batch: 105001 - 105500 of 126424
2026-10-05 09:55:22,317| Entertainment-ETL | load | INFO | Processed batch: 105501 - 106000 of 126424
2026-10-05 09:55:22,477| Entertainment-ETL | load | INFO | Processed batch: 106001 - 106500 of 126424
2026-10-05 09:55:22,635| Entertainment-ETL | load | INFO | Processed batch: 106501 - 107000 of 126424
2026-10-05 09:55:22,801| Entertainment-ETL | load | INFO | Processed batch: 107001 - 107500 of 126424
2026-10-05 09:55:22,945| Entertainment-ETL | load | INFO | Processed batch: 107501 - 108000 of 126424
2026-10-05 09:55:23,405| Entertainment-ETL | load | INFO | Processed batch: 108001 - 108500 of 126424
2026-10-05 09:55:23,705| Entertainment-ETL | load | INFO | Processed batch: 108501 - 109000 of 126424
2026-10-05 09:55:24,078| Entertainment-ETL | load | INFO | Processed batch: 109001 - 109500 of 126424
2026-10-05 09:55:24,286| Entertainment-ETL | load | INFO | Processed batch: 109501 - 110000 of 126424
2026-10-05 09:55:24,441| Entertainment-ETL | load | INFO | Processed batch: 110001 - 110500 of 126424
2026-10-05 09:55:24,606| Entertainment-ETL | load | INFO | Processed batch: 110501 - 111000 of 126424
2026-10-05 09:55:24,823| Entertainment-ETL | load | INFO | Processed batch: 111001 - 111500 of 126424
2026-10-05 09:55:25,021| Entertainment-ETL | load | INFO | Processed batch: 111501 - 112000 of 126424
2026-10-05 09:55:25,262| Entertainment-ETL | load | INFO | Processed batch: 112001 - 112500 of 126424
2026-10-05 09:55:25,607| Entertainment-ETL | load | INFO | Processed batch: 112501 - 113000 of 126424
2026-10-05 09:55:25,854| Entertainment-ETL | load | INFO | Processed batch: 113001 - 113500 of 126424
2026-10-05 09:55:26,008| Entertainment-ETL | load | INFO | Processed batch: 113501 - 114000 of 126424
2026-10-05 09:55:26,149| Entertainment-ETL | load | INFO | Processed batch: 114001 - 114500 of 126424
2026-10-05 09:55:26,290| Entertainment-ETL | load | INFO | Processed batch: 114501 - 115000 of 126424
2026-10-05 09:55:26,413| Entertainment-ETL | load | INFO | Processed batch: 115001 - 115500 of 126424
2026-10-05 09:55:26,549| Entertainment-ETL | load | INFO | Processed batch: 115501 - 116000 of 126424
2026-10-05 09:55:26,686| Entertainment-ETL | load | INFO | Processed batch: 116001 - 116500 of 126424
2026-10-05 09:55:26,808| Entertainment-ETL | load | INFO | Processed batch: 116501 - 117000 of 126424
2026-10-05 09:55:26,942| Entertainment-ETL | load | INFO | Processed batch: 117001 - 117500 of 126424
2026-10-05 09:55:27,078| Entertainment-ETL | load | INFO | Processed batch: 117501 - 118000 of 126424
2026-10-05 09:55:27,210| Entertainment-ETL | load | INFO | Processed batch: 118001 - 118500 of 126424
2026-10-05 09:55:27,353| Entertainment-ETL | load | INFO | Processed batch: 118501 - 119000 of 126424
2026-10-05 09:55:27,526| Entertainment-ETL | load | INFO | Processed batch: 119001 - 119500 of 126424
2026-10-05 09:55:27,686| Entertainment-ETL | load | INFO | Processed batch: 119501 - 120000 of 126424
2026-10-05 09:55:27,820| Entertainment-ETL | load | INFO | Processed batch: 120001 - 120500 of 126424
2026-10-05 09:55:27,968| Entertainment-ETL | load | INFO | Processed batch: 120501 - 121000 of 126424
2026-10-05 09:55:28,122| Entertainment-ETL | load | INFO | Processed batch: 121001 - 121500 of 126424
2026-10-05 09:55:28,260| Entertainment-ETL | load | INFO | Processed batch: 121501 - 122000 of 126424
2026-10-05 09:55:28,402| Entertainment-ETL | load | INFO | Processed batch: 122001 - 122500 of 126424
2026-10-05 09:55:28,534| Entertainment-ETL | load | INFO | Processed batch: 122501 - 123000 of 126424
2026-10-05 09:55:28,689| Entertainment-ETL | load | INFO | Processed batch: 123001 - 123500 of 126424
2026-10-05 09:55:28,823| Entertainment-ETL | load | INFO | Processed batch: 123501 - 124000 of 126424
2026-10-05 09:55:29,011| Entertainment-ETL | load | INFO | Processed batch: 124001 - 124500 of 126424
2026-10-05 09:55:29,268| Entertainment-ETL | load | INFO | Processed batch: 124501 - 125000 of 126424
2026-10-05 09:55:29,481| Entertainment-ETL | load | INFO | Processed batch: 125001 - 125500 of 126424
2026-10-05 09:55:29,663| Entertainment-ETL | load | INFO | Processed batch: 125501 - 126000 of 126424
2026-10-05 09:55:29,811| Entertainment-ETL | load | INFO | Processed batch: 126001 - 126424 of 126424
2026-10-05 09:55:29,811| Entertainment-ETL | load | INFO | ShowScheduleDays loaded successfully: 126424 rows
2026-10-05 09:55:29,906| Entertainment-ETL | load | INFO | Database transaction committed successfully.
2026-10-05 09:55:29,906| Entertainment-ETL | load | INFO | All datasets loaded successfully.
2026-10-05 09:55:29,906| Entertainment-ETL | load | INFO | Database connection closed.
2026-10-05 09:55:29,906| Entertainment-ETL | main | INFO | DATABASE LOAD COMPLETED
2026-10-05 09:55:29,907| Entertainment-ETL | main | INFO | VALIDATION STARTED
2026-10-05 09:55:29,907| Entertainment-ETL | validate | INFO | VALIDATION STARTED
2026-10-05 09:55:30,780| Entertainment-ETL | validate | INFO | Validation | Total Shows: 90384
2026-10-05 09:55:30,949| Entertainment-ETL | validate | INFO | Validation | Unique Show IDs: 90384
2026-10-05 09:55:31,088| Entertainment-ETL | validate | INFO | Validation | Duplicate Show IDs: 0
2026-10-05 09:55:31,209| Entertainment-ETL | validate | INFO | Validation | Duplicate Schedule IDs: 0
2026-10-05 09:55:31,380| Entertainment-ETL | validate | INFO | Validation | Orphan ShowGenres \u2192 Shows: 0
2026-10-05 09:55:31,485| Entertainment-ETL | validate | INFO | Validation | Orphan ShowGenres \u2192 Genres: 0
2026-10-05 09:55:31,640| Entertainment-ETL | validate | INFO | Validation | Orphan ShowScheduleDays \u2192 Shows: 0
2026-10-05 09:55:31,742| Entertainment-ETL | validate | INFO | Validation | Orphan ShowScheduleDays \u2192 ScheduleDays: 0
2026-10-05 09:55:31,857| Entertainment-ETL | validate | INFO | Validation | Missing Show Names: 0
2026-10-05 09:55:31,979| Entertainment-ETL | validate | INFO | Validation | Invalid Ratings: 0
2026-10-05 09:55:32,076| Entertainment-ETL | validate | INFO | Validation | Invalid Runtime: 0
2026-10-05 09:55:32,174| Entertainment-ETL | validate | INFO | Validation | Invalid Average Runtime: 0
2026-10-05 09:55:32,273| Entertainment-ETL | validate | INFO | Validation | Invalid Genre Count: 0
2026-10-05 09:55:32,368| Entertainment-ETL | validate | INFO | Validation | Invalid Show Dates: 69
2026-10-05 09:55:32,368| Entertainment-ETL | validate | INFO | VALIDATION COMPLETED
2026-10-05 09:55:32,446| Entertainment-ETL | main | INFO | VALIDATION COMPLETED
2026-10-05 09:55:32,447| Entertainment-ETL | main | INFO | ========== PIPELINE COMPLETED ==========
